status,prefecture,municipality,raw_count,verified_count,remaining_count,remaining_slugs,remaining_titles
完了,愛知県,愛知県,3,3,0,,
完了,愛知県,安城市,3,3,0,,
完了,愛知県,一宮市,21,21,0,,
完了,愛知県,岡崎市,21,21,0,,
完了,愛知県,春日井市,12,12,0,,
完了,愛知県,瀬戸市,9,9,0,,
完了,愛知県,半田市,9,9,0,,
完了,愛知県,豊橋市,21,21,0,,
完了,愛知県,豊田市,12,12,0,,
完了,愛知県,名古屋市,12,12,0,,
完了,愛媛県,愛媛県,3,3,0,,
完了,愛媛県,今治市,20,20,0,,
完了,愛媛県,松山市,21,21,0,,
完了,愛媛県,新居浜市,11,11,0,,
完了,愛媛県,西条市,9,9,0,,
完了,茨城県,つくば市,21,21,0,,
完了,茨城県,茨城県,3,3,0,,
完了,茨城県,古河市,21,21,0,,
完了,茨城県,水戸市,12,12,0,,
完了,茨城県,土浦市,21,21,0,,
完了,茨城県,日立市,21,21,0,,
完了,岡山県,岡山県,3,3,0,,
完了,岡山県,岡山市,21,21,0,,
完了,岡山県,笠岡市,9,9,0,,
完了,岡山県,玉野市,9,9,0,,
完了,岡山県,倉敷市,20,20,0,,
完了,岡山県,総社市,9,9,0,,
完了,岡山県,津山市,9,9,0,,
完了,沖縄県,うるま市,9,9,0,,
完了,沖縄県,浦添市,11,11,0,,
完了,沖縄県,沖縄県,3,3,0,,
完了,沖縄県,沖縄市,12,12,0,,
完了,沖縄県,宜野湾市,9,9,0,,
完了,沖縄県,那覇市,20,20,0,,
完了,沖縄県,名護市,9,9,0,,
完了,岩手県,一関市,21,21,0,,
完了,岩手県,花巻市,20,20,0,,
完了,岩手県,岩手県,1,1,0,,
完了,岩手県,盛岡市,21,21,0,,
完了,岐阜県,各務原市,3,3,0,,
完了,岐阜県,関市,9,9,0,,
完了,岐阜県,岐阜県,3,3,0,,
完了,岐阜県,岐阜市,21,21,0,,
完了,岐阜県,高山市,9,9,0,,
完了,岐阜県,多治見市,9,9,0,,
完了,岐阜県,大垣市,21,21,0,,
完了,岐阜県,中津川市,9,9,0,,
完了,宮崎県,延岡市,11,11,0,,
完了,宮崎県,宮崎県,3,3,0,,
完了,宮崎県,宮崎市,21,21,0,,
完了,宮崎県,小林市,9,9,0,,
完了,宮崎県,西都市,9,9,0,,
完了,宮崎県,都城市,20,20,0,,
完了,宮崎県,日向市,9,9,0,,
完了,宮城県,宮城県,2,2,0,,
完了,宮城県,石巻市,21,21,0,,
完了,宮城県,仙台市,12,12,0,,
完了,宮城県,大崎市,12,12,0,,
完了,宮城県,名取市,12,12,0,,
完了,京都府,綾部市,9,9,0,,
完了,京都府,宇治市,12,12,0,,
完了,京都府,亀岡市,9,9,0,,
完了,京都府,京都市,12,12,0,,
完了,京都府,京都府,2,2,0,,
完了,京都府,京都府（京都市）,1,1,0,,
完了,京都府,城陽市,9,9,0,,
完了,京都府,舞鶴市,9,9,0,,
完了,京都府,福知山市,9,9,0,,
完了,熊本県,熊本県,1,1,0,,
完了,熊本県,熊本市,21,21,0,,
完了,熊本県,天草市,9,9,0,,
完了,熊本県,八代市,12,12,0,,
完了,群馬県,伊勢崎市,12,12,0,,
完了,群馬県,館林市,12,12,0,,
完了,群馬県,桐生市,21,21,0,,
完了,群馬県,群馬県,3,3,0,,
完了,群馬県,高崎市,12,12,0,,
完了,群馬県,前橋市,12,12,0,,
完了,群馬県,太田市,12,12,0,,
完了,広島県,呉市,20,20,0,,
完了,広島県,広島県,2,2,0,,
完了,広島県,広島市,21,21,0,,
完了,広島県,三原市,9,9,0,,
完了,広島県,東広島市,9,9,0,,
完了,広島県,尾道市,9,9,0,,
完了,広島県,福山市,21,21,0,,
完了,香川県,丸亀市,12,12,0,,
完了,香川県,香川県,3,3,0,,
完了,香川県,高松市,20,20,0,,
完了,香川県,坂出市,9,9,0,,
完了,高知県,高知県,3,3,0,,
完了,高知県,高知市,21,21,0,,
完了,高知県,南国市,9,9,0,,
完了,佐賀県,佐賀県,3,3,0,,
完了,佐賀県,佐賀市,21,21,0,,
完了,佐賀県,鳥栖市,9,9,0,,
完了,佐賀県,唐津市,11,11,0,,
完了,埼玉県,さいたま市,12,12,0,,
完了,埼玉県,羽生市,9,9,0,,
完了,埼玉県,越谷市,21,21,0,,
完了,埼玉県,加須市,9,9,0,,
完了,埼玉県,熊谷市,12,12,0,,
完了,埼玉県,行田市,9,9,0,,
完了,埼玉県,鴻巣市,9,9,0,,
完了,埼玉県,埼玉県,2,2,0,,
完了,埼玉県,埼玉県（各市町村）,1,1,0,,
完了,埼玉県,春日部市,21,21,0,,
完了,埼玉県,所沢市,21,21,0,,
完了,埼玉県,川越市,21,21,0,,
完了,埼玉県,川口市,21,21,0,,
完了,埼玉県,草加市,20,20,0,,
完了,埼玉県,秩父市,12,12,0,,
完了,埼玉県,朝霞市,12,12,0,,
完了,埼玉県,東松山市,9,9,0,,
完了,埼玉県,入間市,12,12,0,,
完了,埼玉県,本庄市,9,9,0,,
完了,三重県,伊勢市,12,12,0,,
完了,三重県,桑名市,9,9,0,,
完了,三重県,三重県,1,1,0,,
完了,三重県,四日市市,21,21,0,,
完了,三重県,松阪市,9,9,0,,
完了,三重県,津市,21,21,0,,
完了,三重県,鈴鹿市,9,9,0,,
完了,山形県,山形県,3,3,0,,
完了,山形県,山形市,21,21,0,,
完了,山形県,酒田市,20,20,0,,
完了,山形県,鶴岡市,30,30,0,,
完了,山口県,宇部市,12,12,0,,
完了,山口県,下関市,20,20,0,,
完了,山口県,岩国市,9,9,0,,
完了,山口県,山口県,3,3,0,,
完了,山口県,山口市,21,21,0,,
完了,山口県,周南市,20,20,0,,
完了,山口県,防府市,9,9,0,,
完了,山梨県,甲府市,20,20,0,,
完了,山梨県,山梨県,3,3,0,,
完了,山梨県,山梨市,9,9,0,,
完了,山梨県,大月市,9,9,0,,
完了,山梨県,都留市,9,9,0,,
完了,山梨県,韮崎市,9,9,0,,
完了,山梨県,富士吉田市,9,9,0,,
完了,滋賀県,近江八幡市,9,9,0,,
完了,滋賀県,滋賀県,3,3,0,,
完了,滋賀県,守山市,9,9,0,,
完了,滋賀県,草津市,21,21,0,,
完了,滋賀県,大津市,21,21,0,,
完了,滋賀県,長浜市,9,9,0,,
完了,滋賀県,彦根市,12,12,0,,
完了,鹿児島県,姶良市,9,9,0,,
完了,鹿児島県,奄美市,9,9,0,,
完了,鹿児島県,薩摩川内市,12,12,0,,
完了,鹿児島県,鹿屋市,12,12,0,,
完了,鹿児島県,鹿児島県,1,1,0,,
完了,鹿児島県,鹿児島市,21,21,0,,
完了,鹿児島県,霧島市,20,20,0,,
完了,秋田県,横手市,29,29,0,,
完了,秋田県,秋田県,3,3,0,,
完了,秋田県,秋田市,21,21,0,,
完了,秋田県,大仙市,21,21,0,,
完了,新潟県,阿賀野市,9,9,0,,
完了,新潟県,燕市,12,12,0,,
完了,新潟県,魚沼市,9,9,0,,
完了,新潟県,五泉市,9,9,0,,
完了,新潟県,佐渡市,9,9,0,,
完了,新潟県,三条市,3,3,0,,
完了,新潟県,上越市,12,12,0,,
完了,新潟県,新潟県,1,1,0,,
完了,新潟県,新潟県（各市町村）,1,1,0,,
完了,新潟県,新潟市,12,12,0,,
完了,新潟県,村上市,9,9,0,,
完了,新潟県,長岡市,3,3,0,,
完了,神奈川県,綾瀬市,9,9,0,,
完了,神奈川県,横須賀市,12,12,0,,
完了,神奈川県,横浜市,12,12,0,,
完了,神奈川県,海老名市,11,11,0,,
完了,神奈川県,茅ヶ崎市,3,3,0,,
完了,神奈川県,座間市,9,9,0,,
完了,神奈川県,三浦市,9,9,0,,
完了,神奈川県,小田原市,3,3,0,,
完了,神奈川県,神奈川県（かながわ産業振興センター）,1,1,0,,
完了,神奈川県,神奈川県（各市町村）,3,3,0,,
完了,神奈川県,秦野市,3,3,0,,
完了,神奈川県,逗子市,9,9,0,,
完了,神奈川県,川崎市,12,12,0,,
完了,神奈川県,相模原市,12,12,0,,
完了,神奈川県,大和市,3,3,0,,
完了,神奈川県,藤沢市,12,12,0,,
完了,神奈川県,南足柄市,9,9,0,,
完了,神奈川県,平塚市,3,3,0,,
完了,青森県,弘前市,21,21,0,,
完了,青森県,青森県,3,3,0,,
完了,青森県,青森市,21,21,0,,
完了,青森県,八戸市,21,21,0,,
完了,静岡県,伊東市,9,9,0,,
完了,静岡県,三島市,9,9,0,,
完了,静岡県,沼津市,12,12,0,,
完了,静岡県,静岡県,2,2,0,,
完了,静岡県,静岡市,12,12,0,,
完了,静岡県,島田市,9,9,0,,
完了,静岡県,磐田市,3,3,0,,
完了,静岡県,浜松市,12,12,0,,
完了,静岡県,富士宮市,9,9,0,,
完了,静岡県,富士市,21,21,0,,
完了,石川県,金沢市,21,21,0,,
完了,石川県,小松市,9,9,0,,
完了,石川県,石川県,3,3,0,,
完了,石川県,白山市,11,11,0,,
完了,千葉県,印西市,9,9,0,,
未完了,千葉県,浦安市,12,10,2,urayasu-infertility-treatment urayasu-youth-employment,浦安市 不妊治療費助成事業 / 浦安市 UIJターン就職奨励金
未完了,千葉県,我孫子市,3,2,1,abiko-housing-reform,我孫子市 住宅リフォーム補助金
未完了,千葉県,鎌ケ谷市,9,5,4,kamagaya-childcare-subsidy kamagaya-newlywed-rent kamagaya-sme-support kamagaya-bousai-equipment,鎌ケ谷市 保育料軽減補助金 / 鎌ケ谷市 結婚新生活支援補助金 / 鎌ケ谷市 中小企業支援補助金 / 鎌ケ谷市 住宅用防災設備補助金
未完了,千葉県,四街道市,9,7,2,yotsukaido-sme-support yotsukaido-bousai-equipment,四街道市 中小企業支援補助金 / 四街道市 住宅用防災設備補助金
未完了,千葉県,市川市,21,6,15,ichikawa-child-medical-aid ichikawa-juutaku-reform ichikawa-health-checkup-subsidy ichikawa-scholarship-repayment ichikawa-startup-support ichikawa-elderly-taxi ichikawa-water-saving ichikawa-block-wall-removal ichikawa-school-lunch-subsidy ichikawa-scholarship ichikawa-nursery-support ichikawa-afterschool-care ichikawa-eco-reform ichikawa-infertility ichikawa-youth-employment,市川市 こども医療費助成 / 市川市 住宅リフォーム助成金 / 市川市 人間ドック受診費助成 / 市川市 奨学金返還支援制度 / 市川市 創業支援補助金 / 市川市 高齢者タクシー利用助成 / 市川市 雨水タンク設置補助金 / 市川市 ブロック塀等撤去補助金 / 市川市 学校給食費補助制度 / 市川市 奨学資金貸付制度 / 市川市 認可外保育施設利用者補助金 / 市川市 放課後児童クラブ利用料助成制度 / 市川市 住宅省エネルギー改修補助金 / 市川市 不妊治療費助成制度 / 市川市 若年者就職支援助成金
未完了,千葉県,松戸市,21,11,10,matsudo-child-medical-aid matsudo-juutaku-reform matsudo-health-checkup-subsidy matsudo-scholarship-repayment matsudo-startup-support matsudo-elderly-taxi matsudo-water-saving matsudo-block-wall-removal matsudo-school-lunch-subsidy matsudo-youth-employment,松戸市 こども医療費助成 / 松戸市 住宅リフォーム助成金 / 松戸市 人間ドック受診費助成 / 松戸市 奨学金返還支援制度 / 松戸市 創業支援補助金 / 松戸市 高齢者タクシー利用助成 / 松戸市 雨水タンク設置補助金 / 松戸市 ブロック塀等撤去補助金 / 松戸市 学校給食費補助制度 / 松戸市 若者就労支援奨励金
未完了,千葉県,成田市,12,4,8,narita-senior-medical narita-living-support narita-childcare-subsidy narita-newlywed-rent narita-telework-bonus narita-nursing-home-reform narita-energy-support narita-bousai-equipment,成田市 後期高齢者医療費助成制度 / 成田市 生活困窮者自立支援事業 / 成田市 子育て支援助成金 / 成田市 新婚世帯家賃補助 / 成田市 テレワーク推進補助金 / 成田市 高齢者住宅改修補助事業 / 成田市 省エネ・再エネ設備導入補助金 / 成田市 防災設備設置補助金
完了,千葉県,千葉県,1,1,0,,
未完了,千葉県,千葉県（各市町村）,2,1,1,chiba-elderly-hearing-aid,千葉県高齢者補聴器購入助成制度
未完了,千葉県,千葉市,12,5,7,chiba-city-fertility-treatment chiba-city-senior-living chiba-city-infertility chiba-city-study-abroad chiba-city-sme-support chiba-city-elderly-support chiba-city-bousai-equipment,千葉市 不妊治療費助成制度 / 千葉市 高齢者住宅改修費支給事業 / 千葉市 不妊治療費助成制度 / 千葉市 海外留学奨学金制度 / 千葉市 中小企業者事業継続支援補助金 / 千葉市 高齢者外出支援事業 / 千葉市 住宅用防災設備設置補助金
未完了,千葉県,船橋市,18,8,10,funabashi-child-medical-aid funabashi-juutaku-reform funabashi-health-checkup-subsidy funabashi-scholarship-repayment funabashi-startup-support funabashi-elderly-taxi funabashi-water-saving funabashi-block-wall-removal funabashi-school-lunch-subsidy funabashi-sme-support,船橋市 こども医療費助成 / 船橋市 住宅リフォーム助成金 / 船橋市 人間ドック受診費助成 / 船橋市 奨学金返還支援制度 / 船橋市 創業支援補助金 / 船橋市 高齢者タクシー利用助成 / 船橋市 雨水タンク設置補助金 / 船橋市 ブロック塀等撤去補助金 / 船橋市 学校給食費補助制度 / 船橋市 中小企業事業転換支援補助金
未完了,千葉県,袖ケ浦市,9,5,4,sodegaura-childcare-subsidy sodegaura-newlywed-rent sodegaura-sme-support sodegaura-bousai-equipment,袖ケ浦市 保育料軽減補助金 / 袖ケ浦市 結婚新生活支援補助金 / 袖ケ浦市 中小企業支援補助金 / 袖ケ浦市 住宅用防災設備補助金
未完了,千葉県,柏市,21,9,12,kashiwa-child-medical-aid kashiwa-juutaku-reform kashiwa-health-checkup-subsidy kashiwa-scholarship-repayment kashiwa-startup-support kashiwa-elderly-taxi kashiwa-water-saving kashiwa-block-wall-removal kashiwa-school-lunch-subsidy kashiwa-housing-reform kashiwa-newlywed-rent kashiwa-telework-bonus,柏市 こども医療費助成 / 柏市 住宅リフォーム助成金 / 柏市 人間ドック受診費助成 / 柏市 奨学金返還支援制度 / 柏市 創業支援補助金 / 柏市 高齢者タクシー利用助成 / 柏市 雨水タンク設置補助金 / 柏市 ブロック塀等撤去補助金 / 柏市 学校給食費補助制度 / 柏市 住宅リフォーム補助金 / 柏市 結婚新生活支援補助金 / 柏市 テレワーク推進補助金
未完了,千葉県,白井市,9,5,4,shiroi-newlywed-rent shiroi-sme-support shiroi-elderly-support shiroi-bousai-equipment,白井市 結婚新生活支援補助金 / 白井市 中小企業支援補助金 / 白井市 高齢者見守り支援事業 / 白井市 住宅用防災設備補助金
未完了,千葉県,富里市,9,5,4,tomisato-disability-medical tomisato-sme-support tomisato-elderly-support tomisato-bousai-equipment,富里市 重度障がい者医療費助成 / 富里市 中小企業支援補助金 / 富里市 高齢者見守り支援事業 / 富里市 住宅用防災設備補助金
未完了,千葉県,野田市,12,9,3,noda-housing-reform noda-startup-support noda-sme-support,野田市 住宅リフォーム補助金 / 野田市 創業支援補助金 / 野田市 中小企業経営支援補助金
完了,全国,JR西日本あんしん社会財団,1,1,0,,
完了,全国,LIXIL住生活財団,1,1,0,,
完了,全国,SOMPO環境財団,1,1,0,,
完了,全国,Yahoo!基金（LINEヤフー）,1,1,0,,
完了,全国,かめのり財団,1,1,0,,
完了,全国,キリン福祉財団,1,1,0,,
完了,全国,コープ共済連（日本コープ共済生活協同組合連合会）,1,1,0,,
完了,全国,セーブ・ザ・チルドレン・ジャパン,1,1,0,,
完了,全国,つなぐいのち基金,1,1,0,,
完了,全国,トヨタ財団,1,1,0,,
完了,全国,パナソニック教育財団,1,1,0,,
完了,全国,ファイザー株式会社,1,1,0,,
完了,全国,ベネッセこども基金,1,1,0,,
完了,全国,みずほ教育福祉財団,1,1,0,,
完了,全国,ヤマト福祉財団,1,1,0,,
完了,全国,リクルートスカラシップ・コミュニティ財団,1,1,0,,
完了,全国,花王株式会社,1,1,0,,
完了,全国,環境省,1,1,0,,
完了,全国,経済産業省,1,1,0,,
完了,全国,経済産業省・環境省,1,1,0,,
完了,全国,経済産業省（中小企業庁）,4,4,0,,
完了,全国,公益財団法人JKA,1,1,0,,
完了,全国,厚生労働省,41,41,0,,
完了,全国,厚生労働省（日本年金機構）,1,1,0,,
完了,全国,国土交通省,3,3,0,,
完了,全国,国土交通省・財務省,1,1,0,,
完了,全国,笹川スポーツ財団,1,1,0,,
完了,全国,三井住友海上文化財団,1,1,0,,
完了,全国,三菱UFJ信託奨学財団,1,1,0,,
完了,全国,三菱財団,1,1,0,,
完了,全国,洲崎福祉財団,1,1,0,,
完了,全国,住宅改良開発公社,1,1,0,,
完了,全国,住友財団,1,1,0,,
完了,全国,住友生命保険,1,1,0,,
完了,全国,正力厚生会,1,1,0,,
完了,全国,生命保険協会,1,1,0,,
完了,全国,全労済協会（こくみん共済coop協会）,1,1,0,,
完了,全国,総務省,1,1,0,,
完了,全国,太陽生命厚生財団,1,1,0,,
完了,全国,大和証券福祉財団,1,1,0,,
完了,全国,中央共同募金会,1,1,0,,
完了,全国,朝日新聞文化財団,1,1,0,,
完了,全国,電通育英会,1,1,0,,
完了,全国,東京海上日動,1,1,0,,
完了,全国,独立行政法人日本学生支援機構（JASSO）,1,1,0,,
完了,全国,独立行政法人福祉医療機構,1,1,0,,
完了,全国,内閣府,4,4,0,,
完了,全国,内閣府（こども家庭庁）,3,3,0,,
完了,全国,内閣府（防災担当）,2,2,0,,
完了,全国,日本財団,1,1,0,,
完了,全国,日本社会福祉弘済会,1,1,0,,
完了,全国,日本生命財団,1,1,0,,
完了,全国,文部科学省,3,3,0,,
完了,全国,明治安田生命保険,1,1,0,,
未完了,大阪府,茨木市,3,1,2,ibaraki-city-education-support ibaraki-city-housing-seismic,茨木市 就学援助制度 / 茨木市 木造住宅耐震改修補助金
未完了,大阪府,岸和田市,12,3,9,kishiwada-childcare-subsidy kishiwada-birth-bonus kishiwada-newlywed-rent kishiwada-disability-medical kishiwada-school-lunch kishiwada-telework-bonus kishiwada-nursing-home-reform kishiwada-energy-support kishiwada-bousai-equipment,岸和田市 保育料軽減補助金 / 岸和田市 出産祝い金 / 岸和田市 新婚世帯家賃補助 / 岸和田市 障がい者医療費助成制度 / 岸和田市 学校給食費補助制度 / 岸和田市 テレワーク導入補助金 / 岸和田市 介護リフォーム補助金 / 岸和田市 省エネ家電買替補助金 / 岸和田市 防災用品購入補助金
未完了,大阪府,高槻市,12,0,12,takatsuki-child-medical takatsuki-education-scholarship takatsuki-vaccination-support takatsuki-childcare-subsidy takatsuki-birth-bonus takatsuki-housing-purchase takatsuki-infertility takatsuki-scholarship takatsuki-sme-support takatsuki-nursing-home-reform takatsuki-elderly-support takatsuki-bousai-equipment,高槻市 子ども医療費助成制度 / 高槻市 奨学金制度 / 高槻市 高齢者予防接種費用助成 / 高槻市 多子世帯保育料軽減事業 / 高槻市 出産祝い金制度 / 高槻市 若年世帯住宅取得補助金 / 高槻市 不妊・不育症治療費助成制度 / 高槻市 奨学金返還支援補助金 / 高槻市 中小企業販路開拓支援補助金 / 高槻市 高齢者住宅改修助成制度 / 高槻市 高齢者外出支援サービス事業 / 高槻市 住宅用防災設備設置補助金
未完了,大阪府,堺市,12,1,11,sakai-housing-reform sakai-senior-support sakai-childcare-subsidy sakai-birth-bonus sakai-housing-purchase sakai-disability-medical sakai-scholarship sakai-sme-support sakai-nursing-equipment sakai-energy-support sakai-seismic-diagnosis,堺市 住宅リフォーム補助金 / 堺市 高齢者外出支援制度 / 堺市 保育料軽減制度 / 堺市 出産祝い金支給事業 / 堺市 子育て世帯住宅取得支援補助金 / 堺市 重度障害者医療費助成制度 / 堺市 奨学金制度 / 堺市 ものづくり中小企業成長支援補助金 / 堺市 介護用品給付事業 / 堺市 省エネ家電購入支援事業 / 堺市 木造住宅耐震診断補助制度
未完了,大阪府,寝屋川市,12,1,11,neyagawa-senior-medical neyagawa-housing-seismic neyagawa-childcare-subsidy neyagawa-birth-bonus neyagawa-housing-purchase neyagawa-infertility neyagawa-scholarship neyagawa-sme-support neyagawa-nursing-equipment neyagawa-elderly-support neyagawa-seismic-diagnosis,寝屋川市 高齢者医療費助成制度 / 寝屋川市 木造住宅耐震改修補助制度 / 寝屋川市 保育料軽減補助金 / 寝屋川市 出産祝い金 / 寝屋川市 住宅取得補助金 / 寝屋川市 不妊治療費助成制度 / 寝屋川市 奨学金制度 / 寝屋川市 中小企業支援補助金 / 寝屋川市 介護用品支給事業 / 寝屋川市 高齢者生活支援事業 / 寝屋川市 耐震診断費用補助制度
未完了,大阪府,吹田市,12,0,12,suita-child-medical suita-housing-reform suita-senior-support suita-childcare-subsidy suita-birth-bonus suita-newlywed-rent suita-infertility suita-school-lunch suita-telework-bonus suita-nursing-home-reform suita-energy-support suita-bousai-equipment,吹田市 子ども医療費助成制度 / 吹田市 住宅改修補助制度 / 吹田市 高齢者生活支援サービス事業 / 吹田市 認可外保育施設利用料補助金 / 吹田市 出産・子育て応援給付金 / 吹田市 新婚世帯家賃補助制度 / 吹田市 不妊治療費助成制度 / 吹田市 学校給食費補助制度 / 吹田市 テレワーク導入支援補助金 / 吹田市 高齢者住宅改修助成事業 / 吹田市 省エネ家電買替補助金 / 吹田市 家庭用防災用品購入補助金
未完了,大阪府,大阪市,12,1,11,osaka-city-senior-medical osaka-city-startup-support osaka-city-childcare-subsidy osaka-city-birth-bonus osaka-city-housing-purchase osaka-city-newlywed-rent osaka-city-infertility osaka-city-scholarship osaka-city-sme-support osaka-city-nursing-equipment osaka-city-elderly-support,大阪市 重度障害者医療費助成制度 / 大阪市 スタートアップ支援補助金 / 大阪市 保育料軽減助成制度 / 大阪市 出産祝い金・こども誕生祝い事業 / 大阪市 新婚・子育て世帯向け住宅購入支援 / 大阪市 新婚世帯向け家賃補助制度 / 大阪市 不妊治療費助成制度 / 大阪市 奨学金制度（大阪市奨学費） / 大阪市 中小企業チャレンジ補助金 / 大阪市 介護用品支給事業 / 大阪市 高齢者見守り・生活支援事業
未完了,大阪府,大阪府,2,0,2,osaka-child-allowance osaka-employment-women,大阪府子ども食費支援事業（第3子以降） / 大阪府女性活躍推進事業助成金
未完了,大阪府,大阪府（各市町村）,1,0,1,osaka-housing-seismic,大阪府住宅耐震化促進事業
未完了,大阪府,大阪府育英会,1,0,1,osaka-education-scholarship,大阪府育英会奨学金（給付型）
完了,大阪府,大阪府後期高齢者医療広域連合,1,1,0,,
未完了,大阪府,池田市,3,1,2,ikeda-housing-seismic ikeda-startup-support,池田市 住宅耐震改修補助金 / 池田市 創業支援補助金
未完了,大阪府,東大阪市,12,0,12,higashiosaka-child-medical higashiosaka-startup-support higashiosaka-senior-medical higashiosaka-childcare-subsidy higashiosaka-birth-bonus higashiosaka-housing-purchase higashiosaka-disability-medical higashiosaka-scholarship higashiosaka-sme-support higashiosaka-nursing-equipment higashiosaka-elderly-support higashiosaka-seismic-diagnosis,東大阪市 子ども医療費助成制度 / 東大阪市 中小企業創業支援補助金 / 東大阪市 老人医療費助成制度 / 東大阪市 保育料軽減補助金 / 東大阪市 出産祝い金支給事業 / 東大阪市 子育て世帯住宅取得補助金 / 東大阪市 重度障害者医療費助成制度 / 東大阪市 給付型奨学金制度 / 東大阪市 中小企業設備投資補助金 / 東大阪市 在宅介護用品支給事業 / 東大阪市 高齢者見守り配食サービス / 東大阪市 木造住宅耐震診断補助金
未完了,大阪府,八尾市,12,1,11,yao-housing-reform yao-startup-support yao-childcare-subsidy yao-birth-bonus yao-newlywed-rent yao-disability-medical yao-school-lunch yao-telework-bonus yao-nursing-home-reform yao-energy-support yao-bousai-equipment,八尾市 住宅改修補助金 / 八尾市 創業促進補助金 / 八尾市 子育て世帯応援給付金 / 八尾市 出産祝い金 / 八尾市 新婚世帯家賃補助制度 / 八尾市 障がい者医療費助成制度 / 八尾市 学校給食費補助制度 / 八尾市 テレワーク推進補助金 / 八尾市 介護住宅改修補助金 / 八尾市 省エネ家電買替支援事業 / 八尾市 家庭用防災設備購入補助金
未完了,大阪府,豊中市,12,0,12,toyonaka-child-medical toyonaka-housing-seismic toyonaka-education-support toyonaka-childcare-subsidy toyonaka-birth-bonus toyonaka-newlywed-rent toyonaka-disability-medical toyonaka-school-lunch toyonaka-telework-bonus toyonaka-nursing-home-reform toyonaka-energy-support toyonaka-bousai-equipment,豊中市 子ども医療費助成制度 / 豊中市 住宅耐震改修補助制度 / 豊中市 就学援助制度 / 豊中市 保育料軽減補助金 / 豊中市 出産・子育て応援給付金 / 豊中市 新婚世帯向け家賃補助制度 / 豊中市 重度障害者医療費助成制度 / 豊中市 学校給食費補助事業 / 豊中市 テレワーク環境整備補助金 / 豊中市 介護住宅改修補助事業 / 豊中市 省エネ家電購入補助金 / 豊中市 家庭用防災資機材購入補助金
未完了,大阪府,枚方市,12,2,10,hirakata-vaccination-support hirakata-childcare-subsidy hirakata-birth-bonus hirakata-housing-purchase hirakata-infertility hirakata-scholarship hirakata-sme-support hirakata-nursing-equipment hirakata-elderly-support hirakata-seismic-diagnosis,枚方市 高齢者予防接種費用助成 / 枚方市 保育料軽減補助金 / 枚方市 出産祝い金 / 枚方市 若年・子育て世帯住宅取得補助金 / 枚方市 不妊治療費助成制度 / 枚方市 奨学金制度 / 枚方市 中小企業設備投資支援補助金 / 枚方市 介護用品支給事業 / 枚方市 高齢者緊急通報サービス / 枚方市 木造住宅耐震診断補助制度
未完了,大分県,大分県,3,2,1,oita-onsen-tourism,大分県 おんせん県観光産業振興補助金
未完了,大分県,大分市,21,3,18,oita-city-childcare-subsidy oita-city-birth-bonus oita-city-newlywed-rent oita-city-disability-medical oita-city-scholarship oita-city-telework-bonus oita-city-nursing-home-reform oita-city-elderly-support oita-city-bousai-equipment oita-child-medical-aid oita-juutaku-reform oita-health-checkup-subsidy oita-scholarship-repayment oita-startup-support oita-elderly-taxi oita-water-saving oita-block-wall-removal oita-school-lunch-subsidy,大分市 子育て世帯支援給付金 / 大分市 出産祝い金制度 / 大分市 新婚世帯住居費補助金 / 大分市 障害者医療費助成制度 / 大分市 給付型奨学金制度 / 大分市 テレワーク環境整備補助金 / 大分市 介護住宅改修補助金 / 大分市 高齢者生活支援サービス事業 / 大分市 家庭用防災設備購入補助金 / 大分市 こども医療費助成 / 大分市 住宅リフォーム助成金 / 大分市 人間ドック受診費助成 / 大分市 奨学金返還支援制度 / 大分市 創業支援補助金 / 大分市 高齢者タクシー利用助成 / 大分市 雨水タンク設置補助金 / 大分市 ブロック塀等撤去補助金 / 大分市 学校給食費補助制度
未完了,大分県,中津市,11,3,8,nakatsu-child-medical-aid nakatsu-juutaku-reform nakatsu-health-checkup-subsidy nakatsu-scholarship-repayment nakatsu-elderly-taxi nakatsu-water-saving nakatsu-block-wall-removal nakatsu-school-lunch-subsidy,中津市 こども医療費助成 / 中津市 住宅リフォーム助成金 / 中津市 人間ドック受診費助成 / 中津市 奨学金返還支援制度 / 中津市 高齢者タクシー利用助成 / 中津市 雨水タンク設置補助金 / 中津市 ブロック塀等撤去補助金 / 中津市 学校給食費補助制度
未完了,大分県,別府市,21,3,18,beppu-housing-reform beppu-vaccination-subsidy beppu-childcare-subsidy beppu-birth-bonus beppu-infertility beppu-scholarship beppu-nursing-equipment beppu-elderly-support beppu-seismic-diagnosis beppu-child-medical-aid beppu-juutaku-reform beppu-health-checkup-subsidy beppu-scholarship-repayment beppu-startup-support beppu-elderly-taxi beppu-water-saving beppu-block-wall-removal beppu-school-lunch-subsidy,別府市 住宅リフォーム促進事業補助金 / 別府市 高齢者予防接種費用助成 / 別府市 子育て世帯生活支援給付金 / 別府市 出産・子育て応援給付金 / 別府市 不妊治療費助成事業 / 別府市 給付型奨学金制度 / 別府市 介護用品支給事業 / 別府市 高齢者温泉療養支援事業 / 別府市 木造住宅耐震診断補助制度 / 別府市 こども医療費助成 / 別府市 住宅リフォーム助成金 / 別府市 人間ドック受診費助成 / 別府市 奨学金返還支援制度 / 別府市 創業支援補助金 / 別府市 高齢者タクシー利用助成 / 別府市 雨水タンク設置補助金 / 別府市 ブロック塀等撤去補助金 / 別府市 学校給食費補助制度
未完了,長崎県,佐世保市,20,3,17,sasebo-housing-seismic sasebo-childcare-subsidy sasebo-birth-bonus sasebo-newlywed-rent sasebo-disability-medical sasebo-school-lunch sasebo-telework-bonus sasebo-nursing-home-reform sasebo-energy-support sasebo-bousai-equipment sasebo-child-medical-aid sasebo-health-checkup-subsidy sasebo-scholarship-repayment sasebo-elderly-taxi sasebo-water-saving sasebo-block-wall-removal sasebo-school-lunch-subsidy,佐世保市 木造住宅耐震改修補助事業 / 佐世保市 子育て世帯応援給付金 / 佐世保市 出産・子育て応援給付金 / 佐世保市 結婚新生活支援事業 / 佐世保市 重度障がい者医療費助成制度 / 佐世保市 学校給食費無償化事業 / 佐世保市 テレワーク移住支援補助金 / 佐世保市 高齢者住宅改造助成事業 / 佐世保市 省エネルギー設備導入補助金 / 佐世保市 自主防災組織資機材購入補助金 / 佐世保市 こども医療費助成 / 佐世保市 人間ドック受診費助成 / 佐世保市 奨学金返還支援制度 / 佐世保市 高齢者タクシー利用助成 / 佐世保市 雨水タンク設置補助金 / 佐世保市 ブロック塀等撤去補助金 / 佐世保市 学校給食費補助制度
未完了,長崎県,長崎県,1,0,1,nagasaki-living-island-life-support,長崎県 離島生活支援補助金
未完了,長崎県,長崎市,21,3,18,nagasaki-city-fertility-treatment nagasaki-city-childcare-subsidy nagasaki-city-birth-bonus nagasaki-city-housing-purchase nagasaki-city-infertility nagasaki-city-school-lunch nagasaki-city-nursing-equipment nagasaki-city-energy-support nagasaki-city-seismic-diagnosis nagasaki-child-medical-aid nagasaki-juutaku-reform nagasaki-health-checkup-subsidy nagasaki-scholarship-repayment nagasaki-startup-support nagasaki-elderly-taxi nagasaki-water-saving nagasaki-block-wall-removal nagasaki-school-lunch-subsidy,長崎市 不妊治療費助成制度 / 長崎市 子育て応援手当 / 長崎市 出産祝い金 / 長崎市 住宅取得補助金 / 長崎市 不妊治療費助成制度 / 長崎市 学校給食費助成制度 / 長崎市 介護用品購入費助成事業 / 長崎市 省エネ住宅設備導入補助金 / 長崎市 住宅耐震診断費補助制度 / 長崎市 こども医療費助成 / 長崎市 住宅リフォーム助成金 / 長崎市 人間ドック受診費助成 / 長崎市 奨学金返還支援制度 / 長崎市 創業支援補助金 / 長崎市 高齢者タクシー利用助成 / 長崎市 雨水タンク設置補助金 / 長崎市 ブロック塀等撤去補助金 / 長崎市 学校給食費補助制度
未完了,長崎県,諫早市,21,0,21,isahaya-child-medical isahaya-housing-reform isahaya-vaccination-support isahaya-childcare-subsidy isahaya-birth-bonus isahaya-housing-purchase isahaya-infertility isahaya-scholarship isahaya-sme-support isahaya-nursing-equipment isahaya-elderly-support isahaya-seismic-diagnosis isahaya-child-medical-aid isahaya-juutaku-reform isahaya-health-checkup-subsidy isahaya-scholarship-repayment isahaya-startup-support isahaya-elderly-taxi isahaya-water-saving isahaya-block-wall-removal isahaya-school-lunch-subsidy,諫早市 子ども医療費助成制度 / 諫早市 住宅リフォーム支援事業 / 諫早市 高齢者予防接種助成制度 / 諫早市 子育て応援給付金 / 諫早市 出産祝い金 / 諫早市 住宅取得支援補助金 / 諫早市 不妊治療費助成事業 / 諫早市 奨学金貸付制度 / 諫早市 中小企業振興補助金 / 諫早市 介護用品支給事業 / 諫早市 高齢者見守りネットワーク事業 / 諫早市 木造住宅耐震診断助成事業 / 諫早市 こども医療費助成 / 諫早市 住宅リフォーム助成金 / 諫早市 人間ドック受診費助成 / 諫早市 奨学金返還支援制度 / 諫早市 創業支援補助金 / 諫早市 高齢者タクシー利用助成 / 諫早市 雨水タンク設置補助金 / 諫早市 ブロック塀等撤去補助金 / 諫早市 学校給食費補助制度
未完了,長野県,岡谷市,9,0,9,okaya-nursery-support okaya-migration-housing okaya-hearing-aid okaya-study-abroad-support okaya-agri-newcomer okaya-dementia-early okaya-ev-charger okaya-snow-removal-aid okaya-childrearing-coupon,岡谷市 保育所等入所支援金 / 岡谷市 移住者住宅取得補助金 / 岡谷市 補聴器購入費助成 / 岡谷市 高校生海外留学支援金 / 岡谷市 新規就農者支援交付金 / 岡谷市 認知症早期発見検診助成 / 岡谷市 EV充電設備設置補助金 / 岡谷市 要援護世帯除雪費助成 / 岡谷市 子育て応援クーポン事業
未完了,長野県,松本市,21,3,18,matsumoto-scholarship matsumoto-childcare-subsidy matsumoto-birth-bonus matsumoto-disability-medical matsumoto-school-lunch matsumoto-telework-bonus matsumoto-nursing-home-reform matsumoto-energy-support matsumoto-bousai-equipment matsumoto-nursery-support matsumoto-migration-housing matsumoto-hearing-aid matsumoto-study-abroad-support matsumoto-agri-newcomer matsumoto-dementia-early matsumoto-ev-charger matsumoto-snow-removal-aid matsumoto-childrearing-coupon,松本市 奨学金制度 / 松本市 子育て世帯応援給付金 / 松本市 出産・子育て応援給付金 / 松本市 福祉医療費給付金制度（障がい者） / 松本市 学校給食費補助制度 / 松本市 テレワーク移住支援補助金 / 松本市 高齢者にやさしい住まいづくり助成金 / 松本市 住宅用太陽光発電・蓄電池導入補助金 / 松本市 家庭用防災資機材購入補助金 / 松本市 保育所等入所支援金 / 松本市 移住者住宅取得補助金 / 松本市 補聴器購入費助成 / 松本市 高校生海外留学支援金 / 松本市 新規就農者支援交付金 / 松本市 認知症早期発見検診助成 / 松本市 EV充電設備設置補助金 / 松本市 要援護世帯除雪費助成 / 松本市 子育て応援クーポン事業
未完了,長野県,上田市,12,1,11,ueda-fertility-treatment ueda-scholarship ueda-nursery-support ueda-migration-housing ueda-hearing-aid ueda-study-abroad-support ueda-agri-newcomer ueda-dementia-early ueda-ev-charger ueda-snow-removal-aid ueda-childrearing-coupon,上田市 不妊治療費助成事業 / 上田市 奨学金制度 / 上田市 保育所等入所支援金 / 上田市 移住者住宅取得補助金 / 上田市 補聴器購入費助成 / 上田市 高校生海外留学支援金 / 上田市 新規就農者支援交付金 / 上田市 認知症早期発見検診助成 / 上田市 EV充電設備設置補助金 / 上田市 要援護世帯除雪費助成 / 上田市 子育て応援クーポン事業
未完了,長野県,諏訪市,9,0,9,suwa-nursery-support suwa-migration-housing suwa-hearing-aid suwa-study-abroad-support suwa-agri-newcomer suwa-dementia-early suwa-ev-charger suwa-snow-removal-aid suwa-childrearing-coupon,諏訪市 保育所等入所支援金 / 諏訪市 移住者住宅取得補助金 / 諏訪市 補聴器購入費助成 / 諏訪市 高校生海外留学支援金 / 諏訪市 新規就農者支援交付金 / 諏訪市 認知症早期発見検診助成 / 諏訪市 EV充電設備設置補助金 / 諏訪市 要援護世帯除雪費助成 / 諏訪市 子育て応援クーポン事業
未完了,長野県,長野県,1,0,1,nagano-disaster-mudslide-support,長野県 土砂災害被災者住宅再建支援事業
未完了,長野県,長野市,21,1,20,nagano-city-childcare-subsidy nagano-city-birth-bonus nagano-city-barrier-free nagano-city-senior-dental nagano-city-school-lunch nagano-city-sme-support nagano-city-nursing-equipment nagano-city-migration-bonus nagano-city-seismic-diagnosis nagano-nursery-support nagano-migration-housing nagano-hearing-aid nagano-study-abroad-support nagano-agri-newcomer nagano-dementia-early nagano-ev-charger nagano-snow-removal-aid nagano-childrearing-coupon nagano-city-earthquake-reform nagano-city-scholarship,長野市 子育て世帯生活支援給付金 / 長野市 出産祝い金制度 / 長野市 高齢者等バリアフリー改修補助金 / 長野市 後期高齢者歯科口腔健診 / 長野市 学校給食費負担軽減事業 / 長野市 中小企業デジタル化推進補助金 / 長野市 在宅介護用品支給事業 / 長野市 UIJターン移住支援金 / 長野市 木造住宅無料耐震診断 / 長野市 保育所等入所支援金 / 長野市 移住者住宅取得補助金 / 長野市 補聴器購入費助成 / 長野市 高校生海外留学支援金 / 長野市 新規就農者支援交付金 / 長野市 認知症早期発見検診助成 / 長野市 EV充電設備設置補助金 / 長野市 要援護世帯除雪費助成 / 長野市 子育て応援クーポン事業 / 長野市 住宅耐震改修補助金 / 長野市 奨学金制度
未完了,長野県,飯田市,12,1,11,iida-housing-seismic iida-migration-support iida-nursery-support iida-migration-housing iida-hearing-aid iida-study-abroad-support iida-agri-newcomer iida-dementia-early iida-ev-charger iida-snow-removal-aid iida-childrearing-coupon,飯田市 木造住宅耐震改修補助金 / 飯田市 移住定住促進補助金 / 飯田市 保育所等入所支援金 / 飯田市 移住者住宅取得補助金 / 飯田市 補聴器購入費助成 / 飯田市 高校生海外留学支援金 / 飯田市 新規就農者支援交付金 / 飯田市 認知症早期発見検診助成 / 飯田市 EV充電設備設置補助金 / 飯田市 要援護世帯除雪費助成 / 飯田市 子育て応援クーポン事業
未完了,鳥取県,境港市,9,0,9,sakaiminato-child-medical-aid sakaiminato-juutaku-reform sakaiminato-health-checkup-subsidy sakaiminato-scholarship-repayment sakaiminato-startup-support sakaiminato-elderly-taxi sakaiminato-water-saving sakaiminato-block-wall-removal sakaiminato-school-lunch-subsidy,境港市 こども医療費助成 / 境港市 住宅リフォーム助成金 / 境港市 人間ドック受診費助成 / 境港市 奨学金返還支援制度 / 境港市 創業支援補助金 / 境港市 高齢者タクシー利用助成 / 境港市 雨水タンク設置補助金 / 境港市 ブロック塀等撤去補助金 / 境港市 学校給食費補助制度
未完了,鳥取県,琴浦町,9,0,9,kotoura-child-medical-aid kotoura-juutaku-reform kotoura-health-checkup-subsidy kotoura-scholarship-repayment kotoura-startup-support kotoura-elderly-taxi kotoura-water-saving kotoura-block-wall-removal kotoura-school-lunch-subsidy,琴浦町 こども医療費助成 / 琴浦町 住宅リフォーム助成金 / 琴浦町 人間ドック受診費助成 / 琴浦町 奨学金返還支援制度 / 琴浦町 創業支援補助金 / 琴浦町 高齢者タクシー利用助成 / 琴浦町 雨水タンク設置補助金 / 琴浦町 ブロック塀等撤去補助金 / 琴浦町 学校給食費補助制度
未完了,鳥取県,倉吉市,9,0,9,kurayoshi-child-medical-aid kurayoshi-juutaku-reform kurayoshi-health-checkup-subsidy kurayoshi-scholarship-repayment kurayoshi-startup-support kurayoshi-elderly-taxi kurayoshi-water-saving kurayoshi-block-wall-removal kurayoshi-school-lunch-subsidy,倉吉市 こども医療費助成 / 倉吉市 住宅リフォーム助成金 / 倉吉市 人間ドック受診費助成 / 倉吉市 奨学金返還支援制度 / 倉吉市 創業支援補助金 / 倉吉市 高齢者タクシー利用助成 / 倉吉市 雨水タンク設置補助金 / 倉吉市 ブロック塀等撤去補助金 / 倉吉市 学校給食費補助制度
完了,鳥取県,鳥取県,3,3,0,,
未完了,鳥取県,鳥取市,21,3,18,tottori-city-childcare-subsidy tottori-city-birth-bonus tottori-city-housing-purchase tottori-city-infertility tottori-city-scholarship tottori-city-sme-support tottori-city-nursing-equipment tottori-city-elderly-support tottori-child-medical-aid tottori-juutaku-reform tottori-health-checkup-subsidy tottori-scholarship-repayment tottori-startup-support tottori-elderly-taxi tottori-water-saving tottori-block-wall-removal tottori-school-lunch-subsidy tottori-city-migration-support,鳥取市 保育料軽減助成金 / 鳥取市 出産祝い金 / 鳥取市 住宅取得支援補助金 / 鳥取市 不妊治療費助成事業 / 鳥取市 奨学金返還支援補助金 / 鳥取市 中小企業振興補助金 / 鳥取市 介護用品支給事業 / 鳥取市 高齢者見守り支援事業 / 鳥取市 こども医療費助成 / 鳥取市 住宅リフォーム助成金 / 鳥取市 人間ドック受診費助成 / 鳥取市 奨学金返還支援制度 / 鳥取市 創業支援補助金 / 鳥取市 高齢者タクシー利用助成 / 鳥取市 雨水タンク設置補助金 / 鳥取市 ブロック塀等撤去補助金 / 鳥取市 学校給食費補助制度 / 鳥取市 移住定住支援金
未完了,鳥取県,米子市,11,1,10,yonago-startup-support yonago-migration-support yonago-child-medical-aid yonago-juutaku-reform yonago-health-checkup-subsidy yonago-scholarship-repayment yonago-elderly-taxi yonago-water-saving yonago-block-wall-removal yonago-school-lunch-subsidy,米子市 創業支援補助金 / 米子市 移住定住支援金 / 米子市 こども医療費助成 / 米子市 住宅リフォーム助成金 / 米子市 人間ドック受診費助成 / 米子市 奨学金返還支援制度 / 米子市 高齢者タクシー利用助成 / 米子市 雨水タンク設置補助金 / 米子市 ブロック塀等撤去補助金 / 米子市 学校給食費補助制度
未完了,鳥取県,北栄町,9,0,9,hokuei-child-medical-aid hokuei-juutaku-reform hokuei-health-checkup-subsidy hokuei-scholarship-repayment hokuei-startup-support hokuei-elderly-taxi hokuei-water-saving hokuei-block-wall-removal hokuei-school-lunch-subsidy,北栄町 こども医療費助成 / 北栄町 住宅リフォーム助成金 / 北栄町 人間ドック受診費助成 / 北栄町 奨学金返還支援制度 / 北栄町 創業支援補助金 / 北栄町 高齢者タクシー利用助成 / 北栄町 雨水タンク設置補助金 / 北栄町 ブロック塀等撤去補助金 / 北栄町 学校給食費補助制度
未完了,島根県,安来市,9,0,9,yasugi-child-medical-aid yasugi-juutaku-reform yasugi-health-checkup-subsidy yasugi-scholarship-repayment yasugi-startup-support yasugi-elderly-taxi yasugi-water-saving yasugi-block-wall-removal yasugi-school-lunch-subsidy,安来市 こども医療費助成 / 安来市 住宅リフォーム助成金 / 安来市 人間ドック受診費助成 / 安来市 奨学金返還支援制度 / 安来市 創業支援補助金 / 安来市 高齢者タクシー利用助成 / 安来市 雨水タンク設置補助金 / 安来市 ブロック塀等撤去補助金 / 安来市 学校給食費補助制度
未完了,島根県,益田市,9,0,9,masuda-child-medical-aid masuda-juutaku-reform masuda-health-checkup-subsidy masuda-scholarship-repayment masuda-startup-support masuda-elderly-taxi masuda-water-saving masuda-block-wall-removal masuda-school-lunch-subsidy,益田市 こども医療費助成 / 益田市 住宅リフォーム助成金 / 益田市 人間ドック受診費助成 / 益田市 奨学金返還支援制度 / 益田市 創業支援補助金 / 益田市 高齢者タクシー利用助成 / 益田市 雨水タンク設置補助金 / 益田市 ブロック塀等撤去補助金 / 益田市 学校給食費補助制度
未完了,島根県,出雲市,11,1,10,izumo-housing-seismic izumo-startup-support izumo-child-medical-aid izumo-juutaku-reform izumo-health-checkup-subsidy izumo-scholarship-repayment izumo-elderly-taxi izumo-water-saving izumo-block-wall-removal izumo-school-lunch-subsidy,出雲市 木造住宅耐震改修補助金 / 出雲市 創業チャレンジ補助金 / 出雲市 こども医療費助成 / 出雲市 住宅リフォーム助成金 / 出雲市 人間ドック受診費助成 / 出雲市 奨学金返還支援制度 / 出雲市 高齢者タクシー利用助成 / 出雲市 雨水タンク設置補助金 / 出雲市 ブロック塀等撤去補助金 / 出雲市 学校給食費補助制度
未完了,島根県,松江市,20,2,18,matsue-housing-reform matsue-startup-support matsue-childcare-subsidy matsue-birth-bonus matsue-newlywed-rent matsue-disability-medical matsue-school-lunch matsue-telework-bonus matsue-nursing-home-reform matsue-bousai-equipment matsue-child-medical-aid matsue-juutaku-reform matsue-health-checkup-subsidy matsue-scholarship-repayment matsue-elderly-taxi matsue-water-saving matsue-block-wall-removal matsue-school-lunch-subsidy,松江市 住宅リフォーム助成制度 / 松江市 創業支援補助金 / 松江市 保育料軽減事業 / 松江市 出産・子育て応援給付金 / 松江市 結婚新生活支援補助金 / 松江市 重度障がい者医療費助成制度 / 松江市 学校給食費助成制度 / 松江市 テレワーク移住支援補助金 / 松江市 高齢者住宅改修支援事業 / 松江市 家庭用防災設備購入補助金 / 松江市 こども医療費助成 / 松江市 住宅リフォーム助成金 / 松江市 人間ドック受診費助成 / 松江市 奨学金返還支援制度 / 松江市 高齢者タクシー利用助成 / 松江市 雨水タンク設置補助金 / 松江市 ブロック塀等撤去補助金 / 松江市 学校給食費補助制度
未完了,島根県,大田市,9,0,9,ooda-child-medical-aid ooda-juutaku-reform ooda-health-checkup-subsidy ooda-scholarship-repayment ooda-startup-support ooda-elderly-taxi ooda-water-saving ooda-block-wall-removal ooda-school-lunch-subsidy,大田市 こども医療費助成 / 大田市 住宅リフォーム助成金 / 大田市 人間ドック受診費助成 / 大田市 奨学金返還支援制度 / 大田市 創業支援補助金 / 大田市 高齢者タクシー利用助成 / 大田市 雨水タンク設置補助金 / 大田市 ブロック塀等撤去補助金 / 大田市 学校給食費補助制度
未完了,島根県,島根県,3,0,3,shimane-child-support shimane-uiturn-support shimane-empty-house,島根県 しまね子育て応援事業 / 島根県 UIターン就業支援事業 / 島根県 空き家活用支援事業
未完了,島根県,浜田市,9,0,9,hamada-child-medical-aid hamada-juutaku-reform hamada-health-checkup-subsidy hamada-scholarship-repayment hamada-startup-support hamada-elderly-taxi hamada-water-saving hamada-block-wall-removal hamada-school-lunch-subsidy,浜田市 こども医療費助成 / 浜田市 住宅リフォーム助成金 / 浜田市 人間ドック受診費助成 / 浜田市 奨学金返還支援制度 / 浜田市 創業支援補助金 / 浜田市 高齢者タクシー利用助成 / 浜田市 雨水タンク設置補助金 / 浜田市 ブロック塀等撤去補助金 / 浜田市 学校給食費補助制度
完了,東京都,葛飾区,12,12,0,,
完了,東京都,江戸川区,12,12,0,,
完了,東京都,江東区,12,12,0,,
完了,東京都,港区,12,12,0,,
完了,東京都,荒川区,12,12,0,,
完了,東京都,国分寺市,12,12,0,,
完了,東京都,狛江市,9,9,0,,
完了,東京都,三鷹市,12,12,0,,
完了,東京都,渋谷区,12,12,0,,
完了,東京都,小金井市,9,9,0,,
完了,東京都,小平市,3,3,0,,
完了,東京都,昭島市,12,12,0,,
完了,東京都,新宿区,12,12,0,,
完了,東京都,杉並区,12,12,0,,
完了,東京都,世田谷区,12,12,0,,
完了,東京都,青梅市,3,3,0,,
完了,東京都,千代田区,12,12,0,,
完了,東京都,足立区,12,12,0,,
完了,東京都,台東区,12,12,0,,
完了,東京都,大田区,12,12,0,,
完了,東京都,中央区,12,12,0,,
完了,東京都,中野区,12,12,0,,
完了,東京都,町田市,21,21,0,,
完了,東京都,調布市,3,3,0,,
完了,東京都,東京都,4,4,0,,
完了,東京都,東京都（各区市町村）,2,2,0,,
完了,東京都,東京都（東京都私学財団）,1,1,0,,
完了,東京都,東京都（東京都中小企業振興公社）,1,1,0,,
完了,東京都,東村山市,12,12,0,,
完了,東京都,東大和市,9,9,0,,
完了,東京都,日野市,3,3,0,,
完了,東京都,八王子市,20,20,0,,
完了,東京都,板橋区,12,12,0,,
完了,東京都,品川区,12,12,0,,
完了,東京都,府中市,3,3,0,,
完了,東京都,武蔵野市,12,12,0,,
完了,東京都,文京区,12,12,0,,
完了,東京都,豊島区,12,12,0,,
完了,東京都,北区,12,12,0,,
完了,東京都,墨田区,12,12,0,,
完了,東京都,目黒区,12,12,0,,
完了,東京都,立川市,12,12,0,,
完了,東京都,練馬区,12,12,0,,
未完了,徳島県,阿南市,9,0,9,anan-child-medical-aid anan-juutaku-reform anan-health-checkup-subsidy anan-scholarship-repayment anan-startup-support anan-elderly-taxi anan-water-saving anan-block-wall-removal anan-school-lunch-subsidy,阿南市 こども医療費助成 / 阿南市 住宅リフォーム助成金 / 阿南市 人間ドック受診費助成 / 阿南市 奨学金返還支援制度 / 阿南市 創業支援補助金 / 阿南市 高齢者タクシー利用助成 / 阿南市 雨水タンク設置補助金 / 阿南市 ブロック塀等撤去補助金 / 阿南市 学校給食費補助制度
未完了,徳島県,徳島県,3,1,2,tokushima-sudachi-farming tokushima-satellite-office,徳島県 すだち産業振興・新規就農支援事業 / 徳島県 サテライトオフィス誘致推進補助金
未完了,徳島県,徳島市,21,11,10,tokushima-city-telework-bonus tokushima-child-medical-aid tokushima-juutaku-reform tokushima-health-checkup-subsidy tokushima-scholarship-repayment tokushima-startup-support tokushima-elderly-taxi tokushima-water-saving tokushima-block-wall-removal tokushima-school-lunch-subsidy,徳島市 サテライトオフィス進出支援補助金 / 徳島市 こども医療費助成 / 徳島市 住宅リフォーム助成金 / 徳島市 人間ドック受診費助成 / 徳島市 奨学金返還支援制度 / 徳島市 創業支援補助金 / 徳島市 高齢者タクシー利用助成 / 徳島市 雨水タンク設置補助金 / 徳島市 ブロック塀等撤去補助金 / 徳島市 学校給食費補助制度
未完了,徳島県,鳴門市,9,0,9,naruto-child-medical-aid naruto-juutaku-reform naruto-health-checkup-subsidy naruto-scholarship-repayment naruto-startup-support naruto-elderly-taxi naruto-water-saving naruto-block-wall-removal naruto-school-lunch-subsidy,鳴門市 こども医療費助成 / 鳴門市 住宅リフォーム助成金 / 鳴門市 人間ドック受診費助成 / 鳴門市 奨学金返還支援制度 / 鳴門市 創業支援補助金 / 鳴門市 高齢者タクシー利用助成 / 鳴門市 雨水タンク設置補助金 / 鳴門市 ブロック塀等撤去補助金 / 鳴門市 学校給食費補助制度
完了,栃木県,さくら市,9,9,0,,
完了,栃木県,宇都宮市,12,12,0,,
完了,栃木県,佐野市,21,21,0,,
完了,栃木県,鹿沼市,9,9,0,,
完了,栃木県,小山市,30,30,0,,
完了,栃木県,真岡市,9,9,0,,
完了,栃木県,足利市,21,21,0,,
完了,栃木県,大田原市,9,9,0,,
完了,栃木県,栃木県,1,1,0,,
完了,栃木県,矢板市,9,9,0,,
未完了,奈良県,橿原市,3,1,2,kashihara-housing-reform kashihara-scholarship,橿原市 住宅改修補助金 / 橿原市 奨学金制度
完了,奈良県,奈良県,1,1,0,,
未完了,奈良県,奈良市,12,1,11,nara-city-childcare-subsidy nara-city-daycare-support nara-city-barrier-free nara-city-senior-dental nara-city-school-lunch nara-city-sme-support nara-city-nursing-equipment nara-city-energy-support nara-city-seismic-diagnosis nara-city-school-aid nara-city-housing-reform,奈良市 子ども医療費助成制度 / 奈良市 認可外保育施設利用料助成金 / 奈良市 バリアフリー住宅改修補助金 / 奈良市 後期高齢者歯科健診助成事業 / 奈良市 学校給食費支援事業 / 奈良市 中小企業経営革新支援補助金 / 奈良市 在宅介護用品支給事業 / 奈良市 低所得世帯エネルギー支援給付金 / 奈良市 木造住宅耐震診断補助事業 / 奈良市 就学援助制度 / 奈良市 住宅リフォーム助成事業
未完了,富山県,高岡市,12,3,9,takaoka-child-medical-aid takaoka-juutaku-reform takaoka-health-checkup-subsidy takaoka-scholarship-repayment takaoka-startup-support takaoka-elderly-taxi takaoka-water-saving takaoka-block-wall-removal takaoka-school-lunch-subsidy,高岡市 こども医療費助成 / 高岡市 住宅リフォーム助成金 / 高岡市 人間ドック受診費助成 / 高岡市 奨学金返還支援制度 / 高岡市 創業支援補助金 / 高岡市 高齢者タクシー利用助成 / 高岡市 雨水タンク設置補助金 / 高岡市 ブロック塀等撤去補助金 / 高岡市 学校給食費補助制度
未完了,富山県,射水市,9,0,9,imizu-child-medical-aid imizu-juutaku-reform imizu-health-checkup-subsidy imizu-scholarship-repayment imizu-startup-support imizu-elderly-taxi imizu-water-saving imizu-block-wall-removal imizu-school-lunch-subsidy,射水市 こども医療費助成 / 射水市 住宅リフォーム助成金 / 射水市 人間ドック受診費助成 / 射水市 奨学金返還支援制度 / 射水市 創業支援補助金 / 射水市 高齢者タクシー利用助成 / 射水市 雨水タンク設置補助金 / 射水市 ブロック塀等撤去補助金 / 射水市 学校給食費補助制度
未完了,富山県,富山県,3,1,2,toyama-housing-renovation toyama-pharmaceutical-industry,富山県 住宅リフォーム補助事業 / 富山県 くすり産業人材育成・雇用支援事業
未完了,富山県,富山市,21,5,16,toyama-city-parenting-allowance toyama-city-afterschool toyama-city-telework-bonus toyama-city-nursing-home-reform toyama-city-elderly-support toyama-city-bousai-equipment toyama-city-machiya-reform toyama-child-medical-aid toyama-juutaku-reform toyama-health-checkup-subsidy toyama-scholarship-repayment toyama-startup-support toyama-elderly-taxi toyama-water-saving toyama-block-wall-removal toyama-school-lunch-subsidy,富山市 多子世帯子育て応援給付金 / 富山市 放課後子ども教室推進事業 / 富山市 テレワーク移住促進補助金 / 富山市 高齢者向け住宅改修支援事業 / 富山市 高齢者安心見守り事業 / 富山市 家庭防災対策設備補助金 / 富山市 まちなかリフォーム補助金 / 富山市 こども医療費助成 / 富山市 住宅リフォーム助成金 / 富山市 人間ドック受診費助成 / 富山市 奨学金返還支援制度 / 富山市 創業支援補助金 / 富山市 高齢者タクシー利用助成 / 富山市 雨水タンク設置補助金 / 富山市 ブロック塀等撤去補助金 / 富山市 学校給食費補助制度
未完了,福井県,あわら市,9,0,9,awara-childcare-subsidy awara-birth-bonus awara-housing-purchase awara-infertility awara-scholarship awara-uij-turn awara-nursing-equipment awara-migration-bonus awara-seismic-diagnosis,あわら市 保育料軽減補助金 / あわら市 出産祝い金 / あわら市 住宅取得支援補助金 / あわら市 不妊治療費助成 / あわら市 奨学金制度 / あわら市 UIJターン支援金 / あわら市 介護用品支給事業 / あわら市 移住支援金 / あわら市 木造住宅耐震診断補助金
未完了,福井県,坂井市,9,0,9,sakai-fukui-childcare-subsidy sakai-fukui-birth-bonus sakai-fukui-housing-purchase sakai-fukui-infertility sakai-fukui-scholarship sakai-fukui-uij-turn sakai-fukui-nursing-equipment sakai-fukui-migration-bonus sakai-fukui-seismic-diagnosis,坂井市 保育料軽減補助金 / 坂井市 出産祝い金 / 坂井市 住宅取得支援補助金 / 坂井市 不妊治療費助成 / 坂井市 奨学金制度 / 坂井市 UIJターン支援金 / 坂井市 介護用品支給事業 / 坂井市 移住支援金 / 坂井市 木造住宅耐震診断補助金
未完了,福井県,勝山市,9,0,9,katsuyama-childcare-subsidy katsuyama-birth-bonus katsuyama-housing-purchase katsuyama-infertility katsuyama-scholarship katsuyama-uij-turn katsuyama-nursing-equipment katsuyama-migration-bonus katsuyama-seismic-diagnosis,勝山市 保育料軽減補助金 / 勝山市 出産祝い金 / 勝山市 住宅取得支援補助金 / 勝山市 不妊治療費助成 / 勝山市 奨学金制度 / 勝山市 UIJターン支援金 / 勝山市 介護用品支給事業 / 勝山市 移住支援金 / 勝山市 木造住宅耐震診断補助金
未完了,福井県,小浜市,9,0,9,obama-childcare-subsidy obama-birth-bonus obama-housing-purchase obama-infertility obama-scholarship obama-uij-turn obama-nursing-equipment obama-migration-bonus obama-seismic-diagnosis,小浜市 保育料軽減補助金 / 小浜市 出産祝い金 / 小浜市 住宅取得支援補助金 / 小浜市 不妊治療費助成 / 小浜市 奨学金制度 / 小浜市 UIJターン支援金 / 小浜市 介護用品支給事業 / 小浜市 移住支援金 / 小浜市 木造住宅耐震診断補助金
未完了,福井県,大野市,9,0,9,ono-fukui-childcare-subsidy ono-fukui-birth-bonus ono-fukui-housing-purchase ono-fukui-infertility ono-fukui-scholarship ono-fukui-uij-turn ono-fukui-nursing-equipment ono-fukui-migration-bonus ono-fukui-seismic-diagnosis,大野市 保育料軽減補助金 / 大野市 出産祝い金 / 大野市 住宅取得支援補助金 / 大野市 不妊治療費助成 / 大野市 奨学金制度 / 大野市 UIJターン支援金 / 大野市 介護用品支給事業 / 大野市 移住支援金 / 大野市 木造住宅耐震診断補助金
未完了,福井県,敦賀市,9,0,9,tsuruga-childcare-subsidy tsuruga-birth-bonus tsuruga-housing-purchase tsuruga-infertility tsuruga-scholarship tsuruga-uij-turn tsuruga-nursing-equipment tsuruga-migration-bonus tsuruga-seismic-diagnosis,敦賀市 保育料軽減補助金 / 敦賀市 出産祝い金 / 敦賀市 住宅取得支援補助金 / 敦賀市 不妊治療費助成 / 敦賀市 奨学金制度 / 敦賀市 UIJターン支援金 / 敦賀市 介護用品支給事業 / 敦賀市 移住支援金 / 敦賀市 木造住宅耐震診断補助金
未完了,福井県,福井県,3,1,2,fukui-child-support fukui-housing-support,福井県 子だくさん ふくいっ子応援事業 / 福井県 ふくい住まい支援事業
未完了,福井県,福井市,12,7,5,fukui-city-childcare-subsidy fukui-city-telework-bonus fukui-city-nursing-home-reform fukui-city-bousai-equipment fukui-city-housing-reform,福井市 子育て支援医療費助成制度 / 福井市 テレワーク移住促進補助金 / 福井市 介護住宅改修支援事業 / 福井市 防災設備設置補助金 / 福井市 住宅リフォーム支援事業補助金
完了,福岡県,久留米市,20,20,0,,
完了,福岡県,春日市,21,21,0,,
完了,福岡県,大牟田市,21,21,0,,
完了,福岡県,大野城市,12,12,0,,
完了,福岡県,飯塚市,20,20,0,,
完了,福岡県,福岡県,1,1,0,,
完了,福岡県,福岡県（各市町村）,1,1,0,,
完了,福岡県,福岡県（福岡県中小企業振興センター）,1,1,0,,
完了,福岡県,福岡市,21,21,0,,
完了,福岡県,北九州市,20,20,0,,
未完了,福島県,いわき市,12,3,9,iwaki-childcare-subsidy iwaki-birth-bonus iwaki-newlywed-rent iwaki-infertility iwaki-school-lunch iwaki-telework-bonus iwaki-nursing-equipment iwaki-energy-support iwaki-bousai-equipment,いわき市 保育料軽減助成制度 / いわき市 出産・子育て応援給付金 / いわき市 結婚新生活支援事業 / いわき市 不妊治療費助成事業 / いわき市 学校給食費助成制度 / いわき市 テレワーク導入支援補助金 / いわき市 介護用品支給事業 / いわき市 省エネ設備導入補助金 / いわき市 防災設備設置補助金
未完了,福島県,会津若松市,12,1,11,aizu-housing-seismic aizu-senior-medical aizu-childcare-subsidy aizu-birth-bonus aizu-newlywed-rent aizu-disability-medical aizu-school-lunch aizu-telework-bonus aizu-nursing-home-reform aizu-energy-support aizu-bousai-equipment,会津若松市 木造住宅耐震改修補助金 / 会津若松市 後期高齢者医療費助成制度 / 会津若松市 子育て世帯生活支援給付金 / 会津若松市 出産祝い金支給事業 / 会津若松市 新婚世帯家賃補助事業 / 会津若松市 重度障がい者医療費助成制度 / 会津若松市 学校給食費補助事業 / 会津若松市 テレワーク移住支援補助金 / 会津若松市 在宅介護住宅改修支援事業 / 会津若松市 冬季エネルギー費支援事業 / 会津若松市 家庭用防災設備補助金
未完了,福島県,郡山市,12,2,10,koriyama-infertility-treatment koriyama-childcare-subsidy koriyama-birth-bonus koriyama-housing-purchase koriyama-infertility koriyama-scholarship koriyama-telework-bonus koriyama-nursing-equipment koriyama-elderly-support koriyama-bousai-equipment,郡山市 不妊治療費助成事業 / 郡山市 保育料軽減助成制度 / 郡山市 出産・子育て応援給付金 / 郡山市 住宅取得支援補助金 / 郡山市 不妊治療費助成事業 / 郡山市 給付型奨学金制度 / 郡山市 テレワーク移住支援補助金 / 郡山市 介護用品支給事業 / 郡山市 高齢者外出支援事業 / 郡山市 防災設備設置補助金
未完了,福島県,須賀川市,21,1,20,sukagawa-startup-support sukagawa-migration-support sukagawa-childcare-subsidy sukagawa-birth-bonus sukagawa-housing-purchase sukagawa-infertility sukagawa-scholarship sukagawa-sme-support sukagawa-nursing-equipment sukagawa-elderly-support sukagawa-seismic-diagnosis sukagawa-childcare-subsidy-v2 sukagawa-birth-bonus-v2 sukagawa-housing-purchase-v2 sukagawa-infertility-v2 sukagawa-scholarship-v2 sukagawa-uij-turn sukagawa-nursing-equipment-v2 sukagawa-energy-support sukagawa-seismic-diagnosis-v2,須賀川市 創業支援補助金 / 須賀川市 移住支援金 / 須賀川市 子育て世帯応援助成金 / 須賀川市 出産祝い金支給事業 / 須賀川市 住宅取得支援補助金 / 須賀川市 不妊治療費助成事業 / 須賀川市 奨学資金貸付制度 / 須賀川市 中小企業振興補助金 / 須賀川市 介護用品支給事業 / 須賀川市 高齢者見守り・生活支援事業 / 須賀川市 木造住宅耐震診断助成事業 / 須賀川市 保育料軽減補助金 / 須賀川市 出産祝い金 / 須賀川市 住宅取得支援補助金 / 須賀川市 不妊治療費助成事業 / 須賀川市 奨学資金貸付制度 / 須賀川市 UIJターン就職支援金 / 須賀川市 介護用品支給事業 / 須賀川市 省エネ家電買替え補助金 / 須賀川市 木造住宅耐震診断助成事業
未完了,福島県,福島県,3,2,1,fukushima-reconstruction,福島県 復興住宅支援事業
未完了,福島県,福島市,12,3,9,fukushima-city-childcare-subsidy fukushima-city-parenting-allowance fukushima-city-housing-purchase fukushima-city-senior-dental fukushima-city-afterschool fukushima-city-nursing-home-reform fukushima-city-migration-bonus fukushima-city-jutaku-shutoku fukushima-city-sogyo-shien,福島市 子育て世帯応援手当 / 福島市 子育て応援金（出産・子育て応援交付金） / 福島市 定住促進住宅取得支援事業 / 福島市 高齢者歯科口腔健診・治療費助成 / 福島市 放課後子ども教室推進事業 / 福島市 介護保険住宅改修費支給 / 福島市 ふくしま移住・定住応援金 / 福島市 住宅取得支援助成金 / 福島市 創業・起業支援補助金
未完了,兵庫県,伊丹市,3,1,2,itami-housing-reform itami-infertility-treatment,伊丹市 住宅リフォーム助成制度 / 伊丹市 不妊治療費助成事業
未完了,兵庫県,加古川市,12,2,10,kakogawa-housing-earthquake kakogawa-childcare-subsidy kakogawa-birth-bonus kakogawa-newlywed-rent kakogawa-disability-medical kakogawa-school-lunch kakogawa-telework-bonus kakogawa-nursing-home-reform kakogawa-energy-support kakogawa-bousai-equipment,加古川市 木造住宅耐震改修補助事業 / 加古川市 保育料軽減補助金 / 加古川市 出産祝い金 / 加古川市 新婚世帯家賃補助 / 加古川市 障がい者医療費助成制度 / 加古川市 学校給食費補助制度 / 加古川市 テレワーク導入補助金 / 加古川市 介護リフォーム補助金 / 加古川市 省エネ家電買替補助金 / 加古川市 防災用品購入補助金
未完了,兵庫県,神戸市,12,1,11,kobe-fertility-treatment kobe-housing-eco-reform kobe-childcare-subsidy kobe-birth-bonus kobe-housing-purchase kobe-newlywed-rent kobe-senior-dental kobe-scholarship kobe-sme-support kobe-nursing-equipment kobe-elderly-support,神戸市 不妊治療費助成制度 / 神戸市 住宅省エネ改修補助金 / 神戸市 保育料軽減助成制度 / 神戸市 こども誕生祝い金 / 神戸市 住みかえーるローン利子補給事業 / 神戸市 新婚世帯家賃補助事業 / 神戸市 高齢者歯科健診助成事業 / 神戸市 奨学金制度 / 神戸市 中小企業新事業展開支援補助金 / 神戸市 介護用品支給事業 / 神戸市 高齢者自立支援配食サービス
未完了,兵庫県,西宮市,12,1,11,nishinomiya-elderly-medical nishinomiya-housing-eco nishinomiya-childcare-subsidy nishinomiya-birth-bonus nishinomiya-housing-purchase nishinomiya-infertility nishinomiya-scholarship nishinomiya-sme-support nishinomiya-nursing-equipment nishinomiya-elderly-support nishinomiya-seismic-diagnosis,西宮市 高齢期移行者医療費助成制度 / 西宮市 住宅用太陽光発電・蓄電池設置補助金 / 西宮市 保育料軽減補助金 / 西宮市 出産祝い金 / 西宮市 子育て世帯住宅取得補助金 / 西宮市 不妊治療費助成制度 / 西宮市 奨学金制度 / 西宮市 中小企業振興補助金 / 西宮市 介護用品給付事業 / 西宮市 高齢者生活支援事業 / 西宮市 住宅耐震診断補助制度
未完了,兵庫県,尼崎市,12,2,10,amagasaki-community-support amagasaki-childcare-subsidy amagasaki-birth-bonus amagasaki-newlywed-rent amagasaki-disability-medical amagasaki-school-lunch amagasaki-telework-bonus amagasaki-nursing-home-reform amagasaki-energy-support amagasaki-bousai-equipment,尼崎市 住民自治推進活動支援事業補助金 / 尼崎市 保育料軽減事業 / 尼崎市 出産祝い金給付事業 / 尼崎市 新婚世帯家賃補助金 / 尼崎市 重度障害者医療費助成制度 / 尼崎市 学校給食費無償化事業 / 尼崎市 テレワーク推進補助金 / 尼崎市 高齢者住宅改修支援事業 / 尼崎市 省エネ設備導入補助金 / 尼崎市 家庭用防災設備購入補助金
未完了,兵庫県,姫路市,12,1,11,himeji-scholarship himeji-housing-seismic himeji-childcare-subsidy himeji-birth-bonus himeji-newlywed-rent himeji-disability-medical himeji-school-lunch himeji-telework-bonus himeji-nursing-home-reform himeji-energy-support himeji-bousai-equipment,姫路市 奨学金制度 / 姫路市 住宅耐震化促進事業補助金 / 姫路市 保育料無償化拡充事業 / 姫路市 出産・子育て応援給付金 / 姫路市 新婚世帯家賃補助制度 / 姫路市 重度障害者医療費助成制度 / 姫路市 学校給食費補助事業 / 姫路市 テレワーク導入支援補助金 / 姫路市 介護住宅改修補助事業 / 姫路市 省エネ家電買替補助金 / 姫路市 家庭用防災用品購入補助金
未完了,兵庫県,兵庫県,3,2,1,hyogo-disaster-resilience,兵庫県住宅耐震化促進事業（ひょうご住まいの耐震化）
未完了,兵庫県,宝塚市,12,2,10,takarazuka-scholarship takarazuka-childcare-subsidy takarazuka-birth-bonus takarazuka-housing-purchase takarazuka-infertility takarazuka-scholarship-v2 takarazuka-sme-support takarazuka-nursing-equipment takarazuka-elderly-support takarazuka-seismic-diagnosis,宝塚市 奨学金制度 / 宝塚市 保育料軽減補助金 / 宝塚市 出産祝い金 / 宝塚市 住宅取得補助金 / 宝塚市 不妊治療費助成制度 / 宝塚市 奨学金制度 / 宝塚市 中小企業支援補助金 / 宝塚市 介護用品支給事業 / 宝塚市 高齢者生活支援事業 / 宝塚市 耐震診断費用補助制度
未完了,兵庫県,明石市,12,1,11,akashi-infertility-treatment akashi-scholarship akashi-childcare-subsidy akashi-birth-bonus akashi-housing-purchase akashi-infertility akashi-scholarship-v2 akashi-sme-support akashi-nursing-equipment akashi-elderly-support akashi-seismic-diagnosis,明石市 不妊治療費助成事業 / 明石市 奨学金制度 / 明石市 保育料完全無料化制度 / 明石市 出産祝い金 / 明石市 住宅取得補助金 / 明石市 不妊治療費助成制度 / 明石市 給付型奨学金制度 / 明石市 中小企業支援補助金 / 明石市 介護用品支給事業 / 明石市 高齢者見守り支援事業 / 明石市 耐震診断費用補助制度
完了,北海道,旭川市,21,21,0,,
完了,北海道,釧路市,21,21,0,,
完了,北海道,江別市,12,12,0,,
完了,北海道,札幌市,12,12,0,,
完了,北海道,小樽市,21,21,0,,
完了,北海道,千歳市,12,12,0,,
完了,北海道,帯広市,20,20,0,,
完了,北海道,苫小牧市,20,20,0,,
完了,北海道,函館市,20,20,0,,
完了,北海道,北海道,3,3,0,,
完了,北海道,北海道（各市町村）,1,1,0,,
完了,北海道,北見市,12,12,0,,
未完了,和歌山県,和歌山県,3,2,1,wakayama-ume-farming,和歌山県 梅産業新規就農支援事業
未完了,和歌山県,和歌山市,12,2,10,wakayama-city-childcare-subsidy wakayama-city-parenting-allowance wakayama-city-housing-purchase wakayama-city-afterschool wakayama-city-telework-bonus wakayama-city-nursing-home-reform wakayama-city-migration-bonus wakayama-city-bousai-equipment wakayama-city-vaccination wakayama-city-business-support,和歌山市 子ども医療費助成制度 / 和歌山市 子育て世帯応援給付金 / 和歌山市 住宅取得支援補助金 / 和歌山市 放課後子ども教室推進事業 / 和歌山市 ワーケーション・テレワーク推進補助金 / 和歌山市 介護リフォーム支援事業 / 和歌山市 移住支援金 / 和歌山市 防災資機材整備補助金 / 和歌山市 高齢者予防接種費用助成 / 和歌山市 中小企業設備投資促進補助金
