municipalityCode,municipalityName,score,priority,label,url,snippet
"21604","白川村","120","strong","岐阜県東京圏からの移住支援事業における白川村移住支援金","https://www.vill.shirakawa.lg.jp/1268.htm",""
"21604","白川村","120","strong","白川村民間賃貸住宅居住助成金","https://www.vill.shirakawa.lg.jp/1270.htm",""
"21604","白川村","100","strong","白川村定住対策親雪補助金","https://www.vill.shirakawa.lg.jp/2767.htm",""
"21604","白川村","100","strong","白川村空き家再生活用事業補助金","https://www.vill.shirakawa.lg.jp/1259.htm",""
"21604","白川村","100","strong","白川村老朽危険空家等除却支援事業補助金","https://www.vill.shirakawa.lg.jp/2799.htm",""
"21604","白川村","100","strong","白川村通勤就職者助成金","https://www.vill.shirakawa.lg.jp/1269.htm",""
"21604","白川村","100","strong","白川村定住対策親雪補助金","https://www.vill.shirakawa.lg.jp/2767.htm",""
"21604","白川村","100","strong","白川村起業者支援事業補助金","https://www.vill.shirakawa.lg.jp/2394.htm",""
"22101","静岡市","100","strong","街頭防犯カメラ設置事業補助金","https://www.city.shizuoka.lg.jp/s9623/s000015.html",""
"22101","静岡市","100","strong","感震ブレーカー設置補助金","https://www.city.shizuoka.lg.jp/s4268/s000385.html",""
"22102","浜松市","70","low","7月1日市制記念日 施設無料開放","https://www.city.hamamatsu.shizuoka.jp/kikaku/shisetsu_muryo.html",""
"22102","浜松市","70","low","11月3日 文化の日 施設無料開放","https://www.city.hamamatsu.shizuoka.jp/kikaku/bunkanohi_muryo.html",""
"22101","静岡市","60","low","「認定こども園等連絡袋」作成・贈与いただける事業者の募集","https://www.city.shizuoka.lg.jp/s5783/s004402.html",""
"22101","静岡市","60","low","令和8年度放課後児童クラブへの入会","https://www.city.shizuoka.lg.jp/s4395/s013060.html",""
"22101","静岡市","60","low","「静岡市犯罪等に強いまちづくり推進審議会」の市民委員募集","https://www.city.shizuoka.lg.jp/s9623/s000012.html",""
"22102","浜松市","60","low","令和8年度第34回浜松市民アカデミー受講生募集（全9回）","https://www.city.hamamatsu.shizuoka.jp/c-machi/r8/siminnakademi.html",""
"22203","沼津市","60","low","適格請求書発行事業者の登録について（インボイス制度）","https://www.city.numazu.shizuoka.jp/business/oyakudachi/invoice/",""
"21521","御嵩町","40","low","事業者TOP | 御嵩町","https://www.town.mitake.lg.jp/business/",""
"21521","御嵩町","40","low","障がい福祉","https://www.town.mitake.lg.jp/portal/health-welfare/disability-welfare/",""
"21521","御嵩町","40","low","広告募集","https://www.town.mitake.lg.jp/portal/town/advertisement-wanted/",""
"21521","御嵩町","40","low","御嵩町移住公式サイト～みたけで暮らしてみませんか～","https://www.town.mitake.lg.jp/living/%E5%BE%A1%E5%B5%A9%E7%94%BA%E7%A7%BB%E4%BD%8F%E5%85%AC%E5%BC%8F%E3%82%B5%E3%82%A4%E3%83%88%EF%BD%9E%E3%81%BF%E3%81%9F%E3%81%91%E3%81%A7%E6%9A%AE%E3%82%89%E3%81%97%E3%81%A6%E3%81%BF%E3%81%BE%E3%81%9B/",""
"21521","御嵩町","40","low","「令和８年度 みたけ未来トーク」を開催します！","https://www.town.mitake.lg.jp/portal/town/administration/post0102782/",""
"21521","御嵩町","40","low","第４４回 可児・御嵩 発明くふう展作品の募集について","https://www.town.mitake.lg.jp/event/calendar/news0105000/",""
"21521","御嵩町","40","low","病気・障がい","https://www.town.mitake.lg.jp/purpose_cat/illness_disability/",""
"21521","御嵩町","40","low","バナー広告の募集について","https://www.town.mitake.lg.jp/portal/town/advertisement-wanted/post0008104/",""
"21521","御嵩町","40","low","事業者TOP | 御嵩町","https://www.town.mitake.lg.jp/business/",""
"21521","御嵩町","40","low","事業者向け","https://www.town.mitake.lg.jp/news/?cat=businesses",""
"21521","御嵩町","40","low","募集","https://www.town.mitake.lg.jp/business/business/%e5%8b%9f%e9%9b%86/",""
"21521","御嵩町","40","low","【大阪】セミナー＆移住相談会「意外とええやん！岐阜」（御嵩町出展）※事前申し込み必須","https://www.town.mitake.lg.jp/event/calendar/news0098601/",""
"21521","御嵩町","40","low","【東京】ぎふ暮らし移住フェアを開催します。（御嵩町出展）","https://www.town.mitake.lg.jp/event/calendar/news0094877/",""
"21521","御嵩町","40","low","運転免許証自主返納者バス回数券交付について","https://www.town.mitake.lg.jp/portal/life-process/post0090035/",""
"21521","御嵩町","40","low","第４３回 可児・御嵩 発明くふう展作品の募集について","https://www.town.mitake.lg.jp/event/calendar/news0088967/",""
"21521","御嵩町","40","low","移住の方の体験談をご紹介②（Ｍ・Ｒさんご夫婦）","https://www.town.mitake.lg.jp/portal/life-process/post0077505/",""
"21521","御嵩町","40","low","【東京】ぎふ暮らし移住フェアを開催します。（御嵩町出展）","https://www.town.mitake.lg.jp/event/calendar/news0081587/",""
"21521","御嵩町","40","low","移住の方の体験談をご紹介①（Ｍ・Ｋさんファミリー）","https://www.town.mitake.lg.jp/portal/life-process/post0076631/",""
"21604","白川村","40","low","移住情報","https://www.vill.shirakawa.lg.jp/1001.htm",""
"21604","白川村","40","low","障がい者支援","https://www.vill.shirakawa.lg.jp/1056.htm",""
"21604","白川村","40","low","事業者の方へ","https://www.vill.shirakawa.lg.jp/1003.htm",""
"22101","静岡市","40","low","事業者の方へ","https://www.city.shizuoka.lg.jp/p000345.html",""
"22101","静岡市","40","low","井川地区移住者向け住宅の貸し出し","https://www.city.shizuoka.lg.jp/s7345/s013028.html",""
"22101","静岡市","40","low","静岡市ホームページバナー広告募集","https://www.city.shizuoka.lg.jp/s004405.html",""
"22101","静岡市","40","low","中小企業庁経営革新計画認証企業","https://www.fushimi-so.jp/?utm_source=web&utm_medium=shiyakusyo&utm_campaign=202604",""
"22101","静岡市","40","low","「しずおか防犯パトロール」の参加者募集","https://www.city.shizuoka.lg.jp/s9623/s000016.html",""
"22101","静岡市","40","low","静岡市市民による自転車の安全利用の確保に関する条例","https://www.city.shizuoka.lg.jp/s9623/s000025.html",""
"22101","静岡市","40","low","静岡市暴力・飲酒運転追放、犯罪等に強いまちづくり市民大会","https://www.city.shizuoka.lg.jp/s9623/s000045.html",""
"22101","静岡市","40","low","客引きをしない・させない・利用しない宣言店の募集","https://www.city.shizuoka.lg.jp/s9623/s000050.html",""
"22101","静岡市","40","low","土木分野における災害協定締結団体等の募集","https://www.city.shizuoka.lg.jp/s8769/s000366.html",""
"22102","浜松市","40","low","創業・産業・ビジネス","https://www.city.hamamatsu.shizuoka.jp/sangyo/index.html",""
"22102","浜松市","40","low","申請や手続きから探す","https://www.city.hamamatsu.shizuoka.jp/shinse/index.html",""
"22102","浜松市","40","low","事業者の方へ【浜松市の上下水道】","https://www.city.hamamatsu.shizuoka.jp/kurashi-tetsuzuki/suido/business.html",""
"22102","浜松市","40","low","事業者の方","https://www.city.hamamatsu.shizuoka.jp/jigyosha/index.html",""
"22102","浜松市","40","low","令和8年度実施浜松市立小・中学校教員採用選考試験2次試験受験者の皆さまへ","https://www.city.hamamatsu.shizuoka.jp/kyoshoku/saiyou/8jissi_shiken2jiannai.html",""
"22102","浜松市","40","low","令和8年度マイナンバーカード等専用プリンタ賃貸借（25台）","https://www.city.hamamatsu.shizuoka.jp/siminkj/bid/mynumber_printer8.html",""
"22102","浜松市","40","low","証明書コンビニ交付サービス（戸籍・住民票・印鑑・附票）","https://www.city.hamamatsu.shizuoka.jp/siminkj/shomei/conveni.html",""
"22102","浜松市","40","low","第1次試験（実技試験・個別面接）対象者［第2類行政職員（幼稚園教諭・保育士・保育教諭）］","https://www.city.hamamatsu.shizuoka.jp/jinji-iinkai/officer/r08/2ruiyouho-mentai.html",""
"22102","浜松市","40","low","第1次試験個別面接対象者［第1類行政職員（学芸員）］","https://www.city.hamamatsu.shizuoka.jp/jinji-iinkai/officer/r08/1ruigekugei-mentai.html",""
"22102","浜松市","40","low","第3類消防職員（高校・短大等）を募集します","https://www.city.hamamatsu.shizuoka.jp/jinji-iinkai/officer/r08/3ruisyoubo-bosyu.html",""
"22102","浜松市","40","low","第2類行政職員（短大・大学等）第3類行政職員（高校・短大等）を募集します","https://www.city.hamamatsu.shizuoka.jp/jinji-iinkai/officer/r08/2rui3rui-bosyuu.html",""
"22102","浜松市","40","low","中高生を対象とした軽音楽祭開催事業","https://www.city.hamamatsu.shizuoka.jp/bunka/intro/mc/keiongakusai.html",""
"22102","浜松市","40","low","緑化推進センターの指定管理者を募集します","https://www.city.hamamatsu.shizuoka.jp/ryokuka/shiteikanri/r8ryokukasuisinsenta.html",""
"22102","浜松市","40","low","第1次試験個別面接対象者［第1類行政職員（学芸員を除く事務・技術）］","https://www.city.hamamatsu.shizuoka.jp/jinji-iinkai/officer/r08/1rui-jimugijutu-mentai.html",""
"22102","浜松市","40","low","第1次試験個別面接対象者［第1類消防職員］","https://www.city.hamamatsu.shizuoka.jp/jinji-iinkai/officer/r08/1ruisyoubou-mentai.html",""
"22102","浜松市","40","low","第1次試験個別面接対象者［第1類行政職員（技術）］＜2026年10月1日採用＞","https://www.city.hamamatsu.shizuoka.jp/jinji-iinkai/officer/r08/1rui10gatu-kobetu.html",""
"22102","浜松市","40","low","浜松市会計年度任用職員（消防局）の募集","https://www.city.hamamatsu.shizuoka.jp/hfdsoum/31.html",""
"22102","浜松市","40","low","緑の募金交付金事業","https://www.city.hamamatsu.shizuoka.jp/ryokuka/ryokukasuisinhonbu/kouhukinjigyou/kouhukinjigyou.html",""
"22102","浜松市","40","low","最終試験合格者［第1類行政職員（技術）］＜令和8年度早期試験＞","https://www.city.hamamatsu.shizuoka.jp/jinji-iinkai/officer/r08/1ruisouki-saisyuu-gijutu.html",""
"22102","浜松市","40","low","最終試験合格者［第1類行政職員（事務）（テストセンター方式）］＜令和8年度早期試験＞","https://www.city.hamamatsu.shizuoka.jp/jinji-iinkai/officer/r08/1rui-jimuic-saisyuu.html",""
"22102","浜松市","40","low","浜松市災害支援ナース事前登録募集","https://www.city.hamamatsu.shizuoka.jp/iryou/bousai/bosyu.html",""
"22102","浜松市","40","low","可美市民サービスセンター仮事務所設置のお知らせ","https://www.city.hamamatsu.shizuoka.jp/s-kumin/kyukan.html",""
"22203","沼津市","40","low","市民のみなさんへ","https://www.city.numazu.shizuoka.jp/kurashi/index.htm",""
"22203","沼津市","40","low","事業者のみなさんへ","https://www.city.numazu.shizuoka.jp/business/index.htm",""
"22203","沼津市","40","low","「沼津あじフライたるたるサンド」を販売していただける店舗（認定店）を募集します","https://www.city.numazu.shizuoka.jp/business/topics/2025/ajitarusand/index.htm",""
"22203","沼津市","40","low","企業版ふるさと納税の募集について","https://www.city.numazu.shizuoka.jp/shisei/keikaku/machi/kifuboshu.htm",""
"22203","沼津市","40","low","現在受付中の義援金・救援金","https://www.city.numazu.shizuoka.jp/shisei/office/ichiran/shiminfuku/fukushikikaku/gienkin.htm",""
"22203","沼津市","40","low","公立保育所等の臨時保育士を募集しています","https://www.city.numazu.shizuoka.jp/kurashi/kyoiku/kosodate/tetsuzuki/rinjihoikushi.htm",""
"22203","沼津市","40","low","高齢者運転免許証自主返納支援事業","https://www.city.numazu.shizuoka.jp/kurashi/anshin/safety/sonota/jisyuhennou.htm",""
"22203","沼津市","40","low","事業者のみなさんへ","https://www.city.numazu.shizuoka.jp/business/",""
"22203","沼津市","40","low","令和8年度入札参加資格申請（追加受付）","https://www.city.numazu.shizuoka.jp/business/nyusatsu_keiyaku/nyusatsu/gyoshatoroku/",""
"22203","沼津市","40","low","入札参加資格審査申請書の変更届について","https://www.city.numazu.shizuoka.jp/business/nyusatsu_keiyaku/nyusatsu/gyoshatoroku/henkou.htm",""
"22203","沼津市","40","low","沼津市競争入札参加資格審査申請等提出書類 ダウンロード","https://www.city.numazu.shizuoka.jp/business/nyusatsu_keiyaku/nyusatsu/gyoshatoroku/toroku_buppin.htm",""
"22203","沼津市","40","low","建設工事業者の皆様へ（施工パッケージ型積算方式の導入について）","https://www.city.numazu.shizuoka.jp/business/nyusatsu_keiyaku/nyusatsu/topics/kensetsukouji.htm",""
"22203","沼津市","40","low","ポリ塩化ビフェニル（PCB）廃棄物の処理期限が迫っています","https://www.city.numazu.shizuoka.jp/business/oyakudachi/gomi/haikibutu/pcb.htm",""
"22203","沼津市","40","low","多量のごみを出す事業者の方へ","https://www.city.numazu.shizuoka.jp/business/oyakudachi/gomi/haikibutu/taryo.htm",""
"21521","御嵩町","20","low","https://www.town.mitake.lg.jp/","https://www.town.mitake.lg.jp/",""
"21521","御嵩町","20","low","くらし・町政TOP | 御嵩町","https://www.town.mitake.lg.jp/living/",""
"21521","御嵩町","20","low","くらし・手続き","https://www.town.mitake.lg.jp/portal/life-process/",""
"21521","御嵩町","20","low","届出・証明","https://www.town.mitake.lg.jp/portal/life-process/report/",""
"21521","御嵩町","20","low","税金・保険・年金","https://www.town.mitake.lg.jp/portal/life-process/tax-insurance-pension/",""
"21521","御嵩町","20","low","相談窓口","https://www.town.mitake.lg.jp/portal/life-process/consultation-desk/",""
"21521","御嵩町","20","low","住まい・上下水道","https://www.town.mitake.lg.jp/portal/life-process/residence-water/",""
"21521","御嵩町","20","low","ごみ・環境・衛生","https://www.town.mitake.lg.jp/portal/life-process/trash-environment-hygiene/",""
"21521","御嵩町","20","low","男女共同参画","https://www.town.mitake.lg.jp/portal/life-process/gender-equality/",""
"21521","御嵩町","20","low","自治会","https://www.town.mitake.lg.jp/portal/life-process/residents-association/",""
"21521","御嵩町","20","low","防災","https://www.town.mitake.lg.jp/portal/life-process/disaster-prevention/",""
"21521","御嵩町","20","low","土地・公園・道路・交通","https://www.town.mitake.lg.jp/portal/life-process/land-park-road-traffic/",""
"21521","御嵩町","20","low","地域振興・まちづくり","https://www.town.mitake.lg.jp/portal/life-process/town-planning/",""
"21521","御嵩町","20","low","みたけカレンダー","https://www.town.mitake.lg.jp/portal/life-process/mitake-calendar/",""
"21521","御嵩町","20","low","健康・福祉","https://www.town.mitake.lg.jp/portal/health-welfare/",""
"21521","御嵩町","20","low","健康・医療","https://www.town.mitake.lg.jp/portal/health-welfare/health-medical/",""
"21521","御嵩町","20","low","高齢福祉","https://www.town.mitake.lg.jp/portal/health-welfare/elderly-welfare/",""
"21521","御嵩町","20","low","地域福祉","https://www.town.mitake.lg.jp/portal/health-welfare/community-welfare/",""
"21521","御嵩町","20","low","福祉保健施設","https://www.town.mitake.lg.jp/portal/health-welfare/health-welfare-facilities/",""
"21521","御嵩町","20","low","子育て・教育","https://www.town.mitake.lg.jp/portal/child-education/",""
"21521","御嵩町","20","low","B&amp;G海洋センター","https://www.town.mitake.lg.jp/portal/child-education/bandg_center/",""
"21521","御嵩町","20","low","子育て","https://www.town.mitake.lg.jp/portal/child-education/parenting/",""
"21521","御嵩町","20","low","妊娠・出産","https://www.town.mitake.lg.jp/portal/child-education/pregnancy-birth/",""
"21521","御嵩町","20","low","子どもの健康","https://www.town.mitake.lg.jp/portal/child-education/child-health/",""
"21521","御嵩町","20","low","相談・助成","https://www.town.mitake.lg.jp/portal/child-education/consultation-subsidy/",""
"21521","御嵩町","20","low","教育委員会","https://www.town.mitake.lg.jp/portal/child-education/educational-committee/",""
"21521","御嵩町","20","low","学校・教育","https://www.town.mitake.lg.jp/portal/child-education/school-education/",""
"21521","御嵩町","20","low","公民館","https://www.town.mitake.lg.jp/portal/child-education/public-hall/",""
"21521","御嵩町","20","low","中山道みたけ館（図書館）","https://www.town.mitake.lg.jp/portal/child-education/mitakekan-library/",""
"21521","御嵩町","20","low","御嵩町教育センター","https://www.town.mitake.lg.jp/portal/child-education/educational-center/",""
"21521","御嵩町","20","low","みたけ町子どもセンター","https://www.town.mitake.lg.jp/portal/child-education/child-center/",""
"21521","御嵩町","20","low","オアシス教室","https://www.town.mitake.lg.jp/portal/child-education/oasis-classroom/",""
"21521","御嵩町","20","low","町政情報","https://www.town.mitake.lg.jp/portal/town/",""
"21521","御嵩町","20","low","町長の部屋","https://www.town.mitake.lg.jp/portal/town/mayor-room/",""
"21521","御嵩町","20","low","議会","https://www.town.mitake.lg.jp/portal/town/parliament/",""
"21521","御嵩町","20","low","行政","https://www.town.mitake.lg.jp/portal/town/administration/",""
"21521","御嵩町","20","low","財政","https://www.town.mitake.lg.jp/portal/town/finance/",""
"21521","御嵩町","20","low","施策","https://www.town.mitake.lg.jp/portal/town/measure/",""
"21521","御嵩町","20","low","環境情報","https://www.town.mitake.lg.jp/portal/town/environmental-information/",""
"21521","御嵩町","20","low","御嵩町の紹介","https://www.town.mitake.lg.jp/portal/mitake-introduction/",""
"21521","御嵩町","20","low","庁舎のご案内","https://www.town.mitake.lg.jp/government-building/",""
"21521","御嵩町","20","low","ふるさとみたけ応援寄附金","https://www.town.mitake.lg.jp/portal/life-process/tax-insurance-pension/furusato-mitake-support-donation/",""
"21521","御嵩町","20","low","御嵩町制７０周年記念サイト","https://www.town.mitake.lg.jp/event/%E5%BE%A1%E5%B5%A9%E7%94%BA%E7%94%BA%E5%88%B6%EF%BC%97%EF%BC%90%E5%91%A8%E5%B9%B4%E8%A8%98%E5%BF%B5%E3%82%B5%E3%82%A4%E3%83%88/",""
"21521","御嵩町","20","low","御嵩町からのお知らせ","https://www.town.mitake.lg.jp/news/",""
"21521","御嵩町","20","low","御嵩町からのお知らせ","https://www.town.mitake.lg.jp/news/2026/",""
"21521","御嵩町","20","low","御嵩町からのお知らせ","https://www.town.mitake.lg.jp/news/2025/",""
"21521","御嵩町","20","low","御嵩町からのお知らせ","https://www.town.mitake.lg.jp/news/2024/",""
"21521","御嵩町","20","low","御嵩町からのお知らせ","https://www.town.mitake.lg.jp/news/2023/",""
"21521","御嵩町","20","low","御嵩町からのお知らせ","https://www.town.mitake.lg.jp/news/2022/",""
"21521","御嵩町","20","low","御嵩町からのお知らせ","https://www.town.mitake.lg.jp/news/2021/",""
"21521","御嵩町","20","low","御嵩町からのお知らせ","https://www.town.mitake.lg.jp/news/2020/",""
"21521","御嵩町","20","low","くらし・町政TOP | 御嵩町","https://www.town.mitake.lg.jp/living/",""
"21521","御嵩町","20","low","【休日・夜間の急病】小児救急電話相談窓口","https://www.town.mitake.lg.jp/portal/health-welfare/health-medical/holiday-night-treatment/post0008203/",""
"21521","御嵩町","20","low","【休日・夜間の急病】休日歯科診療当番表","https://www.town.mitake.lg.jp/portal/health-welfare/health-medical/holiday-night-treatment/post0008291/",""
"21521","御嵩町","20","low","防災・防犯・消防（火災）情報のメール配信","https://www.town.mitake.lg.jp/portal/life-process/disaster-prevention/disaster-prevention-guide/post0004959/",""
"21521","御嵩町","20","low","御嵩町からのお知らせ","https://www.town.mitake.lg.jp/news/news0101395/",""
"21521","御嵩町","20","low","公共交通リスタートプロジェクトミーティング","https://www.town.mitake.lg.jp/portal/life-process/land-park-road-traffic/traffic/post0106673/",""
"21521","御嵩町","20","low","御嵩町からのお知らせ","https://www.town.mitake.lg.jp/news/news0103161/",""
"21521","御嵩町","20","low","特定技能所属機関による協力確認書の提出について","https://www.town.mitake.lg.jp/business/business/post0087377/",""
"21521","御嵩町","20","low","御嵩町からのお知らせ","https://www.town.mitake.lg.jp/news/news0084641/",""
"21521","御嵩町","20","low","妊娠・出産・子育て","https://www.town.mitake.lg.jp/purpose_cat/pregnancy_childbirth/",""
"21521","御嵩町","20","low","入園・入学","https://www.town.mitake.lg.jp/purpose_cat/admission/",""
"21521","御嵩町","20","low","就職・退職","https://www.town.mitake.lg.jp/purpose_cat/employment_retirement/",""
"21521","御嵩町","20","low","結婚・離婚","https://www.town.mitake.lg.jp/purpose_cat/marriage_divorce/",""
"21521","御嵩町","20","low","住まい・引越し","https://www.town.mitake.lg.jp/purpose_cat/housing_moving/",""
"21521","御嵩町","20","low","高齢・介護","https://www.town.mitake.lg.jp/purpose_cat/elderly_nursing/",""
"21521","御嵩町","20","low","死亡・相続","https://www.town.mitake.lg.jp/purpose_cat/mortality_inheritance/",""
"21521","御嵩町","20","low","健康・保健","https://www.town.mitake.lg.jp/purpose_cat/%e5%81%a5%e5%ba%b7%e3%83%bb%e4%bf%9d%e5%81%a5/",""
"21521","御嵩町","20","low","入札情報","https://www.town.mitake.lg.jp/business/business/bid_information/",""
"21521","御嵩町","20","low","御嵩町長あいさつ","https://www.town.mitake.lg.jp/portal/town/mayor-room/post0063191/",""
"21521","御嵩町","20","low","御嵩町議会定例会あいさつ施政方針","https://www.town.mitake.lg.jp/portal/town/mayor-room/post0003203/",""
"21521","御嵩町","20","low","町長交際費執行状況","https://www.town.mitake.lg.jp/portal/town/mayor-room/post0003277/",""
"21521","御嵩町","20","low","御嵩町長スケジュール","https://www.town.mitake.lg.jp/portal/town/mayor-room/post0027112/",""
"21521","御嵩町","20","low","議会のたより","https://www.town.mitake.lg.jp/portal/town/parliament/post0003649/",""
"21521","御嵩町","20","low","御嵩町の位置と面積","https://www.town.mitake.lg.jp/portal/mitake-introduction/position-mitake-introduction/post0008334/",""
"21521","御嵩町","20","low","御嵩町へのアクセス","https://www.town.mitake.lg.jp/portal/mitake-introduction/access-mitake-introduction/post0006739/",""
"21521","御嵩町","20","low","御嵩町統計書","https://www.town.mitake.lg.jp/portal/mitake-introduction/statistics-mitake-introduction/post0018365/",""
"21521","御嵩町","20","low","町勢要覧を作成しました","https://www.town.mitake.lg.jp/portal/mitake-introduction/publications-mitake-introduction/post0004694/",""
"21521","御嵩町","20","low","ふれあいバス・ふれあい予約バスについて","https://www.town.mitake.lg.jp/portal/life-process/land-park-road-traffic/traffic/post0009749/",""
"21521","御嵩町","20","low","名鉄広見線（新可児駅~御嵩駅）活性化協議会","https://www.town.mitake.lg.jp/portal/life-process/land-park-road-traffic/traffic/post0014046/",""
"21521","御嵩町","20","low","みたけのええもん","https://www.town.mitake.lg.jp/portal/life-process/town-planning/post0043956/",""
"21521","御嵩町","20","low","中山道御嶽宿 商家竹屋","https://www.town.mitake.lg.jp/event/syoka-takeya/",""
"21521","御嵩町","20","low","新型コロナ感染症関連支援制度","https://www.town.mitake.lg.jp/business/business/%e6%96%b0%e5%9e%8b%e3%82%b3%e3%83%ad%e3%83%8a%e6%84%9f%e6%9f%93%e7%97%87%e9%96%a2%e9%80%a3%e6%94%af%e6%8f%b4%e5%88%b6%e5%ba%a6/",""
"21521","御嵩町","20","low","周知","https://www.town.mitake.lg.jp/business/business/%e5%91%a8%e7%9f%a5/",""
"21521","御嵩町","20","low","仕事","https://www.town.mitake.lg.jp/business/business/job/",""
"21521","御嵩町","20","low","農業","https://www.town.mitake.lg.jp/business/business/agriculture/",""
"21521","御嵩町","20","low","企業誘致","https://www.town.mitake.lg.jp/business/business/invite_companies/",""
"21521","御嵩町","20","low","工業団地情報","https://www.town.mitake.lg.jp/business/business/industrial_park/",""
"21521","御嵩町","20","low","御嵩町からのお知らせ","https://www.town.mitake.lg.jp/news/news0101669/",""
"21521","御嵩町","20","low","御嵩町からのお知らせ","https://www.town.mitake.lg.jp/news/news0086270/",""
"21521","御嵩町","20","low","御嵩町からのお知らせ","https://www.town.mitake.lg.jp/news/news0095534/",""
"21521","御嵩町","20","low","御嵩町からのお知らせ","https://www.town.mitake.lg.jp/news/news0094420/",""
"21521","御嵩町","20","low","御嵩町からのお知らせ","https://www.town.mitake.lg.jp/news/news0093811/",""
"21521","御嵩町","20","low","御嵩町からのお知らせ","https://www.town.mitake.lg.jp/news/news0093164/",""
"21521","御嵩町","20","low","御嵩町からのお知らせ","https://www.town.mitake.lg.jp/news/news0092837/",""
"21521","御嵩町","20","low","御嵩町からのお知らせ","https://www.town.mitake.lg.jp/news/news0092127/",""
"21521","御嵩町","20","low","御嵩町からのお知らせ","https://www.town.mitake.lg.jp/news/news0091341/",""
"21521","御嵩町","20","low","御嵩町からのお知らせ","https://www.town.mitake.lg.jp/news/news0054921/",""
"21521","御嵩町","20","low","御嵩町からのお知らせ","https://www.town.mitake.lg.jp/news/news0082457/",""
"21521","御嵩町","20","low","御嵩町からのお知らせ","https://www.town.mitake.lg.jp/news/news0076366/",""
"21521","御嵩町","20","low","御嵩町からのお知らせ","https://www.town.mitake.lg.jp/news/news0080780/",""
"21521","御嵩町","20","low","御嵩町からのお知らせ","https://www.town.mitake.lg.jp/news/news0079167/",""
"21604","白川村","20","low","ご指定のページは見つかりませんでした","https://www.vill.shirakawa.lg.jp/robots.txt",""
"21604","白川村","20","low","6月1日開始！白川郷バス駐車場予約サイト, Shirakawa-go Bus Parking Res","https://www.vill.shirakawa.lg.jp/2906.htm",""
"21604","白川村","20","low","ご指定のページは見つかりませんでした","https://www.vill.shirakawa.lg.jp/2322.htm",""
"21604","白川村","20","low","くらしの情報","https://www.vill.shirakawa.lg.jp/1000.htm",""
"21604","白川村","20","low","子育て","https://www.vill.shirakawa.lg.jp/1007.htm",""
"21604","白川村","20","low","学校教育","https://www.vill.shirakawa.lg.jp/1008.htm",""
"21604","白川村","20","low","国民健康保険","https://www.vill.shirakawa.lg.jp/1046.htm",""
"21604","白川村","20","low","福祉","https://www.vill.shirakawa.lg.jp/1055.htm",""
"21604","白川村","20","low","健康・医療","https://www.vill.shirakawa.lg.jp/1058.htm",""
"21604","白川村","20","low","世界遺産エリア","https://www.vill.shirakawa.lg.jp/1960.htm",""
"21604","白川村","20","low","平瀬温泉エリア","https://www.vill.shirakawa.lg.jp/1959.htm",""
"21604","白川村","20","low","見る","https://www.vill.shirakawa.lg.jp/2165.htm",""
"21604","白川村","20","low","住まいを探す","https://www.vill.shirakawa.lg.jp/1943.htm",""
"21604","白川村","20","low","仕事を探す","https://www.vill.shirakawa.lg.jp/1944.htm",""
"21604","白川村","20","low","農業","https://www.vill.shirakawa.lg.jp/2255.htm",""
"21604","白川村","20","low","林業","https://www.vill.shirakawa.lg.jp/2373.htm",""
"21604","白川村","20","low","白川村ふるさと納税","https://www.vill.shirakawa.lg.jp/1253.htm",""
"21604","白川村","20","low","ご指定のページは見つかりませんでした","https://www.vill.shirakawa.lg.jp/1365.htm",""
"21604","白川村","20","low","白川村について","https://www.vill.shirakawa.lg.jp/1004.htm",""
"21604","白川村","20","low","ご指定のページは見つかりませんでした","https://www.vill.shirakawa.lg.jp/1037.htm",""
"21604","白川村","20","low","サイトの使い方","https://www.vill.shirakawa.lg.jp/1038.htm",""
"21604","白川村","20","low","暮らしを知る","https://www.vill.shirakawa.lg.jp/2387.htm",""
"21604","白川村","20","low","戸籍届","https://www.vill.shirakawa.lg.jp/1136.htm",""
"21604","白川村","20","low","白川村議会","https://www.vill.shirakawa.lg.jp/1098.htm",""
"21604","白川村","20","low","https://www.vill.shirakawa.lg.jp/hidanichi/","https://www.vill.shirakawa.lg.jp/hidanichi/",""
"21604","白川村","20","low","白川村シェアハウスやまごや以上ほしぞら未満","https://www.vill.shirakawa.lg.jp/1274.htm",""
"21604","白川村","20","low","空き家バンク","https://www.vill.shirakawa.lg.jp/1402.htm",""
"21604","白川村","20","low","［No.001］3LDKの平屋","https://www.vill.shirakawa.lg.jp/1403.htm",""
"21604","白川村","20","low","［No.004］7LDKの2階建て","https://www.vill.shirakawa.lg.jp/1405.htm",""
"21604","白川村","20","low","［No.007］2LDK＋車庫の2階建","https://www.vill.shirakawa.lg.jp/2385.htm",""
"21604","白川村","20","low","白川村シェアハウスやまごや以上ほしぞら未満","https://www.vill.shirakawa.lg.jp/1274.htm",""
"21604","白川村","20","low","サイトの使い方","https://www.vill.shirakawa.lg.jp/item/1044.htm",""
"22101","静岡市","20","low","静岡市","https://www.city.shizuoka.lg.jp/",""
"22101","静岡市","20","low","ページが見つかりません","https://www.city.shizuoka.lg.jp/robots.txt",""
"22101","静岡市","20","low","静岡市","https://www.city.shizuoka.lg.jp/index.html",""
"22101","静岡市","20","low","清水区 静岡市","https://www.city.shizuoka.lg.jp/p018641.html",""
"22101","静岡市","20","low","共通要素管理","https://www.city.shizuoka.lg.jp/kanri/index.html",""
"22101","静岡市","20","low","寄せられた市政へのご意見・ご提案","https://www.city.shizuoka.lg.jp/faq/p009731.html",""
"22101","静岡市","20","low","防災・安全","https://www.city.shizuoka.lg.jp/p000113.html",""
"22101","静岡市","20","low","くらし・手続き","https://www.city.shizuoka.lg.jp/p000002.html",""
"22101","静岡市","20","low","子育て・教育","https://www.city.shizuoka.lg.jp/p009268.html",""
"22101","静岡市","20","low","健康・医療・福祉","https://www.city.shizuoka.lg.jp/p009290.html",""
"22101","静岡市","20","low","しごと・産業","https://www.city.shizuoka.lg.jp/p009299.html",""
"22101","静岡市","20","low","観光・文化・スポーツ","https://www.city.shizuoka.lg.jp/p009300.html",""
"22101","静岡市","20","low","市政情報","https://www.city.shizuoka.lg.jp/p000214.html",""
"22101","静岡市","20","low","ページが見つかりません","https://www.city.shizuoka.lg.jp/s4268/s009071.html",""
"22101","静岡市","20","low","学習スペースとして利用可能な公共施設","https://www.city.shizuoka.lg.jp/s2934/s013128.html",""
"22101","静岡市","20","low","愛知全域対応不用品回収粗大ゴミ処分ならクオーレ名古屋！","https://www.huyouhinkaisyuu-nagoya.com/",""
"22101","静岡市","20","low","ドリームビレッジホールディングス","https://www.dream-village.net/",""
"22101","静岡市","20","low","--> 静岡県浜松市の不妊治療専門施設 「アクトタワークリニック」では、 女性不妊・男性不妊・人工授精・体外受精等 を専門に行っております。","https://www.acttower.com/",""
"22101","静岡市","20","low","市役所組織","https://www.city.shizuoka.lg.jp/p009305.html",""
"22101","静岡市","20","low","ページが見つかりません","https://www.city.shizuoka.lg.jp/s4268/s000001.html",""
"22101","静岡市","20","low","ページが見つかりません","https://www.city.shizuoka.lg.jp/s7836/s000002.html",""
"22101","静岡市","20","low","ページが見つかりません","https://www.city.shizuoka.lg.jp/s7836/s000003.html",""
"22101","静岡市","20","low","119番通報のしかた","https://www.city.shizuoka.lg.jp/s7836/s000004.html",""
"22101","静岡市","20","low","ページが見つかりません","https://www.city.shizuoka.lg.jp/s7836/s000005.html",""
"22101","静岡市","20","low","ページが見つかりません","https://www.city.shizuoka.lg.jp/s7836/s000007.html",""
"22101","静岡市","20","low","みんなでつくる安全・安心なまち","https://www.city.shizuoka.lg.jp/s9623/s000010.html",""
"22101","静岡市","20","low","ページが見つかりません","https://www.city.shizuoka.lg.jp/s9623/s000011.html",""
"22101","静岡市","20","low","静岡市犯罪等に強いまちづくり基本計画","https://www.city.shizuoka.lg.jp/s9623/s000013.html",""
"22101","静岡市","20","low","静岡市街頭防犯カメラの設置及び運用に関するガイドライン","https://www.city.shizuoka.lg.jp/s9623/s000014.html",""
"22101","静岡市","20","low","ページが見つかりません","https://www.city.shizuoka.lg.jp/s9623/s000017.html",""
"22101","静岡市","20","low","静岡市内の犯罪状況","https://www.city.shizuoka.lg.jp/s9623/s000018.html",""
"22101","静岡市","20","low","犯罪被害者等支援に関する啓発活動","https://www.city.shizuoka.lg.jp/s9623/s000021.html",""
"22101","静岡市","20","low","ページが見つかりません","https://www.city.shizuoka.lg.jp/s9623/s000022.html",""
"22101","静岡市","20","low","犯罪被害者等支援総合案内窓口","https://www.city.shizuoka.lg.jp/s9623/s000023.html",""
"22101","静岡市","20","low","ページが見つかりません","https://www.city.shizuoka.lg.jp/s9623/s000024.html",""
"22101","静岡市","20","low","ページが見つかりません","https://www.city.shizuoka.lg.jp/s9623/s000027.html",""
"22101","静岡市","20","low","ページが見つかりません","https://www.city.shizuoka.lg.jp/s9623/s000029.html",""
"22101","静岡市","20","low","ページが見つかりません","https://www.city.shizuoka.lg.jp/s9623/s000033.html",""
"22101","静岡市","20","low","ページが見つかりません","https://www.city.shizuoka.lg.jp/s9623/s000036.html",""
"22101","静岡市","20","low","静岡市暴力追放推進協議会","https://www.city.shizuoka.lg.jp/s9623/s000038.html",""
"22101","静岡市","20","low","地域での暴力排除活動の支援","https://www.city.shizuoka.lg.jp/s9623/s000039.html",""
"22101","静岡市","20","low","静岡市路上喫煙による被害等の防止に関する条例","https://www.city.shizuoka.lg.jp/s9623/s000040.html",""
"22101","静岡市","20","low","子どもを狙った犯罪にご注意ください！","https://www.city.shizuoka.lg.jp/s9623/s000046.html",""
"22101","静岡市","20","low","ページが見つかりません","https://www.city.shizuoka.lg.jp/s9623/s000047.html",""
"22101","静岡市","20","low","静岡市客引き行為等の禁止に関する条例","https://www.city.shizuoka.lg.jp/s9623/s000048.html",""
"22101","静岡市","20","low","ページが見つかりません","https://www.city.shizuoka.lg.jp/s9623/s000049.html",""
"22101","静岡市","20","low","区役所職員を騙る「還付金詐欺」にご注意ください！","https://www.city.shizuoka.lg.jp/s2978/s000051.html",""
"22101","静岡市","20","low","清水区の救急医療体制","https://www.city.shizuoka.lg.jp/s9352/s000052.html",""
"22101","静岡市","20","low","葵区・駿河区の救急医療体制","https://www.city.shizuoka.lg.jp/s9352/s000053.html",""
"22101","静岡市","20","low","静岡市の救急医療","https://www.city.shizuoka.lg.jp/s9352/s000054.html",""
"22101","静岡市","20","low","救急歯科センター","https://www.city.shizuoka.lg.jp/s9352/s000055.html",""
"22101","静岡市","20","low","本日の救急当番医","https://www.city.shizuoka.lg.jp/s9352/s000056.html",""
"22101","静岡市","20","low","市所管公共施設へのAED設置","https://www.city.shizuoka.lg.jp/s9352/s000057.html",""
"22101","静岡市","20","low","ページが見つかりません","https://www.city.shizuoka.lg.jp/s9352/s000058.html",""
"22101","静岡市","20","low","今日（きょう）の救急（きゅうきゅう）当番医（とうばんい）について（やさしい日本語版）","https://www.city.shizuoka.lg.jp/s9352/s000060.html",""
"22101","静岡市","20","low","災害時医療救護","https://www.city.shizuoka.lg.jp/s9352/s000065.html",""
"22101","静岡市","20","low","災害時の医療機関等開設情報","https://www.city.shizuoka.lg.jp/s9352/s000066.html",""
"22101","静岡市","20","low","風水害緊急避難場所","https://www.city.shizuoka.lg.jp/s4268/s000067.html",""
"22101","静岡市","20","low","葵区：風水害緊急避難場所","https://www.city.shizuoka.lg.jp/s4268/s000068.html",""
"22101","静岡市","20","low","駿河区：風水害緊急避難場所","https://www.city.shizuoka.lg.jp/s4268/s000069.html",""
"22101","静岡市","20","low","清水区：風水害緊急避難場所","https://www.city.shizuoka.lg.jp/s4268/s000070.html",""
"22101","静岡市","20","low","災害時協力協定・相互応援協定","https://www.city.shizuoka.lg.jp/s4268/s000280.html",""
"22101","静岡市","20","low","ページが見つかりません","https://www.city.shizuoka.lg.jp/s4268/s000282.html",""
"22101","静岡市","20","low","ページが見つかりません","https://www.city.shizuoka.lg.jp/s4268/s000284.html",""
"22101","静岡市","20","low","ページが見つかりません","https://www.city.shizuoka.lg.jp/s4268/s000285.html",""
"22101","静岡市","20","low","災害時の情報収集への備え","https://www.city.shizuoka.lg.jp/s4268/s000286.html",""
"22101","静岡市","20","low","ページが見つかりません","https://www.city.shizuoka.lg.jp/s4268/s000289.html",""
"22101","静岡市","20","low","津波災害警戒区域の指定","https://www.city.shizuoka.lg.jp/s4268/s000290.html",""
"22101","静岡市","20","low","ページが見つかりません","https://www.city.shizuoka.lg.jp/s4268/s000291.html",""
"22101","静岡市","20","low","ページが見つかりません","https://www.city.shizuoka.lg.jp/s4268/s000293.html",""
"22101","静岡市","20","low","ページが見つかりません","https://www.city.shizuoka.lg.jp/s4268/s000294.html",""
"22101","静岡市","20","low","ページが見つかりません","https://www.city.shizuoka.lg.jp/s8769/s000295.html",""
"22101","静岡市","20","low","ページが見つかりません","https://www.city.shizuoka.lg.jp/s8769/s000296.html",""
"22101","静岡市","20","low","ページが見つかりません","https://www.city.shizuoka.lg.jp/s4268/s000302.html",""
"22101","静岡市","20","low","ページが見つかりません","https://www.city.shizuoka.lg.jp/s8769/s000304.html",""
"22101","静岡市","20","low","ページが見つかりません","https://www.city.shizuoka.lg.jp/s8769/s000305.html",""
"22101","静岡市","20","low","ページが見つかりません","https://www.city.shizuoka.lg.jp/s4268/s000307.html",""
"22101","静岡市","20","low","津波ハザードマップ","https://www.city.shizuoka.lg.jp/s4268/s000308.html",""
"22101","静岡市","20","low","令和4年台風15号に関する浸水実績図（参考）","https://www.city.shizuoka.lg.jp/s9568/s000312.html",""
"22101","静岡市","20","low","ページが見つかりません","https://www.city.shizuoka.lg.jp/s4268/s000314.html",""
"22101","静岡市","20","low","わたしの避難計画","https://www.city.shizuoka.lg.jp/s4268/s000316.html",""
"22101","静岡市","20","low","ため池マップ・ため池ハザードマップ","https://www.city.shizuoka.lg.jp/s5283/s000317.html",""
"22101","静岡市","20","low","自主防災組織・自主防災組織の育成に関するご案内","https://www.city.shizuoka.lg.jp/s4268/s000318.html",""
"22101","静岡市","20","low","ページが見つかりません","https://www.city.shizuoka.lg.jp/s4268/s000319.html",""
"22101","静岡市","20","low","ページが見つかりません","https://www.city.shizuoka.lg.jp/s4268/s000321.html",""
"22101","静岡市","20","low","ページが見つかりません","https://www.city.shizuoka.lg.jp/s4268/s000327.html",""
"22101","静岡市","20","low","ページが見つかりません","https://www.city.shizuoka.lg.jp/s4268/s000328.html",""
"22101","静岡市","20","low","ページが見つかりません","https://www.city.shizuoka.lg.jp/s4268/s000329.html",""
"22101","静岡市","20","low","ページが見つかりません","https://www.city.shizuoka.lg.jp/s4268/s000330.html",""
"22101","静岡市","20","low","ページが見つかりません","https://www.city.shizuoka.lg.jp/s4268/s000331.html",""
"22101","静岡市","20","low","ページが見つかりません","https://www.city.shizuoka.lg.jp/s4268/s000332.html",""
"22101","静岡市","20","low","ページが見つかりません","https://www.city.shizuoka.lg.jp/s4268/s000333.html",""
"22101","静岡市","20","low","ページが見つかりません","https://www.city.shizuoka.lg.jp/s4268/s000334.html",""
"22101","静岡市","20","low","ページが見つかりません","https://www.city.shizuoka.lg.jp/s4268/s000335.html",""
"22101","静岡市","20","low","ページが見つかりません","https://www.city.shizuoka.lg.jp/s4268/s000336.html",""
"22101","静岡市","20","low","ページが見つかりません","https://www.city.shizuoka.lg.jp/s4268/s000338.html",""
"22101","静岡市","20","low","ページが見つかりません","https://www.city.shizuoka.lg.jp/s4268/s000339.html",""
"22101","静岡市","20","low","ページが見つかりません","https://www.city.shizuoka.lg.jp/s4268/s000340.html",""
"22101","静岡市","20","low","ページが見つかりません","https://www.city.shizuoka.lg.jp/s4268/s000341.html",""
"22101","静岡市","20","low","ページが見つかりません","https://www.city.shizuoka.lg.jp/s4268/s000342.html",""
"22101","静岡市","20","low","ページが見つかりません","https://www.city.shizuoka.lg.jp/s4268/s000343.html",""
"22101","静岡市","20","low","ページが見つかりません","https://www.city.shizuoka.lg.jp/s4268/s000344.html",""
"22101","静岡市","20","low","ページが見つかりません","https://www.city.shizuoka.lg.jp/s4268/s000349.html",""
"22101","静岡市","20","low","ページが見つかりません","https://www.city.shizuoka.lg.jp/s5732/s000350.html",""
"22101","静岡市","20","low","要配慮者利用施設における避難確保計画作成等","https://www.city.shizuoka.lg.jp/s4268/s000352.html",""
"22101","静岡市","20","low","ページが見つかりません","https://www.city.shizuoka.lg.jp/s4268/s000354.html",""
"22101","静岡市","20","low","ページが見つかりません","https://www.city.shizuoka.lg.jp/s4268/s000355.html",""
"22101","静岡市","20","low","ページが見つかりません","https://www.city.shizuoka.lg.jp/s4268/s000356.html",""
"22101","静岡市","20","low","ページが見つかりません","https://www.city.shizuoka.lg.jp/s4268/s000357.html",""
"22101","静岡市","20","low","ページが見つかりません","https://www.city.shizuoka.lg.jp/s4268/s000359.html",""
"22101","静岡市","20","low","ページが見つかりません","https://www.city.shizuoka.lg.jp/s4268/s000360.html",""
"22101","静岡市","20","low","南海トラフ地震臨時情報発表時における静岡市の対応","https://www.city.shizuoka.lg.jp/s4268/s000361.html",""
"22101","静岡市","20","low","津波避難ビル整備事業に対する補助","https://www.city.shizuoka.lg.jp/s4268/s000363.html",""
"22101","静岡市","20","low","ページが見つかりません","https://www.city.shizuoka.lg.jp/s4268/s000364.html",""
"22101","静岡市","20","low","ページが見つかりません","https://www.city.shizuoka.lg.jp/s4268/s000365.html",""
"22101","静岡市","20","low","災害時の情報収集への備え","https://www.city.shizuoka.lg.jp/s4268/s000286.html",""
"22101","静岡市","20","low","ページが見つかりません","https://www.city.shizuoka.lg.jp/s4268/s000369.html",""
"22101","静岡市","20","low","ページが見つかりません","https://www.city.shizuoka.lg.jp/s4268/s000375.html",""
"22101","静岡市","20","low","ページが見つかりません","https://www.city.shizuoka.lg.jp/s4268/s000376.html",""
"22101","静岡市","20","low","ページが見つかりません","https://www.city.shizuoka.lg.jp/s4268/s000377.html",""
"22101","静岡市","20","low","ページが見つかりません","https://www.city.shizuoka.lg.jp/s4268/s000378.html",""
"22101","静岡市","20","low","主要な防災関連行事","https://www.city.shizuoka.lg.jp/s4268/s000379.html",""
"22101","静岡市","20","low","全国瞬時警報システム（Jアラート）全国一斉情報伝達試験の実施","https://www.city.shizuoka.lg.jp/s4268/s000380.html",""
"22101","静岡市","20","low","ページが見つかりません","https://www.city.shizuoka.lg.jp/s4268/s000381.html",""
"22101","静岡市","20","low","ページが見つかりません","https://www.city.shizuoka.lg.jp/s4268/s000382.html",""
"22101","静岡市","20","low","静岡県弁護士会ニュース（被災者支援情報）","https://www.city.shizuoka.lg.jp/s4268/s000383.html",""
"22101","静岡市","20","low","静岡市災害時協力井戸","https://www.city.shizuoka.lg.jp/s4268/s000384.html",""
"22101","静岡市","20","low","ページが見つかりません","https://www.city.shizuoka.lg.jp/s4268/s000386.html",""
"22101","静岡市","20","low","ページが見つかりません","https://www.city.shizuoka.lg.jp/s4268/s000387.html",""
"22101","静岡市","20","low","ページが見つかりません","https://www.city.shizuoka.lg.jp/s9623/s000388.html",""
"22101","静岡市","20","low","ページが見つかりません","https://www.city.shizuoka.lg.jp/s9623/s000389.html",""
"22101","静岡市","20","low","ページが見つかりません","https://www.city.shizuoka.lg.jp/s9623/s000390.html",""
"22101","静岡市","20","low","ページが見つかりません","https://www.city.shizuoka.lg.jp/s4268/s000391.html",""
"22101","静岡市","20","low","ページが見つかりません","https://www.city.shizuoka.lg.jp/s8957/s000392.html",""
"22102","浜松市","20","low","重要なお知らせ","https://www.city.hamamatsu.shizuoka.jp/",""
"22102","浜松市","20","low","重要なお知らせ","https://www.city.hamamatsu.shizuoka.jp/index.html",""
"22102","浜松市","20","low","浜松市からのお知らせ","https://www.city.hamamatsu.shizuoka.jp/oshirase/index.html",""
"22102","浜松市","20","low","防災","https://www.city.hamamatsu.shizuoka.jp/bosai/bosai/index.html",""
"22102","浜松市","20","low","救急医療・消防","https://www.city.hamamatsu.shizuoka.jp/kyu_kyu/index.html",""
"22102","浜松市","20","low","施設","https://www.city.hamamatsu.shizuoka.jp/shisetsu-annai/index.html",""
"22102","浜松市","20","low","ごみ・リサイクル","https://www.city.hamamatsu.shizuoka.jp/ippai/gomi/index.html",""
"22102","浜松市","20","low","Foreign Language","https://www.city.hamamatsu.shizuoka.jp/foreign/index.html",""
"22102","浜松市","20","low","手続き・くらし","https://www.city.hamamatsu.shizuoka.jp/kurashi-tetsuzuki/index.html",""
"22102","浜松市","20","low","子育て・教育","https://www.city.hamamatsu.shizuoka.jp/kyoiku/index.html",""
"22102","浜松市","20","low","健康・医療・福祉","https://www.city.hamamatsu.shizuoka.jp/kenko/index.html",""
"22102","浜松市","20","low","市政","https://www.city.hamamatsu.shizuoka.jp/shise/index.html",""
"22102","浜松市","20","low","住むならやっぱり浜松！","https://www.city.hamamatsu.shizuoka.jp/koho2/room/sumunara.html",""
"22102","浜松市","20","low","浜松市の中山間地域「オクハマ」","https://www.city.hamamatsu.shizuoka.jp/kurashi-tetsuzuki/shiminkatsudo/chusankan/index.html",""
"22102","浜松市","20","low","みんなで応援地域活性化事業","https://www.city.hamamatsu.shizuoka.jp/shiminkyodo/minkatu.html",""
"22102","浜松市","20","low","電子証明書更新の日曜窓口","https://www.city.hamamatsu.shizuoka.jp/siminkj/denshi/nitiyou_madoguti.html",""
"22102","浜松市","20","low","浜松市指定ごみ袋に関する緊急措置を継続します","https://www.city.hamamatsu.shizuoka.jp/ippai/gomi/dashikata/gomibukuro.html",""
"22102","浜松市","20","low","豪雨災害通行規制情報","https://www.city.hamamatsu.shizuoka.jp/kurashi-tetsuzuki/doro/r5_0602_kisei.html",""
"22102","浜松市","20","low","浜松市からのお知らせ","https://www.city.hamamatsu.shizuoka.jp/oshirase/",""
"22102","浜松市","20","low","浜松市公式X（旧ツイッター）「てんこちょ浜松」","https://www.city.hamamatsu.shizuoka.jp/koho2/pr/tw/",""
"22102","浜松市","20","low","浜松市公式Facebookページ「いいら！」","https://www.city.hamamatsu.shizuoka.jp/koho2/pr/fb/",""
"22102","浜松市","20","low","浜松市LINE公式アカウント「しゃんべぇ情報局」","https://www.city.hamamatsu.shizuoka.jp/koho2/pr/line/",""
"22102","浜松市","20","low","はままつ動画チャンネル","https://www.city.hamamatsu.shizuoka.jp/koho2/movie/",""
"22102","浜松市","20","low","結婚・離婚","https://www.city.hamamatsu.shizuoka.jp/koho2/marriage_divorce/index.html",""
"22102","浜松市","20","low","教育","https://www.city.hamamatsu.shizuoka.jp/kyoiku/kyoiku/index.html",""
"22102","浜松市","20","low","健康・医療","https://www.city.hamamatsu.shizuoka.jp/kenko/iryo/index.html",""
"22102","浜松市","20","low","住まい・引っ越し","https://www.city.hamamatsu.shizuoka.jp/koho2/move/index.html",""
"22102","浜松市","20","low","保険・年金","https://www.city.hamamatsu.shizuoka.jp/kurashi-tetsuzuki/hoken/index.html",""
"22102","浜松市","20","low","高齢・介護","https://www.city.hamamatsu.shizuoka.jp/mokuteki/gaido/kore/index.html",""
"22102","浜松市","20","low","福祉","https://www.city.hamamatsu.shizuoka.jp/kenko/fukushi/index.html",""
"22102","浜松市","20","low","死亡に関する手続き","https://www.city.hamamatsu.shizuoka.jp/kurashi-tetsuzuki/koseki/shibo/index.html",""
"22102","浜松市","20","low","目的から探す","https://www.city.hamamatsu.shizuoka.jp/mokuteki/index.html",""
"22102","浜松市","20","low","よくある質問","https://www.city.hamamatsu.shizuoka.jp/faq/opendata/v1.html?x=faq",""
"22102","浜松市","20","low","税金 証明書の取得","https://www.city.hamamatsu.shizuoka.jp/kurashi-tetsuzuki/zekin/syoumei.html",""
"22102","浜松市","20","low","パスポート（旅券）","https://www.city.hamamatsu.shizuoka.jp/kurashi-tetsuzuki/koseki/passport/index.html",""
"22102","浜松市","20","low","住民票の写し","https://www.city.hamamatsu.shizuoka.jp/siminkj/shomei/jyuminhyo.html",""
"22102","浜松市","20","low","印鑑登録証明書","https://www.city.hamamatsu.shizuoka.jp/siminkj/shomei/inkan.html",""
"22102","浜松市","20","low","国民健康保険（国保）","https://www.city.hamamatsu.shizuoka.jp/kokuho/kokuho_nenkin/kokuho/index/top.html",""
"22102","浜松市","20","low","戸籍届出","https://www.city.hamamatsu.shizuoka.jp/kurashi-tetsuzuki/koseki/koseki/index.html",""
"22102","浜松市","20","low","マイナンバーカード・電子証明書","https://www.city.hamamatsu.shizuoka.jp/kurashi-tetsuzuki/koseki/mynumber/index.html",""
"22102","浜松市","20","low","浜松市の上下水道","https://www.city.hamamatsu.shizuoka.jp/kurashi-tetsuzuki/suido/index.html",""
"22102","浜松市","20","low","市長の部屋","https://www.city.hamamatsu.shizuoka.jp/shise/shicho/index.html",""
"22102","浜松市","20","low","浜松市議会","https://www.city.hamamatsu.shizuoka.jp/gikai/index.html",""
"22102","浜松市","20","low","職員採用","https://www.city.hamamatsu.shizuoka.jp/shise/shokuinsaiyo/index.html",""
"22102","浜松市","20","low","統計情報","https://www.city.hamamatsu.shizuoka.jp/gyousei/library/index.html",""
"22102","浜松市","20","low","報道発表資料","https://www.city.hamamatsu.shizuoka.jp/shise/koho/koho/hodohappyo/index.html",""
"22102","浜松市","20","low","概要","https://www.city.hamamatsu.shizuoka.jp/shise/gaiyo/gaiyo/index.html",""
"22102","浜松市","20","low","行政区の再編について","https://www.city.hamamatsu.shizuoka.jp/kikaku/kuseido/index.html",""
"22102","浜松市","20","low","予算・財政","https://www.city.hamamatsu.shizuoka.jp/shise/yosan/index.html",""
"22102","浜松市","20","low","&nbsp;","https://www.city.hamamatsu.shizuoka.jp/odpf/opendata/v1.html",""
"22102","浜松市","20","low","多目的ドーム型スタジアム建設促進期成同盟会","https://www.city.hamamatsu.shizuoka.jp/kikaku/yakyuuzyou/yakyuuzyou.html",""
"22102","浜松市","20","low","静岡大学・浜松医科大学 統合・再編促進期成同盟会","https://www.city.hamamatsu.shizuoka.jp/kikaku/daigakukiseidoumeikai.html",""
"22102","浜松市","20","low","https://www.city.hamamatsu.shizuoka.jp/ward/chuo/index.html","https://www.city.hamamatsu.shizuoka.jp/ward/chuo/index.html",""
"22102","浜松市","20","low","https://www.city.hamamatsu.shizuoka.jp/ward/hamana/index.html","https://www.city.hamamatsu.shizuoka.jp/ward/hamana/index.html",""
"22102","浜松市","20","low","https://www.city.hamamatsu.shizuoka.jp/ward/tenryu/index.html","https://www.city.hamamatsu.shizuoka.jp/ward/tenryu/index.html",""
"22102","浜松市","20","low","休日救急当番医","https://www.city.hamamatsu.shizuoka.jp/iryou/kyujitsu-tobani.html",""
"22102","浜松市","20","low","夜間救急室","https://www.city.hamamatsu.shizuoka.jp/kyukyu/medical/shinryojo.html",""
"22102","浜松市","20","low","浜松市保健所","https://www.city.hamamatsu.shizuoka.jp/hokenk/health/hokenjo/index.html",""
"22102","浜松市","20","low","予防・検診","https://www.city.hamamatsu.shizuoka.jp/kenko/iryo/yobo/index.html",""
"22102","浜松市","20","low","ハザードマップ（浜松市防災マップ）","https://www.city.hamamatsu.shizuoka.jp/bosai/bosai/map/index.html",""
"22102","浜松市","20","low","緊急避難場所・避難所","https://www.city.hamamatsu.shizuoka.jp/kiki/disaster/bousai/hinannjo.html",""
"22102","浜松市","20","low","道路・交通・河川","https://www.city.hamamatsu.shizuoka.jp/kurashi-tetsuzuki/doro/index.html",""
"22102","浜松市","20","low","消防・防災","https://www.city.hamamatsu.shizuoka.jp/bosai/index.html",""
"22102","浜松市","20","low","庁舎案内","https://www.city.hamamatsu.shizuoka.jp/shise/chosha/",""
"22102","浜松市","20","low","組織案内","https://www.city.hamamatsu.shizuoka.jp/shise/soshiki/index.html",""
"22102","浜松市","20","low","浜松市美術館","https://www.city.hamamatsu.shizuoka.jp/artmuse/index.html",""
"22102","浜松市","20","low","浜松市博物館","https://www.city.hamamatsu.shizuoka.jp/hamahaku/index.html",""
"22102","浜松市","20","low","はままつの文化財","https://www.city.hamamatsu.shizuoka.jp/bunkazai/index.html",""
"22102","浜松市","20","low","レジャー・スポーツ施設","https://www.city.hamamatsu.shizuoka.jp/kyoiku/leisure/shisetsu/index.html",""
"22102","浜松市","20","low","レジャー・スポーツ","https://www.city.hamamatsu.shizuoka.jp/kyoiku/leisure/index.html",""
"22102","浜松市","20","low","浜松市天文台","https://www.city.hamamatsu.shizuoka.jp/s-kumin/hao/index.html",""
"22102","浜松市","20","low","科学館","https://www.city.hamamatsu.shizuoka.jp/maps/c-kagakukan.html",""
"22102","浜松市","20","low","浜松市動物園","https://www.city.hamamatsu.shizuoka.jp/maps/n-hamazoo.html",""
"22102","浜松市","20","low","浜松城公園 天守閣 展示解説の多言語訳","https://www.city.hamamatsu.shizuoka.jp/koen-kan/park/parks/hamamatsujou/index.html",""
"22102","浜松市","20","low","家康公 ゆかりの地 浜松","https://www.city.hamamatsu.shizuoka.jp/ieyasu/index.html",""
"22102","浜松市","20","low","https://www.city.hamamatsu.shizuoka.jp/hamalife/index.html","https://www.city.hamamatsu.shizuoka.jp/hamalife/index.html",""
"22102","浜松市","20","low","発注情報（入札・契約）","https://www.city.hamamatsu.shizuoka.jp/sangyo/hatchu/index.html",""
"22102","浜松市","20","low","福祉・介護","https://www.city.hamamatsu.shizuoka.jp/sangyo/fukushi-k/index.html",""
"22102","浜松市","20","low","環境対策","https://www.city.hamamatsu.shizuoka.jp/sangyo/kankyotaisaku/index.html",""
"22102","浜松市","20","low","産業廃棄物","https://www.city.hamamatsu.shizuoka.jp/sangyo/kankyotaisaku/haikibutsu/index.html",""
"22102","浜松市","20","low","産業振興","https://www.city.hamamatsu.shizuoka.jp/sangyo/shinko/index.html",""
"22102","浜松市","20","low","都市計画・建築・区画整理","https://www.city.hamamatsu.shizuoka.jp/jigyosha/city/index.html",""
"22102","浜松市","20","low","屋外広告物について","https://www.city.hamamatsu.shizuoka.jp/tochi/city/toshikai/koukoku/index.html",""
"22102","浜松市","20","low","公共工事の技術監理に関するご案内","https://www.city.hamamatsu.shizuoka.jp/gijutsukanri/gijutsukanri/index.html",""
"22102","浜松市","20","low","ご意見・お問い合わせ","https://www.city.hamamatsu.shizuoka.jp/voice/",""
"22102","浜松市","20","low","バナー広告のご案内","https://www.city.hamamatsu.shizuoka.jp/koho2/banner/index.html",""
"22102","浜松市","20","low","株式会社リサイクルクリーン","https://www.recycle-clean.co.jp/",""
"22102","浜松市","20","low","浜松市で外壁塗装・屋根塗装をお考えの方は","https://www.u-kenso.jp/",""
"22102","浜松市","20","low","--> 静岡県浜松市の不妊治療専門施設 「アクトタワークリニック」では、 女性不妊・男性不妊・人工授精・体外受精等 を専門に行っております。","https://www.acttower.com/",""
"22102","浜松市","20","low","https://palmo-sosai.jp/hamamatsu.html","https://palmo-sosai.jp/hamamatsu.html",""
"22102","浜松市","20","low","浜松市の葬儀･葬式･家族葬なら【家族葬のトワーズ】","https://towas.jp/shizuoka/hamamatsu-shi/?utm_source=cityhall&utm_medium=display&utm_campaign=banner_hmmt&utm_content=hmmt1",""
"22102","浜松市","20","low","https://serio888.net/","https://serio888.net/",""
"22102","浜松市","20","low","https://www.jfc.go.jp/n/finance/search/ippan.html?utm_source=xxx&utm_medium=cpc&utm_campaign=09_22_02_hamamatsu","https://www.jfc.go.jp/n/finance/search/ippan.html?utm_source=xxx&utm_medium=cpc&utm_campaign=09_22_02_hamamatsu",""
"22102","浜松市","20","low","浜松市役所","https://www.city.hamamatsu.shizuoka.jp/maps/cityhall.html",""
"22102","浜松市","20","low","中央区役所","https://www.city.hamamatsu.shizuoka.jp/maps/c-ward.html",""
"22102","浜松市","20","low","浜名区役所","https://www.city.hamamatsu.shizuoka.jp/maps/hk-ward.html",""
"22102","浜松市","20","low","天竜区役所","https://www.city.hamamatsu.shizuoka.jp/maps/t-ward.html",""
"22102","浜松市","20","low","東行政センター","https://www.city.hamamatsu.shizuoka.jp/maps/h-ward.html",""
"22102","浜松市","20","low","西行政センター","https://www.city.hamamatsu.shizuoka.jp/maps/n-ward.html",""
"22102","浜松市","20","low","南行政センター","https://www.city.hamamatsu.shizuoka.jp/maps/m-ward.html",""
"22102","浜松市","20","low","北行政センター","https://www.city.hamamatsu.shizuoka.jp/maps/k-ward.html",""
"22102","浜松市","20","low","サイトポリシー","https://www.city.hamamatsu.shizuoka.jp/policy/index.html",""
"22102","浜松市","20","low","サイトの使い方","https://www.city.hamamatsu.shizuoka.jp/tsukaikata/index.html",""
"22102","浜松市","20","low","個人情報の取り扱いについて","https://www.city.hamamatsu.shizuoka.jp/privacy/index.html",""
"22102","浜松市","20","low","ウェブアクセシビリティ方針","https://www.city.hamamatsu.shizuoka.jp/accessibility/index.html",""
"22102","浜松市","20","low","浜松市物価高騰支援商品券事業について","https://www.city.hamamatsu.shizuoka.jp/sangyoshinko/shougyo/2026shouhinken.html",""
"22102","浜松市","20","low","中瀬協働センターからのお知らせ","https://www.city.hamamatsu.shizuoka.jp/hk-nakaze/index.html",""
"22102","浜松市","20","low","7月掲載の情報","https://www.city.hamamatsu.shizuoka.jp/somu/r8-7gatukeisai.html",""
"22102","浜松市","20","low","戦没者追悼平和祈念式","https://www.city.hamamatsu.shizuoka.jp/fukushisomu/welfare/tuitoushiki/annai.html",""
"22102","浜松市","20","low","中央区協議会・西地域分科会","https://www.city.hamamatsu.shizuoka.jp/w-shinko/ward/nishiku/conference/nishiku/nishi_index.html",""
"22102","浜松市","20","low","最高裁判決を踏まえた生活保護費の追加給付について","https://www.city.hamamatsu.shizuoka.jp/fukushisomu/20260401.html",""
"22102","浜松市","20","low","田んぼダムの取組みを希望する方へご案内","https://www.city.hamamatsu.shizuoka.jp/nouseibi/damu.html",""
"22102","浜松市","20","low","【補助事業】感震ブレーカー設置助成について","https://www.city.hamamatsu.shizuoka.jp/kiki/kansin.html",""
"22102","浜松市","20","low","水窪文化会館から「星空観望会」開催のお知らせ","https://www.city.hamamatsu.shizuoka.jp/mb-kyodo/event/20260728hoshizora.html",""
"22102","浜松市","20","low","浜松市立看護専門学校","https://www.city.hamamatsu.shizuoka.jp/kango/school/kango/index.html",""
"22102","浜松市","20","low","はままつ動画チャンネル","https://www.city.hamamatsu.shizuoka.jp/koho2/movie/index.html",""
"22102","浜松市","20","low","浜松市感染症情報センター","https://www.city.hamamatsu.shizuoka.jp/hokanken/idwr/index.html",""
"22102","浜松市","20","low","市長記者会見のライブ配信","https://www.city.hamamatsu.shizuoka.jp/koho2/room/interview/02/live.html",""
"22102","浜松市","20","low","学校説明会","https://www.city.hamamatsu.shizuoka.jp/kango/school/kango/gakkousetumeikai.html",""
"22102","浜松市","20","low","休日の部活動の地域展開","https://www.city.hamamatsu.shizuoka.jp/renkei/tiikitenkai.html",""
"22102","浜松市","20","low","はままつ北フェス2027","https://www.city.hamamatsu.shizuoka.jp/n-shinko/kitafesu/kitafes2027.html",""
"22102","浜松市","20","low","国連を支える世界こども未来会議inHAMAMATSU（アイデアコンテスト）","https://www.city.hamamatsu.shizuoka.jp/kikaku/sdgscontest.html",""
"22102","浜松市","20","low","農林水産情報発信Instagram「はまのう」について","https://www.city.hamamatsu.shizuoka.jp/nousei/instagram-hamanou.html",""
"22102","浜松市","20","low","引佐支所からのお知らせ","https://www.city.hamamatsu.shizuoka.jp/is-kyodo/oshirase.html",""
"22102","浜松市","20","low","在宅医療・介護連携に関する多職種研修会・講演会","https://www.city.hamamatsu.shizuoka.jp/iryou/zaitaku/tasyokusyukennsyuukai.html",""
"22102","浜松市","20","low","第1次試験合格者［第1類行政職員（免許資格職）］","https://www.city.hamamatsu.shizuoka.jp/jinji-iinkai/officer/r08/1rumenkyo-itiji.html",""
"22102","浜松市","20","low","第1次試験合格者［第1類行政職員（免許資格職）第4類行政職員（免許資格職）］＜2026年10月1日採用＞","https://www.city.hamamatsu.shizuoka.jp/jinji-iinkai/officer/r08/1rui4rui-menkyo.html",""
"22102","浜松市","20","low","第1次試験合格者［第1類行政職員（免許資格職）］＜佐久間病院勤務＞","https://www.city.hamamatsu.shizuoka.jp/jinji-iinkai/officer/r08/1ruisakuma-itiji.html",""
"22102","浜松市","20","low","緑の募金普及啓発事業","https://www.city.hamamatsu.shizuoka.jp/ryokuka/ryokukasuisinhonbu/hukyukeihatu/hukyukeihatu.html",""
"22102","浜松市","20","low","市立小中学校への新入学","https://www.city.hamamatsu.shizuoka.jp/sogo/shinsei/nyugaku.html",""
"22102","浜松市","20","low","浜松市保健衛生年報","https://www.city.hamamatsu.shizuoka.jp/hokenk/tokei/nenpou.html",""
"22102","浜松市","20","low","熱中症警戒情報等発表時に公の施設の施設利用を取り止めた場合における還付等の対応について","https://www.city.hamamatsu.shizuoka.jp/asset/neccyuushou.html",""
"22102","浜松市","20","low","「井伊直虎ゆかりの地 浜松」10周年事業 第67期王位戦第1局浜松対局","https://www.city.hamamatsu.shizuoka.jp/kanko/ouisenn.html",""
"22102","浜松市","20","low","西地域応援団YEEL! vol.51","https://www.city.hamamatsu.shizuoka.jp/w-shinko/yeel/2025/vol51/tambo-art-mochitsuki.html",""
"22102","浜松市","20","low","給食用食材の産地公表","https://www.city.hamamatsu.shizuoka.jp/kenkou/kyushokusantikohyo.html",""
"22102","浜松市","20","low","緊急情報","https://www.city.hamamatsu.shizuoka.jp/kinkyu/index.html",""
"22102","浜松市","20","low","ご意見・お問い合わせ","https://www.city.hamamatsu.shizuoka.jp/voice/index.html",""
"22102","浜松市","20","low","浜松市土木防災情報システムについて","https://www.city.hamamatsu.shizuoka.jp/kasen/bousaijouhousystem.html",""
"22102","浜松市","20","low","自主防災隊のページ","https://www.city.hamamatsu.shizuoka.jp/kiki/disaster/bousai/jishubo.html",""
"22102","浜松市","20","low","防災のお知らせ","https://www.city.hamamatsu.shizuoka.jp/bosai/bosai/oshirase/index.html",""
"22102","浜松市","20","low","同報無線の放送内容の確認方法について","https://www.city.hamamatsu.shizuoka.jp/kiki/disaster/bousai/douhou/douhouhousou.html",""
"22102","浜松市","20","low","防災・災害情報","https://www.city.hamamatsu.shizuoka.jp/bosai/bosai/jyoho/index.html",""
"22102","浜松市","20","low","浜松市防災ホッとメール","https://www.city.hamamatsu.shizuoka.jp/kiki/disaster/hotmail.html",""
"22102","浜松市","20","low","LINEによる防災情報の配信","https://www.city.hamamatsu.shizuoka.jp/kiki/disaster/bousai/line/bosailine.html",""
"22102","浜松市","20","low","学ぶ！（災害に備える）","https://www.city.hamamatsu.shizuoka.jp/bosai/bosai/learn/index.html",""
"22102","浜松市","20","low","【避難の基準！】風水害における警戒レベル","https://www.city.hamamatsu.shizuoka.jp/kiki/disaster/bousai/hinankoudoukeikaku/hinan.html",""
"22102","浜松市","20","low","【災害用パンフレット】区版避難行動計画","https://www.city.hamamatsu.shizuoka.jp/kiki/disaster/bousai/hinankoudoukeikaku/index.html",""
"22102","浜松市","20","low","浜松市防災学習センター（はま防～家）","https://www.city.hamamatsu.shizuoka.jp/kiki/disaster/bousai/gakusyu/index.html",""
"22102","浜松市","20","low","我が家の対策（自助）","https://www.city.hamamatsu.shizuoka.jp/bosai/bosai/jijo/index.html",""
"22102","浜松市","20","low","各家庭の避難計画を作る（わたしの避難計画、マイ・タイムライン）","https://www.city.hamamatsu.shizuoka.jp/kiki/hazard_map/timeline.html",""
"22102","浜松市","20","low","【補助事業】家具転倒防止事業の実施について","https://www.city.hamamatsu.shizuoka.jp/kiki/disaster/bousai/new/bosainews.html",""
"22102","浜松市","20","low","備蓄について","https://www.city.hamamatsu.shizuoka.jp/kiki/bichiku2.html",""
"22102","浜松市","20","low","電気火災対策について","https://www.city.hamamatsu.shizuoka.jp/kiki/2025111117.html",""
"22102","浜松市","20","low","地域の対策（共助）","https://www.city.hamamatsu.shizuoka.jp/bosai/bosai/kyojo/index.html",""
"22102","浜松市","20","low","避難所運営マニュアル","https://www.city.hamamatsu.shizuoka.jp/kiki/disaster/bousai/hamamatu_j/hinanjyounnei.html",""
"22102","浜松市","20","low","災害時要援護者への手助け・心配り","https://www.city.hamamatsu.shizuoka.jp/bosai/bosai/engosha/index.html",""
"22102","浜松市","20","low","災害時医療ボランティア","https://www.city.hamamatsu.shizuoka.jp/bosai/bosai/kango/index.html",""
"22102","浜松市","20","low","浜松市の対策（公助）","https://www.city.hamamatsu.shizuoka.jp/bosai/bosai/kojyo/index.html",""
"22102","浜松市","20","low","津波対策事業基金について","https://www.city.hamamatsu.shizuoka.jp/kiki/disaster/bousai/tsunamikikin/index.html",""
"22102","浜松市","20","low","津波避難ビルの指定について","https://www.city.hamamatsu.shizuoka.jp/kiki/disaster/bousai/building/index.html",""
"22102","浜松市","20","low","防潮堤整備事業","https://www.city.hamamatsu.shizuoka.jp/kiki/disaster/bouchoutei/index.html",""
"22102","浜松市","20","low","災害時応援協定について","https://www.city.hamamatsu.shizuoka.jp/kiki/disaster/saigaizikyoutei.html",""
"22102","浜松市","20","low","地域防災の取り組み","https://www.city.hamamatsu.shizuoka.jp/bosai/bosai/chiiki/index.html",""
"22102","浜松市","20","low","地域防災訓練の活動状況について","https://www.city.hamamatsu.shizuoka.jp/kiki/chiikibosaikunren.html",""
"22102","浜松市","20","low","防災井戸について","https://www.city.hamamatsu.shizuoka.jp/kiki/bosaiido.html",""
"22102","浜松市","20","low","地域と地元企業等との災害時応援協定締結について","https://www.city.hamamatsu.shizuoka.jp/kiki/kyodotorikumi/saigaizikyoutei.html",""
"22102","浜松市","20","low","災害時協定に基づく一時的な避難場所について","https://www.city.hamamatsu.shizuoka.jp/kiki/kyotei/kyotei_hinan.html",""
"22102","浜松市","20","low","防災計画・条例","https://www.city.hamamatsu.shizuoka.jp/bosai/bosai/keikaku/index.html",""
"22102","浜松市","20","low","浜松市地域防災計画","https://www.city.hamamatsu.shizuoka.jp/kiki/bousaikeikaku/index.html",""
"22102","浜松市","20","low","浜松市の国民保護計画","https://www.city.hamamatsu.shizuoka.jp/kiki/disaster/bousai/kokuminnhogo/index.html",""
"22102","浜松市","20","low","静岡県第4次地震被害想定（平成25年公表）","https://www.city.hamamatsu.shizuoka.jp/kiki/disaster/bousai/dai4ji.html",""
"22102","浜松市","20","low","防災関連情報リンク集","https://www.city.hamamatsu.shizuoka.jp/bosai/bosai/link/index.html",""
"22102","浜松市","20","low","災害廃棄物の広域処理について","https://www.city.hamamatsu.shizuoka.jp/shori/sien/kouikisyori/index.html",""
"22102","浜松市","20","low","被災建築物応急危険度判定","https://www.city.hamamatsu.shizuoka.jp/kensido/city/kikendo/index.html",""
"22102","浜松市","20","low","浜松市消防局","https://www.city.hamamatsu.shizuoka.jp/bosai/shobo/index.html",""
"22102","浜松市","20","low","休日救急歯科診療","https://www.city.hamamatsu.shizuoka.jp/kouku/medical/kyuujitu.html",""
"22102","浜松市","20","low","新津協働センター再開のお知らせ","https://www.city.hamamatsu.shizuoka.jp/s-sinzu/2026-sinzu-saikai.html",""
"22102","浜松市","20","low","和地協働センター休館のお知らせ","https://www.city.hamamatsu.shizuoka.jp/w-shinko/kyodo-center/waji-closed.html",""
"22102","浜松市","20","low","南陽協働センター休館のお知らせ","https://www.city.hamamatsu.shizuoka.jp/s-machi/2025-nanyo-kyuukan.html",""
"22102","浜松市","20","low","市役所・区役所・行政センター","https://www.city.hamamatsu.shizuoka.jp/shisetsu-annai/shiyakusho/index.html",""
"22203","沼津市","20","low","https://www.city.numazu.shizuoka.jp/","https://www.city.numazu.shizuoka.jp/",""
"22203","沼津市","20","low","https://www.city.numazu.shizuoka.jp/index.htm","https://www.city.numazu.shizuoka.jp/index.htm",""
"22203","沼津市","20","low","支援制度","https://www.city.numazu.shizuoka.jp/kurashi/shien.htm",""
"22203","沼津市","20","low","福祉・労働","https://www.city.numazu.shizuoka.jp/kurashi/fukushi.htm",""
"22203","沼津市","20","low","住まい・環境・ペット","https://www.city.numazu.shizuoka.jp/kurashi/sumai.htm",""
"22203","沼津市","20","low","子育て・教育","https://www.city.numazu.shizuoka.jp/kurashi/kyoiku.htm",""
"22203","沼津市","20","low","産業の特色","https://www.city.numazu.shizuoka.jp/business/sangyo.htm",""
"22203","沼津市","20","low","企業誘致・支援","https://www.city.numazu.shizuoka.jp/business/yuchi.htm",""
"22203","沼津市","20","low","入札・契約","https://www.city.numazu.shizuoka.jp/business/nyusatsu_keiyaku.htm",""
"22203","沼津市","20","low","お役立ち情報","https://www.city.numazu.shizuoka.jp/business/oyakudachi.htm",""
"22203","沼津市","20","low","強い産業づくり","https://www.city.numazu.shizuoka.jp/business/tsuyoisangyo.htm",""
"22203","沼津市","20","low","関連リンク","https://www.city.numazu.shizuoka.jp/business/link.htm",""
"22203","沼津市","20","low","市政情報","https://www.city.numazu.shizuoka.jp/shisei/index.htm",""
"22203","沼津市","20","low","総合計画・各種計画・主要事業","https://www.city.numazu.shizuoka.jp/shisei/keikaku.htm",""
"22203","沼津市","20","low","よくある質問","https://www.city.numazu.shizuoka.jp/faq/index.htm",""
"22203","沼津市","20","low","お探しのページまたはファイルはありませんでした。","https://www.city.numazu.shizuoka.jp/kikikanri/topics/heisajoukyou.pdf",""
"22203","沼津市","20","low","お探しのページまたはファイルはありませんでした。","https://www.city.numazu.shizuoka.jp/kikikanri/topics/kaikanjoukyou.pdf",""
"22203","沼津市","20","low","沼津市ふるさと納税公式サイト／沼津市","https://www.city.numazu.shizuoka.jp/furusato/index.htm",""
"22203","沼津市","20","low","マイナンバーカード関連手続き","https://www.city.numazu.shizuoka.jp/kurashi/mynumber/kanrentetsuzuki.htm",""
"22203","沼津市","20","low","市公式LINEアカウントをリニューアル！","https://www.city.numazu.shizuoka.jp/numazutopics/line/index.htm",""
"22203","沼津市","20","low","妊娠・出産","https://www.city.numazu.shizuoka.jp/lifeevent/ninshin.htm",""
"22203","沼津市","20","low","沼津市子育てポータルサイト","https://www.city.numazu.shizuoka.jp/kurashi/kyoiku/kosodate/index.htm",""
"22203","沼津市","20","low","入園・入学","https://www.city.numazu.shizuoka.jp/lifeevent/nyuen.htm",""
"22203","沼津市","20","low","引越し","https://www.city.numazu.shizuoka.jp/lifeevent/hikkoshi.htm",""
"22203","沼津市","20","low","高齢・介護","https://www.city.numazu.shizuoka.jp/lifeevent/kourei.htm",""
"22203","沼津市","20","low","救急協力医情報","https://www.city.numazu.shizuoka.jp/kyouryokui/index.htm",""
"22203","沼津市","20","low","ごみ・リサイクル広場","https://www.city.numazu.shizuoka.jp/kurashi/sumai/gomi/index.htm",""
"22203","沼津市","20","low","施設案内","https://www.city.numazu.shizuoka.jp/kurashi/shisetsu/index.htm",""
"22203","沼津市","20","low","沼津の海を楽しむ皆さまへ","https://www.city.numazu.shizuoka.jp/shisei/office/ichiran/sangyo/suisan/rule.htm",""
"22203","沼津市","20","low","沼津市公式LINE友だち限定クーポン","https://www.city.numazu.shizuoka.jp/numazutopics/line/coupon.htm",""
"22203","沼津市","20","low","市長定例記者会見","https://www.city.numazu.shizuoka.jp/shisei/pr/interview/index.htm",""
"22203","沼津市","20","low","沼津市第二中学校区学校跡施設活用に関するサウンディング型市場調査について","https://www.city.numazu.shizuoka.jp/kurashi/kyoiku/kyoiku/numazushi/tekiseika_dai2.htm",""
"22203","沼津市","20","low","市指定ごみ袋の供給状況等について","https://www.city.numazu.shizuoka.jp/kurashi/sumai/gomi/topics/gomibukuro/index.htm",""
"22203","沼津市","20","low","水道メーターの盗難被害についての注意喚起 - 水道部／沼津市","https://www.city.numazu.shizuoka.jp/kurashi/sumai/suido/topics/2026/tonanhigai/index.htm",""
"22203","沼津市","20","low","世界初の養殖魚 沼津産「夢あじ」が本格販売されます！","https://www.city.numazu.shizuoka.jp/shisei/office/ichiran/sangyo/suisan/yumeaji.htm",""
"22203","沼津市","20","low","https://www.city.numazu.shizuoka.jp/koukadetsunagaru/index.htm","https://www.city.numazu.shizuoka.jp/koukadetsunagaru/index.htm",""
"22203","沼津市","20","low","https://www.city.numazu.shizuoka.jp/shisei/profile/mayor/pdf/shiseihoushin.pdf","https://www.city.numazu.shizuoka.jp/shisei/profile/mayor/pdf/shiseihoushin.pdf",""
"22203","沼津市","20","low","「沼津あじフライたるたるサンド」がSea級グルメ全国大会で優勝！ ～第16回みなとオアシスSea級グルメ全国大会inあおもり～","https://www.city.numazu.shizuoka.jp/kurashi/topics/2025/ajitarusand/index.htm",""
"22203","沼津市","20","low","沼津の出逢い応援課","https://www.city.numazu.shizuoka.jp/deai/index.htm",""
"22203","沼津市","20","low","沼津市建築物等耐震化促進事業","https://www.city.numazu.shizuoka.jp/shisei/office/ichiran/toshikei/jyutakuseisaku/taishinka.htm",""
"22203","沼津市","20","low","建設部道路管理課","https://www.city.numazu.shizuoka.jp/shisei/office/ichiran/kensetsu/doukan.htm",""
"22203","沼津市","20","low","地震から命を守るために家具を固定しましょう","https://www.city.numazu.shizuoka.jp/kurashi/anshin/bousai/topics/kagukotei/index.htm",""
"22203","沼津市","20","low","出生届提出記念サービス","https://www.city.numazu.shizuoka.jp/kurashi/todokede/syussyo.htm",""
"22203","沼津市","20","low","生活困窮者支援","https://www.city.numazu.shizuoka.jp/kurashi/fukushi/seikatsu/seikatsukonkyu.htm",""
"22203","沼津市","20","low","カレンダー詳細","https://www.city.numazu.shizuoka.jp/newcalender/ivent_syousai.php?look_ym=2025-01-07",""
"22203","沼津市","20","low","https://www.city.numazu.shizuoka.jp/takara100/index.htm","https://www.city.numazu.shizuoka.jp/takara100/index.htm",""
"22203","沼津市","20","low","https://www.city.numazu.shizuoka.jp/saiyou/index.htm","https://www.city.numazu.shizuoka.jp/saiyou/index.htm",""
"22203","沼津市","20","low","https://www.city.numazu.shizuoka.jp/shisei/iju/index.php","https://www.city.numazu.shizuoka.jp/shisei/iju/index.php",""
"22203","沼津市","20","low","沼津市水道部","https://www.city.numazu.shizuoka.jp/kurashi/sumai/suido/index.htm",""
"22203","沼津市","20","low","沼津市中心市街地まちづくり戦略","https://www.city.numazu.shizuoka.jp/shisei/keikaku/various/machisenryaku/index.htm",""
"22203","沼津市","20","low","沼津市リノベーションまちづくり","https://www.city.numazu.shizuoka.jp/renovation/index.htm",""
"22203","沼津市","20","low","「沼津を青に染めよう！キャンペーン」実施中！！","https://www.city.numazu.shizuoka.jp/kurashi/sports/azulclaro/topics/campaign.htm",""
"22203","沼津市","20","low","市長の部屋","https://www.city.numazu.shizuoka.jp/shisei/profile/mayor/index.htm",""
"22203","沼津市","20","low","市内施設の電話番号案内","https://www.city.numazu.shizuoka.jp/kurashi/telephone/index.htm",""
"22203","沼津市","20","low","サイトポリシー","https://www.city.numazu.shizuoka.jp/about/sitepolicy.htm",""
"22203","沼津市","20","low","リンク","https://www.city.numazu.shizuoka.jp/link/index.htm",""
"22203","沼津市","20","low","沼津市役所","https://www.city.numazu.shizuoka.jp/kurashi/shisetsu/shiyakusho.htm",""
"22203","沼津市","20","low","駐車場","https://www.city.numazu.shizuoka.jp/kurashi/access/parking/index.htm",""
"22203","沼津市","20","low","市庁舎フロア図","https://www.city.numazu.shizuoka.jp/kurashi/shisetsu/office_map/index.htm",""
"22203","沼津市","20","low","沼津市 市制100周年記念サイト","https://www.city.numazu.shizuoka.jp/100th_anniv/jigyo.htm",""
"22203","沼津市","20","low","沼津市 市制100周年記念サイト","https://www.city.numazu.shizuoka.jp/100th_anniv/jigyo_kifu.htm",""
"22203","沼津市","20","low","沼津市 市制100周年記念サイト","https://www.city.numazu.shizuoka.jp/100th_anniv/torikumi.htm",""
"22203","沼津市","20","low","沼津市 市制100周年記念サイト","https://www.city.numazu.shizuoka.jp/100th_anniv/topics/",""
"22203","沼津市","20","low","沼津市 市制100周年記念サイト","https://www.city.numazu.shizuoka.jp/100th_anniv/topics/r04/0317/kyogikai.htm",""
"22203","沼津市","20","low","沼津市 市制100周年記念サイト","https://www.city.numazu.shizuoka.jp/100th_anniv/topics/r04/0708/kyogikai.htm",""
"22203","沼津市","20","low","沼津市 市制100周年記念サイト","https://www.city.numazu.shizuoka.jp/100th_anniv/topics/r04/prposter/",""
"22203","沼津市","20","low","2020年度 JIS X 8341-3に基づく試験結果","https://www.city.numazu.shizuoka.jp/about/2020_test_result.htm",""
"22203","沼津市","20","low","2021年度 JIS X 8341-3に基づく試験結果","https://www.city.numazu.shizuoka.jp/about/2021_test_result.htm",""
"22203","沼津市","20","low","2022年度 JIS X 8341-3に基づく試験結果","https://www.city.numazu.shizuoka.jp/about/2022_test_result.htm",""
"22203","沼津市","20","low","2023年度 JIS X 8341-3に基づく試験結果","https://www.city.numazu.shizuoka.jp/about/2023_test_result.htm",""
"22203","沼津市","20","low","広告について","https://www.city.numazu.shizuoka.jp/banner/",""
"22203","沼津市","20","low","インターネット公売","https://www.city.numazu.shizuoka.jp/business/nyusatsu_keiyaku/i-kobai/",""
"22203","沼津市","20","low","沼津市インターネット公売","https://www.city.numazu.shizuoka.jp/business/nyusatsu_keiyaku/i-kobai/nouzei/",""
"22203","沼津市","20","low","沼津市インターネット公売のお知らせ","https://www.city.numazu.shizuoka.jp/business/nyusatsu_keiyaku/i-kobai/nouzei/oshirase.htm",""
"22203","沼津市","20","low","契約・検査","https://www.city.numazu.shizuoka.jp/business/nyusatsu_keiyaku/nyusatsu/",""
"22203","沼津市","20","low","物品・役務（建設工事関連業務以外）","https://www.city.numazu.shizuoka.jp/business/nyusatsu_keiyaku/nyusatsu/buppin/",""
"22203","沼津市","20","low","印刷発注予定","https://www.city.numazu.shizuoka.jp/business/nyusatsu_keiyaku/nyusatsu/buppin/bh-open.htm",""
"22203","沼津市","20","low","物品役務関係書類（市長部局用）","https://www.city.numazu.shizuoka.jp/business/nyusatsu_keiyaku/nyusatsu/buppin/yoshiki.htm",""
"22203","沼津市","20","low","業務委託関係書類（市長部局用）","https://www.city.numazu.shizuoka.jp/business/nyusatsu_keiyaku/nyusatsu/buppin/yoshiki_itaku.htm",""
"22203","沼津市","20","low","シルバー人材センター等との契約","https://www.city.numazu.shizuoka.jp/business/nyusatsu_keiyaku/nyusatsu/buppin/silvere/",""
"22203","沼津市","20","low","その他の随意契約","https://www.city.numazu.shizuoka.jp/business/nyusatsu_keiyaku/nyusatsu/buppin/zuii/",""
"22203","沼津市","20","low","建設工事及び建設工事関連業務","https://www.city.numazu.shizuoka.jp/business/nyusatsu_keiyaku/nyusatsu/kensetsu/",""
"22203","沼津市","20","low","工事着手日選択型工事の試行について","https://www.city.numazu.shizuoka.jp/business/nyusatsu_keiyaku/nyusatsu/kensetsu/chakushubi.htm",""
"22203","沼津市","20","low","電子契約の利用について","https://www.city.numazu.shizuoka.jp/business/nyusatsu_keiyaku/nyusatsu/kensetsu/densi-keiyaku.htm",""
"22203","沼津市","20","low","沼津市電子入札について","https://www.city.numazu.shizuoka.jp/business/nyusatsu_keiyaku/nyusatsu/kensetsu/densi-nyusatu.htm",""
"22203","沼津市","20","low","建設工事関連業務関係書類（上下水道用）","https://www.city.numazu.shizuoka.jp/business/nyusatsu_keiyaku/nyusatsu/kensetsu/gi-syorui.htm",""
"22203","沼津市","20","low","建設工事関連業務関係書類（市長部局用）","https://www.city.numazu.shizuoka.jp/business/nyusatsu_keiyaku/nyusatsu/kensetsu/ki-yousiki.htm",""
"22203","沼津市","20","low","建設工事関係書類（市長部局用）","https://www.city.numazu.shizuoka.jp/business/nyusatsu_keiyaku/nyusatsu/kensetsu/k-yousiki.htm",""
"22203","沼津市","20","low","週休2日制工事の試行について","https://www.city.numazu.shizuoka.jp/business/nyusatsu_keiyaku/nyusatsu/kensetsu/shukyu2.htm",""
"22203","沼津市","20","low","総合評価落札方式による競争入札の実施について","https://www.city.numazu.shizuoka.jp/business/nyusatsu_keiyaku/nyusatsu/kensetsu/sougouhyoka.htm",""
"22203","沼津市","20","low","低入札価格調査制度","https://www.city.numazu.shizuoka.jp/business/nyusatsu_keiyaku/nyusatsu/kensetsu/teinyu-gaiyou2.htm",""
"22203","沼津市","20","low","建設工事請負契約に係る要領・要綱など（その他）","https://www.city.numazu.shizuoka.jp/business/nyusatsu_keiyaku/nyusatsu/kensetsu/youran-ta.htm",""
"22203","沼津市","20","low","積算における建設発生土処分の取扱いの変更について","https://www.city.numazu.shizuoka.jp/business/nyusatsu_keiyaku/nyusatsu/topics/tsuchishori.htm",""
"22203","沼津市","20","low","郵便入札についてのお知らせ","https://www.city.numazu.shizuoka.jp/business/nyusatsu_keiyaku/nyusatsu/topics/yuubinnyusatsu.htm",""
"22203","沼津市","20","low","公有資産活用提案","https://www.city.numazu.shizuoka.jp/business/nyusatsu_keiyaku/shisan/",""
"22203","沼津市","20","low","事業所のごみについて","https://www.city.numazu.shizuoka.jp/business/oyakudachi/gomi/",""
"22203","沼津市","20","low","事業系ごみの処理方法（一般廃棄物）","https://www.city.numazu.shizuoka.jp/business/oyakudachi/gomi/haikibutu/ipan.htm",""
"22203","沼津市","20","low","事業系ごみの処理方法（産業廃棄物）","https://www.city.numazu.shizuoka.jp/business/oyakudachi/gomi/haikibutu/sangyohaiki.htm",""
"22203","沼津市","20","low","事業系ごみとは","https://www.city.numazu.shizuoka.jp/business/oyakudachi/gomi/haikibutu/toha.htm",""
"22203","沼津市","20","low","「法人番号」の確認について","https://www.city.numazu.shizuoka.jp/business/oyakudachi/houjinnumber/",""
"22203","沼津市","20","low","NPO法人（特定非営利活動法人）の認証等事務について","https://www.city.numazu.shizuoka.jp/business/oyakudachi/npo/",""
"22203","沼津市","20","low","沼津の産業リンク集","https://www.city.numazu.shizuoka.jp/business/oyakudachi/san-link/",""
"21521","御嵩町","15","low","申請書ダウンロード","https://www.town.mitake.lg.jp/portal/life-process/form-download/",""
"21521","御嵩町","15","low","【選定結果】御嵩町ブランド構築事業支援業務委託プロポーザル募集（まちづくり課）","https://www.town.mitake.lg.jp/business/business/%e3%83%97%e3%83%ad%e3%83%9d%e3%83%bc%e3%82%b6%e3%83%ab%e6%96%b9%e5%bc%8f%e7%ad%89%e3%81%ae%e5%8b%9f%e9%9b%86%e3%83%bb%e7%b5%90%e6%9e%9c%e5%85%ac%e8%a1%a8/post0103288/",""
"21521","御嵩町","15","low","プロポーザル方式等の募集・結果公表","https://www.town.mitake.lg.jp/business/business/%e3%83%97%e3%83%ad%e3%83%9d%e3%83%bc%e3%82%b6%e3%83%ab%e6%96%b9%e5%bc%8f%e7%ad%89%e3%81%ae%e5%8b%9f%e9%9b%86%e3%83%bb%e7%b5%90%e6%9e%9c%e5%85%ac%e8%a1%a8/",""
"21604","白川村","15","low","飛騨地域観光誘客広告・メディア連携事業業務委託プロポーザル募集について","https://www.vill.shirakawa.lg.jp/2905.htm",""
"21604","白川村","15","low","申請書のダウンロード一覧","https://www.vill.shirakawa.lg.jp/2002.htm",""
"22101","静岡市","15","low","葵区広報キャラクターの募集","https://www.city.shizuoka.lg.jp/s9728/s013737.html",""
"22203","沼津市","15","low","申請書ダウンロードサービス","https://www.city.numazu.shizuoka.jp/kurashi/todokede/shinsei/index.htm",""
"22203","沼津市","15","low","入札参加資格審査申請書の変更届に必要な書類一覧表","https://www.city.numazu.shizuoka.jp/business/nyusatsu_keiyaku/nyusatsu/gyoshatoroku/henkou-itiran.htm",""
"22203","沼津市","15","low","企画提案方式（プロポーザル）（令和3年度分）","https://www.city.numazu.shizuoka.jp/business/proposal/r3.htm",""
"22203","沼津市","15","low","企画提案方式（プロポーザル）（令和4年度分）","https://www.city.numazu.shizuoka.jp/business/proposal/r4.htm",""
"22203","沼津市","15","low","企画提案方式（プロポーザル）（令和5年度分）","https://www.city.numazu.shizuoka.jp/business/proposal/r5.htm",""
"22203","沼津市","15","low","企画提案方式（プロポーザル）（令和6年度分）","https://www.city.numazu.shizuoka.jp/business/proposal/r6.htm",""
"21521","御嵩町","-5","low","広報紙「ほっとみたけ」","https://www.town.mitake.lg.jp/portal/town/hotto-mitake/",""
"21521","御嵩町","-5","low","条例・規則検索","https://www.town.mitake.lg.jp/portal/town/laws/",""
"21521","御嵩町","-5","low","サイトマップ","https://www.town.mitake.lg.jp/sitemap/",""
"21521","御嵩町","-5","low","入札結果","https://www.town.mitake.lg.jp/business/business/bid_result/",""
"21604","白川村","-5","low","白川村行政トップページ","https://www.vill.shirakawa.lg.jp/1.htm",""
"21604","白川村","-5","low","サイトマップ","https://www.vill.shirakawa.lg.jp/sitemap/",""
"21604","白川村","-5","low","白川村行政トップページ","https://www.vill.shirakawa.lg.jp/dd.aspx?moduleid=1035&amp;_PickUp_para=15",""
"21604","白川村","-5","low","白川村行政トップページ","https://www.vill.shirakawa.lg.jp/dd.aspx?moduleid=1036&amp;_PickUp_para=15",""
"21604","白川村","-5","low","白川村行政トップページ","https://www.vill.shirakawa.lg.jp/dd.aspx?moduleid=1037&amp;_PickUp_para=15",""
"22101","静岡市","-5","low","サイトマップ","https://www.city.shizuoka.lg.jp/s009191.html",""
"22101","静岡市","-5","low","便利ガイド一覧","https://www.city.shizuoka.lg.jp/p009123.html",""
"22101","静岡市","-5","low","イベント情報","https://www.city.shizuoka.lg.jp/cgi-bin/event_cal_multi/calendar.cgi",""
"22101","静岡市","-5","low","お知らせ一覧","https://www.city.shizuoka.lg.jp/p0000002.html",""
"22101","静岡市","-5","low","AED設置場所検索","https://www.city.shizuoka.lg.jp/s9352/s000059.html",""
"22101","静岡市","-5","low","指定緊急避難場所・指定避難所一覧","https://www.city.shizuoka.lg.jp/s4268/s000061.html",""
"22101","静岡市","-5","low","救護所一覧（葵区）","https://www.city.shizuoka.lg.jp/s9352/s000062.html",""
"22101","静岡市","-5","low","救護所一覧（清水区）","https://www.city.shizuoka.lg.jp/s9352/s000063.html",""
"22101","静岡市","-5","low","救護所一覧（駿河区）","https://www.city.shizuoka.lg.jp/s9352/s000064.html",""
"22102","浜松市","-5","low","観光・魅力・イベント","https://www.city.hamamatsu.shizuoka.jp/attraction/index.html",""
"22102","浜松市","-5","low","検索結果","https://www.city.hamamatsu.shizuoka.jp/search/result.html",""
"22102","浜松市","-5","low","イベント・お知らせ情報","https://www.city.hamamatsu.shizuoka.jp/event/",""
"22102","浜松市","-5","low","例規・公示","https://www.city.hamamatsu.shizuoka.jp/shise/reki/index.html",""
"22102","浜松市","-5","low","広報","https://www.city.hamamatsu.shizuoka.jp/shise/koho/koho/index.html",""
"22102","浜松市","-5","low","熊ふれあいセンター地域づくり講座「懐かしの熊中思い出めぐり」","https://www.city.hamamatsu.shizuoka.jp/tn-machi/kominkan/kuma/20260809.html",""
"22102","浜松市","-5","low","要配慮者利用施設における避難確保計画作成の流れ及び提出書類の一覧","https://www.city.hamamatsu.shizuoka.jp/kiki/hinankakuho.html",""
"22203","沼津市","-5","low","ポータルサイト一覧","https://www.city.numazu.shizuoka.jp/portal/index.htm",""
"22203","沼津市","-5","low","SNS一覧","https://www.city.numazu.shizuoka.jp/numazutopics/index.htm",""
"22203","沼津市","-5","low","課（所属）ごとの業務一覧","https://www.city.numazu.shizuoka.jp/shisei/office/ichiran/index.htm",""
"22203","沼津市","-5","low","サイトマップ","https://www.city.numazu.shizuoka.jp/sitemap/index.htm",""
"22203","沼津市","-5","low","過去のお知らせ一覧","https://www.city.numazu.shizuoka.jp/business/nyusatsu_keiyaku/nyusatsu/kensetsu/kako.htm",""
"22203","沼津市","-5","low","企画提案方式（プロポーザル）","https://www.city.numazu.shizuoka.jp/business/proposal/",""
