municipalityCode,municipalityName,score,candidateScore,title,url,snippet
21203,高山市,23,19,"環境配慮行動促進事業補助金について",https://www.city.takayama.lg.jp/kurashi/1000024/1000130/1017857.html,"環境配慮行動促進事業補助金について｜高山市 当ホームページではjavascriptを使用しています。 javascriptの使用を有効にしなければ、一部の機能が正確に動作しない恐れがあります。お手数ですがjavascriptの使用を有効にしてください。 エンターキーを押すと、ナビゲーション部分をスキップし本文へ移動します。 サイト内検索 やさしいにほんご もとにもどす Select Language About translation "
21203,高山市,23,19,"保育職のたまご支援事業補助金のご案内",https://www.city.takayama.lg.jp/kurashi/1000019/1020166/1000113/1021680.html,"保育職のたまご支援事業補助金のご案内｜高山市 当ホームページではjavascriptを使用しています。 javascriptの使用を有効にしなければ、一部の機能が正確に動作しない恐れがあります。お手数ですがjavascriptの使用を有効にしてください。 エンターキーを押すと、ナビゲーション部分をスキップし本文へ移動します。 サイト内検索 やさしいにほんご もとにもどす Select Language About translation"
21203,高山市,23,23,"高山市東京圏からの移住支援金",https://www.city.takayama.lg.jp/shisei/1015214/1010749.html,"．支給対象者の要件 次に掲げる事項のすべてに該当すること。 高山市内の中小企業等に就業する、または高山市内で起業すること。 市内の法人、団体、個人の最低2者以上から、地域とのかかわりを有するとして推薦されていること。 岐阜県又は高山市が実施する移住定住施策への協力の意思があること。 2．地域の担い手の確保の要件 次に掲げる事項のいずれかに該当すること。 農業、林業、漁業、情報サービス業又はインターネット附随サービス業に就業又は起業する者"
21204,多治見市,23,19,"自主防災組織支援事業補助金",https://www.city.tajimi.lg.jp/kurashi_tetsuduzuki/bosai_bohan/1005897/1005931/1005937.html,"自主防災組織支援事業補助金｜多治見市公式ホームページ 当ホームページではjavascriptを使用しています。 javascriptの使用を有効にしなければ、一部の機能が正確に動作しない恐れがあります。お手数ですがjavascriptの使用を有効にしてください。 エンターキーを押すと、ナビゲーション部分をスキップし本文へ移動します。 サイトマップ Foreign language English &#31616;&#20307;&#20"
21204,多治見市,23,19,"ブロック塀等除去補助金",https://www.city.tajimi.lg.jp/kurashi_tetsuduzuki/bosai_bohan/1005897/1005931/1005938.html,"ブロック塀等除去補助金｜多治見市公式ホームページ 当ホームページではjavascriptを使用しています。 javascriptの使用を有効にしなければ、一部の機能が正確に動作しない恐れがあります。お手数ですがjavascriptの使用を有効にしてください。 エンターキーを押すと、ナビゲーション部分をスキップし本文へ移動します。 サイトマップ Foreign language English &#31616;&#20307;&#2001"
21204,多治見市,19,19,"防災行政無線戸別受信機設置事業補助金",https://www.city.tajimi.lg.jp/kurashi_tetsuduzuki/bosai_bohan/1005897/1005931/1005939.html,"防災行政無線戸別受信機設置事業補助金｜多治見市公式ホームページ 当ホームページではjavascriptを使用しています。 javascriptの使用を有効にしなければ、一部の機能が正確に動作しない恐れがあります。お手数ですがjavascriptの使用を有効にしてください。 エンターキーを押すと、ナビゲーション部分をスキップし本文へ移動します。 サイトマップ Foreign language English &#31616;&#20307"
21205,関市,19,5,"物価高騰対策事業「水道基本料金の免除」12月請求分まで延長",https://www.city.seki.lg.jp/0000022258.html,"・生活 道路・河川 農林業 雇用・就労 ごみ・リサイクル 防犯・交通安全 消防 上下水道 税金 相談・補助制度 市民参加・協働 生涯学習 スポーツ 主な施設 交通・アクセス 地理情報（GIS） オープンデータ 公示送達 子ども・教育 関市子育てガイドブック 妊娠から出産 子育て 子育てへの助成 子どもと家庭の相談 教育の支援・相談 ひとり親家庭 保育園・幼稚園 小・中・高・大学校 関市地域クラブ 健康・福祉・医療 新型コロナウイルス 健"
21201,岐阜市,15,10,"医療費助成",https://www.city.gifu.lg.jp/kenko/iryouhijosei/index.html,"ー 健康・福祉 健康・福祉 トップ 閉じる 感染症・予防接種 健診・検査 医療・薬事 介護保険 高齢者福祉 障がい福祉 後期高齢者医療制度 国民健康保険 社会福祉 健康づくり 健康相談・疾病対策 医療費助成 指導監査 生活にお困りの方 災害支援 ひきこもり相談 岐阜市くらしのガイド 岐阜市柳ケ瀬健康運動施設 ウゴクテ 観光・文化・ スポーツ 観光・文化・スポーツ トップ 閉じる 観光 イベント・講座 文化財・史跡 国際・多文化 ボランテ"
21201,岐阜市,15,12,"企業支援・産業振興・補助金",https://www.city.gifu.lg.jp/business/sangyoushinkou/index.html,"企業支援・産業振興・補助金｜岐阜市公式ホームページ-Gifu city 当ホームページではjavascriptを使用しています。 javascriptの使用を有効にしなければ、一部の機能が正確に動作しない恐れがあります。お手数ですがjavascriptの使用を有効にしてください。 エンターキーを押すと、ナビゲーション部分をスキップし本文へ移動します。 Foreign language Afrikaans Albanian Amharic"
21201,岐阜市,15,8,"補助金",https://www.city.gifu.lg.jp/info/hojokin/index.html,"補助金｜岐阜市公式ホームページ-Gifu city 当ホームページではjavascriptを使用しています。 javascriptの使用を有効にしなければ、一部の機能が正確に動作しない恐れがあります。お手数ですがjavascriptの使用を有効にしてください。 エンターキーを押すと、ナビゲーション部分をスキップし本文へ移動します。 Foreign language Afrikaans Albanian Amharic Arabic Ar"
21201,岐阜市,15,14,"岐阜市自治体マイナポイントによる生活者支援事業",https://www.city.gifu.lg.jp/info/seisaku/1006500/1025702/1039139.html,"ー 健康・福祉 健康・福祉 トップ 閉じる 感染症・予防接種 健診・検査 医療・薬事 介護保険 高齢者福祉 障がい福祉 後期高齢者医療制度 国民健康保険 社会福祉 健康づくり 健康相談・疾病対策 医療費助成 指導監査 生活にお困りの方 災害支援 ひきこもり相談 岐阜市くらしのガイド 岐阜市柳ケ瀬健康運動施設 ウゴクテ 観光・文化・ スポーツ 観光・文化・スポーツ トップ 閉じる 観光 イベント・講座 文化財・史跡 国際・多文化 ボランテ"
21201,岐阜市,15,12,"",https://www.city.gifu.lg.jp/kosodate/kosodateshien/1003680/1003684.html,"ー 健康・福祉 健康・福祉 トップ 閉じる 感染症・予防接種 健診・検査 医療・薬事 介護保険 高齢者福祉 障がい福祉 後期高齢者医療制度 国民健康保険 社会福祉 健康づくり 健康相談・疾病対策 医療費助成 指導監査 生活にお困りの方 災害支援 ひきこもり相談 岐阜市くらしのガイド 岐阜市柳ケ瀬健康運動施設 ウゴクテ 観光・文化・ スポーツ 観光・文化・スポーツ トップ 閉じる 観光 イベント・講座 文化財・史跡 国際・多文化 ボランテ"
21201,岐阜市,15,11,"夏休み親子市場見学会 抽選結果",https://www.city.gifu.lg.jp/business/nougyou/1005989/1027727/1030306.html,"ー 健康・福祉 健康・福祉 トップ 閉じる 感染症・予防接種 健診・検査 医療・薬事 介護保険 高齢者福祉 障がい福祉 後期高齢者医療制度 国民健康保険 社会福祉 健康づくり 健康相談・疾病対策 医療費助成 指導監査 生活にお困りの方 災害支援 ひきこもり相談 岐阜市くらしのガイド 岐阜市柳ケ瀬健康運動施設 ウゴクテ 観光・文化・ スポーツ 観光・文化・スポーツ トップ 閉じる 観光 イベント・講座 文化財・史跡 国際・多文化 ボランテ"
21201,岐阜市,15,11,"令和8年度岐阜市男女共同参画優良事業者を募集します！",https://www.city.gifu.lg.jp/kurashi/jinken/1003438/1003491/1039160.html,"ー 健康・福祉 健康・福祉 トップ 閉じる 感染症・予防接種 健診・検査 医療・薬事 介護保険 高齢者福祉 障がい福祉 後期高齢者医療制度 国民健康保険 社会福祉 健康づくり 健康相談・疾病対策 医療費助成 指導監査 生活にお困りの方 災害支援 ひきこもり相談 岐阜市くらしのガイド 岐阜市柳ケ瀬健康運動施設 ウゴクテ 観光・文化・ スポーツ 観光・文化・スポーツ トップ 閉じる 観光 イベント・講座 文化財・史跡 国際・多文化 ボランテ"
21203,高山市,15,14,"環境配慮事業所認証制度について",https://www.city.takayama.lg.jp/kurashi/1000024/1000130/1017921.html,"ord 97.0KB） チェックリスト（部門別） （Excel 54.0KB） Q&A （PDF 118.9KB） 申請の受付期間 申請の受付は毎年度3回で、受付期間は、1回目を4月1日から6月末日、2回目を7月1日から9月末日、3回目を10月1日から12月末日です。なお、認証の決定は、1回目を7月中、2回目を10月中、3回目を1月中を目安に実施します。 認証の有効期間 認証決定の日から3年間 実績報告 認証を受けた事業所は、毎年4月末"
21203,高山市,15,15,"保育園・幼稚園",https://www.city.takayama.lg.jp/kurashi/1000019/1020166/1000113/index.html,"令和8年度途中の入園） 保育料 延長保育 一時保育 休日保育 障がい児保育 幼稚園 幼稚園は、満3歳から小学校入学までの幼児の心身の発達を図り、集団生活に慣れさせることを目的とする教育施設です。 私立幼稚園 施設等利用給付認定について 令和元年10月から幼児教育・保育が無償化されました。無償化の対象となる幼稚園やサービスの利用にあたり、受ける必要のある認定についてご案内します。 保育士確保 保育ニーズの増加に対応するため、市全体における"
21204,多治見市,15,14,"防災士認証取得補助制度",https://www.city.tajimi.lg.jp/kurashi_tetsuduzuki/bosai_bohan/1005897/1005931/1005941.html,"域防災の担い手育成のために設けられた民間資格になります。防災士は、平時は防災に対する啓発活動、災害時には避難誘導や避難所運営などを行います。防災減災に関する知識と技能を有する方を増やすため、日本防災士機構認定資格「防災士」の資格取得について補助制度を創設します。 補助制度概要 防災士として市の防災減災活動に積極的に取り組んでいただける意思のある方に防災士認証取得費用の一部を補助します。 補助対象者 次の条件をすべて満たす方 多治見市内に"
21205,関市,15,12,"暮らしにエール商品券【第2弾】（せきpay・せきチケ）を給付します",https://www.city.seki.lg.jp/0000020774.html,"・生活 道路・河川 農林業 雇用・就労 ごみ・リサイクル 防犯・交通安全 消防 上下水道 税金 相談・補助制度 市民参加・協働 生涯学習 スポーツ 主な施設 交通・アクセス 地理情報（GIS） オープンデータ 公示送達 子ども・教育 関市子育てガイドブック 妊娠から出産 子育て 子育てへの助成 子どもと家庭の相談 教育の支援・相談 ひとり親家庭 保育園・幼稚園 小・中・高・大学校 関市地域クラブ 健康・福祉・医療 新型コロナウイルス 健"
21201,岐阜市,12,11,"子育て支援・手当・助成",https://www.city.gifu.lg.jp/kosodate/kosodateshien/index.html,"ー 健康・福祉 健康・福祉 トップ 閉じる 感染症・予防接種 健診・検査 医療・薬事 介護保険 高齢者福祉 障がい福祉 後期高齢者医療制度 国民健康保険 社会福祉 健康づくり 健康相談・疾病対策 医療費助成 指導監査 生活にお困りの方 災害支援 ひきこもり相談 岐阜市くらしのガイド 岐阜市柳ケ瀬健康運動施設 ウゴクテ 観光・文化・ スポーツ 観光・文化・スポーツ トップ 閉じる 観光 イベント・講座 文化財・史跡 国際・多文化 ボランテ"
21205,関市,12,8,"防災関係補助金",https://www.city.seki.lg.jp/bousai/category/11-7-0-0-0-0-0-0-0-0.html,"防災関係補助金 | 関市役所公式ホームページ 共通メニューなどをスキップして本文へ 関市トップページへ 文字サイズ 標準 拡大 読み上げ利用方法 読み上げ Language 日本語 English Português 中文简体 中文繁體 한국어 close やさしいにほんご 文字サイズ変更機能を利用するにはJavaScript（アクティブスクリプト）を有効にしてください。JavaScript（アクティブスクリプト） を無効のまま文字サイ"
21201,岐阜市,11,12,"",https://www.city.gifu.lg.jp/,"ー 健康・福祉 健康・福祉 トップ 閉じる 感染症・予防接種 健診・検査 医療・薬事 介護保険 高齢者福祉 障がい福祉 後期高齢者医療制度 国民健康保険 社会福祉 健康づくり 健康相談・疾病対策 医療費助成 指導監査 生活にお困りの方 災害支援 ひきこもり相談 岐阜市くらしのガイド 岐阜市柳ケ瀬健康運動施設 ウゴクテ 観光・文化・ スポーツ 観光・文化・スポーツ トップ 閉じる 観光 イベント・講座 文化財・史跡 国際・多文化 ボランテ"
21201,岐阜市,11,4,"高齢者・介護",https://www.city.gifu.lg.jp/tetsuzuki/koureisya/index.html,"ー 健康・福祉 健康・福祉 トップ 閉じる 感染症・予防接種 健診・検査 医療・薬事 介護保険 高齢者福祉 障がい福祉 後期高齢者医療制度 国民健康保険 社会福祉 健康づくり 健康相談・疾病対策 医療費助成 指導監査 生活にお困りの方 災害支援 ひきこもり相談 岐阜市くらしのガイド 岐阜市柳ケ瀬健康運動施設 ウゴクテ 観光・文化・ スポーツ 観光・文化・スポーツ トップ 閉じる 観光 イベント・講座 文化財・史跡 国際・多文化 ボランテ"
21201,岐阜市,11,12,"くらし・手続き",https://www.city.gifu.lg.jp/kurashi/index.html,"ー 健康・福祉 健康・福祉 トップ 閉じる 感染症・予防接種 健診・検査 医療・薬事 介護保険 高齢者福祉 障がい福祉 後期高齢者医療制度 国民健康保険 社会福祉 健康づくり 健康相談・疾病対策 医療費助成 指導監査 生活にお困りの方 災害支援 ひきこもり相談 岐阜市くらしのガイド 岐阜市柳ケ瀬健康運動施設 ウゴクテ 観光・文化・ スポーツ 観光・文化・スポーツ トップ 閉じる 観光 イベント・講座 文化財・史跡 国際・多文化 ボランテ"
21201,岐阜市,11,14,"健康・福祉",https://www.city.gifu.lg.jp/kenko/index.html,"ー 健康・福祉 健康・福祉 トップ 閉じる 感染症・予防接種 健診・検査 医療・薬事 介護保険 高齢者福祉 障がい福祉 後期高齢者医療制度 国民健康保険 社会福祉 健康づくり 健康相談・疾病対策 医療費助成 指導監査 生活にお困りの方 災害支援 ひきこもり相談 岐阜市くらしのガイド 岐阜市柳ケ瀬健康運動施設 ウゴクテ 観光・文化・ スポーツ 観光・文化・スポーツ トップ 閉じる 観光 イベント・講座 文化財・史跡 国際・多文化 ボランテ"
21201,岐阜市,11,4,"後期高齢者医療制度",https://www.city.gifu.lg.jp/kenko/koukikoureisya/index.html,"ー 健康・福祉 健康・福祉 トップ 閉じる 感染症・予防接種 健診・検査 医療・薬事 介護保険 高齢者福祉 障がい福祉 後期高齢者医療制度 国民健康保険 社会福祉 健康づくり 健康相談・疾病対策 医療費助成 指導監査 生活にお困りの方 災害支援 ひきこもり相談 岐阜市くらしのガイド 岐阜市柳ケ瀬健康運動施設 ウゴクテ 観光・文化・ スポーツ 観光・文化・スポーツ トップ 閉じる 観光 イベント・講座 文化財・史跡 国際・多文化 ボランテ"
21201,岐阜市,11,4,"指導監査",https://www.city.gifu.lg.jp/kenko/shidoukansa/index.html,"ー 健康・福祉 健康・福祉 トップ 閉じる 感染症・予防接種 健診・検査 医療・薬事 介護保険 高齢者福祉 障がい福祉 後期高齢者医療制度 国民健康保険 社会福祉 健康づくり 健康相談・疾病対策 医療費助成 指導監査 生活にお困りの方 災害支援 ひきこもり相談 岐阜市くらしのガイド 岐阜市柳ケ瀬健康運動施設 ウゴクテ 観光・文化・ スポーツ 観光・文化・スポーツ トップ 閉じる 観光 イベント・講座 文化財・史跡 国際・多文化 ボランテ"
21201,岐阜市,11,11,"官民連携の取組",https://www.city.gifu.lg.jp/info/seisaku/1006500/1024601/index.html,"ー 健康・福祉 健康・福祉 トップ 閉じる 感染症・予防接種 健診・検査 医療・薬事 介護保険 高齢者福祉 障がい福祉 後期高齢者医療制度 国民健康保険 社会福祉 健康づくり 健康相談・疾病対策 医療費助成 指導監査 生活にお困りの方 災害支援 ひきこもり相談 岐阜市くらしのガイド 岐阜市柳ケ瀬健康運動施設 ウゴクテ 観光・文化・ スポーツ 観光・文化・スポーツ トップ 閉じる 観光 イベント・講座 文化財・史跡 国際・多文化 ボランテ"
21201,岐阜市,11,14,"よくある質問",https://www.city.gifu.lg.jp/shitsumon/index.html,"ー 健康・福祉 健康・福祉 トップ 閉じる 感染症・予防接種 健診・検査 医療・薬事 介護保険 高齢者福祉 障がい福祉 後期高齢者医療制度 国民健康保険 社会福祉 健康づくり 健康相談・疾病対策 医療費助成 指導監査 生活にお困りの方 災害支援 ひきこもり相談 岐阜市くらしのガイド 岐阜市柳ケ瀬健康運動施設 ウゴクテ 観光・文化・ スポーツ 観光・文化・スポーツ トップ 閉じる 観光 イベント・講座 文化財・史跡 国際・多文化 ボランテ"
21201,岐阜市,11,15,"コンビニ交付サービス",https://www.city.gifu.lg.jp/kurashi/koseki/1001765/1001782.html,"ー 健康・福祉 健康・福祉 トップ 閉じる 感染症・予防接種 健診・検査 医療・薬事 介護保険 高齢者福祉 障がい福祉 後期高齢者医療制度 国民健康保険 社会福祉 健康づくり 健康相談・疾病対策 医療費助成 指導監査 生活にお困りの方 災害支援 ひきこもり相談 岐阜市くらしのガイド 岐阜市柳ケ瀬健康運動施設 ウゴクテ 観光・文化・ スポーツ 観光・文化・スポーツ トップ 閉じる 観光 イベント・講座 文化財・史跡 国際・多文化 ボランテ"
21201,岐阜市,11,11,"スマートフォン教室 受講者募集",https://www.city.gifu.lg.jp/kenko/koureisyafukushi/1004547/1029832.html,"ー 健康・福祉 健康・福祉 トップ 閉じる 感染症・予防接種 健診・検査 医療・薬事 介護保険 高齢者福祉 障がい福祉 後期高齢者医療制度 国民健康保険 社会福祉 健康づくり 健康相談・疾病対策 医療費助成 指導監査 生活にお困りの方 災害支援 ひきこもり相談 岐阜市くらしのガイド 岐阜市柳ケ瀬健康運動施設 ウゴクテ 観光・文化・ スポーツ 観光・文化・スポーツ トップ 閉じる 観光 イベント・講座 文化財・史跡 国際・多文化 ボランテ"
21201,岐阜市,11,11,"小児慢性特定疾病児童等自立支援事業について",https://www.city.gifu.lg.jp/kosodate/ninshin/1003549/1003563/1022951/1031756.html,"ー 健康・福祉 健康・福祉 トップ 閉じる 感染症・予防接種 健診・検査 医療・薬事 介護保険 高齢者福祉 障がい福祉 後期高齢者医療制度 国民健康保険 社会福祉 健康づくり 健康相談・疾病対策 医療費助成 指導監査 生活にお困りの方 災害支援 ひきこもり相談 岐阜市くらしのガイド 岐阜市柳ケ瀬健康運動施設 ウゴクテ 観光・文化・ スポーツ 観光・文化・スポーツ トップ 閉じる 観光 イベント・講座 文化財・史跡 国際・多文化 ボランテ"
21201,岐阜市,11,5,"公の施設の指定管理者の募集または申請を開始します（令和8年7月15日～）",https://www.city.gifu.lg.jp/info/kaikaku/1008553/1033924.html,"ー 健康・福祉 健康・福祉 トップ 閉じる 感染症・予防接種 健診・検査 医療・薬事 介護保険 高齢者福祉 障がい福祉 後期高齢者医療制度 国民健康保険 社会福祉 健康づくり 健康相談・疾病対策 医療費助成 指導監査 生活にお困りの方 災害支援 ひきこもり相談 岐阜市くらしのガイド 岐阜市柳ケ瀬健康運動施設 ウゴクテ 観光・文化・ スポーツ 観光・文化・スポーツ トップ 閉じる 観光 イベント・講座 文化財・史跡 国際・多文化 ボランテ"
21201,岐阜市,11,11,"子ども一日食品衛生監視員になってみませんか？",https://www.city.gifu.lg.jp/kurashi/seikatukankyo/1002661/1012276/1027721.html,"ー 健康・福祉 健康・福祉 トップ 閉じる 感染症・予防接種 健診・検査 医療・薬事 介護保険 高齢者福祉 障がい福祉 後期高齢者医療制度 国民健康保険 社会福祉 健康づくり 健康相談・疾病対策 医療費助成 指導監査 生活にお困りの方 災害支援 ひきこもり相談 岐阜市くらしのガイド 岐阜市柳ケ瀬健康運動施設 ウゴクテ 観光・文化・ スポーツ 観光・文化・スポーツ トップ 閉じる 観光 イベント・講座 文化財・史跡 国際・多文化 ボランテ"
21201,岐阜市,11,11,"岐阜市地域包括支援センター運営業務委託事業者の募集について",https://www.city.gifu.lg.jp/kenko/koureisyafukushi/1004539/1022408.html,"ー 健康・福祉 健康・福祉 トップ 閉じる 感染症・予防接種 健診・検査 医療・薬事 介護保険 高齢者福祉 障がい福祉 後期高齢者医療制度 国民健康保険 社会福祉 健康づくり 健康相談・疾病対策 医療費助成 指導監査 生活にお困りの方 災害支援 ひきこもり相談 岐阜市くらしのガイド 岐阜市柳ケ瀬健康運動施設 ウゴクテ 観光・文化・ スポーツ 観光・文化・スポーツ トップ 閉じる 観光 イベント・講座 文化財・史跡 国際・多文化 ボランテ"
21201,岐阜市,11,11,"令和8年度市民後見人養成研修",https://www.city.gifu.lg.jp/kenko/koureisyafukushi/1004539/1039853.html,"ー 健康・福祉 健康・福祉 トップ 閉じる 感染症・予防接種 健診・検査 医療・薬事 介護保険 高齢者福祉 障がい福祉 後期高齢者医療制度 国民健康保険 社会福祉 健康づくり 健康相談・疾病対策 医療費助成 指導監査 生活にお困りの方 災害支援 ひきこもり相談 岐阜市くらしのガイド 岐阜市柳ケ瀬健康運動施設 ウゴクテ 観光・文化・ スポーツ 観光・文化・スポーツ トップ 閉じる 観光 イベント・講座 文化財・史跡 国際・多文化 ボランテ"
21201,岐阜市,11,11,"「就職に不安のある方のための支援事業」を開催します",https://www.city.gifu.lg.jp/kurashi/roudou/1003362/1040029.html,"ー 健康・福祉 健康・福祉 トップ 閉じる 感染症・予防接種 健診・検査 医療・薬事 介護保険 高齢者福祉 障がい福祉 後期高齢者医療制度 国民健康保険 社会福祉 健康づくり 健康相談・疾病対策 医療費助成 指導監査 生活にお困りの方 災害支援 ひきこもり相談 岐阜市くらしのガイド 岐阜市柳ケ瀬健康運動施設 ウゴクテ 観光・文化・ スポーツ 観光・文化・スポーツ トップ 閉じる 観光 イベント・講座 文化財・史跡 国際・多文化 ボランテ"
21201,岐阜市,11,11,"世界農業遺産GIAHS鮎の日記念 「鮎のつかみどりと放流体験」(令和8年度）",https://www.city.gifu.lg.jp/kankoubunka/event/1005304/1039663.html,"ー 健康・福祉 健康・福祉 トップ 閉じる 感染症・予防接種 健診・検査 医療・薬事 介護保険 高齢者福祉 障がい福祉 後期高齢者医療制度 国民健康保険 社会福祉 健康づくり 健康相談・疾病対策 医療費助成 指導監査 生活にお困りの方 災害支援 ひきこもり相談 岐阜市くらしのガイド 岐阜市柳ケ瀬健康運動施設 ウゴクテ 観光・文化・ スポーツ 観光・文化・スポーツ トップ 閉じる 観光 イベント・講座 文化財・史跡 国際・多文化 ボランテ"
21201,岐阜市,11,11,"「エエトコタント岐阜市」冊子デザイン制作等業務委託事業者選定に係る公募型プロポーザルについて",https://www.city.gifu.lg.jp/business/nyuusatsu/1005619/1039150/1039788.html,"ー 健康・福祉 健康・福祉 トップ 閉じる 感染症・予防接種 健診・検査 医療・薬事 介護保険 高齢者福祉 障がい福祉 後期高齢者医療制度 国民健康保険 社会福祉 健康づくり 健康相談・疾病対策 医療費助成 指導監査 生活にお困りの方 災害支援 ひきこもり相談 岐阜市くらしのガイド 岐阜市柳ケ瀬健康運動施設 ウゴクテ 観光・文化・ スポーツ 観光・文化・スポーツ トップ 閉じる 観光 イベント・講座 文化財・史跡 国際・多文化 ボランテ"
21201,岐阜市,11,11,"わくわく親子セミナーの参加者募集",https://www.city.gifu.lg.jp/kosodate/kyouikuiinkai/1004008/1032139.html,"ー 健康・福祉 健康・福祉 トップ 閉じる 感染症・予防接種 健診・検査 医療・薬事 介護保険 高齢者福祉 障がい福祉 後期高齢者医療制度 国民健康保険 社会福祉 健康づくり 健康相談・疾病対策 医療費助成 指導監査 生活にお困りの方 災害支援 ひきこもり相談 岐阜市くらしのガイド 岐阜市柳ケ瀬健康運動施設 ウゴクテ 観光・文化・ スポーツ 観光・文化・スポーツ トップ 閉じる 観光 イベント・講座 文化財・史跡 国際・多文化 ボランテ"
21201,岐阜市,11,11,"子ども虐待防止啓発のための「オレンジリボン絵てがみ」を募集します",https://www.city.gifu.lg.jp/kosodate/kosodateshien/1003631/1016604.html,"ー 健康・福祉 健康・福祉 トップ 閉じる 感染症・予防接種 健診・検査 医療・薬事 介護保険 高齢者福祉 障がい福祉 後期高齢者医療制度 国民健康保険 社会福祉 健康づくり 健康相談・疾病対策 医療費助成 指導監査 生活にお困りの方 災害支援 ひきこもり相談 岐阜市くらしのガイド 岐阜市柳ケ瀬健康運動施設 ウゴクテ 観光・文化・ スポーツ 観光・文化・スポーツ トップ 閉じる 観光 イベント・講座 文化財・史跡 国際・多文化 ボランテ"
21201,岐阜市,11,5,"パートタイム会計年度任用職員（障がい者虐待防止相談）の募集について（令和8年9月1日以降採用予定）",https://www.city.gifu.lg.jp/info/jinji/1009093/1038259/1038262/1039530.html,"ー 健康・福祉 健康・福祉 トップ 閉じる 感染症・予防接種 健診・検査 医療・薬事 介護保険 高齢者福祉 障がい福祉 後期高齢者医療制度 国民健康保険 社会福祉 健康づくり 健康相談・疾病対策 医療費助成 指導監査 生活にお困りの方 災害支援 ひきこもり相談 岐阜市くらしのガイド 岐阜市柳ケ瀬健康運動施設 ウゴクテ 観光・文化・ スポーツ 観光・文化・スポーツ トップ 閉じる 観光 イベント・講座 文化財・史跡 国際・多文化 ボランテ"
21201,岐阜市,11,11,"ごみ処理有料化",https://www.city.gifu.lg.jp/info/seisaku/1006674/1038123/index.html,"ー 健康・福祉 健康・福祉 トップ 閉じる 感染症・予防接種 健診・検査 医療・薬事 介護保険 高齢者福祉 障がい福祉 後期高齢者医療制度 国民健康保険 社会福祉 健康づくり 健康相談・疾病対策 医療費助成 指導監査 生活にお困りの方 災害支援 ひきこもり相談 岐阜市くらしのガイド 岐阜市柳ケ瀬健康運動施設 ウゴクテ 観光・文化・ スポーツ 観光・文化・スポーツ トップ 閉じる 観光 イベント・講座 文化財・史跡 国際・多文化 ボランテ"
21201,岐阜市,11,5,"化学物質過敏症について",https://www.city.gifu.lg.jp/kenko/kenkousoudan/1004477/1004480/1004482.html,"ー 健康・福祉 健康・福祉 トップ 閉じる 感染症・予防接種 健診・検査 医療・薬事 介護保険 高齢者福祉 障がい福祉 後期高齢者医療制度 国民健康保険 社会福祉 健康づくり 健康相談・疾病対策 医療費助成 指導監査 生活にお困りの方 災害支援 ひきこもり相談 岐阜市くらしのガイド 岐阜市柳ケ瀬健康運動施設 ウゴクテ 観光・文化・ スポーツ 観光・文化・スポーツ トップ 閉じる 観光 イベント・講座 文化財・史跡 国際・多文化 ボランテ"
21201,岐阜市,11,11,"岐阜市ホームページ有料広告掲載の募集",https://www.city.gifu.lg.jp/info/kaikaku/1035576/1008403/1008408/1008409.html,"ー 健康・福祉 健康・福祉 トップ 閉じる 感染症・予防接種 健診・検査 医療・薬事 介護保険 高齢者福祉 障がい福祉 後期高齢者医療制度 国民健康保険 社会福祉 健康づくり 健康相談・疾病対策 医療費助成 指導監査 生活にお困りの方 災害支援 ひきこもり相談 岐阜市くらしのガイド 岐阜市柳ケ瀬健康運動施設 ウゴクテ 観光・文化・ スポーツ 観光・文化・スポーツ トップ 閉じる 観光 イベント・講座 文化財・史跡 国際・多文化 ボランテ"
21201,岐阜市,11,12,"",https://www.city.gifu.lg.jp/index.html,"ー 健康・福祉 健康・福祉 トップ 閉じる 感染症・予防接種 健診・検査 医療・薬事 介護保険 高齢者福祉 障がい福祉 後期高齢者医療制度 国民健康保険 社会福祉 健康づくり 健康相談・疾病対策 医療費助成 指導監査 生活にお困りの方 災害支援 ひきこもり相談 岐阜市くらしのガイド 岐阜市柳ケ瀬健康運動施設 ウゴクテ 観光・文化・ スポーツ 観光・文化・スポーツ トップ 閉じる 観光 イベント・講座 文化財・史跡 国際・多文化 ボランテ"
21202,大垣市,11,11,"若年単身者（学生・UJIターン）等の市営住宅入居募集について〜市営住宅コミュニティ活性化モデル事業〜",https://www.city.ogaki.lg.jp/0000067736.html,"おける地域コミュニティの活性化を目的として、自治会活動（清掃活動・除草等）へ積極的に参加していただくことを条件に、本来入居資格のない若年単身者等を対象とした入居募集を実施いたします。 本住宅は、民間のマンションやアパートと比べて家賃が比較的安価であることに加え、2DK・3DKなどゆとりのある間取りも魅力の一つとなっております。大学へも通いやすい立地にあり、学生の皆さまにも快適かつ便利にお住まいいただける住宅です。 皆さまのご入居を心より"
21203,高山市,11,11,"保育士確保の取り組み",https://www.city.takayama.lg.jp/kurashi/1000019/1020166/1000113/1012806.html,"Adobeのサイトからダウンロード（無償）してください。 Adobeのサイトへ新しいウィンドウでリンクします。 このページに関する お問い合わせ こども未来部 こども政策課 電話：0577-35-3140 ファクス：0577-35-4884 お問い合わせは専用フォームをご利用ください。 くらしの情報 こども 保育・幼児教育、託児サービス 保育園・幼稚園 幼児教育・保育の無償化 幼児教育・保育の無償化 保育園 入園基準 高山市内の保育園一"
21203,高山市,11,24,"オンライン申請等総合窓口",https://www.city.takayama.lg.jp/1005232/1015198.html,"外部リンク） 児童扶養手当の現況届 （外部リンク） 児童手当等に係る寄附の申出 （外部リンク） 児童手当等の受給資格及び児童手当の額についての認定請求 （外部リンク） 児童手当等の受給事由消滅の届出 （外部リンク） 児童手当等の氏名変更／住所変更／口座変更等の届出 （外部リンク） 児童手当等の額の改定の請求及び届出 （外部リンク） 未支払の児童手当等の請求 （外部リンク） 支給認定（保育の必要性の認定）の申請 （外部リンク） 保育施設等"
21203,高山市,11,11,"",https://www.city.takayama.lg.jp/furusatonozei/index.html,"354;&#2368; （ネパール語） Tagalog （タガログ語） Indonesia （インドネシア語） &#4119;&#4121;&#4140;&#4124;&#4144;&#4121;&#4155;&#4141;&#4143;&#4152; （ミャンマー語） Other Languages （その他の言語） 文字サイズ・配色の変更 メニュー くらしの情報 税金・ごみ・健康など 防災・防犯・消防 イベントカレンダー 市政情報 "
21203,高山市,11,3,"市民課窓口混雑状況",https://www.city.takayama.lg.jp/1019401/1019412.html,"市、国立大学法人東海国立大学機構名古屋大学、NECソリューションイノベータ株式会社との連携協定に基づき、ICTを活用したまちづくりの推進の一環として行っているものです。 このページに関する お問い合わせ 市民福祉部 市民課 電話：0577-35-3496 ファクス：0577-35-3164 お問い合わせは専用フォームをご利用ください。 注目の情報 みんかな高山 市民課窓口混雑状況 職員採用 地域おこし協力隊員の受入団体募集 こども若者オ"
21203,高山市,11,12,"市営住宅（地域対応活用）使用者の募集について",https://www.city.takayama.lg.jp/1003897/1023204.html,"めには、「Adobe（R） Reader」が必要です。お持ちでない方は、Adobeのサイトからダウンロード（無償）してください。 Adobeのサイトへ新しいウィンドウでリンクします。 このページに関する お問い合わせ 都市政策部 建築住宅課 電話：0577-35-3176 ファクス：0577-35-3168 お問い合わせは専用フォームをご利用ください。 募集 市営住宅（地域対応活用）使用者の募集について 縄文土器作り講座の募集について "
21203,高山市,11,11,"令和7年度 公募型プロポーザルの実施について（位山交流促進センターレストラン等運営業務委託）",https://www.city.takayama.lg.jp/1003897/1018389.html,"は、「Adobe（R） Reader」が必要です。お持ちでない方は、Adobeのサイトからダウンロード（無償）してください。 Adobeのサイトへ新しいウィンドウでリンクします。 このページに関する お問い合わせ 市民活動部 スポーツ推進課 電話：0577-35-3157 ファクス：0577-35-3414 お問い合わせは専用フォームをご利用ください。 募集 市営住宅（地域対応活用）使用者の募集について 縄文土器作り講座の募集について "
21203,高山市,11,11,"市営住宅9月末入居者募集",https://www.city.takayama.lg.jp/1003897/1023582.html,"、本庁にて抽選を行います。 注意事項 家賃とは別に共益費、駐車場使用料などが必要となる場合があります。 町内会等の自治会には原則加入してください。 関連情報 赤保木団地 市営住宅一覧 このページに関する お問い合わせ 都市政策部 建築住宅課 電話：0577-35-3176 ファクス：0577-35-3168 お問い合わせは専用フォームをご利用ください。 募集 市営住宅（地域対応活用）使用者の募集について 縄文土器作り講座の募集について "
21203,高山市,11,8,"助成制度",https://www.city.takayama.lg.jp/kurashi/1000024/1000130/1001311/index.html,"ndonesia （インドネシア語） &#4119;&#4121;&#4140;&#4124;&#4144;&#4121;&#4155;&#4141;&#4143;&#4152; （ミャンマー語） Other Languages （その他の言語） 文字サイズ・配色の変更 メニュー くらしの情報 税金・ごみ・健康など 防災・防犯・消防 イベントカレンダー 市政情報 予算決算・統計・採用など 施設情報 公園・スポーツ施設など 助成・補助制度"
21203,高山市,11,8,"生涯学習",https://www.city.takayama.lg.jp/kurashi/1000021/1000118/index.html,"術活動の成果を発表する場として毎年11月に開催しています。 映画「国宝」高山市特別上映会を開催【チケット完売】 今、話題の映画「国宝」の高山市特別上映会を開催します。高山市出身の舞踊家谷口裕和氏が出演者の振付（舞踊指導）を務められた作品です。市民の心の豊かさを創出するため、市民が気軽に文化芸術に触れられる機会を提供する市民文化芸術鑑賞事業として実施します。 飛騨高山臥龍桜日本画大賞展 本公募展は第28回（令和3年度）をもって終了しました"
21203,高山市,11,3,"保育士ねっと",https://www.city.takayama.lg.jp/kurashi/1000019/1020166/1000113/1000742.html,"Adobeのサイトからダウンロード（無償）してください。 Adobeのサイトへ新しいウィンドウでリンクします。 このページに関する お問い合わせ こども未来部 こども政策課 電話：0577-35-3140 ファクス：0577-35-4884 お問い合わせは専用フォームをご利用ください。 くらしの情報 こども 保育・幼児教育、託児サービス 保育園・幼稚園 幼児教育・保育の無償化 幼児教育・保育の無償化 保育園 入園基準 高山市内の保育園一"
21203,高山市,11,5,"保育の必要量の認定",https://www.city.takayama.lg.jp/kurashi/1000019/1020166/1000113/1005836.html,"日8時間以内 通常の保育時間（午前8時から午後4時）の前後から保育が必要となる場合、保育標準時間認定とします。 このページに関する お問い合わせ こども未来部 こども政策課 電話：0577-35-3140 ファクス：0577-35-4884 お問い合わせは専用フォームをご利用ください。 くらしの情報 こども 保育・幼児教育、託児サービス 保育園・幼稚園 幼児教育・保育の無償化 幼児教育・保育の無償化 保育園 入園基準 高山市内の保育園一"
21203,高山市,11,15,"保育料",https://www.city.takayama.lg.jp/kurashi/1000019/1020166/1000113/1005270.html,"Adobeのサイトからダウンロード（無償）してください。 Adobeのサイトへ新しいウィンドウでリンクします。 このページに関する お問い合わせ こども未来部 こども政策課 電話：0577-35-3140 ファクス：0577-35-4884 お問い合わせは専用フォームをご利用ください。 くらしの情報 こども 保育・幼児教育、託児サービス 保育園・幼稚園 幼児教育・保育の無償化 幼児教育・保育の無償化 保育園 入園基準 高山市内の保育園一"
21203,高山市,11,5,"一時保育",https://www.city.takayama.lg.jp/kurashi/1000019/1020166/1000113/1000752.html,"こま草保育園 清見保育園 荘川保育園 宮保育園 久々野保育園 朝日保育園 こくふ保育園 本郷保育園 栃尾保育園 このページに関する お問い合わせ こども未来部 こども政策課 電話：0577-35-3140 ファクス：0577-35-4884 お問い合わせは専用フォームをご利用ください。 くらしの情報 こども 保育・幼児教育、託児サービス 保育園・幼稚園 幼児教育・保育の無償化 幼児教育・保育の無償化 保育園 入園基準 高山市内の保育園一"
21203,高山市,11,11,"休日保育",https://www.city.takayama.lg.jp/kurashi/1000019/1020166/1000113/1000753.html,"し込みはこのフォームではできませんので、直接、岡本保育園までご相談ください。（電話:0577-32-4139） このページに関する お問い合わせ こども未来部 こども政策課 電話：0577-35-3140 ファクス：0577-35-4884 お問い合わせは専用フォームをご利用ください。 くらしの情報 こども 保育・幼児教育、託児サービス 保育園・幼稚園 幼児教育・保育の無償化 幼児教育・保育の無償化 保育園 入園基準 高山市内の保育園一"
21203,高山市,11,12,"施設等利用給付認定について",https://www.city.takayama.lg.jp/kurashi/1000019/1020166/1000113/1011689.html,"Adobeのサイトからダウンロード（無償）してください。 Adobeのサイトへ新しいウィンドウでリンクします。 このページに関する お問い合わせ こども未来部 こども政策課 電話：0577-35-3140 ファクス：0577-35-4884 お問い合わせは専用フォームをご利用ください。 くらしの情報 こども 保育・幼児教育、託児サービス 保育園・幼稚園 幼児教育・保育の無償化 幼児教育・保育の無償化 保育園 入園基準 高山市内の保育園一"
21203,高山市,11,14,"消防",https://www.city.takayama.lg.jp/kurashi/1000013/1000082/index.html,"の組織 高山市消防本部 高山消防署 高山消防署 大野分署 高山消防署 国府分署 高山消防署 上宝分署 高山消防署 丹生川出張所 高山消防署 清見出張所 高山消防署 荘川出張所 高山消防署 白川出張所 所在地 ご紹介 AED（除細動器） 消火栓・防火水槽 車両の種類 資機材の種類 消防の服装 救急救命士 生命の星 消防署の一日（消防隊） 消防署の一日（救急隊） 119番通報（通信指令室） 119番通報のしかた スマートフォンなどから自動で"
21203,高山市,11,11,"証明書のオンライン申請",https://www.city.takayama.lg.jp/kurashi/1000014/1018332.html,"43;&#4152; （ミャンマー語） Other Languages （その他の言語） 文字サイズ・配色の変更 メニュー くらしの情報 税金・ごみ・健康など 防災・防犯・消防 イベントカレンダー 市政情報 予算決算・統計・採用など 施設情報 公園・スポーツ施設など 助成・補助制度 閉じる 現在位置： トップページ > くらしの情報 > 届出・証明 > 証明書のオンライン申請 ここから本文です。 証明書のオンライン申請 ページ番号 T1"
21203,高山市,11,18,"障がい者福祉",https://www.city.takayama.lg.jp/kurashi/1000017/1000099/index.html,"#2368; （ネパール語） Tagalog （タガログ語） Indonesia （インドネシア語） &#4119;&#4121;&#4140;&#4124;&#4144;&#4121;&#4155;&#4141;&#4143;&#4152; （ミャンマー語） Other Languages （その他の言語） 文字サイズ・配色の変更 メニュー くらしの情報 税金・ごみ・健康など 防災・防犯・消防 イベントカレンダー 市政情報 予算決算・"
21203,高山市,11,15,"介護保険事業者の皆さまへ",https://www.city.takayama.lg.jp/kurashi/1000017/1010535/index.html,"ages （その他の言語） 文字サイズ・配色の変更 メニュー くらしの情報 税金・ごみ・健康など 防災・防犯・消防 イベントカレンダー 市政情報 予算決算・統計・採用など 施設情報 公園・スポーツ施設など 助成・補助制度 閉じる 現在位置： トップページ > くらしの情報 > 福祉・介護保険 > 介護保険事業者の皆さまへ ここから本文です。 介護保険事業者の皆さまへ 電子申請・届出システムによる新規申請・変更届出等の受付について 地域密"
21204,多治見市,11,8,"中京学院大学キャンパスの多治見市移転一元化",https://www.city.tajimi.lg.jp/shisei/shisaku_keikaku/1007343/1007347/index.html,"興 企業誘致 起業・企業支援 労働・就労支援 事業者向け情報 市政情報 市政情報 トップ 閉じる 市の概要・アクセス 組織・業務案内 市長の部屋 施策・計画 条例・規則・制度 広報 広聴 審議会・協議会・委員会 財政 市議会 職員・採用 選挙 統計・調査 申請書ダウンロード 関連機関等リンク集 監査委員 固定資産評価審査委員会 公平委員会 現在の位置： トップページ > 市政情報 > 施策・計画 > 広域行政、産官学連携 > 中京学院大"
21204,多治見市,11,8,"多治見市モザイクタイルミュージアム",https://www.city.tajimi.lg.jp/kanko_bunka_sports/kankyo/1009187/1006688.html,"いたします。 なお、施設は通常通り営業しております。 【お問い合わせ】 電話：0572-43-5101 Instagram：＠mosaictile.museum ご利用の皆様にはご不便、ご迷惑をおかけしますことをお詫び申し上げます。 多治見市モザイクタイルミュージアムについて 多治見市と旧笠原町の合併（平成18年1月23日）に伴い、『新市建設計画』及び『第6次多治見市総合計画』で事業化され整備を進めてきた施設で、平成28年6月4日に開館"
21204,多治見市,11,11,"マイナンバーカードを夜間・休日に受け取れます",https://www.city.tajimi.lg.jp/kurashi_tetsuduzuki/mynumber/1005217/1005221.html," 開庁時間外の個人番号カードの交付窓口を開設しています。日中の来庁が難しい方は、電話もしくは、予約システムで、 必ず予約の上 ご利用ください。 受取日時 夜間交付スケジュール 次の木曜日は、19時00分まで時間を延長します。 8月13日 ※7月はシステム改修のため、夜間交付は行いません。 詳しくは予約システムをご覧ください。 マイナンバーカード交付予約 （外部リンク） 休日交付スケジュール 令和8年7月18日（土曜日）8時45分～12時"
21204,多治見市,11,15,"コンビ二交付サービス",https://www.city.tajimi.lg.jp/kurashi_tetsuduzuki/koseki_jumin_ryoken/1005236/1005243.html,"きないなど、さまざまな条件があります。 住所や氏名などの文字数が多い方はコンビニで証明書を取得できないことがあります。 その場合は窓口等で申請してください。 多治見市の戸籍を取得する場合で、他市区町村に住民登録がある方は、事前登録申請（本籍地証明交付サービスの利用登録申請）が必要です（利用可能になるまで数日間かかります）。事前登録申請はコンビニ等のマルチコピー機（コンビニ交付の機械）で行うことができます。 戸籍届出（婚姻、離婚、出生、死"
21204,多治見市,11,14,"地方創生臨時交付金",https://www.city.tajimi.lg.jp/shisei/shisaku_keikaku/1007310.html,"管理の徹底、ポストコロナ社会を見据えた成長・分配の実現及びコロナ禍において物価高騰等に直面する生活困窮者等への支援を通じた地方創生を図ることを目的とした国から交付される交付金です。 新型コロナウイルス感染症対応地方創生臨時交付金（内閣官房・内閣府総合サイト） （外部リンク） 実施状況及び効果検証 令和2年度実施状況及び効果検証 （PDF 688.0 KB） 令和3年度実施状況及び効果検証 （PDF 440.7 KB） 令和4年度実施状況"
21204,多治見市,11,5,"要配慮者利用施設における避難確保計画の作成",https://www.city.tajimi.lg.jp/kurashi_tetsuduzuki/bosai_bohan/1005897/1005927/1005930.html," エンターキーを押すと、ナビゲーション部分をスキップし本文へ移動します。 サイトマップ Foreign language English &#31616;&#20307;&#20013;&#25991; &#32321;&#39636;&#20013;&#25991; &#54620;&#44397;&#50612; Português &#84;&#105;&#7871;&#110;&#103;&#32;&#86;&#105;&#78"
21204,多治見市,11,6,"市の防災対策・補助",https://www.city.tajimi.lg.jp/kurashi_tetsuduzuki/bosai_bohan/1005897/1005931/index.html,"ビジネス トップ 閉じる 入札・契約 農業 林業 産業振興 企業誘致 起業・企業支援 労働・就労支援 事業者向け情報 市政情報 市政情報 トップ 閉じる 市の概要・アクセス 組織・業務案内 市長の部屋 施策・計画 条例・規則・制度 広報 広聴 審議会・協議会・委員会 財政 市議会 職員・採用 選挙 統計・調査 申請書ダウンロード 関連機関等リンク集 監査委員 固定資産評価審査委員会 公平委員会 現在の位置： トップページ > 暮らし・手"
21204,多治見市,11,14,"コミュニティ助成事業（地域防災組織育成助成事業）",https://www.city.tajimi.lg.jp/kurashi_tetsuduzuki/bosai_bohan/1005897/1005931/1009307.html,"ーのホームページをご覧ください。 自治総合センターのホームページ （外部リンク） 申請される場合は、事前に企画防災課にご相談ください。 また、助成の決定は自治総合センターが行いますので、申請内容が基準を満たしていても助成を受けられないこともあります。ご了承ください。 このページに関する お問い合わせ 企画部 危機管理課 危機管理グループ 〒507-8703 多治見市日ノ出町2丁目15番地 電話：0572-22-1378 内線：1414、"
21205,関市,11,6,"農林業",https://www.city.seki.lg.jp/category/4-37-0-0-0-0-0-0-0-0.html,"・生活 道路・河川 農林業 雇用・就労 ごみ・リサイクル 防犯・交通安全 消防 上下水道 税金 相談・補助制度 市民参加・協働 生涯学習 スポーツ 主な施設 交通・アクセス 地理情報（GIS） オープンデータ 公示送達 子ども・教育 関市子育てガイドブック 妊娠から出産 子育て 子育てへの助成 子どもと家庭の相談 教育の支援・相談 ひとり親家庭 保育園・幼稚園 小・中・高・大学校 関市地域クラブ 健康・福祉・医療 新型コロナウイルス 健"
21205,関市,11,14,"民間提案制度による未利用市有財産の利活用者募集",https://www.city.seki.lg.jp/0000022389.html,"・生活 道路・河川 農林業 雇用・就労 ごみ・リサイクル 防犯・交通安全 消防 上下水道 税金 相談・補助制度 市民参加・協働 生涯学習 スポーツ 主な施設 交通・アクセス 地理情報（GIS） オープンデータ 公示送達 子ども・教育 関市子育てガイドブック 妊娠から出産 子育て 子育てへの助成 子どもと家庭の相談 教育の支援・相談 ひとり親家庭 保育園・幼稚園 小・中・高・大学校 関市地域クラブ 健康・福祉・医療 新型コロナウイルス 健"
21205,関市,11,5,"R8 介護のお仕事相談会",https://www.city.seki.lg.jp/0000023178.html,"・生活 道路・河川 農林業 雇用・就労 ごみ・リサイクル 防犯・交通安全 消防 上下水道 税金 相談・補助制度 市民参加・協働 生涯学習 スポーツ 主な施設 交通・アクセス 地理情報（GIS） オープンデータ 公示送達 子ども・教育 関市子育てガイドブック 妊娠から出産 子育て 子育てへの助成 子どもと家庭の相談 教育の支援・相談 ひとり親家庭 保育園・幼稚園 小・中・高・大学校 関市地域クラブ 健康・福祉・医療 新型コロナウイルス 健"
21205,関市,11,6,"農業関連情報",https://www.city.seki.lg.jp/category/4-37-1-0-0-0-0-0-0-0.html,"・生活 道路・河川 農林業 雇用・就労 ごみ・リサイクル 防犯・交通安全 消防 上下水道 税金 相談・補助制度 市民参加・協働 生涯学習 スポーツ 主な施設 交通・アクセス 地理情報（GIS） オープンデータ 公示送達 子ども・教育 関市子育てガイドブック 妊娠から出産 子育て 子育てへの助成 子どもと家庭の相談 教育の支援・相談 ひとり親家庭 保育園・幼稚園 小・中・高・大学校 関市地域クラブ 健康・福祉・医療 新型コロナウイルス 健"
21201,岐阜市,9,11,"ふるさと納税返礼品情報",https://www.city.gifu.lg.jp/info/kouhou/1008368/1018107/1008514.html,"ー 健康・福祉 健康・福祉 トップ 閉じる 感染症・予防接種 健診・検査 医療・薬事 介護保険 高齢者福祉 障がい福祉 後期高齢者医療制度 国民健康保険 社会福祉 健康づくり 健康相談・疾病対策 医療費助成 指導監査 生活にお困りの方 災害支援 ひきこもり相談 岐阜市くらしのガイド 岐阜市柳ケ瀬健康運動施設 ウゴクテ 観光・文化・ スポーツ 観光・文化・スポーツ トップ 閉じる 観光 イベント・講座 文化財・史跡 国際・多文化 ボランテ"
21201,岐阜市,8,5,"中央卸売市場 市況・公表事項",https://www.city.gifu.lg.jp/business/nougyou/1005989/1027727/1027750.html,"ー 健康・福祉 健康・福祉 トップ 閉じる 感染症・予防接種 健診・検査 医療・薬事 介護保険 高齢者福祉 障がい福祉 後期高齢者医療制度 国民健康保険 社会福祉 健康づくり 健康相談・疾病対策 医療費助成 指導監査 生活にお困りの方 災害支援 ひきこもり相談 岐阜市くらしのガイド 岐阜市柳ケ瀬健康運動施設 ウゴクテ 観光・文化・ スポーツ 観光・文化・スポーツ トップ 閉じる 観光 イベント・講座 文化財・史跡 国際・多文化 ボランテ"
21201,岐阜市,8,3,"メンタルヘルスチェックシステム「こころの体温計」",https://www.city.gifu.lg.jp/kenko/kenkousoudan/1004485/1004504/1004505.html,"ー 健康・福祉 健康・福祉 トップ 閉じる 感染症・予防接種 健診・検査 医療・薬事 介護保険 高齢者福祉 障がい福祉 後期高齢者医療制度 国民健康保険 社会福祉 健康づくり 健康相談・疾病対策 医療費助成 指導監査 生活にお困りの方 災害支援 ひきこもり相談 岐阜市くらしのガイド 岐阜市柳ケ瀬健康運動施設 ウゴクテ 観光・文化・ スポーツ 観光・文化・スポーツ トップ 閉じる 観光 イベント・講座 文化財・史跡 国際・多文化 ボランテ"
21201,岐阜市,8,3,"認知症のチェックをしませんか？",https://www.city.gifu.lg.jp/kenko/koureisyafukushi/1004584/1004585.html,"ー 健康・福祉 健康・福祉 トップ 閉じる 感染症・予防接種 健診・検査 医療・薬事 介護保険 高齢者福祉 障がい福祉 後期高齢者医療制度 国民健康保険 社会福祉 健康づくり 健康相談・疾病対策 医療費助成 指導監査 生活にお困りの方 災害支援 ひきこもり相談 岐阜市くらしのガイド 岐阜市柳ケ瀬健康運動施設 ウゴクテ 観光・文化・ スポーツ 観光・文化・スポーツ トップ 閉じる 観光 イベント・講座 文化財・史跡 国際・多文化 ボランテ"
21201,岐阜市,8,15,"岐阜市LINE公式アカウント",https://www.city.gifu.lg.jp/info/kouhou/1035104/1008388/1008392.html,"ー 健康・福祉 健康・福祉 トップ 閉じる 感染症・予防接種 健診・検査 医療・薬事 介護保険 高齢者福祉 障がい福祉 後期高齢者医療制度 国民健康保険 社会福祉 健康づくり 健康相談・疾病対策 医療費助成 指導監査 生活にお困りの方 災害支援 ひきこもり相談 岐阜市くらしのガイド 岐阜市柳ケ瀬健康運動施設 ウゴクテ 観光・文化・ スポーツ 観光・文化・スポーツ トップ 閉じる 観光 イベント・講座 文化財・史跡 国際・多文化 ボランテ"
21201,岐阜市,8,11,"自動運転バス「GIFU HEART BUS」5年間の継続運行中！",https://www.city.gifu.lg.jp/kurashi/douro/1002587/1023154/1023168.html,"ー 健康・福祉 健康・福祉 トップ 閉じる 感染症・予防接種 健診・検査 医療・薬事 介護保険 高齢者福祉 障がい福祉 後期高齢者医療制度 国民健康保険 社会福祉 健康づくり 健康相談・疾病対策 医療費助成 指導監査 生活にお困りの方 災害支援 ひきこもり相談 岐阜市くらしのガイド 岐阜市柳ケ瀬健康運動施設 ウゴクテ 観光・文化・ スポーツ 観光・文化・スポーツ トップ 閉じる 観光 イベント・講座 文化財・史跡 国際・多文化 ボランテ"
21201,岐阜市,8,4,"元気なぎふ応援寄附金について",https://www.city.gifu.lg.jp/info/hurusato/1008504.html,"ー 健康・福祉 健康・福祉 トップ 閉じる 感染症・予防接種 健診・検査 医療・薬事 介護保険 高齢者福祉 障がい福祉 後期高齢者医療制度 国民健康保険 社会福祉 健康づくり 健康相談・疾病対策 医療費助成 指導監査 生活にお困りの方 災害支援 ひきこもり相談 岐阜市くらしのガイド 岐阜市柳ケ瀬健康運動施設 ウゴクテ 観光・文化・ スポーツ 観光・文化・スポーツ トップ 閉じる 観光 イベント・講座 文化財・史跡 国際・多文化 ボランテ"
21203,高山市,8,11,"",https://www.city.takayama.lg.jp/kurashi/1000024/1000130/1023776/index.html,"577-35-3533 ファクス：0577-35-3169 お問い合わせは専用フォームをご利用ください。 くらしの情報 ごみ・リサイクル・環境 環境 第10回『山の日』記念全国大会 岐阜in 飛騨高山 フリーマーケット 寄せ植え講習会 白山ユネスコエコパーク 飛騨山脈ジオパーク構想 特定外来生物防除について 特定外来生物防除講習会 御嶽山の国定公園指定について 環境に関する測定結果 環境配慮事業所認証制度について 「乗鞍山麓五色ヶ原の森"
21203,高山市,8,6,"環境",https://www.city.takayama.lg.jp/kurashi/1000024/1000130/index.html,"念全国大会 岐阜in 飛騨高山 この大会は、山について楽しみながら学び、岐阜の山や自然の魅力を実感し、ここでしかない体験ができるイベントです。当日は記念式典に併せて「歓迎フェスティバル」を開催します。 フリーマーケット 寄せ植え講習会 白山ユネスコエコパーク 飛騨山脈ジオパーク構想 特定外来生物防除について 特定外来生物防除講習会 御嶽山の国定公園指定について 環境に関する測定結果 環境配慮事業所認証制度について 「乗鞍山麓五色ヶ原の森"
21203,高山市,8,8,"特定外来生物防除について",https://www.city.takayama.lg.jp/kurashi/1000024/1000130/1008502.html,"577-35-3533 ファクス：0577-35-3169 お問い合わせは専用フォームをご利用ください。 くらしの情報 ごみ・リサイクル・環境 環境 第10回『山の日』記念全国大会 岐阜in 飛騨高山 フリーマーケット 寄せ植え講習会 白山ユネスコエコパーク 飛騨山脈ジオパーク構想 特定外来生物防除について 特定外来生物防除講習会 御嶽山の国定公園指定について 環境に関する測定結果 環境配慮事業所認証制度について 「乗鞍山麓五色ヶ原の森"
21203,高山市,8,5,"外来種や貴重な動植物に関する情報をご提供ください！",https://www.city.takayama.lg.jp/kurashi/1000024/1000130/1010109.html,"577-35-3533 ファクス：0577-35-3169 お問い合わせは専用フォームをご利用ください。 くらしの情報 ごみ・リサイクル・環境 環境 第10回『山の日』記念全国大会 岐阜in 飛騨高山 フリーマーケット 寄せ植え講習会 白山ユネスコエコパーク 飛騨山脈ジオパーク構想 特定外来生物防除について 特定外来生物防除講習会 御嶽山の国定公園指定について 環境に関する測定結果 環境配慮事業所認証制度について 「乗鞍山麓五色ヶ原の森"
21203,高山市,8,11,"騒音規制法及び振動規制法に係る届出について",https://www.city.takayama.lg.jp/kurashi/1000024/1000130/1001260.html,"577-35-3138 ファクス：0577-35-3169 お問い合わせは専用フォームをご利用ください。 くらしの情報 ごみ・リサイクル・環境 環境 第10回『山の日』記念全国大会 岐阜in 飛騨高山 フリーマーケット 寄せ植え講習会 白山ユネスコエコパーク 飛騨山脈ジオパーク構想 特定外来生物防除について 特定外来生物防除講習会 御嶽山の国定公園指定について 環境に関する測定結果 環境配慮事業所認証制度について 「乗鞍山麓五色ヶ原の森"
21203,高山市,8,3,"焼却炉の基準",https://www.city.takayama.lg.jp/kurashi/1000024/1000130/1001291.html,"577-35-3138 ファクス：0577-35-3169 お問い合わせは専用フォームをご利用ください。 くらしの情報 ごみ・リサイクル・環境 環境 第10回『山の日』記念全国大会 岐阜in 飛騨高山 フリーマーケット 寄せ植え講習会 白山ユネスコエコパーク 飛騨山脈ジオパーク構想 特定外来生物防除について 特定外来生物防除講習会 御嶽山の国定公園指定について 環境に関する測定結果 環境配慮事業所認証制度について 「乗鞍山麓五色ヶ原の森"
21203,高山市,8,3,"水路に関する各種手続き",https://www.city.takayama.lg.jp/kurashi/1000024/1000130/1004072.html,"577-35-3340 ファクス：0577-35-3168 お問い合わせは専用フォームをご利用ください。 くらしの情報 ごみ・リサイクル・環境 環境 第10回『山の日』記念全国大会 岐阜in 飛騨高山 フリーマーケット 寄せ植え講習会 白山ユネスコエコパーク 飛騨山脈ジオパーク構想 特定外来生物防除について 特定外来生物防除講習会 御嶽山の国定公園指定について 環境に関する測定結果 環境配慮事業所認証制度について 「乗鞍山麓五色ヶ原の森"
21203,高山市,8,3,"マイマイガ発生への対応について",https://www.city.takayama.lg.jp/kurashi/1000024/1000130/1001294.html,"577-35-3533 ファクス：0577-35-3169 お問い合わせは専用フォームをご利用ください。 くらしの情報 ごみ・リサイクル・環境 環境 第10回『山の日』記念全国大会 岐阜in 飛騨高山 フリーマーケット 寄せ植え講習会 白山ユネスコエコパーク 飛騨山脈ジオパーク構想 特定外来生物防除について 特定外来生物防除講習会 御嶽山の国定公園指定について 環境に関する測定結果 環境配慮事業所認証制度について 「乗鞍山麓五色ヶ原の森"
21203,高山市,8,5,"保育・幼児教育、託児サービス",https://www.city.takayama.lg.jp/kurashi/1000019/1020166/index.html,"保育・幼児教育、託児サービス｜高山市 当ホームページではjavascriptを使用しています。 javascriptの使用を有効にしなければ、一部の機能が正確に動作しない恐れがあります。お手数ですがjavascriptの使用を有効にしてください。 エンターキーを押すと、ナビゲーション部分をスキップし本文へ移動します。 サイト内検索 やさしいにほんご もとにもどす Select Language About translation Eng"
21203,高山市,8,10,"防災",https://www.city.takayama.lg.jp/kurashi/1000013/1000080/index.html,"利用施設における避難確保計画の作成等について 災害に備えて 高山市の指定避難所 防災備蓄について たかやま防災クイズ 耐震診断・耐震改修に対する助成制度 避難行動要支援者名簿の登録 高山市が締結する災害時応援協定 高山市ハザードマップ ハザードマップ わがまち防災マップ 自主防災組織 自主防災組織とは 各組織の関係性について 各組織の役割（例） 自助（各家庭で実施・自主防災組織で支援） 共助（自主防災組織で実施） 自主防災組織運営に携わ"
21203,高山市,8,6,"防犯",https://www.city.takayama.lg.jp/kurashi/1000013/1000081/index.html,"Indonesia （インドネシア語） &#4119;&#4121;&#4140;&#4124;&#4144;&#4121;&#4155;&#4141;&#4143;&#4152; （ミャンマー語） Other Languages （その他の言語） 文字サイズ・配色の変更 メニュー くらしの情報 税金・ごみ・健康など 防災・防犯・消防 イベントカレンダー 市政情報 予算決算・統計・採用など 施設情報 公園・スポーツ施設など 助成・補助制"
21203,高山市,8,13,"こども",https://www.city.takayama.lg.jp/kurashi/1006064/1006074/index.html,"イズ・配色の変更 メニュー くらしの情報 税金・ごみ・健康など 防災・防犯・消防 イベントカレンダー 市政情報 予算決算・統計・採用など 施設情報 公園・スポーツ施設など 助成・補助制度 閉じる 現在位置： トップページ > くらしの情報 > 助成・補助制度 > こども ここから本文です。 こども 妊婦さんへの交通費及び出産前宿泊費の助成 不妊治療（人工授精）の助成 不妊治療費（生殖補助医療）の助成 不妊治療受診にかかる交通費を助成しま"
21203,高山市,8,10,"福祉",https://www.city.takayama.lg.jp/kurashi/1006064/1006071/index.html,";&#2366;&#2354;&#2368; （ネパール語） Tagalog （タガログ語） Indonesia （インドネシア語） &#4119;&#4121;&#4140;&#4124;&#4144;&#4121;&#4155;&#4141;&#4143;&#4152; （ミャンマー語） Other Languages （その他の言語） 文字サイズ・配色の変更 メニュー くらしの情報 税金・ごみ・健康など 防災・防犯・消防 イベント"
21203,高山市,8,10,"教育",https://www.city.takayama.lg.jp/kurashi/1006064/1006105/index.html,"344;&#2375;&#2346;&#2366;&#2354;&#2368; （ネパール語） Tagalog （タガログ語） Indonesia （インドネシア語） &#4119;&#4121;&#4140;&#4124;&#4144;&#4121;&#4155;&#4141;&#4143;&#4152; （ミャンマー語） Other Languages （その他の言語） 文字サイズ・配色の変更 メニュー くらしの情報 税金・ごみ・健"
21203,高山市,8,7,"住まい",https://www.city.takayama.lg.jp/kurashi/1006064/1006088/index.html,";&#2346;&#2366;&#2354;&#2368; （ネパール語） Tagalog （タガログ語） Indonesia （インドネシア語） &#4119;&#4121;&#4140;&#4124;&#4144;&#4121;&#4155;&#4141;&#4143;&#4152; （ミャンマー語） Other Languages （その他の言語） 文字サイズ・配色の変更 メニュー くらしの情報 税金・ごみ・健康など 防災・防犯・"
21203,高山市,8,9,"環境",https://www.city.takayama.lg.jp/kurashi/1006064/1006085/index.html,"46;&#2366;&#2354;&#2368; （ネパール語） Tagalog （タガログ語） Indonesia （インドネシア語） &#4119;&#4121;&#4140;&#4124;&#4144;&#4121;&#4155;&#4141;&#4143;&#4152; （ミャンマー語） Other Languages （その他の言語） 文字サイズ・配色の変更 メニュー くらしの情報 税金・ごみ・健康など 防災・防犯・消防 イベ"
21203,高山市,8,6,"景観",https://www.city.takayama.lg.jp/kurashi/1006064/1006098/index.html,"4;&#2375;&#2346;&#2366;&#2354;&#2368; （ネパール語） Tagalog （タガログ語） Indonesia （インドネシア語） &#4119;&#4121;&#4140;&#4124;&#4144;&#4121;&#4155;&#4141;&#4143;&#4152; （ミャンマー語） Other Languages （その他の言語） 文字サイズ・配色の変更 メニュー くらしの情報 税金・ごみ・健康な"
21203,高山市,8,15,"商工業",https://www.city.takayama.lg.jp/kurashi/1006064/1019372/index.html,"375;&#2346;&#2366;&#2354;&#2368; （ネパール語） Tagalog （タガログ語） Indonesia （インドネシア語） &#4119;&#4121;&#4140;&#4124;&#4144;&#4121;&#4155;&#4141;&#4143;&#4152; （ミャンマー語） Other Languages （その他の言語） 文字サイズ・配色の変更 メニュー くらしの情報 税金・ごみ・健康など 防災・"
21203,高山市,8,9,"畜産",https://www.city.takayama.lg.jp/kurashi/1006064/1010724/index.html,";&#2366;&#2354;&#2368; （ネパール語） Tagalog （タガログ語） Indonesia （インドネシア語） &#4119;&#4121;&#4140;&#4124;&#4144;&#4121;&#4155;&#4141;&#4143;&#4152; （ミャンマー語） Other Languages （その他の言語） 文字サイズ・配色の変更 メニュー くらしの情報 税金・ごみ・健康など 防災・防犯・消防 イベント"
21203,高山市,8,6,"文化・スポーツ・市民活動",https://www.city.takayama.lg.jp/kurashi/1006064/1006069/index.html,"&#2366;&#2354;&#2368; （ネパール語） Tagalog （タガログ語） Indonesia （インドネシア語） &#4119;&#4121;&#4140;&#4124;&#4144;&#4121;&#4155;&#4141;&#4143;&#4152; （ミャンマー語） Other Languages （その他の言語） 文字サイズ・配色の変更 メニュー くらしの情報 税金・ごみ・健康など 防災・防犯・消防 イベントカ"
21203,高山市,8,6,"交通・道路",https://www.city.takayama.lg.jp/kurashi/1006064/1008423/index.html,"#2346;&#2366;&#2354;&#2368; （ネパール語） Tagalog （タガログ語） Indonesia （インドネシア語） &#4119;&#4121;&#4140;&#4124;&#4144;&#4121;&#4155;&#4141;&#4143;&#4152; （ミャンマー語） Other Languages （その他の言語） 文字サイズ・配色の変更 メニュー くらしの情報 税金・ごみ・健康など 防災・防犯・消防"
21203,高山市,8,6,"健康づくり",https://www.city.takayama.lg.jp/kurashi/1000016/1000091/index.html,"#4121;&#4155;&#4141;&#4143;&#4152; （ミャンマー語） Other Languages （その他の言語） 文字サイズ・配色の変更 メニュー くらしの情報 税金・ごみ・健康など 防災・防犯・消防 イベントカレンダー 市政情報 予算決算・統計・採用など 施設情報 公園・スポーツ施設など 助成・補助制度 閉じる 現在位置： トップページ > くらしの情報 > 健康・医療・保健 > 健康づくり ここから本文です。"
21203,高山市,8,6,"福祉医療",https://www.city.takayama.lg.jp/kurashi/1000017/1000100/index.html,"344;&#2375;&#2346;&#2366;&#2354;&#2368; （ネパール語） Tagalog （タガログ語） Indonesia （インドネシア語） &#4119;&#4121;&#4140;&#4124;&#4144;&#4121;&#4155;&#4141;&#4143;&#4152; （ミャンマー語） Other Languages （その他の言語） 文字サイズ・配色の変更 メニュー くらしの情報 税金・ごみ・健"
21203,高山市,8,6,"地域福祉、援護他",https://www.city.takayama.lg.jp/kurashi/1000017/1004896/index.html,"&#2346;&#2366;&#2354;&#2368; （ネパール語） Tagalog （タガログ語） Indonesia （インドネシア語） &#4119;&#4121;&#4140;&#4124;&#4144;&#4121;&#4155;&#4141;&#4143;&#4152; （ミャンマー語） Other Languages （その他の言語） 文字サイズ・配色の変更 メニュー くらしの情報 税金・ごみ・健康など 防災・防犯・消"
21203,高山市,8,15,"その他の経済的支援",https://www.city.takayama.lg.jp/kurashi/1000019/1000108/index.html,"インドネシア語） &#4119;&#4121;&#4140;&#4124;&#4144;&#4121;&#4155;&#4141;&#4143;&#4152; （ミャンマー語） Other Languages （その他の言語） 文字サイズ・配色の変更 メニュー くらしの情報 税金・ごみ・健康など 防災・防犯・消防 イベントカレンダー 市政情報 予算決算・統計・採用など 施設情報 公園・スポーツ施設など 助成・補助制度 閉じる 現在位置："
21203,高山市,8,6,"こどもの居場所・遊び場",https://www.city.takayama.lg.jp/kurashi/1000019/1000107/index.html,"ンドネシア語） &#4119;&#4121;&#4140;&#4124;&#4144;&#4121;&#4155;&#4141;&#4143;&#4152; （ミャンマー語） Other Languages （その他の言語） 文字サイズ・配色の変更 メニュー くらしの情報 税金・ごみ・健康など 防災・防犯・消防 イベントカレンダー 市政情報 予算決算・統計・採用など 施設情報 公園・スポーツ施設など 助成・補助制度 閉じる 現在位置： "
21203,高山市,8,9,"ひとり親家庭の支援",https://www.city.takayama.lg.jp/kurashi/1000019/1000111/index.html,"6;&#2354;&#2368; （ネパール語） Tagalog （タガログ語） Indonesia （インドネシア語） &#4119;&#4121;&#4140;&#4124;&#4144;&#4121;&#4155;&#4141;&#4143;&#4152; （ミャンマー語） Other Languages （その他の言語） 文字サイズ・配色の変更 メニュー くらしの情報 税金・ごみ・健康など 防災・防犯・消防 イベントカレンダー "
21204,多治見市,8,6,"自主防災マニュアル",https://www.city.tajimi.lg.jp/kurashi_tetsuduzuki/bosai_bohan/1005897/1005927/1005928.html,"ージ番号1005928 更新日 令和8年3月16日 印刷 大きな文字で印刷 自主防災組織が効果的に活動できるように、役割分担や行動の例を示したマニュアルを作成しました。 このマニュアルを参考に、それぞれの地域に即した自主防災活動を行っていただきたいと思います。 自主防災マニュアル（2026年度版） 全体（P01～P15） （PDF 2.5 MB） 自主防災活動の手引き（P01～P06） （PDF 722.7 KB） 指定避難所・指定緊急"
21204,多治見市,8,3,"災害協定",https://www.city.tajimi.lg.jp/kurashi_tetsuduzuki/bosai_bohan/1005897/1005931/1005932.html,"難所の鍵の貸与および開錠等に関する覚書 平成30年3月23日 第28区 大規模停電時における対応についての覚書 平成30年12月26日 中部電力パワーグリッド株式会社 非常災害発生時における土地等の使用に関する覚書 令和2年9月15日 中部電力パワーグリッド株式会社 このページに関する お問い合わせ 企画部 危機管理課 危機管理グループ 〒507-8703 多治見市日ノ出町2丁目15番地 電話：0572-22-1378 内線：1414、"
21204,多治見市,8,11,"災害時避難行動要支援者名簿",https://www.city.tajimi.lg.jp/kurashi_tetsuduzuki/bosai_bohan/1005897/1005931/1005933.html,"い。 多治見市の災害時用配慮者支援の取組み （PDF 2.4 MB） 概要をまとめたチラシです。 PDFファイルをご覧いただくには「Adobe Acrobat Reader」が必要です。お持ちでない方は アドビ社（新しいウィンドウ） から無料でダウンロードできます。 このページに関する お問い合わせ 企画部 危機管理課 危機管理グループ 〒507-8703 多治見市日ノ出町2丁目15番地 電話：0572-22-1378 内線：1414、"
21204,多治見市,8,5,"多治見市総合防災訓練",https://www.city.tajimi.lg.jp/kurashi_tetsuduzuki/bosai_bohan/1005897/1005931/1005935.html,"、多治見警察署、NTT西日本、LPガス協会、中部電力PG、 社会福祉協議会、多治見青年会議所、HAPPY DOG TEAM、エフエムたじみ、 おりべネットワーク、多治見市文化振興事業団、多治見市防災士の会、女性消防隊、 多治見市消防団、多治見市消防本部、多治見市役所 このページに関する お問い合わせ 企画部 危機管理課 危機管理グループ 〒507-8703 多治見市日ノ出町2丁目15番地 電話：0572-22-1378 内線：1414、"
21204,多治見市,8,5,"個別避難計画",https://www.city.tajimi.lg.jp/kurashi_tetsuduzuki/bosai_bohan/1005897/1009103/1009309.html,"害発生時（発生のおそれがある場合を含む）には生命や身体を保護するために当該情報が提供されます。 自治会・自主防災組織 民生児童委員 多治見警察署 多治見市消防本部 その他市長が認めた関係者 4 現在の取り組み 多治見市は、実効性の高い避難計画の作成、地域の共助力の向上を目的として、個別避難計画の作成業務を自治会（区）に委託し、作成を進めています。避難行動要支援者名簿に掲載されている方におかれましては、今後、区長、町内会長、民生児童委員な"
21201,岐阜市,7,9,"妊娠・出産",https://www.city.gifu.lg.jp/tetsuzuki/ninshin/index.html,"ー 健康・福祉 健康・福祉 トップ 閉じる 感染症・予防接種 健診・検査 医療・薬事 介護保険 高齢者福祉 障がい福祉 後期高齢者医療制度 国民健康保険 社会福祉 健康づくり 健康相談・疾病対策 医療費助成 指導監査 生活にお困りの方 災害支援 ひきこもり相談 岐阜市くらしのガイド 岐阜市柳ケ瀬健康運動施設 ウゴクテ 観光・文化・ スポーツ 観光・文化・スポーツ トップ 閉じる 観光 イベント・講座 文化財・史跡 国際・多文化 ボランテ"
21201,岐阜市,7,11,"障がい福祉",https://www.city.gifu.lg.jp/tetsuzuki/syogaifukushi/index.html,"ー 健康・福祉 健康・福祉 トップ 閉じる 感染症・予防接種 健診・検査 医療・薬事 介護保険 高齢者福祉 障がい福祉 後期高齢者医療制度 国民健康保険 社会福祉 健康づくり 健康相談・疾病対策 医療費助成 指導監査 生活にお困りの方 災害支援 ひきこもり相談 岐阜市くらしのガイド 岐阜市柳ケ瀬健康運動施設 ウゴクテ 観光・文化・ スポーツ 観光・文化・スポーツ トップ 閉じる 観光 イベント・講座 文化財・史跡 国際・多文化 ボランテ"
21201,岐阜市,7,2,"証明書",https://www.city.gifu.lg.jp/tetsuzuki/syomeisyo/index.html,"ー 健康・福祉 健康・福祉 トップ 閉じる 感染症・予防接種 健診・検査 医療・薬事 介護保険 高齢者福祉 障がい福祉 後期高齢者医療制度 国民健康保険 社会福祉 健康づくり 健康相談・疾病対策 医療費助成 指導監査 生活にお困りの方 災害支援 ひきこもり相談 岐阜市くらしのガイド 岐阜市柳ケ瀬健康運動施設 ウゴクテ 観光・文化・ スポーツ 観光・文化・スポーツ トップ 閉じる 観光 イベント・講座 文化財・史跡 国際・多文化 ボランテ"
21201,岐阜市,7,3,"申請書ダウンロード検索",https://www.city.gifu.lg.jp/cgi-list/download.cgi,"ー 健康・福祉 健康・福祉 トップ 閉じる 感染症・予防接種 健診・検査 医療・薬事 介護保険 高齢者福祉 障がい福祉 後期高齢者医療制度 国民健康保険 社会福祉 健康づくり 健康相談・疾病対策 医療費助成 指導監査 生活にお困りの方 災害支援 ひきこもり相談 岐阜市くらしのガイド 岐阜市柳ケ瀬健康運動施設 ウゴクテ 観光・文化・ スポーツ 観光・文化・スポーツ トップ 閉じる 観光 イベント・講座 文化財・史跡 国際・多文化 ボランテ"
21201,岐阜市,7,2,"税金",https://www.city.gifu.lg.jp/kurashi/zeikin/index.html,"ー 健康・福祉 健康・福祉 トップ 閉じる 感染症・予防接種 健診・検査 医療・薬事 介護保険 高齢者福祉 障がい福祉 後期高齢者医療制度 国民健康保険 社会福祉 健康づくり 健康相談・疾病対策 医療費助成 指導監査 生活にお困りの方 災害支援 ひきこもり相談 岐阜市くらしのガイド 岐阜市柳ケ瀬健康運動施設 ウゴクテ 観光・文化・ スポーツ 観光・文化・スポーツ トップ 閉じる 観光 イベント・講座 文化財・史跡 国際・多文化 ボランテ"
21201,岐阜市,7,3,"住まい",https://www.city.gifu.lg.jp/kurashi/sumai/index.html,"ー 健康・福祉 健康・福祉 トップ 閉じる 感染症・予防接種 健診・検査 医療・薬事 介護保険 高齢者福祉 障がい福祉 後期高齢者医療制度 国民健康保険 社会福祉 健康づくり 健康相談・疾病対策 医療費助成 指導監査 生活にお困りの方 災害支援 ひきこもり相談 岐阜市くらしのガイド 岐阜市柳ケ瀬健康運動施設 ウゴクテ 観光・文化・ スポーツ 観光・文化・スポーツ トップ 閉じる 観光 イベント・講座 文化財・史跡 国際・多文化 ボランテ"
21201,岐阜市,7,2,"道路・交通",https://www.city.gifu.lg.jp/kurashi/douro/index.html,"ー 健康・福祉 健康・福祉 トップ 閉じる 感染症・予防接種 健診・検査 医療・薬事 介護保険 高齢者福祉 障がい福祉 後期高齢者医療制度 国民健康保険 社会福祉 健康づくり 健康相談・疾病対策 医療費助成 指導監査 生活にお困りの方 災害支援 ひきこもり相談 岐阜市くらしのガイド 岐阜市柳ケ瀬健康運動施設 ウゴクテ 観光・文化・ スポーツ 観光・文化・スポーツ トップ 閉じる 観光 イベント・講座 文化財・史跡 国際・多文化 ボランテ"
21201,岐阜市,7,7,"上水道・下水道",https://www.city.gifu.lg.jp/kurashi/suidou/index.html,"ー 健康・福祉 健康・福祉 トップ 閉じる 感染症・予防接種 健診・検査 医療・薬事 介護保険 高齢者福祉 障がい福祉 後期高齢者医療制度 国民健康保険 社会福祉 健康づくり 健康相談・疾病対策 医療費助成 指導監査 生活にお困りの方 災害支援 ひきこもり相談 岐阜市くらしのガイド 岐阜市柳ケ瀬健康運動施設 ウゴクテ 観光・文化・ スポーツ 観光・文化・スポーツ トップ 閉じる 観光 イベント・講座 文化財・史跡 国際・多文化 ボランテ"
21201,岐阜市,7,11,"子育て・教育",https://www.city.gifu.lg.jp/kosodate/index.html,"ー 健康・福祉 健康・福祉 トップ 閉じる 感染症・予防接種 健診・検査 医療・薬事 介護保険 高齢者福祉 障がい福祉 後期高齢者医療制度 国民健康保険 社会福祉 健康づくり 健康相談・疾病対策 医療費助成 指導監査 生活にお困りの方 災害支援 ひきこもり相談 岐阜市くらしのガイド 岐阜市柳ケ瀬健康運動施設 ウゴクテ 観光・文化・ スポーツ 観光・文化・スポーツ トップ 閉じる 観光 イベント・講座 文化財・史跡 国際・多文化 ボランテ"
21201,岐阜市,7,2,"小学校・中学校",https://www.city.gifu.lg.jp/kosodate/gakkou/index.html,"ー 健康・福祉 健康・福祉 トップ 閉じる 感染症・予防接種 健診・検査 医療・薬事 介護保険 高齢者福祉 障がい福祉 後期高齢者医療制度 国民健康保険 社会福祉 健康づくり 健康相談・疾病対策 医療費助成 指導監査 生活にお困りの方 災害支援 ひきこもり相談 岐阜市くらしのガイド 岐阜市柳ケ瀬健康運動施設 ウゴクテ 観光・文化・ スポーツ 観光・文化・スポーツ トップ 閉じる 観光 イベント・講座 文化財・史跡 国際・多文化 ボランテ"
21201,岐阜市,7,4,"介護保険",https://www.city.gifu.lg.jp/kenko/kaigo/index.html,"ー 健康・福祉 健康・福祉 トップ 閉じる 感染症・予防接種 健診・検査 医療・薬事 介護保険 高齢者福祉 障がい福祉 後期高齢者医療制度 国民健康保険 社会福祉 健康づくり 健康相談・疾病対策 医療費助成 指導監査 生活にお困りの方 災害支援 ひきこもり相談 岐阜市くらしのガイド 岐阜市柳ケ瀬健康運動施設 ウゴクテ 観光・文化・ スポーツ 観光・文化・スポーツ トップ 閉じる 観光 イベント・講座 文化財・史跡 国際・多文化 ボランテ"
21201,岐阜市,7,17,"産業・ビジネス",https://www.city.gifu.lg.jp/business/index.html,"ー 健康・福祉 健康・福祉 トップ 閉じる 感染症・予防接種 健診・検査 医療・薬事 介護保険 高齢者福祉 障がい福祉 後期高齢者医療制度 国民健康保険 社会福祉 健康づくり 健康相談・疾病対策 医療費助成 指導監査 生活にお困りの方 災害支援 ひきこもり相談 岐阜市くらしのガイド 岐阜市柳ケ瀬健康運動施設 ウゴクテ 観光・文化・ スポーツ 観光・文化・スポーツ トップ 閉じる 観光 イベント・講座 文化財・史跡 国際・多文化 ボランテ"
21201,岐阜市,7,15,"雇用・労働",https://www.city.gifu.lg.jp/business/roudou/index.html,"ー 健康・福祉 健康・福祉 トップ 閉じる 感染症・予防接種 健診・検査 医療・薬事 介護保険 高齢者福祉 障がい福祉 後期高齢者医療制度 国民健康保険 社会福祉 健康づくり 健康相談・疾病対策 医療費助成 指導監査 生活にお困りの方 災害支援 ひきこもり相談 岐阜市くらしのガイド 岐阜市柳ケ瀬健康運動施設 ウゴクテ 観光・文化・ スポーツ 観光・文化・スポーツ トップ 閉じる 観光 イベント・講座 文化財・史跡 国際・多文化 ボランテ"
21201,岐阜市,7,11,"農業振興",https://www.city.gifu.lg.jp/business/nougyou/index.html,"ー 健康・福祉 健康・福祉 トップ 閉じる 感染症・予防接種 健診・検査 医療・薬事 介護保険 高齢者福祉 障がい福祉 後期高齢者医療制度 国民健康保険 社会福祉 健康づくり 健康相談・疾病対策 医療費助成 指導監査 生活にお困りの方 災害支援 ひきこもり相談 岐阜市くらしのガイド 岐阜市柳ケ瀬健康運動施設 ウゴクテ 観光・文化・ スポーツ 観光・文化・スポーツ トップ 閉じる 観光 イベント・講座 文化財・史跡 国際・多文化 ボランテ"
21201,岐阜市,7,4,"事業系ごみ",https://www.city.gifu.lg.jp/business/jigyougomi/index.html,"ー 健康・福祉 健康・福祉 トップ 閉じる 感染症・予防接種 健診・検査 医療・薬事 介護保険 高齢者福祉 障がい福祉 後期高齢者医療制度 国民健康保険 社会福祉 健康づくり 健康相談・疾病対策 医療費助成 指導監査 生活にお困りの方 災害支援 ひきこもり相談 岐阜市くらしのガイド 岐阜市柳ケ瀬健康運動施設 ウゴクテ 観光・文化・ スポーツ 観光・文化・スポーツ トップ 閉じる 観光 イベント・講座 文化財・史跡 国際・多文化 ボランテ"
21201,岐阜市,7,8,"市政情報",https://www.city.gifu.lg.jp/info/index.html,"ー 健康・福祉 健康・福祉 トップ 閉じる 感染症・予防接種 健診・検査 医療・薬事 介護保険 高齢者福祉 障がい福祉 後期高齢者医療制度 国民健康保険 社会福祉 健康づくり 健康相談・疾病対策 医療費助成 指導監査 生活にお困りの方 災害支援 ひきこもり相談 岐阜市くらしのガイド 岐阜市柳ケ瀬健康運動施設 ウゴクテ 観光・文化・ スポーツ 観光・文化・スポーツ トップ 閉じる 観光 イベント・講座 文化財・史跡 国際・多文化 ボランテ"
21201,岐阜市,7,2,"まちづくり（都市計画・都市整備）",https://www.city.gifu.lg.jp/info/machizukuri/index.html,"ー 健康・福祉 健康・福祉 トップ 閉じる 感染症・予防接種 健診・検査 医療・薬事 介護保険 高齢者福祉 障がい福祉 後期高齢者医療制度 国民健康保険 社会福祉 健康づくり 健康相談・疾病対策 医療費助成 指導監査 生活にお困りの方 災害支援 ひきこもり相談 岐阜市くらしのガイド 岐阜市柳ケ瀬健康運動施設 ウゴクテ 観光・文化・ スポーツ 観光・文化・スポーツ トップ 閉じる 観光 イベント・講座 文化財・史跡 国際・多文化 ボランテ"
21201,岐阜市,7,8,"",https://www.city.gifu.lg.jp/zero-carbon/,"本文へ移動します。 SDGs 現状 計画・方針 取り組み 支援・イベント・教育 広域連携 ここから本文です。 トピックス（新着情報） 7月9日 UVビーズでアクセサリーづくり 地球温暖化と省エネ講座 参加者募集について 6月4日 2026年度の「ぎふ減CO2ポイント制度」を実施します！ 6月1日 岐阜市ゼロカーボン市民懇談会2.0の参加案内を送付します 2月26日 岐阜市地球温暖化対策推進委員会 協賛企業・団体を募集しています！！ 1月"
21201,岐阜市,7,2,"各部の目標と取り組み",https://www.city.gifu.lg.jp/info/seisaku/1006532/index.html,"ー 健康・福祉 健康・福祉 トップ 閉じる 感染症・予防接種 健診・検査 医療・薬事 介護保険 高齢者福祉 障がい福祉 後期高齢者医療制度 国民健康保険 社会福祉 健康づくり 健康相談・疾病対策 医療費助成 指導監査 生活にお困りの方 災害支援 ひきこもり相談 岐阜市くらしのガイド 岐阜市柳ケ瀬健康運動施設 ウゴクテ 観光・文化・ スポーツ 観光・文化・スポーツ トップ 閉じる 観光 イベント・講座 文化財・史跡 国際・多文化 ボランテ"
21201,岐阜市,7,4,"庁舎跡の活用",https://www.city.gifu.lg.jp/info/seisaku/1006494/index.html,"ー 健康・福祉 健康・福祉 トップ 閉じる 感染症・予防接種 健診・検査 医療・薬事 介護保険 高齢者福祉 障がい福祉 後期高齢者医療制度 国民健康保険 社会福祉 健康づくり 健康相談・疾病対策 医療費助成 指導監査 生活にお困りの方 災害支援 ひきこもり相談 岐阜市くらしのガイド 岐阜市柳ケ瀬健康運動施設 ウゴクテ 観光・文化・ スポーツ 観光・文化・スポーツ トップ 閉じる 観光 イベント・講座 文化財・史跡 国際・多文化 ボランテ"
21202,大垣市,7,5,"大垣城",https://www.city.ogaki.lg.jp/0000000577.html,"ひ、お買い求めください。 販売価格 350円（税込） 販売場所 大垣城受付 ※通信販売は行いません。開館日のみの販売。 VR映像「大垣城」 https://my.matterport.com/show/?m=ESo9W662Qz2&lang=jp&help=1&hl=1&st=6000&play=1&lp=1&ts=1 大垣城ではパソコンやスマートフォンで城内を見学できる「VR映像大垣城」を次のとおり公開しました。最先端のVRカメラMa"
21202,大垣市,7,0,"子育て・教育",https://www.city.ogaki.lg.jp/category/6-0-0-0-0-0-0-0-0-0.html,"ーツ 事業者向け 市政 やさしい日本語 ふりがな 音声読み上げ AIチャットボットに質問する 日本語 English 中文 Português 한글 Français 検索 閉じる 現在位置 ホーム あしあと 子育て・教育 新着情報 7月14日 今月の給食（南部学校給食センター） 7月14日 夏のこどもまんなか水都っ子月間 7月14日 夏休み期間に学習スペース等の開放しています 7月14日 大垣市の子どもの居場所を紹介します（子どもの居"
21202,大垣市,7,2,"健康・福祉",https://www.city.ogaki.lg.jp/category/7-0-0-0-0-0-0-0-0-0.html,"健康・福祉 観光・文化・スポーツ 事業者向け 市政 閉じる メニュー 閉じる ホーム 暮らし・手続き 子育て・教育 健康・福祉 観光・文化・スポーツ 事業者向け 市政 やさしい日本語 ふりがな 音声読み上げ AIチャットボットに質問する 日本語 English 中文 Português 한글 Français 検索 閉じる 現在位置 ホーム あしあと 健康・福祉 新着情報 7月14日 令和8年度 市民後見人養成研修の参加者を募集します "
21202,大垣市,7,7,"事業者向け",https://www.city.ogaki.lg.jp/category/3-0-0-0-0-0-0-0-0-0.html,"利用のブラウザの表示メニューから文字サイズを変更してください。文字サイズ変更以外にも，操作性向上の目的でJavaScript（アクティブスクリプト）を用いた機能を提供しています。可能であればJavaScript（アクティブスクリプト）を有効にしてください。 暮らし・手続き 子育て・教育 健康・福祉 観光・文化・スポーツ 事業者向け 市政 閉じる メニュー 閉じる ホーム 暮らし・手続き 子育て・教育 健康・福祉 観光・文化・スポーツ 事"
21202,大垣市,7,8,"空家なんでも相談会の開催について",https://www.city.ogaki.lg.jp/0000031246.html,"ジに関してのご意見がありましたらご記入ください。 （注意）お答えが必要なお問い合わせは、直接担当部署へお願いします（こちらではお受けできません）。 確認 同じ階層の情報 長期優良住宅認定制度について 定期報告制度について 建築基準法による中間検査の実施について 都市計画区域内（用途地域の指定のある区域・白地地域）の建築形態規制について 大垣市アーケード等連絡協議会について 家を建てるときは 建築協定について 大垣市景観計画及び景観条例に"
21202,大垣市,7,26,"子育て支援",https://www.city.ogaki.lg.jp/category/6-2-0-0-0-0-0-0-0-0.html," 閉じる ホーム 暮らし・手続き 子育て・教育 健康・福祉 観光・文化・スポーツ 事業者向け 市政 やさしい日本語 ふりがな 音声読み上げ AIチャットボットに質問する 日本語 English 中文 Português 한글 Français 検索 閉じる 現在位置 ホーム 子育て・教育 あしあと 子育て支援 メインメニュー 子育て情報 子育て支援アプリ 子育て応援サイト「ママフレ」 水都っ子 大垣市こども未来条例 手当・給付金等 物価"
21202,大垣市,7,11,"ホームページにバナー広告を掲載しませんか【募集中】",https://www.city.ogaki.lg.jp/0000002933.html,"ホームページにバナー広告を掲載しませんか【募集中】 | 大垣市公式ホームページ／水の都おおがき 共通メニューなどをスキップして本文へ ホーム やさしい日本語 ふりがな 音声読み上げ 文字サイズ 標準 拡大 背景色 標準 反転 Language 日本語 English 中文 Português 한글 Français close 検索 文字サイズ変更機能を利用するにはJavaScript（アクティブスクリプト）を有効にしてください。Jav"
21202,大垣市,7,5,"郷土館",https://www.city.ogaki.lg.jp/0000000590.html,"します。 開館時間 9時00分から17時00分 （入館は16時30分まで） 休館日 火曜日（その日が祝日にあたるときは、その翌日） 祝日の翌日（その日が日曜日または火曜日にあたるときは、その翌日とし、その日が月曜日または土曜日にあたるときは、その翌々日） 年末年始（12月29日から1月3日） 令和8年度開館カレンダー 大垣市郷土館令和8年度開館カレンダー 電話 0584-75-1231（ファックスとも） 交通 ○鉄道 JR大垣駅南口から"
21202,大垣市,7,5,"時山文化伝承館",https://www.city.ogaki.lg.jp/0000017492.html,"時山文化伝承館 | 大垣市公式ホームページ／水の都おおがき 共通メニューなどをスキップして本文へ ホーム やさしい日本語 ふりがな 音声読み上げ 文字サイズ 標準 拡大 背景色 標準 反転 Language 日本語 English 中文 Português 한글 Français close 検索 文字サイズ変更機能を利用するにはJavaScript（アクティブスクリプト）を有効にしてください。JavaScript（アクティブスクリプト"
21202,大垣市,7,5,"かわまちテラス2025夏【開催終了】",https://www.city.ogaki.lg.jp/0000067956.html,"乾杯」を、四季の広場にて行います。 おいしい大垣の湧水もご用意しておりますので、小さいお子様もぜひお気軽にご参加ください。 ※入場無料 今年の大垣市の乾杯は、7月6日(日)午後7時7分ですので、お間違えなく！ 内 容 丸の内公園 時間 内容 10時〜15時 利き水体験会 10時〜15時 SUP体験会 10時〜15時 水の実験コーナー 10時〜15時 アップサイクルワークショップ 10時〜17時 水都大垣ミニスタンプラリー 10時〜19時"
21202,大垣市,7,5,"消防・救急",https://www.city.ogaki.lg.jp/category/2-10-1-0-0-0-0-0-0-0.html," 健康・福祉 観光・文化・スポーツ 事業者向け 市政 やさしい日本語 ふりがな 音声読み上げ AIチャットボットに質問する 日本語 English 中文 Português 한글 Français 検索 閉じる 現在位置 ホーム 暮らし・手続き 防災・防犯 あしあと 消防・救急 メインメニュー 休日・夜間の救急医療 [2024年7月1日] AED（自動体外式除細動器）について [2024年5月31日] 医療機関への受診にあたって [20"
21202,大垣市,7,8,"まちづくり",https://www.city.ogaki.lg.jp/category/2-7-0-0-0-0-0-0-0-0.html,"施しました！ まちなかテラス（＃まちテラ） 景観形成重点地域の指定について 公園・緑化 大垣公園等再整備基本計画（素案）に関するパブリック・コメントの結果公表について 北公園等再整備方針（素案）に関するパブリック・コメントの結果公表について 公園緑地等管理業務委託の提出書類 四季の花 開花状況 都市公園等一覧 東公園 大垣公園等再整備基本計画について 北公園等再整備方針の策定について 大垣市緑化審議会市民委員の決定について 農山漁村振興"
21202,大垣市,7,5,"公園・緑化",https://www.city.ogaki.lg.jp/category/2-7-5-0-0-0-0-0-0-0.html,"季の花 開花状況 [2026年7月1日] 都市公園等一覧 [2026年4月9日] 東公園 [2026年1月30日] 大垣公園等再整備基本計画について [2026年1月29日] 北公園等再整備方針の策定について [2026年1月29日] 大垣市緑化審議会市民委員の決定について [2025年7月10日] 農山漁村振興交付金に係る活性化計画 [2025年2月5日] 大垣市かみいしづ緑の村公園・大垣市山村体験宿泊施設奥養老 [2024年4月1日"
21202,大垣市,7,6,"補助制度",https://www.city.ogaki.lg.jp/category/2-7-9-0-0-0-0-0-0-0.html,"字サイズ変更以外にも，操作性向上の目的でJavaScript（アクティブスクリプト）を用いた機能を提供しています。可能であればJavaScript（アクティブスクリプト）を有効にしてください。 暮らし・手続き 子育て・教育 健康・福祉 観光・文化・スポーツ 事業者向け 市政 閉じる メニュー 閉じる ホーム 暮らし・手続き 子育て・教育 健康・福祉 観光・文化・スポーツ 事業者向け 市政 やさしい日本語 ふりがな 音声読み上げ AIチャ"
21202,大垣市,7,2,"障がい福祉課[1階]",https://www.city.ogaki.lg.jp/soshiki/7-56-0-0-0_5.html,"いた機能を提供しています。可能であればJavaScript（アクティブスクリプト）を有効にしてください。 暮らし・手続き 子育て・教育 健康・福祉 観光・文化・スポーツ 事業者向け 市政 閉じる メニュー 閉じる ホーム 暮らし・手続き 子育て・教育 健康・福祉 観光・文化・スポーツ 事業者向け 市政 やさしい日本語 ふりがな 音声読み上げ AIチャットボットに質問する 日本語 English 中文 Português 한글 Franç"
21202,大垣市,7,5,"休日・夜間の救急医療",https://www.city.ogaki.lg.jp/0000000817.html,"市民病院のページへ （別ウインドウで開く） 西美濃のお医者さん【大垣版】 （別ウインドウで開く） ご意見をお聞かせください このページは役に立ちましたか？ 役に立った どちらともいえない 役に立たなかった このページは見つけやすかったですか？ 見つけやすかった どちらともいえない 見つけにくかった このページに関してのご意見がありましたらご記入ください。 （注意）お答えが必要なお問い合わせは、直接担当部署へお願いします（こちらではお受け"
21202,大垣市,7,7,"医療機関への受診にあたって",https://www.city.ogaki.lg.jp/0000058783.html,"通報してください。 救急車を本当に必要とする人のために、みなさんのご理解とご協力をお願いします。 ご意見をお聞かせください このページは役に立ちましたか？ 役に立った どちらともいえない 役に立たなかった このページは見つけやすかったですか？ 見つけやすかった どちらともいえない 見つけにくかった このページに関してのご意見がありましたらご記入ください。 （注意）お答えが必要なお問い合わせは、直接担当部署へお願いします（こちらではお受け"
21203,高山市,7,5,"",https://www.city.takayama.lg.jp/,"力すると該当ページが表示されます。 国道158号（丹生川町地内）の通行止め情報 国道158号（高山市丹生川町）の通行止めについて メールマガジンによる緊急情報 消防車出動情報 新着情報 7月14日 第10回『山の日』記念全国大会 岐阜in 飛騨高山 7月13日 【8/22開催】ジーロケッツ☆ワークショップ（ダンス・アクション） 7月13日 【8/7,8開催】日本の刀剣でアートしちゃおう！ 7月13日 【8/9開催】できたくんオンステージ"
21203,高山市,7,5,"",https://www.city.takayama.lg.jp/index.html,"力すると該当ページが表示されます。 国道158号（丹生川町地内）の通行止め情報 国道158号（高山市丹生川町）の通行止めについて メールマガジンによる緊急情報 消防車出動情報 新着情報 7月14日 第10回『山の日』記念全国大会 岐阜in 飛騨高山 7月13日 【8/22開催】ジーロケッツ☆ワークショップ（ダンス・アクション） 7月13日 【8/7,8開催】日本の刀剣でアートしちゃおう！ 7月13日 【8/9開催】できたくんオンステージ"
21203,高山市,7,5,"注目の情報",https://www.city.takayama.lg.jp/1019401/index.html,"2; （ミャンマー語） Other Languages （その他の言語） 文字サイズ・配色の変更 メニュー くらしの情報 税金・ごみ・健康など 防災・防犯・消防 イベントカレンダー 市政情報 予算決算・統計・採用など 施設情報 公園・スポーツ施設など 助成・補助制度 閉じる 現在位置： トップページ > 注目の情報 ここから本文です。 注目の情報 みんかな高山 市民課窓口混雑状況 職員採用 地域おこし協力隊員の受入団体募集 こども若者オ"
21203,高山市,7,5,"私なりのSDGs宣言",https://www.city.takayama.lg.jp/shisei/1005745/1006633/1007869/index.html,"私なりのSDGs宣言｜高山市 当ホームページではjavascriptを使用しています。 javascriptの使用を有効にしなければ、一部の機能が正確に動作しない恐れがあります。お手数ですがjavascriptの使用を有効にしてください。 エンターキーを押すと、ナビゲーション部分をスキップし本文へ移動します。 サイト内検索 やさしいにほんご もとにもどす Select Language About translation English"
21203,高山市,7,5,"募集",https://www.city.takayama.lg.jp/1003897/index.html," Other Languages （その他の言語） 文字サイズ・配色の変更 メニュー くらしの情報 税金・ごみ・健康など 防災・防犯・消防 イベントカレンダー 市政情報 予算決算・統計・採用など 施設情報 公園・スポーツ施設など 助成・補助制度 閉じる 現在位置： トップページ > 募集 ここから本文です。 募集 市営住宅（地域対応活用）使用者の募集について 縄文土器作り講座の募集について 令和7年度 公募型プロポーザルの実施について（"
21203,高山市,7,11,"【令和8年度企業DX伴走支援事業】事前セミナー＆オリエンテーション",https://www.city.takayama.lg.jp/shisei/1000067/1002790/1020327/1023715.html,"【令和8年度企業DX伴走支援事業】事前セミナー＆オリエンテーション｜高山市 当ホームページではjavascriptを使用しています。 javascriptの使用を有効にしなければ、一部の機能が正確に動作しない恐れがあります。お手数ですがjavascriptの使用を有効にしてください。 エンターキーを押すと、ナビゲーション部分をスキップし本文へ移動します。 サイト内検索 やさしいにほんご もとにもどす Select Language Ab"
21203,高山市,7,5,"認知症に関する相談会",https://www.city.takayama.lg.jp/kurashi/1000017/1015186/1016977.html,"認知症に関する相談会｜高山市 当ホームページではjavascriptを使用しています。 javascriptの使用を有効にしなければ、一部の機能が正確に動作しない恐れがあります。お手数ですがjavascriptの使用を有効にしてください。 エンターキーを押すと、ナビゲーション部分をスキップし本文へ移動します。 サイト内検索 やさしいにほんご もとにもどす Select Language About translation English"
21203,高山市,7,3,"市民課窓口混雑状況",https://www.city.takayama.lg.jp/kurashi/1000014/1018463.html,"リアルタイムな混雑状況を公開しています。 市民課窓口混雑状況 （外部リンク） ※この取り組みは高山市、国立大学法人東海国立大学機構名古屋大学、NECソリューションイノベータ株式会社との連携協定に基づき、ICTを活用したまちづくりの推進の一環として行っているものです。 このページに関する お問い合わせ 市民福祉部 市民課 電話：0577-35-3496 ファクス：0577-35-3164 お問い合わせは専用フォームをご利用ください。 くら"
21203,高山市,7,5,"旧氏（旧姓）併記",https://www.city.takayama.lg.jp/kurashi/1000014/1021514.html,"る旧氏（旧姓） 旧氏（旧姓）を初めて記載する際は、戸籍に記載されている過去の氏から1つ選んで併記することができます。 一度記載した旧氏（旧姓）は、婚姻等により氏が変更されていてもそのまま記載できます。 ただし、記載されている旧氏（旧姓）と変更した氏が同じになったとき、申し出により旧氏（旧姓）を削除します。 旧氏（旧姓）は、他市区町村に転入しても引き続き記載できます。 必要がなくなった場合には、申し出により旧氏（旧姓）併記を削除することが"
21203,高山市,7,5,"オリジナル婚姻届・撮影用バックパネル",https://www.city.takayama.lg.jp/kurashi/1000014/1008800.html,"しました。 思い出の一枚にどうぞお使いください！ PDF形式のファイルをご利用するためには、「Adobe（R） Reader」が必要です。お持ちでない方は、Adobeのサイトからダウンロード（無償）してください。 Adobeのサイトへ新しいウィンドウでリンクします。 このページに関する お問い合わせ 市民福祉部 市民課 電話：0577-35-3496 ファクス：0577-35-3164 お問い合わせは専用フォームをご利用ください。 くら"
21203,高山市,7,5,"オリジナル出生届",https://www.city.takayama.lg.jp/kurashi/1000014/1010839.html,"い通常の出生届も、これまで通りご用意しています。 PDF形式のファイルをご利用するためには、「Adobe（R） Reader」が必要です。お持ちでない方は、Adobeのサイトからダウンロード（無償）してください。 Adobeのサイトへ新しいウィンドウでリンクします。 このページに関する お問い合わせ 市民福祉部 市民課 電話：0577-35-3496 ファクス：0577-35-3164 お問い合わせは専用フォームをご利用ください。 くら"
21203,高山市,7,5,"証明書",https://www.city.takayama.lg.jp/kurashi/1000014/1004894/index.html,"） Tagalog （タガログ語） Indonesia （インドネシア語） &#4119;&#4121;&#4140;&#4124;&#4144;&#4121;&#4155;&#4141;&#4143;&#4152; （ミャンマー語） Other Languages （その他の言語） 文字サイズ・配色の変更 メニュー くらしの情報 税金・ごみ・健康など 防災・防犯・消防 イベントカレンダー 市政情報 予算決算・統計・採用など 施設情報 "
21203,高山市,7,5,"郵便による証明書の請求",https://www.city.takayama.lg.jp/kurashi/1000014/1018329.html,"語） &#4119;&#4121;&#4140;&#4124;&#4144;&#4121;&#4155;&#4141;&#4143;&#4152; （ミャンマー語） Other Languages （その他の言語） 文字サイズ・配色の変更 メニュー くらしの情報 税金・ごみ・健康など 防災・防犯・消防 イベントカレンダー 市政情報 予算決算・統計・採用など 施設情報 公園・スポーツ施設など 助成・補助制度 閉じる 現在位置： トップペー"
21203,高山市,7,5,"外国人住民の方へ",https://www.city.takayama.lg.jp/kurashi/1000014/1017406.html,"#4141;&#4143;&#4152; （ミャンマー語） Other Languages （その他の言語） 文字サイズ・配色の変更 メニュー くらしの情報 税金・ごみ・健康など 防災・防犯・消防 イベントカレンダー 市政情報 予算決算・統計・採用など 施設情報 公園・スポーツ施設など 助成・補助制度 閉じる 現在位置： トップページ > くらしの情報 > 届出・証明 > 外国人住民の方へ ここから本文です。 外国人住民の方へ ページ番"
21203,高山市,7,6,"健康・医療・保健",https://www.city.takayama.lg.jp/kurashi/1000016/index.html,"ges （その他の言語） 文字サイズ・配色の変更 メニュー くらしの情報 税金・ごみ・健康など 防災・防犯・消防 イベントカレンダー 市政情報 予算決算・統計・採用など 施設情報 公園・スポーツ施設など 助成・補助制度 閉じる 現在位置： トップページ > くらしの情報 > 健康・医療・保健 ここから本文です。 健康・医療・保健 ページ番号 T1000016 更新日 令和2年12月3日 印刷 大きな文字で印刷 献血のお願い 赤十字講習会"
21203,高山市,7,5,"予防接種",https://www.city.takayama.lg.jp/kurashi/1000016/1000095/index.html,"予防接種｜高山市 当ホームページではjavascriptを使用しています。 javascriptの使用を有効にしなければ、一部の機能が正確に動作しない恐れがあります。お手数ですがjavascriptの使用を有効にしてください。 エンターキーを押すと、ナビゲーション部分をスキップし本文へ移動します。 サイト内検索 やさしいにほんご もとにもどす Select Language About translation English （英語） "
21203,高山市,7,5,"高齢者福祉",https://www.city.takayama.lg.jp/kurashi/1000017/1000098/index.html,"高齢者福祉｜高山市 当ホームページではjavascriptを使用しています。 javascriptの使用を有効にしなければ、一部の機能が正確に動作しない恐れがあります。お手数ですがjavascriptの使用を有効にしてください。 エンターキーを押すと、ナビゲーション部分をスキップし本文へ移動します。 サイト内検索 やさしいにほんご もとにもどす Select Language About translation English （英語）"
21203,高山市,7,11,"介護予防・日常生活支援総合事業者の皆さまへ",https://www.city.takayama.lg.jp/kurashi/1000017/1007003.html,"ges （その他の言語） 文字サイズ・配色の変更 メニュー くらしの情報 税金・ごみ・健康など 防災・防犯・消防 イベントカレンダー 市政情報 予算決算・統計・採用など 施設情報 公園・スポーツ施設など 助成・補助制度 閉じる 現在位置： トップページ > くらしの情報 > 福祉・介護保険 > 介護予防・日常生活支援総合事業者の皆さまへ ここから本文です。 介護予防・日常生活支援総合事業者の皆さまへ ページ番号 T1007003 更新日"
21203,高山市,7,5,"国民健康保険",https://www.city.takayama.lg.jp/kurashi/1000018/1000102/index.html," &#4119;&#4121;&#4140;&#4124;&#4144;&#4121;&#4155;&#4141;&#4143;&#4152; （ミャンマー語） Other Languages （その他の言語） 文字サイズ・配色の変更 メニュー くらしの情報 税金・ごみ・健康など 防災・防犯・消防 イベントカレンダー 市政情報 予算決算・統計・採用など 施設情報 公園・スポーツ施設など 助成・補助制度 閉じる 現在位置： トップページ "
21203,高山市,7,11,"こどもに関する相談",https://www.city.takayama.lg.jp/kurashi/1000019/1000109/index.html,"こどもに関する相談｜高山市 当ホームページではjavascriptを使用しています。 javascriptの使用を有効にしなければ、一部の機能が正確に動作しない恐れがあります。お手数ですがjavascriptの使用を有効にしてください。 エンターキーを押すと、ナビゲーション部分をスキップし本文へ移動します。 サイト内検索 やさしいにほんご もとにもどす Select Language About translation English "
21204,多治見市,7,11,"ごみ分別検索",https://www.city.tajimi.lg.jp/kurashi_tetsuduzuki/gomi_recycle_kankyo/1005452/1009863.html," エンターキーを押すと、ナビゲーション部分をスキップし本文へ移動します。 サイトマップ Foreign language English &#31616;&#20307;&#20013;&#25991; &#32321;&#39636;&#20013;&#25991; &#54620;&#44397;&#50612; Português &#84;&#105;&#7871;&#110;&#103;&#32;&#86;&#105;&#78"
21204,多治見市,7,8,"妊娠・出産",https://www.city.tajimi.lg.jp/kurashi_tetsuduzuki/lifeevent/1008812.html,"いましょう。 出生届 出生届 子どもが生まれたら出生届を出してください。 手続きと届け出 手続きと届け出（国民健康保険） 他の健康保険に加入しない場合は、国民健康保険への加入届を出してください。 健診 妊婦健康診査 妊産婦健康診査 妊娠した女性とおなかの赤ちゃんの健康を守る大切な検査です。 乳幼児健診 乳幼児健診・予防接種 子どもの成長と健康をチェックする健診です。 未熟児養育医療 申請窓口は、平成25年度から県から多治見市保健センター"
21204,多治見市,7,9,"子育て",https://www.city.tajimi.lg.jp/kurashi_tetsuduzuki/lifeevent/1008813.html,"の部屋 施策・計画 条例・規則・制度 広報 広聴 審議会・協議会・委員会 財政 市議会 職員・採用 選挙 統計・調査 申請書ダウンロード 関連機関等リンク集 監査委員 固定資産評価審査委員会 公平委員会 現在の位置： トップページ > 暮らし・手続き > ライフイベントから探す > 子育て ここから本文です。 子育て ページ番号1008813 更新日 令和8年3月17日 印刷 大きな文字で印刷 入園 保育園 保育園・認定こども園一覧表 "
21204,多治見市,7,6,"教育",https://www.city.tajimi.lg.jp/kurashi_tetsuduzuki/lifeevent/1008814.html,"・委員会 財政 市議会 職員・採用 選挙 統計・調査 申請書ダウンロード 関連機関等リンク集 監査委員 固定資産評価審査委員会 公平委員会 現在の位置： トップページ > 暮らし・手続き > ライフイベントから探す > 教育 ここから本文です。 教育 ページ番号1008814 更新日 令和8年6月4日 印刷 大きな文字で印刷 入学 入学・転校 入学・転校 小学校・中学校に入学するとき、転校するときの手続きです。 小・中学校一覧 小学校・"
21204,多治見市,7,2,"引越し・住まい",https://www.city.tajimi.lg.jp/kurashi_tetsuduzuki/lifeevent/1008810.html," エンターキーを押すと、ナビゲーション部分をスキップし本文へ移動します。 サイトマップ Foreign language English &#31616;&#20307;&#20013;&#25991; &#32321;&#39636;&#20013;&#25991; &#54620;&#44397;&#50612; Português &#84;&#105;&#7871;&#110;&#103;&#32;&#86;&#105;&#78"
21204,多治見市,7,7,"",https://www.city.tajimi.lg.jp/kurashi_tetsuduzuki/shobo/index.html,"部SNS 多治見市消防本部【公式】Instagram 多治見市消防本部【公式】X 多治見消防の概要 消防カード 多治見市消防本部動画紹介 多治見市消防本部の利用制度 消防年報・火災、救急、救助統計 多治見市消防本部公式パンフレット 火災予防 消防本部予防課からのお知らせ 予防課からのお知らせ 講習会（火災予防） ホテル・旅館等に対する表示制度 指定催しの指定 催しにおける防火管理 消防訓練 ガソリン等の購入時に係る本人確認等 全ての飲食"
21204,多治見市,7,5,"",https://www.city.tajimi.lg.jp/kosodate_tajimikko/index.html,"があります。お手数ですがjavascriptの使用を有効にしてください。 エンターキーを押すと、ナビゲーション部分をスキップし本文へ移動します。 Foreign language English &#31616;&#20307;&#20013;&#25991; &#32321;&#39636;&#20013;&#25991; &#54620;&#44397;&#50612; Português &#84;&#105;&#7871;&#1"
21204,多治見市,7,11,"医療・救急",https://www.city.tajimi.lg.jp/kenko_iryo_fukushi/iryo_kyukyu/index.html,"ップページ > 健康・医療・福祉 > 医療・救急 ここから本文です。 医療・救急 ページ番号1006408 印刷 大きな文字で印刷 休日・夜間当番医 休日・夜間当番医 インフルエンザ（岐阜県公式ホームページ） （外部リンク） 休日歯科診療（多治見市歯科医師会） （外部リンク） AED AED操作方法 AED設置場所 消防本部のAEDを貸出します 救急 多治見市NET119緊急通報システム 多治見市NET119緊急通報システム 応急手当の"
21204,多治見市,7,6,"福祉",https://www.city.tajimi.lg.jp/kenko_iryo_fukushi/fukushi/index.html,"護センター スポーツ 産業・ビジネス 産業・ビジネス トップ 閉じる 入札・契約 農業 林業 産業振興 企業誘致 起業・企業支援 労働・就労支援 事業者向け情報 市政情報 市政情報 トップ 閉じる 市の概要・アクセス 組織・業務案内 市長の部屋 施策・計画 条例・規則・制度 広報 広聴 審議会・協議会・委員会 財政 市議会 職員・採用 選挙 統計・調査 申請書ダウンロード 関連機関等リンク集 監査委員 固定資産評価審査委員会 公平委員会"
21204,多治見市,7,11,"産業・ビジネス",https://www.city.tajimi.lg.jp/sangyo_business/index.html,"員会 公平委員会 現在の位置： トップページ > 産業・ビジネス ここから本文です。 産業・ビジネス ページ番号1000006 更新日 令和8年2月12日 印刷 大きな文字で印刷 新着更新情報 7月13日（月曜日） 更新 指名停止 7月8日（水曜日） 更新 随意契約結果（大畑センター） 7月8日（水曜日） 更新 令和8年度入札結果 7月8日（水曜日） 更新 公共工事発注予定 7月8日（水曜日） 更新 電子入札分その1 入札・契約 電子入"
21204,多治見市,7,9,"林業",https://www.city.tajimi.lg.jp/sangyo_business/ringyo/index.html,"文化・スポーツ 観光・文化・スポーツ トップ 閉じる 観光 文化・生涯学習 多治見市文化財保護センター スポーツ 産業・ビジネス 産業・ビジネス トップ 閉じる 入札・契約 農業 林業 産業振興 企業誘致 起業・企業支援 労働・就労支援 事業者向け情報 市政情報 市政情報 トップ 閉じる 市の概要・アクセス 組織・業務案内 市長の部屋 施策・計画 条例・規則・制度 広報 広聴 審議会・協議会・委員会 財政 市議会 職員・採用 選挙 統計"
21204,多治見市,7,4,"起業・企業支援",https://www.city.tajimi.lg.jp/sangyo_business/kigyo_kigyoshien/index.html," エンターキーを押すと、ナビゲーション部分をスキップし本文へ移動します。 サイトマップ Foreign language English &#31616;&#20307;&#20013;&#25991; &#32321;&#39636;&#20013;&#25991; &#54620;&#44397;&#50612; Português &#84;&#105;&#7871;&#110;&#103;&#32;&#86;&#105;&#78"
21204,多治見市,7,4,"審議会・協議会・委員会",https://www.city.tajimi.lg.jp/shisei/shingikai_kyogikai_iinkai/index.html," 施策・計画 条例・規則・制度 広報 広聴 審議会・協議会・委員会 財政 市議会 職員・採用 選挙 統計・調査 申請書ダウンロード 関連機関等リンク集 監査委員 固定資産評価審査委員会 公平委員会 現在の位置： トップページ > 市政情報 > 審議会・協議会・委員会 ここから本文です。 審議会・協議会・委員会 ページ番号1007435 印刷 大きな文字で印刷 市民参加がまちをつくります。多治見市は、行政への市民参加を進めます。 人事課所"
21204,多治見市,7,9,"申請書ダウンロード",https://www.city.tajimi.lg.jp/shisei/shinseishodownload/index.html,"動車税関連 納税の猶予 福祉課（申請書ダウンロード） 障がい福祉関連 高齢福祉課（申請書ダウンロード） 高齢者福祉関連 介護保険関連 保育幼稚園課（申請書ダウンロード） 保育園・認定こども園・小規模保育事業所関連 保険年金課（申請書ダウンロード） 国民健康保険関連 後期高齢者医療関連 福祉医療・手当関連 市民課（申請書ダウンロード） 住民票／戸籍／印鑑登録／身分証明関連 環境課（申請書ダウンロード） 家庭ごみ／資源回収関連 改葬／霊園関"
21204,多治見市,7,5,"多治見市指定ごみ袋・粗大ごみシール",https://www.city.tajimi.lg.jp/kurashi_tetsuduzuki/gomi_recycle_kankyo/1008948/1005477/1005479.html," エンターキーを押すと、ナビゲーション部分をスキップし本文へ移動します。 サイトマップ Foreign language English &#31616;&#20307;&#20013;&#25991; &#32321;&#39636;&#20013;&#25991; &#54620;&#44397;&#50612; Português &#84;&#105;&#7871;&#110;&#103;&#32;&#86;&#105;&#78"
21204,多治見市,7,4,"税務課からのお知らせ",https://www.city.tajimi.lg.jp/kurashi_tetsuduzuki/zeikin/1005341.html,"島地震による被災者に対する市税の申告、納付等の期限の延長 長寿命化に資する一定の大規模修繕工事を行ったマンションに係る固定資産税の税額減額措置（わがまち特例）について 令和5年度税制改正により、長寿命化に資する一定の大規模修繕工事を行ったマンションについて、固定資産税の税額減額措置が新設されました。 税額減額対象は大規模改修工事が完了した年の翌年度分の当該マンションの家屋に係る固定資産税です。 税額減額割合は各市町村において条例で定める"
21204,多治見市,7,11,"意見募集（パブリック・コメント）",https://www.city.tajimi.lg.jp/shisei/kocho/1007582/index.html,"案などを公表し、広く意見や情報を求めます。パブリック・コメント手続を実施する機関は、提出された意見などを考慮して政策などを決定するとともに、提出された意見の概要、それに対する市の考え方などを公表します。 募集方法（基本） 窓口への書面の提出 郵便 ファクシミリ 電子メール 各課の案内 参考様式 ご意見記入参考様式 （PDF 52.0 KB） ご意見記入参考様式 （Word 36.5 KB） お寄せいただいたご意見は、整理したうえで公表い"
21204,多治見市,7,11,"高齢者肺炎球菌感染症予防接種",https://www.city.tajimi.lg.jp/kenko_iryo_fukushi/kenko/1006503/1006512/1006514.html,"ること） 多治見市が発行した予診票（医療機関にて必要事項が記入してあるもの） 予防接種実施依頼申請書 （PDF 165.4 KB） 予防接種実施依頼申請書（ロゴフォーム） （外部リンク） 予防接種費用償還払い申請書兼請求書 （PDF 222.3 KB） 保健センター窓口では、平日の開庁時間内のみ受付しています。書類は郵送でも受付可能ですが、不備があった場合は申請を受理することができませんので、提出の際には十分ご確認ください。 申請可能期"
21204,多治見市,7,11,"映画上映会「父と僕の終わらない歌」",https://www.city.tajimi.lg.jp/kenko_iryo_fukushi/koureishafukushi/1009051/1010754/1010806.html," エンターキーを押すと、ナビゲーション部分をスキップし本文へ移動します。 サイトマップ Foreign language English &#31616;&#20307;&#20013;&#25991; &#32321;&#39636;&#20013;&#25991; &#54620;&#44397;&#50612; Português &#84;&#105;&#7871;&#110;&#103;&#32;&#86;&#105;&#78"
21204,多治見市,7,5,"一斉ラジオ体操会",https://www.city.tajimi.lg.jp/kanko_bunka_sports/sports/1006725/1010489.html," エンターキーを押すと、ナビゲーション部分をスキップし本文へ移動します。 サイトマップ Foreign language English &#31616;&#20307;&#20013;&#25991; &#32321;&#39636;&#20013;&#25991; &#54620;&#44397;&#50612; Português &#84;&#105;&#7871;&#110;&#103;&#32;&#86;&#105;&#78"
21204,多治見市,7,3,"多治見市公式インスタグラム",https://www.city.tajimi.lg.jp/shisei/koho/1007556/1007560.html," エンターキーを押すと、ナビゲーション部分をスキップし本文へ移動します。 サイトマップ Foreign language English &#31616;&#20307;&#20013;&#25991; &#32321;&#39636;&#20013;&#25991; &#54620;&#44397;&#50612; Português &#84;&#105;&#7871;&#110;&#103;&#32;&#86;&#105;&#78"
21204,多治見市,7,10,"よくある質問",https://www.city.tajimi.lg.jp/faq/index.html,"すか？ 氏や名を変えたいのですが、何が必要ですか？ 婚姻届（離婚届）の提出は、本人以外でもできますか？ 結婚して姓が変わりました。印鑑登録はどうなるのですか？ 外国人と結婚して、外国人の氏を名乗る場合は、どのような届出が必要ですか？ 出生届はいつまでに出せばいいのですか？ 夫（妻）が勝手に離婚届を出してしまいそうなので、受理しないでほしいのですが。 保険・年金に関するよくある質問 学生のため国民年金保険料を納めることが難しいのですが。 "
21204,多治見市,7,11,"ホームページバナー",https://www.city.tajimi.lg.jp/shisei/zaisei/1008115/1008120.html," エンターキーを押すと、ナビゲーション部分をスキップし本文へ移動します。 サイトマップ Foreign language English &#31616;&#20307;&#20013;&#25991; &#32321;&#39636;&#20013;&#25991; &#54620;&#44397;&#50612; Português &#84;&#105;&#7871;&#110;&#103;&#32;&#86;&#105;&#78"
21204,多治見市,7,3,"保険・年金に関するよくある質問",https://www.city.tajimi.lg.jp/faq/faq_hoken/index.html,"屋 施策・計画 条例・規則・制度 広報 広聴 審議会・協議会・委員会 財政 市議会 職員・採用 選挙 統計・調査 申請書ダウンロード 関連機関等リンク集 監査委員 固定資産評価審査委員会 公平委員会 現在の位置： トップページ > よくある質問 > 保険・年金に関するよくある質問 ここから本文です。 保険・年金に関するよくある質問 ページ番号1008757 印刷 大きな文字で印刷 学生のため国民年金保険料を納めることが難しいのですが。 "
21204,多治見市,7,3,"子育て・教育に関するよくある質問",https://www.city.tajimi.lg.jp/faq/faq_kyoiku/index.html," トップ 閉じる 観光 文化・生涯学習 多治見市文化財保護センター スポーツ 産業・ビジネス 産業・ビジネス トップ 閉じる 入札・契約 農業 林業 産業振興 企業誘致 起業・企業支援 労働・就労支援 事業者向け情報 市政情報 市政情報 トップ 閉じる 市の概要・アクセス 組織・業務案内 市長の部屋 施策・計画 条例・規則・制度 広報 広聴 審議会・協議会・委員会 財政 市議会 職員・採用 選挙 統計・調査 申請書ダウンロード 関連機関"
21204,多治見市,7,5,"部課の施策体系と懸案事項",https://www.city.tajimi.lg.jp/shisei/shisaku_keikaku/1007246.html,"書ダウンロード 関連機関等リンク集 監査委員 固定資産評価審査委員会 公平委員会 現在の位置： トップページ > 市政情報 > 施策・計画 > 部課の施策体系と懸案事項 ここから本文です。 部課の施策体系と懸案事項 ページ番号1007246 更新日 令和8年6月1日 印刷 大きな文字で印刷 庁議の運営 市役所内部会議「庁議」とは何かについて解説しています。また、庁議結果（まとめ）を掲載しています。 市役所内部会議 「部課別課題一覧表」に"
21204,多治見市,7,5,"結婚支援",https://www.city.tajimi.lg.jp/shisei/shisaku_keikaku/1007314/index.html,"光・文化・スポーツ 観光・文化・スポーツ トップ 閉じる 観光 文化・生涯学習 多治見市文化財保護センター スポーツ 産業・ビジネス 産業・ビジネス トップ 閉じる 入札・契約 農業 林業 産業振興 企業誘致 起業・企業支援 労働・就労支援 事業者向け情報 市政情報 市政情報 トップ 閉じる 市の概要・アクセス 組織・業務案内 市長の部屋 施策・計画 条例・規則・制度 広報 広聴 審議会・協議会・委員会 財政 市議会 職員・採用 選挙 "
21204,多治見市,7,3,"浸水害（洪水）",https://www.city.tajimi.lg.jp/kurashi_tetsuduzuki/bosai_bohan/1005897/1009102/1005913.html," エンターキーを押すと、ナビゲーション部分をスキップし本文へ移動します。 サイトマップ Foreign language English &#31616;&#20307;&#20013;&#25991; &#32321;&#39636;&#20013;&#25991; &#54620;&#44397;&#50612; Português &#84;&#105;&#7871;&#110;&#103;&#32;&#86;&#105;&#78"
21204,多治見市,7,3,"「警戒レベル」を用いた防災情報の発信",https://www.city.tajimi.lg.jp/kurashi_tetsuduzuki/bosai_bohan/1005897/1009105/1009308.html," エンターキーを押すと、ナビゲーション部分をスキップし本文へ移動します。 サイトマップ Foreign language English &#31616;&#20307;&#20013;&#25991; &#32321;&#39636;&#20013;&#25991; &#54620;&#44397;&#50612; Português &#84;&#105;&#7871;&#110;&#103;&#32;&#86;&#105;&#78"
21204,多治見市,7,3,"指定避難所・指定緊急避難場所",https://www.city.tajimi.lg.jp/kurashi_tetsuduzuki/bosai_bohan/1005897/1009103/1005916/index.html," エンターキーを押すと、ナビゲーション部分をスキップし本文へ移動します。 サイトマップ Foreign language English &#31616;&#20307;&#20013;&#25991; &#32321;&#39636;&#20013;&#25991; &#54620;&#44397;&#50612; Português &#84;&#105;&#7871;&#110;&#103;&#32;&#86;&#105;&#78"
21204,多治見市,7,5,"令和6年能登半島地震に係る災害支援",https://www.city.tajimi.lg.jp/kurashi_tetsuduzuki/bosai_bohan/1005897/1009104/1005898.html," エンターキーを押すと、ナビゲーション部分をスキップし本文へ移動します。 サイトマップ Foreign language English &#31616;&#20307;&#20013;&#25991; &#32321;&#39636;&#20013;&#25991; &#54620;&#44397;&#50612; Português &#84;&#105;&#7871;&#110;&#103;&#32;&#86;&#105;&#78"
21205,関市,7,0,"音声読み上げサービス",https://www.city.seki.lg.jp/site_policy/0000000014.html,"・生活 道路・河川 農林業 雇用・就労 ごみ・リサイクル 防犯・交通安全 消防 上下水道 税金 相談・補助制度 市民参加・協働 生涯学習 スポーツ 主な施設 交通・アクセス 地理情報（GIS） オープンデータ 公示送達 子ども・教育 関市子育てガイドブック 妊娠から出産 子育て 子育てへの助成 子どもと家庭の相談 教育の支援・相談 ひとり親家庭 保育園・幼稚園 小・中・高・大学校 関市地域クラブ 健康・福祉・医療 新型コロナウイルス 健"
21205,関市,7,4,"住まい・生活",https://www.city.seki.lg.jp/category/4-15-0-0-0-0-0-0-0-0.html,"・生活 道路・河川 農林業 雇用・就労 ごみ・リサイクル 防犯・交通安全 消防 上下水道 税金 相談・補助制度 市民参加・協働 生涯学習 スポーツ 主な施設 交通・アクセス 地理情報（GIS） オープンデータ 公示送達 子ども・教育 関市子育てガイドブック 妊娠から出産 子育て 子育てへの助成 子どもと家庭の相談 教育の支援・相談 ひとり親家庭 保育園・幼稚園 小・中・高・大学校 関市地域クラブ 健康・福祉・医療 新型コロナウイルス 健"
21205,関市,7,2,"道路・河川",https://www.city.seki.lg.jp/category/4-30-0-0-0-0-0-0-0-0.html,"・生活 道路・河川 農林業 雇用・就労 ごみ・リサイクル 防犯・交通安全 消防 上下水道 税金 相談・補助制度 市民参加・協働 生涯学習 スポーツ 主な施設 交通・アクセス 地理情報（GIS） オープンデータ 公示送達 子ども・教育 関市子育てガイドブック 妊娠から出産 子育て 子育てへの助成 子どもと家庭の相談 教育の支援・相談 ひとり親家庭 保育園・幼稚園 小・中・高・大学校 関市地域クラブ 健康・福祉・医療 新型コロナウイルス 健"
21205,関市,7,3,"防犯・交通安全",https://www.city.seki.lg.jp/category/4-1-0-0-0-0-0-0-0-0.html,"・生活 道路・河川 農林業 雇用・就労 ごみ・リサイクル 防犯・交通安全 消防 上下水道 税金 相談・補助制度 市民参加・協働 生涯学習 スポーツ 主な施設 交通・アクセス 地理情報（GIS） オープンデータ 公示送達 子ども・教育 関市子育てガイドブック 妊娠から出産 子育て 子育てへの助成 子どもと家庭の相談 教育の支援・相談 ひとり親家庭 保育園・幼稚園 小・中・高・大学校 関市地域クラブ 健康・福祉・医療 新型コロナウイルス 健"
21205,関市,7,2,"税金",https://www.city.seki.lg.jp/category/4-13-0-0-0-0-0-0-0-0.html,"・生活 道路・河川 農林業 雇用・就労 ごみ・リサイクル 防犯・交通安全 消防 上下水道 税金 相談・補助制度 市民参加・協働 生涯学習 スポーツ 主な施設 交通・アクセス 地理情報（GIS） オープンデータ 公示送達 子ども・教育 関市子育てガイドブック 妊娠から出産 子育て 子育てへの助成 子どもと家庭の相談 教育の支援・相談 ひとり親家庭 保育園・幼稚園 小・中・高・大学校 関市地域クラブ 健康・福祉・医療 新型コロナウイルス 健"
21205,関市,7,2,"相談・補助制度",https://www.city.seki.lg.jp/category/4-12-0-0-0-0-0-0-0-0.html,"・生活 道路・河川 農林業 雇用・就労 ごみ・リサイクル 防犯・交通安全 消防 上下水道 税金 相談・補助制度 市民参加・協働 生涯学習 スポーツ 主な施設 交通・アクセス 地理情報（GIS） オープンデータ 公示送達 子ども・教育 関市子育てガイドブック 妊娠から出産 子育て 子育てへの助成 子どもと家庭の相談 教育の支援・相談 ひとり親家庭 保育園・幼稚園 小・中・高・大学校 関市地域クラブ 健康・福祉・医療 新型コロナウイルス 健"
21205,関市,7,2,"地理情報（GIS）",https://www.city.seki.lg.jp/category/4-3-0-0-0-0-0-0-0-0.html,"・生活 道路・河川 農林業 雇用・就労 ごみ・リサイクル 防犯・交通安全 消防 上下水道 税金 相談・補助制度 市民参加・協働 生涯学習 スポーツ 主な施設 交通・アクセス 地理情報（GIS） オープンデータ 公示送達 子ども・教育 関市子育てガイドブック 妊娠から出産 子育て 子育てへの助成 子どもと家庭の相談 教育の支援・相談 ひとり親家庭 保育園・幼稚園 小・中・高・大学校 関市地域クラブ 健康・福祉・医療 新型コロナウイルス 健"
21205,関市,7,2,"オープンデータ",https://www.city.seki.lg.jp/category/4-26-0-0-0-0-0-0-0-0.html,"・生活 道路・河川 農林業 雇用・就労 ごみ・リサイクル 防犯・交通安全 消防 上下水道 税金 相談・補助制度 市民参加・協働 生涯学習 スポーツ 主な施設 交通・アクセス 地理情報（GIS） オープンデータ 公示送達 子ども・教育 関市子育てガイドブック 妊娠から出産 子育て 子育てへの助成 子どもと家庭の相談 教育の支援・相談 ひとり親家庭 保育園・幼稚園 小・中・高・大学校 関市地域クラブ 健康・福祉・医療 新型コロナウイルス 健"
21205,関市,7,1,"妊娠から出産",https://www.city.seki.lg.jp/category/9-2-0-0-0-0-0-0-0-0.html,"・生活 道路・河川 農林業 雇用・就労 ごみ・リサイクル 防犯・交通安全 消防 上下水道 税金 相談・補助制度 市民参加・協働 生涯学習 スポーツ 主な施設 交通・アクセス 地理情報（GIS） オープンデータ 公示送達 子ども・教育 関市子育てガイドブック 妊娠から出産 子育て 子育てへの助成 子どもと家庭の相談 教育の支援・相談 ひとり親家庭 保育園・幼稚園 小・中・高・大学校 関市地域クラブ 健康・福祉・医療 新型コロナウイルス 健"
21205,関市,7,0,"子育て",https://www.city.seki.lg.jp/category/9-3-0-0-0-0-0-0-0-0.html,"・生活 道路・河川 農林業 雇用・就労 ごみ・リサイクル 防犯・交通安全 消防 上下水道 税金 相談・補助制度 市民参加・協働 生涯学習 スポーツ 主な施設 交通・アクセス 地理情報（GIS） オープンデータ 公示送達 子ども・教育 関市子育てガイドブック 妊娠から出産 子育て 子育てへの助成 子どもと家庭の相談 教育の支援・相談 ひとり親家庭 保育園・幼稚園 小・中・高・大学校 関市地域クラブ 健康・福祉・医療 新型コロナウイルス 健"
21205,関市,7,10,"子育てへの助成",https://www.city.seki.lg.jp/category/9-4-0-0-0-0-0-0-0-0.html,"・生活 道路・河川 農林業 雇用・就労 ごみ・リサイクル 防犯・交通安全 消防 上下水道 税金 相談・補助制度 市民参加・協働 生涯学習 スポーツ 主な施設 交通・アクセス 地理情報（GIS） オープンデータ 公示送達 子ども・教育 関市子育てガイドブック 妊娠から出産 子育て 子育てへの助成 子どもと家庭の相談 教育の支援・相談 ひとり親家庭 保育園・幼稚園 小・中・高・大学校 関市地域クラブ 健康・福祉・医療 新型コロナウイルス 健"
21205,関市,7,2,"子どもと家庭の相談",https://www.city.seki.lg.jp/category/9-5-0-0-0-0-0-0-0-0.html,"・生活 道路・河川 農林業 雇用・就労 ごみ・リサイクル 防犯・交通安全 消防 上下水道 税金 相談・補助制度 市民参加・協働 生涯学習 スポーツ 主な施設 交通・アクセス 地理情報（GIS） オープンデータ 公示送達 子ども・教育 関市子育てガイドブック 妊娠から出産 子育て 子育てへの助成 子どもと家庭の相談 教育の支援・相談 ひとり親家庭 保育園・幼稚園 小・中・高・大学校 関市地域クラブ 健康・福祉・医療 新型コロナウイルス 健"
21205,関市,7,1,"教育の支援・相談",https://www.city.seki.lg.jp/category/9-6-0-0-0-0-0-0-0-0.html,"・生活 道路・河川 農林業 雇用・就労 ごみ・リサイクル 防犯・交通安全 消防 上下水道 税金 相談・補助制度 市民参加・協働 生涯学習 スポーツ 主な施設 交通・アクセス 地理情報（GIS） オープンデータ 公示送達 子ども・教育 関市子育てガイドブック 妊娠から出産 子育て 子育てへの助成 子どもと家庭の相談 教育の支援・相談 ひとり親家庭 保育園・幼稚園 小・中・高・大学校 関市地域クラブ 健康・福祉・医療 新型コロナウイルス 健"
21205,関市,7,3,"ひとり親家庭",https://www.city.seki.lg.jp/category/9-7-0-0-0-0-0-0-0-0.html,"・生活 道路・河川 農林業 雇用・就労 ごみ・リサイクル 防犯・交通安全 消防 上下水道 税金 相談・補助制度 市民参加・協働 生涯学習 スポーツ 主な施設 交通・アクセス 地理情報（GIS） オープンデータ 公示送達 子ども・教育 関市子育てガイドブック 妊娠から出産 子育て 子育てへの助成 子どもと家庭の相談 教育の支援・相談 ひとり親家庭 保育園・幼稚園 小・中・高・大学校 関市地域クラブ 健康・福祉・医療 新型コロナウイルス 健"
21205,関市,7,2,"保育園・幼稚園",https://www.city.seki.lg.jp/category/9-8-0-0-0-0-0-0-0-0.html,"・生活 道路・河川 農林業 雇用・就労 ごみ・リサイクル 防犯・交通安全 消防 上下水道 税金 相談・補助制度 市民参加・協働 生涯学習 スポーツ 主な施設 交通・アクセス 地理情報（GIS） オープンデータ 公示送達 子ども・教育 関市子育てガイドブック 妊娠から出産 子育て 子育てへの助成 子どもと家庭の相談 教育の支援・相談 ひとり親家庭 保育園・幼稚園 小・中・高・大学校 関市地域クラブ 健康・福祉・医療 新型コロナウイルス 健"
21205,関市,7,2,"小・中・高・大学校",https://www.city.seki.lg.jp/category/9-9-0-0-0-0-0-0-0-0.html,"・生活 道路・河川 農林業 雇用・就労 ごみ・リサイクル 防犯・交通安全 消防 上下水道 税金 相談・補助制度 市民参加・協働 生涯学習 スポーツ 主な施設 交通・アクセス 地理情報（GIS） オープンデータ 公示送達 子ども・教育 関市子育てガイドブック 妊娠から出産 子育て 子育てへの助成 子どもと家庭の相談 教育の支援・相談 ひとり親家庭 保育園・幼稚園 小・中・高・大学校 関市地域クラブ 健康・福祉・医療 新型コロナウイルス 健"
