municipalityCode,municipalityName,score,status,title,keywordHits,sourceUrl
"01333","知内町","5","200","サイトマップ｜北海道知内町","補助金|給付金|支援金|貸付|減免|免除|医療費助成|移住|住宅|空き家|空家|事業者|農業|林業|水産|福祉|子育て|予防接種|不妊|通学","https://www.town.shiriuchi.hokkaido.jp/sitemap.html"
"01333","知内町","5","200","","給付金|医療費助成|移住|空家|水産|福祉|子育て|予防接種","https://www.town.shiriuchi.hokkaido.jp/kurashi/hoken_fukushi/"
"01333","知内町","3","200","","貸付|移住|空家|水産|福祉|子育て","https://www.town.shiriuchi.hokkaido.jp/kyoiku/"
"01333","知内町","3","200","","補助金|移住|空家|水産|福祉|子育て","https://www.town.shiriuchi.hokkaido.jp/kurashi/suido/"
"01333","知内町","3","200","","移住|空き家|空家|水産|福祉|子育て","https://www.town.shiriuchi.hokkaido.jp/kurashi/akiyahome/"
"01333","知内町","2","200","","移住|空家|水産|福祉|子育て","https://www.town.shiriuchi.hokkaido.jp/"
"01333","知内町","2","200","","移住|空家|事業者|水産|福祉|子育て","https://www.town.shiriuchi.hokkaido.jp/about/"
"01333","知内町","2","200","","移住|住宅|空家|農業|林業|水産|福祉|子育て","https://www.town.shiriuchi.hokkaido.jp/kanko/"
"01333","知内町","2","200","","支援金|移住|住宅|農業|子育て","https://www.town.shiriuchi.hokkaido.jp/iju_teiju/"
"01333","知内町","2","200","","移住|空家|水産|福祉|子育て","https://www.town.shiriuchi.hokkaido.jp/chosei/"
"01333","知内町","2","200","","移住|空家|水産|福祉|子育て","https://www.town.shiriuchi.hokkaido.jp/about/gaiyo/"
"01333","知内町","2","200","","移住|空家|水産|福祉|子育て","https://www.town.shiriuchi.hokkaido.jp/about/shisetsu/"
"01333","知内町","2","200","","移住|空家|水産|福祉|子育て","https://www.town.shiriuchi.hokkaido.jp/about/yumeijin/"
"01333","知内町","2","200","","移住|空家|水産|福祉|子育て","https://www.town.shiriuchi.hokkaido.jp/about/meiyochomin/"
"01333","知内町","2","200","","移住|空家|水産|福祉|子育て","https://www.town.shiriuchi.hokkaido.jp/about/tokei/"
"01333","知内町","2","200","","移住|空家|水産|福祉|子育て","https://www.town.shiriuchi.hokkaido.jp/about/gyouseishisatsu/"
"01333","知内町","2","200","","移住|空家|水産|福祉|子育て","https://www.town.shiriuchi.hokkaido.jp/about/keywords/"
"01333","知内町","2","200","","移住|空家|水産|福祉|子育て","https://www.town.shiriuchi.hokkaido.jp/about/links/"
"01333","知内町","2","200","","移住|空家|事業者|水産|福祉|子育て","https://www.town.shiriuchi.hokkaido.jp/about/furusatonouzei/"
"01333","知内町","2","200","","移住|空家|水産|福祉|子育て","https://www.town.shiriuchi.hokkaido.jp/about/kotaniishi.html"
"01333","知内町","2","200","","移住|空家|水産|福祉|子育て","https://www.town.shiriuchi.hokkaido.jp/about/furusatokai.html"
"01333","知内町","2","200","","移住|空家|水産|福祉|子育て","https://www.town.shiriuchi.hokkaido.jp/photo/"
"01333","知内町","2","200","","移住|空家|水産|福祉|子育て","https://www.town.shiriuchi.hokkaido.jp/kurashi/jumin/"
"01333","知内町","2","200","","移住|空家|水産|福祉|子育て","https://www.town.shiriuchi.hokkaido.jp/kurashi/koseki/"
"01333","知内町","2","200","","移住|空家|水産|福祉|子育て","https://www.town.shiriuchi.hokkaido.jp/kurashi/nenkin_kenkohoken_zei/"
"01333","知内町","2","200","","移住|空家|水産|福祉|子育て","https://www.town.shiriuchi.hokkaido.jp/kurashi/recycle/"
"01333","知内町","2","200","","移住|住宅|空家|水産|福祉|子育て","https://www.town.shiriuchi.hokkaido.jp/kurashi/machizukuri/"
"01333","知内町","2","200","","移住|空家|水産|福祉|子育て","https://www.town.shiriuchi.hokkaido.jp/kurashi/bosai/"
"01333","知内町","2","200","","移住|空家|水産|福祉|子育て","https://www.town.shiriuchi.hokkaido.jp/kurashi/bochi/"
"01333","知内町","2","200","","移住|空家|水産|福祉|子育て","https://www.town.shiriuchi.hokkaido.jp/kurashi/kaiinu/"
"01333","知内町","2","200","","移住|空家|水産|福祉|子育て","https://www.town.shiriuchi.hokkaido.jp/kurashi/employment/"
"01333","知内町","2","200","","移住|空家|水産|福祉|子育て","https://www.town.shiriuchi.hokkaido.jp/kurashi/demando/"
"01333","知内町","2","200","","移住|空家|水産|福祉|子育て","https://www.town.shiriuchi.hokkaido.jp/kurashi/mynumber/"
"01333","知内町","2","200","","移住|空家|事業者|水産|福祉|子育て","https://www.town.shiriuchi.hokkaido.jp/kurashi/zero/"
"01333","知内町","2","200","","移住|空家|水産|福祉|子育て","https://www.town.shiriuchi.hokkaido.jp/kurashi/tochiriyo/"
"01333","知内町","2","200","","移住|空家|水産|福祉|子育て","https://www.town.shiriuchi.hokkaido.jp/kurashi/covid-19/"
"01333","知内町","2","200","","移住|空家|水産|福祉|子育て","https://www.town.shiriuchi.hokkaido.jp/kurashi/drone/"
"01333","知内町","2","200","","移住|空家|水産|福祉|子育て","https://www.town.shiriuchi.hokkaido.jp/kurashi/seikatsuouennkenn.html"
"01333","知内町","2","200","","移住|空家|水産|福祉|子育て","https://www.town.shiriuchi.hokkaido.jp/kurashi/ouennkenn.html"
"01333","知内町","2","200","","移住|空家|水産|福祉|子育て","https://www.town.shiriuchi.hokkaido.jp/kurashi/america.html"
"01333","知内町","2","200","","移住|空家|水産|福祉|子育て","https://www.town.shiriuchi.hokkaido.jp/kurashi/syokuchudoku.html"
"01333","知内町","2","200","","移住|空家|水産|福祉|子育て","https://www.town.shiriuchi.hokkaido.jp/kurashi/sagiboushi.html"
"01333","知内町","2","200","","移住|空家|水産|福祉|子育て","https://www.town.shiriuchi.hokkaido.jp/kurashi/zieitaibosyuu.html"
"01333","知内町","2","200","","移住|空家|水産|福祉|子育て","https://www.town.shiriuchi.hokkaido.jp/kanko/meisho/"
"01333","知内町","2","200","","移住|空家|水産|福祉|子育て","https://www.town.shiriuchi.hokkaido.jp/kanko/kanko/"
"01333","知内町","2","200","","移住|空家|水産|福祉|子育て","https://www.town.shiriuchi.hokkaido.jp/kanko/taiken/"
"01333","知内町","2","200","","移住|空家|水産|福祉|子育て","https://www.town.shiriuchi.hokkaido.jp/kanko/shukuhaku/"
"01333","知内町","2","200","","移住|空家|水産|福祉|子育て","https://www.town.shiriuchi.hokkaido.jp/kanko/gourmet/"
"01333","知内町","2","200","","移住|空家|水産|福祉|子育て","https://www.town.shiriuchi.hokkaido.jp/kanko/event/"
"01333","知内町","2","200","","移住|空家|農業|林業|水産|福祉|子育て","https://www.town.shiriuchi.hokkaido.jp/kanko/sangyo/"
"01333","知内町","2","200","","移住|住宅|空家|農業|水産|福祉|子育て","https://www.town.shiriuchi.hokkaido.jp/kanko/ninaitecenter/"
"01334","木古内町","8","200","サイトマップ｜北海道木古内町","補助金|給付金|一時金|支援金|貸付|減免|免除|医療費助成|移住|住宅|空き家|空家|起業|事業者|農業|林業|水産|福祉|子育て|耐震|省エネ|予防接種|不妊|妊婦|通学","https://www.town.kikonai.hokkaido.jp/sitemap.html"
"01334","木古内町","4","200","","給付金|移住|空き家|起業|福祉|子育て|通学","https://www.town.kikonai.hokkaido.jp/kurashi/tetsuzuki/"
"01334","木古内町","3","200","","補助金|貸付|移住|住宅|起業|福祉|子育て","https://www.town.kikonai.hokkaido.jp/"
"01334","木古内町","3","200","","移住|住宅|空家|起業|農業|福祉|子育て|通学","https://www.town.kikonai.hokkaido.jp/gyosei/sesaku/"
"01334","木古内町","2","200","お問い合わせ （木古内町役場あて） ｜北海道木古内町","移住|起業|福祉","https://www.town.kikonai.hokkaido.jp/inquiry/1.html"
"01334","木古内町","2","200","サイトの使い方｜北海道木古内町","移住|起業|福祉","https://www.town.kikonai.hokkaido.jp/howto.html"
"01334","木古内町","2","200","","医療費助成|移住|住宅|子育て","https://www.town.kikonai.hokkaido.jp/iju/"
"01334","木古内町","2","200","","貸付|移住|起業|福祉","https://www.town.kikonai.hokkaido.jp/gyosei/nyusatsu/"
"01334","木古内町","2","200","","助成金|移住|起業|福祉","https://www.town.kikonai.hokkaido.jp/gyosei/yuchi/"
"01334","木古内町","2","200","人事｜北海道木古内町","移住|起業|福祉","https://www.town.kikonai.hokkaido.jp/gyosei/jinji/"
"01334","木古内町","2","200","","補助金|移住|起業|福祉","https://www.town.kikonai.hokkaido.jp/gyosei/ouinsyouryaku.html"
"01337","七飯町","12","200","サイトマップ","補助金|助成金|給付金|一時金|支援金|奨励金|貸付|減免|医療費助成|移住|住宅|空き家|空家|創業|事業者|農業|林業|水産|福祉|子育て|就学|奨学金|耐震|予防接種|不妊|妊婦|通学","https://www.town.nanae.hokkaido.jp/hotnews/sitemap/"
"01337","七飯町","5","200","移住・定住","支援金|移住|住宅|福祉|子育て|予防接種|通学","https://www.town.nanae.hokkaido.jp/hotnews/category/160.html"
"01337","七飯町","5","200","予防接種","移住|住宅|福祉|子育て|予防接種|妊婦|通学","https://www.town.nanae.hokkaido.jp/hotnews/category/176.html"
"01337","七飯町","4","200","","移住|住宅|農業|福祉|子育て|就学|予防接種|通学","https://www.town.nanae.hokkaido.jp/"
"01337","七飯町","4","200","Foreign Language","移住|住宅|福祉|子育て|予防接種|通学","https://www.town.nanae.hokkaido.jp/hotnews/detail/00008526.html"
"01337","七飯町","4","200","七飯町通学路交通安全プログラム関係","移住|住宅|福祉|子育て|予防接種|通学","https://www.town.nanae.hokkaido.jp/hotnews/category/410.html"
"01343","鹿部町","9","200","企業版ふるさと納税について","補助金|医療費助成|移住|空き家|起業|事業者|水産|福祉|子育て|奨学金|予防接種|不妊|妊婦","https://www.town.shikabe.lg.jp/choseijoho/kigyobanfurusatonozei/1245.html"
"01343","鹿部町","5","200","移住・定住","補助金|支援金|移住|住宅|空き家|福祉|子育て","https://www.town.shikabe.lg.jp/kurashi_tetsuzuki/iju_teiju/index.html"
"01343","鹿部町","4","200","未来きらきらプラン","医療費助成|福祉|子育て|奨学金|不妊","https://www.town.shikabe.lg.jp/kosodate_kyoiku/miraikirakiraplan/2252.html"
"01345","森町","3","200","もりまちへの移住","支援金|移住|福祉|子育て","https://www.town.hokkaido-mori.lg.jp/kurashi-tetsuzuki/iju-teiju/index.html"
"01345","森町","2","200","LINEで町のお知らせが受け取れます！","給付金|福祉|子育て","https://www.town.hokkaido-mori.lg.jp/soshiki/kikakushinko/5/1796.html"
"01346","八雲町","5","200","住民生活課","給付金|一時金|免除|医療費助成|子育て|妊婦","https://www.town.yakumo.lg.jp/soshiki/jyuumin/"
"01346","八雲町","4","200","入園・入学","貸付|就学|奨学金","https://www.town.yakumo.lg.jp/life/1/31/159/"
"01346","八雲町","4","200","政策推進課","補助金|移住|住宅|事業者|就学|省エネ","https://www.town.yakumo.lg.jp/soshiki/seisaku/"
"01346","八雲町","4","200","建設課","補助金|住宅|空家|耐震","https://www.town.yakumo.lg.jp/soshiki/kensetsu/"
"01346","八雲町","3","200","地図でさがす","移住|空き家|福祉","https://www.town.yakumo.lg.jp/map/"
"01346","八雲町","3","200","八雲町マップ","移住|空き家|福祉","https://www.town.yakumo.lg.jp/life/4/"
"01346","八雲町","2","200","イベントカレンダー","事業者|福祉|子育て|就学","https://www.town.yakumo.lg.jp/calendar/index.php"
"01346","八雲町","2","200","イベントカレンダー","事業者|福祉|子育て|就学","https://www.town.yakumo.lg.jp/calendar/"
"01346","八雲町","2","200","妊娠・出産","妊婦","https://www.town.yakumo.lg.jp/life/1/31/157/"
"01346","八雲町","2","200","子育て","子育て|予防接種","https://www.town.yakumo.lg.jp/life/1/31/158/"
"01346","八雲町","2","200","引越し","移住","https://www.town.yakumo.lg.jp/life/1/31/162/"
"01346","八雲町","2","200","健康・福祉","福祉|予防接種","https://www.town.yakumo.lg.jp/life/1/31/163/"
"01346","八雲町","2","200","危機対策課","補助金|事業者","https://www.town.yakumo.lg.jp/soshiki/kikitaisaku/"
"01346","八雲町","2","200","環境水道課","助成金|事業者","https://www.town.yakumo.lg.jp/soshiki/suidou/"
"01347","長万部町","10","200","移住・定住","移住|農業|子育て","https://www.town.oshamambe.lg.jp/life/1/7/28/"
"01347","長万部町","3","200","くらし・手続き","移住|住宅|空家|福祉|子育て","https://www.town.oshamambe.lg.jp/life/1/"
"01347","長万部町","3","200","長万部町地域おこし協力隊","移住|空き家|農業|水産|福祉|子育て","https://www.town.oshamambe.lg.jp/soshiki/4/5702.html"
"01347","長万部町","3","200","妊娠・出産","福祉|子育て|不妊|妊婦","https://www.town.oshamambe.lg.jp/life/2/11/45/"
"01347","長万部町","3","200","子育て支援","補助金|福祉|子育て|予防接種","https://www.town.oshamambe.lg.jp/life/2/10/"
"01347","長万部町","2","200","子育て・健康・福祉","福祉|子育て|予防接種","https://www.town.oshamambe.lg.jp/life/2/"
"01347","長万部町","2","200","教育・文化・スポーツ","福祉|子育て|通学","https://www.town.oshamambe.lg.jp/life/3/"
"01347","長万部町","2","200","重要なお知らせ","減免|農業|子育て","https://www.town.oshamambe.lg.jp/soshiki/list3-1.html"
"01347","長万部町","2","200","総務課","補助金|水産|子育て","https://www.town.oshamambe.lg.jp/soshiki/2/"
"01347","長万部町","2","200","お知らせ","子育て|通学","https://www.town.oshamambe.lg.jp/soshiki/list5-1.html"
"01347","長万部町","2","200","学校・教育","子育て|通学","https://www.town.oshamambe.lg.jp/life/3/14/"
"01361","江差町","3","200","妊娠・出産","一時金|福祉|子育て|妊婦","https://www.hokkaido-esashi.jp/modules/lifeevent/content0001.html"
"01361","江差町","3","200","子育て","子育て|予防接種|妊婦","https://www.hokkaido-esashi.jp/modules/lifeevent/content0002.html"
"01361","江差町","3","200","入園・入学","貸付|子育て|就学","https://www.hokkaido-esashi.jp/modules/lifeevent/content0003.html"
"01361","江差町","3","200","就職・退職","一時金|貸付|子育て","https://www.hokkaido-esashi.jp/modules/lifeevent/content0004.html"
"01361","江差町","3","200","国民健康保険税について","支援金|免除|福祉|子育て|就学","https://www.hokkaido-esashi.jp/modules/lifeinfo/content1445.html"
"01361","江差町","2","200","まちの情報","空家","https://www.hokkaido-esashi.jp/modules/towninfo/"
"01362","上ノ国町","5","200","","補助金|助成金|給付金|奨励金|貸付|医療費助成|移住|住宅|空き家|空家|起業|事業者|農業|林業|水産|福祉|子育て|就学|予防接種|不妊|通学","https://www.town.kaminokuni.lg.jp/hotnews/sitemap/"
"01362","上ノ国町","3","200","","給付金|医療費助成|林業|福祉|子育て|予防接種","https://www.town.kaminokuni.lg.jp/hotnews/lifeevent/3.html"
"01362","上ノ国町","2","200","","医療費助成|住宅|農業|林業|水産|福祉|就学","https://www.town.kaminokuni.lg.jp/hotnews/group/"
"01362","上ノ国町","2","200","","助成金|貸付|住宅|福祉|子育て","https://www.town.kaminokuni.lg.jp/hotnews/lifeevent/1.html"
"01362","上ノ国町","2","200","","医療費助成|福祉|子育て|予防接種","https://www.town.kaminokuni.lg.jp/hotnews/lifeevent/4.html"
"01362","上ノ国町","2","200","","予防接種|不妊","https://www.town.kaminokuni.lg.jp/hotnews/detail/00003558.html"
"01363","厚沢部町","4","200","子育て","支援金|移住|子育て|予防接種","https://www.town.assabu.lg.jp/life/1/9/"
"01363","厚沢部町","3","200","くらし・手続き","給付金|住宅|福祉|子育て|予防接種","https://www.town.assabu.lg.jp/life/1/"
"01363","厚沢部町","3","200","奨学資金制度","給付金|貸付|免除","https://www.town.assabu.lg.jp/site/gakkokyoiku/8662.html"
"01363","厚沢部町","3","200","届出・証明","支援金|移住","https://www.town.assabu.lg.jp/life/1/1/"
"01363","厚沢部町","3","200","医療・健康","予防接種|妊婦","https://www.town.assabu.lg.jp/life/1/7/"
"01363","厚沢部町","3","200","妊娠・出産","不妊|妊婦","https://www.town.assabu.lg.jp/life/1/48/210/"
"01363","厚沢部町","3","200","引越し","支援金|移住","https://www.town.assabu.lg.jp/life/1/48/213/"
"01363","厚沢部町","2","200","町政情報","移住","https://www.town.assabu.lg.jp/life/4/"
"01363","厚沢部町","2","200","カレンダーでさがす","事業者|福祉|子育て|就学","https://www.town.assabu.lg.jp/calendar/"
"01363","厚沢部町","2","200","診療情報 令和8年7月診療情報","予防接種","https://www.town.assabu.lg.jp/site/hospital/10746.html"
"01363","厚沢部町","2","200","令和８年度厚沢部町素敵な過疎づくり（地域おこし）協力隊員を募集しています！","移住|起業|林業","https://www.town.assabu.lg.jp/page/10287.html"
"01363","厚沢部町","2","200","生活環境","住宅|空家","https://www.town.assabu.lg.jp/life/1/12/"
"01363","厚沢部町","2","200","福祉・介護","給付金|福祉","https://www.town.assabu.lg.jp/life/1/8/"
"01364","乙部町","5","200","不足額給付のお知らせ","補助金|給付金|移住|住宅|事業者|子育て|通学","https://www.town.otobe.lg.jp/section/kikaku/diu5g10000001yls.html"
"01364","乙部町","5","200","広報おとべPDF版（令和5年5月号から令和6年4月号）","医療費助成|住宅|事業者|農業|子育て|不妊|妊婦|通学","https://www.town.otobe.lg.jp/section/kikaku/diu5g10000000cyx.html"
"01364","乙部町","4","200","ふるさと寄付について","補助金|移住|住宅|事業者|子育て|通学","https://www.town.otobe.lg.jp/section/kikaku/lfsrqq00000046kf.html"
"01364","乙部町","4","200","【令和6・7年度】給食センター・保育園改築工事の進捗状況について","補助金|移住|住宅|事業者|子育て|通学","https://www.town.otobe.lg.jp/section/kikaku/diu5g10000000z44.html"
"01364","乙部町","4","200","乙部町地域公共交通計画について","補助金|移住|住宅|事業者|子育て|通学","https://www.town.otobe.lg.jp/section/kikaku/a849440000001697.html"
"01364","乙部町","4","200","スマイル商品券給付事業","補助金|移住|住宅|事業者|子育て|通学","https://www.town.otobe.lg.jp/section/kikaku/diu5g10000001ycc.html"
"01364","乙部町","4","200","乙部町の返礼品が紹介されました","補助金|移住|住宅|事業者|子育て|通学","https://www.town.otobe.lg.jp/section/kikaku/diu5g10000000it6.html"
"01364","乙部町","4","200","乙部町ふるさと寄附専用ページ公開！！","補助金|移住|住宅|事業者|子育て|通学","https://www.town.otobe.lg.jp/section/kikaku/lfsrqq0000004kn3.html"
"01364","乙部町","4","200","令和6年度滝瀬海岸展望公園整備工事の進捗状況について","補助金|移住|住宅|事業者|子育て|通学","https://www.town.otobe.lg.jp/section/kikaku/diu5g10000000yw2.html"
"01364","乙部町","3","200","新着情報一覧","補助金|住宅|事業者|子育て|通学","https://www.town.otobe.lg.jp/topics.html"
"01364","乙部町","3","200","広報おとべPDF版（令和7年5月号～令和8年4月号）","給付金|住宅|事業者|農業|子育て|不妊","https://www.town.otobe.lg.jp/section/kikaku/diu5g10000001jzm.html"
"01364","乙部町","3","200","広報おとべPDF版（令和6年5月号～令和7年4月号）","住宅|事業者|農業|福祉|子育て|予防接種|不妊","https://www.town.otobe.lg.jp/section/kikaku/diu5g10000000xc7.html"
"01364","乙部町","2","200","北海道乙部町Hokkaido Otobe Town","移住|住宅|事業者|子育て","https://www.town.otobe.lg.jp/"
"01364","乙部町","2","200","町の情報","助成金|住宅|事業者|農業|林業|水産|子育て","https://www.town.otobe.lg.jp/e0taal0000002i4k.html"
"01364","乙部町","2","200","教育文化","住宅|事業者|子育て|通学","https://www.town.otobe.lg.jp/e0taal00000000s2.html"
"01364","乙部町","2","200","事業者の皆様へ","助成金|住宅|事業者|子育て","https://www.town.otobe.lg.jp/e0taal00000000p8.html"
"01364","乙部町","2","200","災害に備えて","住宅|事業者|福祉|子育て|耐震","https://www.town.otobe.lg.jp/section/soumu/e0taal0000000jho.html"
"01364","乙部町","2","200","小学校だより","住宅|事業者|子育て|通学","https://www.town.otobe.lg.jp/section/kyoui/diu5g100000024d8.html"
"01364","乙部町","2","200","学校ブログ","住宅|事業者|子育て|通学","https://www.town.otobe.lg.jp/section/kyoui/diu5g10000000zy1.html"
"01364","乙部町","2","200","乙部町立学校の教育職員に関する業務量管理・健康確保措置実施計画","住宅|事業者|子育て|通学","https://www.town.otobe.lg.jp/section/kyoui/diu5g10000002250.html"
"01364","乙部町","2","200","図書室のお知らせ","住宅|事業者|子育て|通学","https://www.town.otobe.lg.jp/section/kyoui/e0taal000000081p.html"
"01364","乙部町","2","200","小学校だより","住宅|事業者|子育て|通学","https://www.town.otobe.lg.jp/section/kyoui/diu5g10000001n9m.html"
"01364","乙部町","2","200","地域おこし協力隊員の募集（令和7年1月掲載）","移住|住宅|事業者|農業|福祉|子育て","https://www.town.otobe.lg.jp/section/soumu/lfsrqq0000004vf2.html"
"01371","せたな町","3","200","","住宅|空家|農業|林業|水産|福祉|子育て|予防接種|通学","https://www.town.setana.lg.jp/post_1143.html"
"01371","せたな町","2","200","","補助金|移住|事業者|農業|福祉|子育て|省エネ","https://www.town.setana.lg.jp/"
"01371","せたな町","2","200","","補助金|移住|事業者|水産|省エネ","https://www.town.setana.lg.jp/industry/syoukou/post_1848.html"
"01371","せたな町","2","200","","医療費助成|子育て|予防接種","https://www.town.setana.lg.jp/johobetsukosodate/"
"01371","せたな町","2","200","","補助金|住宅|空家|事業者","https://www.town.setana.lg.jp/news/"
"01371","せたな町","2","200","","補助金|移住|水産","https://www.town.setana.lg.jp/industry/saiene/"
"01371","せたな町","2","200","","移住|住宅|空き家|水産","https://www.town.setana.lg.jp/industry/iju/"
"01371","せたな町","2","200","","奨励金|貸付|住宅|福祉","https://www.town.setana.lg.jp/download.html"
"01391","島牧村","2","200","後期高齢者医療被保険者の歯科健診について","医療費助成|農業|福祉|子育て","https://www.vill.shimamaki.lg.jp/news/detail.php?news=241"
"01391","島牧村","2","200","国保・後期高齢者医療被保険者の健診について","医療費助成|農業|福祉|子育て","https://www.vill.shimamaki.lg.jp/news/detail.php?news=240"
"01391","島牧村","2","200","【北海道】こども・若者からの意見募集について","医療費助成|農業|福祉|子育て","https://www.vill.shimamaki.lg.jp/news/detail.php?news=239"
"01391","島牧村","2","200","島牧村総合戦略策定委員の公募について","医療費助成|農業|福祉|子育て","https://www.vill.shimamaki.lg.jp/news/detail.php?news=238"
"01391","島牧村","2","200","「北海道水資源の保全に関する条例」に基づく事前届出について","医療費助成|農業|福祉|子育て","https://www.vill.shimamaki.lg.jp/news/detail.php?news=237"
"01391","島牧村","2","200","NEWS お知らせ","医療費助成|農業|福祉|子育て","https://www.vill.shimamaki.lg.jp/news/"
"01391","島牧村","2","200","令和８年度ふるさと教室「議会見学」","医療費助成|農業|福祉|子育て","https://www.vill.shimamaki.lg.jp/topics/detail.php?topics=122"
"01391","島牧村","2","200","令和８年度 第１回 パークゴルフ大会","医療費助成|農業|福祉|子育て","https://www.vill.shimamaki.lg.jp/topics/detail.php?topics=121"
"01391","島牧村","2","200","令和７年度 第２回 ボッチャ大会","医療費助成|農業|福祉|子育て","https://www.vill.shimamaki.lg.jp/topics/detail.php?topics=120"
"01391","島牧村","2","200","島牧村","医療費助成|農業|福祉|子育て","https://www.vill.shimamaki.lg.jp/topics/"
"01392","寿都町","5","200","くらしの案内","一時金|減免|福祉|子育て|不妊|妊婦","http://www.town.suttu.lg.jp/life/detail.php?id=15"
"01392","寿都町","4","200","くらしの案内","一時金|支援金|福祉|子育て|就学","http://www.town.suttu.lg.jp/life/detail.php?id=8"
"01392","寿都町","3","200","くらしの案内","予防接種|妊婦","http://www.town.suttu.lg.jp/life/detail.php?id=5"
"01392","寿都町","3","200","くらしの案内","医療費助成|福祉|通学","http://www.town.suttu.lg.jp/life/detail.php?id=18"
"01392","寿都町","2","200","教育","通学","http://www.town.suttu.lg.jp/education/"
"01392","寿都町","2","200","くらしの案内","医療費助成|住宅|福祉","http://www.town.suttu.lg.jp/life/detail.php?id=4"
"01392","寿都町","2","200","くらしの案内","減免|住宅","http://www.town.suttu.lg.jp/life/detail.php?id=10"
"01393","黒松内町","5","200","黒松内町","医療費助成|移住|住宅|農業|福祉|子育て|予防接種|妊婦","http://www.kuromatsunai.com/"
"01393","黒松内町","5","200","黒松内町","貸付|医療費助成|移住|住宅|農業|福祉|子育て|予防接種","http://www.kuromatsunai.com/townlife/fukushi/file002/"
"01393","黒松内町","5","200","黒松内町","貸付|医療費助成|移住|住宅|農業|福祉|予防接種","http://www.kuromatsunai.com/townlife/fukushi/file008/"
"01393","黒松内町","5","200","黒松内町","貸付|医療費助成|移住|住宅|農業|福祉|予防接種","http://www.kuromatsunai.com/townlife/fukushi/file001/"
"01393","黒松内町","5","200","黒松内町","貸付|医療費助成|移住|住宅|農業|福祉|予防接種","http://www.kuromatsunai.com/townlife/fukushi/file005/"
"01393","黒松内町","4","200","黒松内町","貸付|医療費助成|移住|住宅|農業|福祉","http://www.kuromatsunai.com/townlife/koseki/file001/"
"01393","黒松内町","4","200","黒松内町","貸付|移住|住宅|空家|農業|福祉|子育て","http://www.kuromatsunai.com/townlife/juutaku/file001/"
"01393","黒松内町","4","200","黒松内町","貸付|移住|住宅|農業|福祉|子育て|耐震","http://www.kuromatsunai.com/townlife/juutaku/file002/"
"01393","黒松内町","4","200","","","http://www.kuromatsunai.com/town/townlife/kankyo/pdf/solor.pdf"
"01393","黒松内町","4","200","","","http://www.kuromatsunai.com/wordpress/wp-content/themes/kuro/pdf/townlife/taiyo_hojyo.pdf"
"01393","黒松内町","3","200","黒松内町","貸付|移住|住宅|農業|福祉","http://www.kuromatsunai.com/towninfo/"
"01393","黒松内町","3","200","黒松内町","貸付|移住|住宅|農業|福祉","http://www.kuromatsunai.com/townlife/koseki/file002/"
"01393","黒松内町","3","200","黒松内町","貸付|移住|住宅|農業|福祉","http://www.kuromatsunai.com/town/postmail/postmail.html"
"01393","黒松内町","3","200","黒松内町","貸付|移住|住宅|農業|水産|福祉","http://www.kuromatsunai.com/link/"
"01393","黒松内町","3","200","黒松内町","貸付|移住|住宅|農業|福祉","http://www.kuromatsunai.com/townlife/koseki/file003/"
"01393","黒松内町","3","200","黒松内町","貸付|移住|住宅|農業|福祉","http://www.kuromatsunai.com/townlife/hospital/file001/"
"01393","黒松内町","3","200","黒松内町","貸付|移住|住宅|農業|福祉","http://www.kuromatsunai.com/townlife/bousai/file001/"
"01393","黒松内町","3","200","黒松内町","貸付|移住|住宅|農業|福祉","http://www.kuromatsunai.com/townlife/senkyo/file001/"
"01393","黒松内町","3","200","黒松内町","貸付|移住|住宅|農業|福祉","http://www.kuromatsunai.com/townlife/nougyou/file001/"
"01393","黒松内町","3","200","黒松内町","貸付|移住|住宅|農業|福祉","http://www.kuromatsunai.com/townlife/keikan/file001/"
"01393","黒松内町","3","200","黒松内町","貸付|移住|住宅|農業|福祉","http://www.kuromatsunai.com/townlife/townwork/"
"01393","黒松内町","3","200","黒松内町","貸付|移住|住宅|農業|福祉","http://www.kuromatsunai.com/file001/"
"01393","黒松内町","3","200","黒松内町","貸付|移住|住宅|農業|福祉","http://www.kuromatsunai.com/townlife/koseki/file009/"
"01393","黒松内町","3","200","黒松内町","貸付|移住|住宅|農業|福祉","http://www.kuromatsunai.com/townlife/bousai/file004/"
"01393","黒松内町","3","200","黒松内町","貸付|移住|住宅|農業|福祉","http://www.kuromatsunai.com/townlife/bousai/file003/"
"01393","黒松内町","2","200","","移住|住宅|空き家","http://www.kuromatsunai.com/kuro_immig/"
"01393","黒松内町","2","200","黒松内町","移住|住宅|農業|福祉","http://www.kuromatsunai.com/town/bear/bear.html?260612"
"01394","蘭越町","7","200","子育て・教育","給付金|貸付|医療費助成|住宅|農業|林業|福祉|子育て|奨学金|予防接種|不妊","https://www.town.rankoshi.hokkaido.jp/administration/education/"
"01394","蘭越町","3","200","健康・福祉","医療費助成|住宅|農業|林業|福祉|子育て|予防接種","https://www.town.rankoshi.hokkaido.jp/administration/welfare/"
"01394","蘭越町","3","200","しごと・産業","補助金|住宅|空家|創業|農業|林業|福祉|子育て","https://www.town.rankoshi.hokkaido.jp/administration/work/"
"01394","蘭越町","2","200","ロマンあふれる花のまち RANKOSHI","移住|住宅|農業|林業|福祉|子育て","https://www.town.rankoshi.hokkaido.jp/administration/"
"01394","蘭越町","2","200","「らんこし米」が美味しいお米として選ばれました！！！","住宅|農業|林業|福祉|子育て|耐震","https://www.town.rankoshi.hokkaido.jp/administration/town/detail.html?content=248"
"01394","蘭越町","2","200","ダイヤルイン一覧","住宅|創業|農業|林業|水産|福祉|子育て|予防接種","https://www.town.rankoshi.hokkaido.jp/administration/dialin/"
"01395","ニセコ町","12","200","ニセコ町移住・定住ガイド","貸付|移住|空き家|創業|起業|事業者|農業|林業|福祉|子育て","https://www.town.niseko.lg.jp/iju/"
"01395","ニセコ町","4","200","ニセコ町での建築規制等について","補助金|移住|住宅|空き家|農業|林業|福祉|子育て|省エネ","https://www.town.niseko.lg.jp/kurashi/seikatsu/sumai/kenchiku/"
"01395","ニセコ町","3","200","北海道 ニセコ町","補助金|移住|住宅|事業者|農業|林業|福祉|子育て","https://www.town.niseko.lg.jp/"
"01395","ニセコ町","3","200","北海道 ニセコ町","補助金|移住|住宅|事業者|農業|林業|福祉|子育て","https://www.town.niseko.lg.jp/?wovn=ja"
"01395","ニセコ町","3","200","ニセコ町脱炭素・再エネ推進事業補助（再エネ・省エネ設備導入補助）","補助金|移住|事業者|農業|林業|福祉|子育て|省エネ","https://www.town.niseko.lg.jp/chosei/kankyo/zerocarbon/"
"01395","ニセコ町","3","200","ニセコ町で楽しもう！（町民向け割引・特典情報）※随時更新中","移住|事業者|農業|林業|福祉|子育て|就学","https://www.town.niseko.lg.jp/sightseeing/chomin-enjoy/"
"01395","ニセコ町","3","200","検診案内","移住|農業|林業|福祉|子育て|不妊","https://www.town.niseko.lg.jp/kurashi/kenko_fukushi_kaigo/kenshinannai/"
"01395","ニセコ町","3","200","しごと・産業","補助金|移住|起業|農業|林業|福祉|子育て","https://www.town.niseko.lg.jp/kurashi/shigoto/"
"01395","ニセコ町","3","200","健康・福祉・介護","移住|農業|林業|福祉|子育て|不妊","https://www.town.niseko.lg.jp/kurashi/kenko_fukushi_kaigo/"
"01395","ニセコ町","3","200","様式ダウンロード","補助金|移住|住宅|農業|林業|福祉|子育て|省エネ","https://www.town.niseko.lg.jp/kurashi/download/"
"01395","ニセコ町","3","200","にこっとBUS（デマンドバス）運行","移住|事業者|農業|林業|福祉|子育て|就学","https://www.town.niseko.lg.jp/kurashi/seikatsu/kotsu/nikotto_bus/"
"01395","ニセコ町","3","200","インフォメーション","補助金|移住|事業者|農業|林業|福祉|子育て","https://www.town.niseko.lg.jp/information/"
"01395","ニセコ町","3","200","7月15日（水）宿泊事業者様向けシステム説明会（観光カフェ）を開催します","補助金|移住|事業者|農業|林業|福祉|子育て","https://www.town.niseko.lg.jp/information/11582/"
"01395","ニセコ町","3","200","募集情報","移住|住宅|空家|農業|林業|福祉|子育て","https://www.town.niseko.lg.jp/boshu/"
"01395","ニセコ町","2","200","Hokkaido Niseko Town","補助金|事業者","https://www.town.niseko.lg.jp/?wovn=en"
"01395","ニセコ町","2","200","北海道新雪谷町","補助金|住宅|事業者|農業|林業","https://www.town.niseko.lg.jp/?wovn=zh-CHT"
"01395","ニセコ町","2","200","エラーページ","移住|農業|林業|福祉|子育て","https://www.town.niseko.lg.jp/err404/"
"01395","ニセコ町","2","200","令和9年度新規及び令和8年度中途職員採用","免除|移住|農業|林業|福祉|子育て","https://www.town.niseko.lg.jp/chosei/soshiki/R8-R9saiyou/"
"01395","ニセコ町","2","200","景観・開発・建築に関する問合せ・相談","移住|農業|林業|福祉|子育て","https://www.town.niseko.lg.jp/chosei/keikaku/jorei/keikan/keikan_toiawase/"
"01395","ニセコ町","2","200","開発事業を予定しているみなさまへ","移住|事業者|農業|林業|福祉|子育て","https://www.town.niseko.lg.jp/chosei/keikaku/jorei/tochi_riyo/kaihatsu/"
"01395","ニセコ町","2","200","ニセコ町気候変動対策推進条例","移住|事業者|農業|林業|福祉|子育て|省エネ","https://www.town.niseko.lg.jp/chosei/keikaku/jorei/kikouhendou_jorei/"
"01395","ニセコ町","2","200","宿泊税","移住|事業者|農業|林業|福祉|子育て","https://www.town.niseko.lg.jp/kurashi/tax/syukuhakuzei/"
"01395","ニセコ町","2","200","ニセコ町防災ガイドマップ（令和3年4月発行）","移住|農業|林業|福祉|子育て","https://www.town.niseko.lg.jp/kurashi/bosai_anzen/bosai/bousaigaidomappu/"
"01395","ニセコ町","2","200","＜冬季間も設置します＞カーシェアを生活の足、観光の足としてご利用ください。","移住|農業|林業|福祉|子育て","https://www.town.niseko.lg.jp/information/11024/"
"01395","ニセコ町","2","200","ふるさと納税（まちづくりへの共感やふるさとへ想いを持つ人びとの地域づくりへの参加手法）","移住|住宅|農業|林業|福祉|子育て","https://www.town.niseko.lg.jp/chosei/furusato_tax/"
"01395","ニセコ町","2","200","ニセコルール／NISEKO RULES 2025-2026","移住|事業者|農業|林業|福祉|子育て","https://www.town.niseko.lg.jp/sightseeing/rules/"
"01395","ニセコ町","2","200","地下水の保全","移住|農業|林業|福祉|子育て","https://www.town.niseko.lg.jp/chosei/kankyo/suishigen_hogo/chikasui/"
"01395","ニセコ町","2","200","観光・イベント","移住|事業者|農業|林業|福祉|子育て","https://www.town.niseko.lg.jp/sightseeing/"
"01395","ニセコ町","2","200","国際交流","移住|農業|林業|福祉|子育て","https://www.town.niseko.lg.jp/international/"
"01395","ニセコ町","2","200","町政・まちづくり","移住|農業|林業|福祉|子育て","https://www.town.niseko.lg.jp/chosei/"
"01395","ニセコ町","2","200","カレンダー","移住|農業|林業|福祉|子育て","https://www.town.niseko.lg.jp/calendar/"
"01395","ニセコ町","2","200","森林に関する各種届出・申請の相談窓口の開設","移住|農業|林業|福祉|子育て","https://www.town.niseko.lg.jp/chosei/agriculture/shinrin_shinsei/"
"01395","ニセコ町","2","200","防災・安全","移住|農業|林業|福祉|子育て","https://www.town.niseko.lg.jp/kurashi/bosai_anzen/"
"01395","ニセコ町","2","200","届出・証明","移住|農業|林業|福祉|子育て","https://www.town.niseko.lg.jp/kurashi/todokede/"
"01395","ニセコ町","2","200","税","移住|農業|林業|福祉|子育て","https://www.town.niseko.lg.jp/kurashi/tax/"
"01395","ニセコ町","2","200","ごみ・リサイクル","移住|農業|林業|福祉|子育て","https://www.town.niseko.lg.jp/kurashi/gomi/"
"01395","ニセコ町","2","200","生活環境","移住|農業|林業|福祉|子育て","https://www.town.niseko.lg.jp/kurashi/seikatsu/"
"01395","ニセコ町","2","200","保険・年金","移住|農業|林業|福祉|子育て","https://www.town.niseko.lg.jp/kurashi/hoken_nenkin/"
"01395","ニセコ町","2","200","子育て・教育","移住|農業|林業|福祉|子育て","https://www.town.niseko.lg.jp/kurashi/kosodate/"
"01395","ニセコ町","2","200","Information for Foreign Residents","移住|農業|林業|福祉|子育て","https://www.town.niseko.lg.jp/kurashi/foreign_residents/"
"01395","ニセコ町","2","200","公共施設の利用案内","移住|住宅|農業|林業|福祉|子育て","https://www.town.niseko.lg.jp/kurashi/yoyaku/"
"01395","ニセコ町","2","200","町長の部屋","移住|農業|林業|福祉|子育て","https://www.town.niseko.lg.jp/about_niseko/room/"
"01395","ニセコ町","2","200","ニセコ町議会","移住|農業|林業|福祉|子育て","https://www.town.niseko.lg.jp/chosei/gikai/"
"01395","ニセコ町","2","200","ニセコ町について","移住|農業|林業|福祉|子育て","https://www.town.niseko.lg.jp/about_niseko/"
"01395","ニセコ町","2","200","教育行政（教育委員会）","移住|農業|林業|福祉|子育て","https://www.town.niseko.lg.jp/kurashi/kosodate/kyoikuiinkai/"
"01395","ニセコ町","2","200","ニセコ町農業委員会","移住|農業|林業|福祉|子育て","https://www.town.niseko.lg.jp/chosei/nogyoiinkai/"
"01395","ニセコ町","2","200","統計（観光・財政・人口）","移住|農業|林業|福祉|子育て","https://www.town.niseko.lg.jp/chosei/tokei/"
"01395","ニセコ町","2","200","ニセコ町行政機構図","移住|農業|林業|福祉|子育て","https://www.town.niseko.lg.jp/chosei/soshiki/kikouzu/"
"01395","ニセコ町","2","200","各課連絡先","移住|農業|林業|福祉|子育て","https://www.town.niseko.lg.jp/chosei/soshiki/renrakusaki/"
"01395","ニセコ町","2","200","公共施設案内","移住|農業|林業|福祉|子育て","https://www.town.niseko.lg.jp/kokyo_shisetsu/"
"01395","ニセコ町","2","200","審議会・会議結果","移住|農業|林業|福祉|子育て","https://www.town.niseko.lg.jp/chosei/shingikai/"
"01395","ニセコ町","2","200","広報ニセコ","移住|農業|林業|福祉|子育て","https://www.town.niseko.lg.jp/koho_niseko/"
"01395","ニセコ町","2","200","ニセコ町の動画","移住|農業|林業|福祉|子育て","https://www.town.niseko.lg.jp/douga/"
"01395","ニセコ町","2","200","みんなでSDGs","移住|事業者|農業|林業|福祉|子育て","https://www.town.niseko.lg.jp/chosei/sdgs/minna/"
"01395","ニセコ町","2","200","視察のご案内","移住|農業|林業|福祉|子育て","https://www.town.niseko.lg.jp/chosei/shisatsu/"
"01395","ニセコ町","2","200","ご意見・お問い合わせ","移住|農業|林業|福祉|子育て","https://www.town.niseko.lg.jp/inquiry/"
"01395","ニセコ町","2","200","有島記念館","移住|農業|林業|福祉|子育て","https://www.town.niseko.lg.jp/arishima_museum/"
"01395","ニセコ町","2","200","ニセコ町幼児センター「きらっと」","移住|農業|林業|福祉|子育て","https://www.town.niseko.lg.jp/kurashi/kosodate/kosodateshien/kiratto/"
"01395","ニセコ町","2","200","Hokkaido International School Niseko","移住|農業|林業|福祉|子育て","https://www.town.niseko.lg.jp/kurashi/kosodate/HISNiseko/"
"01395","ニセコ町","2","200","水道水源保護地域に関する 訴訟の和解成立について（記者会見・町民向け説明会のご案内）","移住|農業|林業|福祉|子育て","https://www.town.niseko.lg.jp/information/11813/"
"01395","ニセコ町","2","200","中央倉庫群でこども向けイベントを開催します♪ - 第4弾-","移住|農業|林業|福祉|子育て","https://www.town.niseko.lg.jp/information/11810/"
"01395","ニセコ町","2","200","【本日午後5時ごろ】ふれあい町民運動会の様子がHBCで放送されます！","移住|農業|林業|福祉|子育て","https://www.town.niseko.lg.jp/information/11812/"
"01395","ニセコ町","2","200","「北海道水資源の保全に関する条例」に基づく事前届出制度等の周知について","移住|農業|林業|福祉|子育て","https://www.town.niseko.lg.jp/information/11503/"
"01395","ニセコ町","2","200","エネルギー構造高度化に向けた廃棄物系バイオマスにおける熱利用の地域循環可能性調査に関する公募型プロポーザルの実施について","移住|事業者|農業|林業|福祉|子育て","https://www.town.niseko.lg.jp/boshu/11803/"
"01396","真狩村","10","200","真狩村移住・定住ガイド","移住|住宅|創業|農業|福祉|子育て","https://www.vill.makkari.lg.jp/iju_teiju/"
"01396","真狩村","10","200","移住者の声","移住|農業|福祉|子育て","https://www.vill.makkari.lg.jp/iju_teiju/voice/"
"01396","真狩村","5","200","子育て・教育","移住|農業|福祉|子育て|予防接種|不妊|妊婦","https://www.vill.makkari.lg.jp/kurashi/kosodate_kyoiku/"
"01396","真狩村","4","200","健康・福祉","医療費助成|移住|農業|福祉|子育て|予防接種","https://www.vill.makkari.lg.jp/kurashi/kenko_fukushi/"
"01396","真狩村","3","200","まっかり温泉","移住|農業|福祉|子育て|就学","https://www.vill.makkari.lg.jp/kanko/tomaru_onsen/makkari_onsen/"
"01396","真狩村","3","200","社の森ふれあいタウン","補助金|移住|住宅|事業者|農業|福祉|子育て","https://www.vill.makkari.lg.jp/iju_teiju/ijushien/yashironomori/"
"01396","真狩村","3","200","ふるさと納税","補助金|移住|事業者|農業|福祉|子育て","https://www.vill.makkari.lg.jp/furusato/"
"01396","真狩村","3","200","真狩村からのお知らせ","補助金|移住|住宅|農業|福祉|子育て","https://www.vill.makkari.lg.jp/news/"
"01396","真狩村","3","200","カレンダー","移住|農業|福祉|子育て|予防接種","https://www.vill.makkari.lg.jp/calendar/"
"01396","真狩村","2","200","ほくほく祭りinまっかり","移住|農業|福祉|子育て","https://www.vill.makkari.lg.jp/kanko/calendar/hokuhoku/"
"01396","真狩村","2","200","ゆり根","移住|農業|福祉|子育て","https://www.vill.makkari.lg.jp/kanko/kau/yurine/"
"01396","真狩村","2","200","羊蹄山自然公園","移住|農業|林業|福祉|子育て","https://www.vill.makkari.lg.jp/kanko/asobu/natural_park/"
"01396","真狩村","2","200","フラワーセンター キッズパーク","移住|農業|福祉|子育て","https://www.vill.makkari.lg.jp/kanko/asobu/kidspark/"
"01396","真狩村","2","200","真狩村について","移住|農業|福祉|子育て","https://www.vill.makkari.lg.jp/makkarimura/"
"01396","真狩村","2","200","ようこそ真狩村へ！観光・イベント","移住|農業|福祉|子育て","https://www.vill.makkari.lg.jp/kanko/"
"01396","真狩村","2","200","交通アクセス","移住|農業|福祉|子育て","https://www.vill.makkari.lg.jp/makkarimura/access/"
"01396","真狩村","2","200","まっかりマップ","移住|農業|福祉|子育て","https://www.vill.makkari.lg.jp/makkari_map/"
"01396","真狩村","2","200","細川たかし","移住|農業|福祉|子育て","https://www.vill.makkari.lg.jp/kanko/shiseki_yukari/hosokawatakashi/"
"01396","真狩村","2","200","ごみの品目別分類一覧表","移住|農業|福祉|子育て","https://www.vill.makkari.lg.jp/kurashi/gomi/bunrui_ichiran"
"01396","真狩村","2","200","職員採用","移住|農業|福祉|子育て","https://www.vill.makkari.lg.jp/gyosei/saiyou/"
"01396","真狩村","2","200","キャンプ場","移住|農業|福祉|子育て","https://www.vill.makkari.lg.jp/kanko/asobu/natural_park/camp_site/"
"01396","真狩村","2","200","公営住宅","移住|住宅|農業|福祉|子育て","https://www.vill.makkari.lg.jp/kurashi/seikatsu/koeijutaku/"
"01396","真狩村","2","200","羊蹄山真狩コースガイド","移住|農業|福祉|子育て","https://www.vill.makkari.lg.jp/kanko/yoteizan_info/tozan/"
"01396","真狩村","2","200","泊まる・温泉","移住|農業|福祉|子育て","https://www.vill.makkari.lg.jp/kanko/tomaru_onsen"
"01396","真狩村","2","200","地域おこし協力隊募集中！(6/26まで)","移住|事業者|農業|福祉|子育て","https://www.vill.makkari.lg.jp/iju_teiju/chiikiokoshi/"
"01396","真狩村","2","200","ヒグマ出没情報","移住|農業|福祉|子育て","https://www.vill.makkari.lg.jp/kurashi/seikatsu/tyoujyuutaisakutou/higuma/"
"01396","真狩村","2","200","土地・開発行為について","移住|農業|福祉|子育て","https://www.vill.makkari.lg.jp/kurashi/tetsuzuki_shomei/tochi"
"01396","真狩村","2","200","7月17日は北海道みんなの日（道みんの日）","移住|農業|福祉|子育て","https://www.vill.makkari.lg.jp/news/1947/"
"01396","真狩村","2","200","北海道主催 オンライン婚活イベントを開催","移住|農業|福祉|子育て","https://www.vill.makkari.lg.jp/news/1944/"
"01396","真狩村","2","200","エキノコックス症検診のお知らせ","移住|農業|福祉|子育て","https://www.vill.makkari.lg.jp/news/1781/"
"01396","真狩村","2","200","令和8年度桂大学の受講者を募集しています","移住|農業|福祉|子育て","https://www.vill.makkari.lg.jp/news/1931/"
"01396","真狩村","2","200","道民生活応援ポイント給付事業に関するお問い合わせ先について","移住|農業|福祉|子育て","https://www.vill.makkari.lg.jp/news/1930/"
"01396","真狩村","2","200","地域のお知らせ","移住|農業|福祉|子育て","https://www.vill.makkari.lg.jp/chiiki/"
"01396","真狩村","2","200","まっかり温泉西側駐車場封鎖のお知らせ","移住|農業|福祉|子育て","https://www.vill.makkari.lg.jp/chiiki/1945/"
"01396","真狩村","2","200","2026年ベネズエラ地震救援金受付","移住|農業|福祉|子育て","https://www.vill.makkari.lg.jp/chiiki/1932/"
"01396","真狩村","2","200","令和9年度後志町村職員採用試験【初級・上級（2回目）】のお知らせ","移住|農業|福祉|子育て","https://www.vill.makkari.lg.jp/chiiki/1929/"
"01396","真狩村","2","200","こいのぼりの寄付を募集しています","移住|農業|福祉|子育て","https://www.vill.makkari.lg.jp/chiiki/1113/"
"01396","真狩村","2","200","後志広域連合職員募集のお知らせ","移住|農業|福祉|子育て","https://www.vill.makkari.lg.jp/chiiki/1534/"
"01396","真狩村","2","200","真狩村議会","移住|農業|福祉|子育て","https://www.vill.makkari.lg.jp/songikai/"
"01396","真狩村","2","200","政策・計画","移住|農業|福祉|子育て","https://www.vill.makkari.lg.jp/gyosei/keikaku/"
"01396","真狩村","2","200","入札情報","移住|農業|福祉|子育て","https://www.vill.makkari.lg.jp/gyosei/nyusatsu/"
"01396","真狩村","2","200","広報まっかり","移住|農業|福祉|子育て","https://www.vill.makkari.lg.jp/koho/"
"01396","真狩村","2","200","庁舎案内図","移住|農業|福祉|子育て","https://www.vill.makkari.lg.jp/gyosei/chosya_annai/"
"01396","真狩村","2","200","リンク","移住|農業|福祉|子育て","https://www.vill.makkari.lg.jp/link/"
"01396","真狩村","2","200","手続き・証明","移住|農業|福祉|子育て","https://www.vill.makkari.lg.jp/kurashi/tetsuzuki_shomei/"
"01396","真狩村","2","200","年金・保険","移住|農業|福祉|子育て","https://www.vill.makkari.lg.jp/kurashi/nenkin_hoken/"
"01396","真狩村","2","200","税","移住|農業|福祉|子育て","https://www.vill.makkari.lg.jp/kurashi/tax/"
"01396","真狩村","2","200","ごみ","移住|農業|福祉|子育て","https://www.vill.makkari.lg.jp/kurashi/gomi/"
"01396","真狩村","2","200","生活環境","移住|住宅|農業|福祉|子育て","https://www.vill.makkari.lg.jp/kurashi/seikatsu/"
"01396","真狩村","2","200","生涯学習・スポーツ","移住|農業|福祉|子育て","https://www.vill.makkari.lg.jp/kurashi/education_sports/"
"01396","真狩村","2","200","MAKKARI Rollmodel No.5 上戸さんご夫婦","移住|農業|福祉|子育て","https://www.vill.makkari.lg.jp/iju_teiju/voice/model_5/"
"01396","真狩村","2","200","MAKKARI Rollmodel No.6 北川拓さん","移住|農業|福祉|子育て","https://www.vill.makkari.lg.jp/iju_teiju/voice/model_6/"
"01396","真狩村","2","200","真狩村の概要","移住|農業|福祉|子育て","https://www.vill.makkari.lg.jp/makkarimura/gaiyo/"
"01396","真狩村","2","200","統計情報","移住|農業|福祉|子育て","https://www.vill.makkari.lg.jp/makkarimura/toukei/"
"01396","真狩村","2","200","村のあゆみ","移住|農業|福祉|子育て","https://www.vill.makkari.lg.jp/makkarimura/ayumi/"
"01396","真狩村","2","200","真狩村出身の著名人","移住|農業|福祉|子育て","https://www.vill.makkari.lg.jp/makkarimura/famous/"
"01396","真狩村","2","200","イメージキャラクターゆり姉さん","移住|農業|福祉|子育て","https://www.vill.makkari.lg.jp/makkarimura/yuri_nesan/"
"01396","真狩村","2","200","真狩村ライブカメラ","移住|農業|福祉|子育て","https://www.vill.makkari.lg.jp/webcam/"
"01396","真狩村","2","200","土地について","移住|農業|福祉|子育て","https://www.vill.makkari.lg.jp/kurashi/tetsuzuki_shomei/kokudo_todokede/"
