organization	title	url
鹿児島県	災害を受けられた方に対する県税の軽減措置など	https://www.pref.kagoshima.jp/ab07/kurashi-kankyo/zei/info/zei.html
鹿児島県	身体障害者手帳等以外の自動車税の減免・免除	https://www.pref.kagoshima.jp/ab07/kurashi-kankyo/zei/info/genmenmenjyo.html
鹿児島県	身体障害者等に対する自動車税の減免	https://www.pref.kagoshima.jp/ab07/kurashi-kankyo/zei/info/genmen4.html
鹿児島県	水産業に関する融資制度	https://www.pref.kagoshima.jp/af05/sangyo-rodo/rinsui/zyosei/suisangyo/07001002_40470.html
鹿児島県	買物弱者対策に取り組む市町村への支援	https://www.pref.kagoshima.jp/ac06/kaimono-shien.html
鹿児島県	令和8年度かごしま中小企業DX推進事業費補助金	https://www.pref.kagoshima.jp/af22/sangyo-rodo/2026_dx_hojokin.html
鹿児島市	移住・就業等支援事業（移住支援金制度）	https://www.city.kagoshima.lg.jp/koyosuishin/sangyo/koyo/kohoshi/ijushienkin.html
鹿児島市	個人住民税（市民税・県民税）の手続き・減免	https://www.city.kagoshima.lg.jp/kurashi/zekin/shize/kojinjuminzeitetuduki.html
鹿児島市	後期高齢者医療保険料の減免と一部負担金の減免	https://www.city.kagoshima.lg.jp/kenkofukushi/chouju/iryo/kurashi/hoken/hoken/kore/genmen.html
鹿児島市	市税の減免	https://www.city.kagoshima.lg.jp/soumu/zeimu/shiminzei/kurashi/zekin/shize/genmen.html
鹿児島市	市民福祉手当（遺児等修学手当）	https://www.city.kagoshima.lg.jp/kosodate/kodomofuku/kosodate/kosodate/teate/shimin.html
鹿児島市	児童手当	https://www.city.kagoshima.lg.jp/kosodate/kodomofuku/kosodate/kosodate/teate/jido.html
鹿児島市	児童扶養手当	https://www.city.kagoshima.lg.jp/kosodate/kodomofuku/kosodate/kosodate/teate/fuyo.html
鹿児島市	自立支援医療（育成医療）	https://www.city.kagoshima.lg.jp/kosodate/boshihoken/kosodate/ninshin/teate/jiritsu/index.html
鹿児島市	小児慢性特定疾病医療費助成事業	https://www.city.kagoshima.lg.jp/kosodate/boshihoken/kosodate/ninshin/teate/shoni/index.html
鹿児島市	小児慢性特定疾病児日常生活用具給付事業	https://www.city.kagoshima.lg.jp/kosodate/boshihoken/kosodate/ninshin/teate/shoni/seikatuyogu.html
鹿児島市	中小企業者（製造業者）等への一部助成「メイドインかごしま」支援事業	https://www.city.kagoshima.lg.jp/san-shien/sangyo/shokogyo/sezogyonado/meidoin2019.html
鹿児島市	特別児童扶養手当	https://www.city.kagoshima.lg.jp/kosodate/kodomofuku/kosodate/kosodate/teate/tokubetsu.html
鹿児島市	妊娠高血圧症候群（妊娠中毒症）等に対する助成	https://www.city.kagoshima.lg.jp/kosodate/boshihoken/kosodate/kosodate/teate/jose/index.html
鹿児島市	妊婦健診費用の払い戻し（県外で受診する場合）	https://www.city.kagoshima.lg.jp/kosodate/boshihoken/kosodate/kosodate/teate/haraimodoshi/haraimodohi.html
鹿児島市	合併処理浄化槽設置費補助金交付制度	https://www.city.kagoshima.lg.jp/kankyo/kankyo/hozen/kurashi/sekatsukankyo/joka/hojo.html
鹿児島市	母子家庭等自立支援給付金事業	https://www.city.kagoshima.lg.jp/kosodate/kodomofuku/kosodate/kosodate/hitorioya/jigyo.html
鹿児島市	未熟児養育医療	https://www.city.kagoshima.lg.jp/kosodate/boshihoken/kosodate/ninshin/teate/mijukuji/index.html
鹿屋市	チャイルドシートの無料貸出	https://www.city.kanoya.lg.jp/kokanri/kyoiku/kosodate/shien/childseat.html
鹿屋市	移動式赤ちゃんの駅（テント等）の無料貸出	https://www.city.kanoya.lg.jp/kokanri/kyoiku/kosodate/sonohoka/muryokashidashi.html
鹿屋市	軽自動車税減免	https://www.city.kanoya.lg.jp/sizei/kurashi/zekin/kejidoshaze/genmen.html
鹿屋市	児童手当	https://www.city.kanoya.lg.jp/jidou/kyoiku/kosodate/teate/jidoteate.html
鹿屋市	児童扶養手当	https://www.city.kanoya.lg.jp/jidou/kyoiku/kosodate/teate/jidofuyoteate.html
鹿屋市	鹿屋市かわいい孫への贈り物事業	https://www.city.kanoya.lg.jp/kokanri/kyoiku/kosodate/sonohoka/okurimono.html
鹿屋市	鹿屋市工場等立地促進補助金	https://www.city.kanoya.lg.jp/kigyou/sangyo/shokogyo/kigyoyuchi/sokushinhojokin.html
鹿屋市	鹿屋市商品開発支援事業補助金	https://www.city.kanoya.lg.jp/syokunou/sangyo/shokogyo/6jisangyo/urerusyouhindukuri.html
鹿屋市	鹿屋市中小企業資金保証料補助金	https://www.city.kanoya.lg.jp/syoukoushinkou/sangyo/shokogyo/hojokin/shikinhoshoryo.html
鹿屋市	鹿屋市中小企業資金利子補給金	https://www.city.kanoya.lg.jp/syoukoushinkou/sangyo/shokogyo/hojokin/shikinrishi.html
鹿屋市	障がい者（児）手当	https://www.city.kanoya.lg.jp/syougai/kenko/fukushi/sonota/teate.html
鹿屋市	就学援助費	https://www.city.kanoya.lg.jp/gakumu/kyoiku/kyoiku/shiensedo/enjo.html
鹿屋市	大隅地域で助産師を目指す学生への奨学金制度	https://www.city.kanoya.lg.jp/kenkou/kannri/josanshi_syougakukin.html
鹿屋市	妊産婦健診等	https://www.city.kanoya.lg.jp/boshi/kenko/ninsanpu_nyuyoji.html
鹿屋市	繁殖雌牛の頭数を増やしたいときは	https://www.city.kanoya.lg.jp/chikushin/sangyo/chikusan/tousuu.html
鹿屋市	母子父子寡婦福祉資金貸付金制度	https://www.city.kanoya.lg.jp/jidou/kyoiku/kosodate/shien/shikin.html
鹿屋市	未熟児の養育医療給付制度	https://www.city.kanoya.lg.jp/kenkan/kyoiku/kosodate/shien/mijukuji.html
鹿屋市	幼児教育・保育の無償化	https://www.city.kanoya.lg.jp/hoiku/kyoiku/kosodate/shisetsu/mushoka.html
枕崎市	Ｕ・Iターン移住者の住宅取得への補助制度	https://www.city.makurazaki.lg.jp/site/ijyu/11314.html
枕崎市	ひとり親家庭医療費	https://www.city.makurazaki.lg.jp/site/kosodate/5330.html
枕崎市	移住支援金制度	https://www.city.makurazaki.lg.jp/site/ijyu/14432.html
枕崎市	空き家バンク利用促進事業補助金	https://www.city.makurazaki.lg.jp/site/ijyu/15647.html
枕崎市	更生医療と育成医療	https://www.city.makurazaki.lg.jp/soshiki/fukushi/5329.html
枕崎市	子ども医療費給付制度	https://www.city.makurazaki.lg.jp/site/kosodate/21570.html
枕崎市	就学援助制度	https://www.city.makurazaki.lg.jp/site/kosodate/416.html
枕崎市	重度心身障害者医療費	https://www.city.makurazaki.lg.jp/soshiki/fukushi/5328.html
枕崎市	特別支援教育就学奨励制度	https://www.city.makurazaki.lg.jp/site/kosodate/5348.html
枕崎市	枕崎市産後ケア事業	https://www.city.makurazaki.lg.jp/site/kosodate/22221.html
枕崎市	枕崎市奨学金返還支援補助金	https://www.city.makurazaki.lg.jp/soshiki/kyousou/23790.html
枕崎市	枕崎市不妊治療費助成事業	https://www.city.makurazaki.lg.jp/site/kosodate/19832.html
阿久根市	がけ地近接等危険住宅移転事業補助金	https://www.city.akune.lg.jp/kurashi_tetsuzuki/sumai_tochi/1868.html
阿久根市	阿久根市移住促進レンタカー補助金	https://www.city.akune.lg.jp/kurashi_tetsuzuki/2/6337.html
阿久根市	阿久根市空き家・空き店舗改修事業補助金	https://www.city.akune.lg.jp/kurashi_tetsuzuki/2/5047.html
阿久根市	阿久根市空き家バンク利用促進補助金	https://www.city.akune.lg.jp/kurashi_tetsuzuki/2/5917.html
阿久根市	阿久根市奨学金制度	https://www.city.akune.lg.jp/kosodate_kyoiku/teate_josei/1397.html
阿久根市	管理不全空家等解体撤去事業補助金	https://www.city.akune.lg.jp/kurashi_tetsuzuki/sumai_tochi/josei_hojo/6929.html
阿久根市	危険空家等解体撤去事業補助金	https://www.city.akune.lg.jp/kurashi_tetsuzuki/sumai_tochi/josei_hojo/1873.html
阿久根市	給付型奨学金制度	https://www.city.akune.lg.jp/kosodate_kyoiku/teate_josei/5613.html
阿久根市	軽自動車税の減免	https://www.city.akune.lg.jp/kurashi_tetsuzuki/25/zeikin/keijidoshazei/1668.html
阿久根市	結婚新生活支援事業補助金	https://www.city.akune.lg.jp/kurashi_tetsuzuki/deai_kekkon/6882.html
阿久根市	高等職業訓練促進給付金等事業	https://www.city.akune.lg.jp/kosodate_kyoiku/teate_josei/hitorioya/hitorioyakateiziritsusienkyuhukinzigyo/5003.html
阿久根市	児童手当	https://www.city.akune.lg.jp/kosodate_kyoiku/teate_josei/1934.html
阿久根市	児童扶養手当	https://www.city.akune.lg.jp/kosodate_kyoiku/teate_josei/1935.html
阿久根市	地域色(ちいきいろ)づくり事業補助金	https://www.city.akune.lg.jp/kurashi_tetsuzuki/shiminkatsudo/1362.html
阿久根市	地元企業就労者賃貸住宅家賃支援補助金	https://www.city.akune.lg.jp/kurashi_tetsuzuki/2/3195.html
阿久根市	特別児童扶養手当	https://www.city.akune.lg.jp/kosodate_kyoiku/teate_josei/1953.html
阿久根市	妊産婦交通費助成金	https://www.city.akune.lg.jp/kosodate_kyoiku/teate_josei/6795.html
阿久根市	不妊治療等交通費助成金	https://www.city.akune.lg.jp/kosodate_kyoiku/teate_josei/6797.html
阿久根市	子ども医療費助成制度	https://www.city.akune.lg.jp/kosodate_kyoiku/teate_josei/5863.html
阿久根市	濱風ゆめみらい奨学金制度	https://www.city.akune.lg.jp/kosodate_kyoiku/teate_josei/1401.html
