rescore	organization	title	url	evidence
43	芦北町	国民年金保険料学生納付特例	https://www.town.ashikita.lg.jp/kosodate_site/gakkou_kosodate/2007144	国民年金保険料学生納付特例 / 芦北町 文字サイズ 拡大 文字を大きくする 標準 文字の大きさをもとの大きさに戻す 背景色 黒 背景色の変更：黒 青 背景色の変更：青 標準 背景色の変更：白 Foreign Language 検索 ハンバーガーメニューを開く 文字サイズ 拡大 文字を大きくする 標準 文字の大きさをもとの大きさに戻す 背景色 黒 背景色の変更：黒 青 背景色の変更：青 標準 背景色の変更：白 Foreign Language 検索 相談窓口 お知らせ 妊娠・出産 支援・助成 幼稚園・保育園 認定こども園 学童保育 一時保育 学校教育 施設一覧 ハンバーガーメニューを閉じる メニューをとじる ホーム &gt; 子育てサイト &gt; 学校教育 &gt; 国民年金保険料学生納付特例 国民年金保険料学生納付特例 更新日：2023年02月28日 学生納付特例申請について 概要 日本国内に住むすべての人は、20歳になった時から国民年金の被保険者となり、保険料の納付が義務付けられていますが、学生については、申請により在学中の保険料の納付が猶予（先送り）される「学生納付特例制度」が設
43	芦北町	奨学資金制度	https://www.town.ashikita.lg.jp/kosodate_site/gakkou_kosodate/2008905	奨学資金制度 / 芦北町 文字サイズ 拡大 文字を大きくする 標準 文字の大きさをもとの大きさに戻す 背景色 黒 背景色の変更：黒 青 背景色の変更：青 標準 背景色の変更：白 Foreign Language 検索 ハンバーガーメニューを開く 文字サイズ 拡大 文字を大きくする 標準 文字の大きさをもとの大きさに戻す 背景色 黒 背景色の変更：黒 青 背景色の変更：青 標準 背景色の変更：白 Foreign Language 検索 相談窓口 お知らせ 妊娠・出産 支援・助成 幼稚園・保育園 認定こども園 学童保育 一時保育 学校教育 施設一覧 ハンバーガーメニューを閉じる メニューをとじる ホーム &gt; 子育てサイト &gt; 学校教育 &gt; 奨学資金制度 奨学資金制度 更新日：2024年12月23日 奨学資金制度 概要 「進学予定であるが経済的な理由で修学が困難」という方に奨学資金の貸付を行っています。 詳細 申込資格 奨学資金を受けるには以下の条件を全て満たしている必要があります。 保護者が本町に住所を有すること。 品行方正で学術技能において他に優れていること。 経済的理
43	芦北町	芦北町学校給食費無償化制度について	https://www.town.ashikita.lg.jp/kosodate_site/gakkou_kosodate/2030081	芦北町学校給食費無償化制度について / 芦北町 文字サイズ 拡大 文字を大きくする 標準 文字の大きさをもとの大きさに戻す 背景色 黒 背景色の変更：黒 青 背景色の変更：青 標準 背景色の変更：白 Foreign Language 検索 ハンバーガーメニューを開く 文字サイズ 拡大 文字を大きくする 標準 文字の大きさをもとの大きさに戻す 背景色 黒 背景色の変更：黒 青 背景色の変更：青 標準 背景色の変更：白 Foreign Language 検索 相談窓口 お知らせ 妊娠・出産 支援・助成 幼稚園・保育園 認定こども園 学童保育 一時保育 学校教育 施設一覧 ハンバーガーメニューを閉じる メニューをとじる ホーム &gt; 子育てサイト &gt; 学校教育 &gt; 芦北町学校給食費無償化制度について 芦北町学校給食費無償化制度について 更新日：2026年03月31日 芦北町の学校給食費が完全無償となります。 1.対象者 前年度までの給食費に滞納が無く、次の1から3に該当する保護者が給食費補助の対象者となります。 保護者の住所が町内 町内の小中学校及び芦北支援学校小中学部へ就学
43	芦北町	幼児教育・保育の無償化について	https://www.town.ashikita.lg.jp/kosodate_site/hoikuen_youthien_nintei/2008028	幼児教育・保育の無償化について / 芦北町 文字サイズ 拡大 文字を大きくする 標準 文字の大きさをもとの大きさに戻す 背景色 黒 背景色の変更：黒 青 背景色の変更：青 標準 背景色の変更：白 Foreign Language 検索 ハンバーガーメニューを開く 文字サイズ 拡大 文字を大きくする 標準 文字の大きさをもとの大きさに戻す 背景色 黒 背景色の変更：黒 青 背景色の変更：青 標準 背景色の変更：白 Foreign Language 検索 相談窓口 お知らせ 妊娠・出産 支援・助成 幼稚園・保育園 認定こども園 学童保育 一時保育 学校教育 施設一覧 ハンバーガーメニューを閉じる メニューをとじる ホーム &gt; 子育てサイト &gt; 保育園・幼稚園・認定こども園 &gt; 幼児教育・保育の無償化について 幼児教育・保育の無償化について 更新日：2023年04月07日 令和元年10月1日から、幼稚園・保育所・認定こども園等を利用する3歳児から5歳児クラス等の子どもたちの利用料が 無償化 されます。 幼稚園、保育所、認定こども園等を利用する子どもたち 3歳児から5歳児クラ
43	芦北町	出産育児一時金の申請	https://www.town.ashikita.lg.jp/kosodate_site/ninshin_kosodate/2007618	出産育児一時金の申請 / 芦北町 文字サイズ 拡大 文字を大きくする 標準 文字の大きさをもとの大きさに戻す 背景色 黒 背景色の変更：黒 青 背景色の変更：青 標準 背景色の変更：白 Foreign Language 検索 ハンバーガーメニューを開く 文字サイズ 拡大 文字を大きくする 標準 文字の大きさをもとの大きさに戻す 背景色 黒 背景色の変更：黒 青 背景色の変更：青 標準 背景色の変更：白 Foreign Language 検索 相談窓口 お知らせ 妊娠・出産 支援・助成 幼稚園・保育園 認定こども園 学童保育 一時保育 学校教育 施設一覧 ハンバーガーメニューを閉じる メニューをとじる ホーム &gt; 子育てサイト &gt; 妊娠・出産 &gt; 出産育児一時金の申請 出産育児一時金の申請 更新日：2023年04月06日 概要 国民健康保険の加入者が出産したとき、50万円が支給されます。 産科医療補償制度に加入していない医療機関などで出産した場合や海外での出産、または妊娠22週未満の出産などの場合は48万8千円の支給となります。（死産・流産でも妊娠12週以上であれば支給
43	芦北町	芦北町一般不妊治療費等の助成について	https://www.town.ashikita.lg.jp/kosodate_site/ninshin_kosodate/2027777	芦北町一般不妊治療費等の助成について / 芦北町 文字サイズ 拡大 文字を大きくする 標準 文字の大きさをもとの大きさに戻す 背景色 黒 背景色の変更：黒 青 背景色の変更：青 標準 背景色の変更：白 Foreign Language 検索 ハンバーガーメニューを開く 文字サイズ 拡大 文字を大きくする 標準 文字の大きさをもとの大きさに戻す 背景色 黒 背景色の変更：黒 青 背景色の変更：青 標準 背景色の変更：白 Foreign Language 検索 相談窓口 お知らせ 妊娠・出産 支援・助成 幼稚園・保育園 認定こども園 学童保育 一時保育 学校教育 施設一覧 ハンバーガーメニューを閉じる メニューをとじる ホーム &gt; 子育てサイト &gt; 妊娠・出産 &gt; 芦北町一般不妊治療費等の助成について 芦北町一般不妊治療費等の助成について 更新日：2026年03月10日 一般不妊治療等を受けられたご夫婦に対し、治療費の一部を助成します。 対象者 不妊治療を受けた日及び申請日において、次の要件を全て満たす人です。 夫婦の両方又は夫婦のいずれか一方が、芦北町に住所を有している
43	芦北町	子どもに係る国民健康保険税の均等割額の減免について	https://www.town.ashikita.lg.jp/kosodate_site/shien_kosodate/2005539	子どもに係る国民健康保険税の均等割額の減免について / 芦北町 文字サイズ 拡大 文字を大きくする 標準 文字の大きさをもとの大きさに戻す 背景色 黒 背景色の変更：黒 青 背景色の変更：青 標準 背景色の変更：白 Foreign Language 検索 ハンバーガーメニューを開く 文字サイズ 拡大 文字を大きくする 標準 文字の大きさをもとの大きさに戻す 背景色 黒 背景色の変更：黒 青 背景色の変更：青 標準 背景色の変更：白 Foreign Language 検索 相談窓口 お知らせ 妊娠・出産 支援・助成 幼稚園・保育園 認定こども園 学童保育 一時保育 学校教育 施設一覧 ハンバーガーメニューを閉じる メニューをとじる ホーム &gt; 子育てサイト &gt; 支援・助成 &gt; 子どもに係る国民健康保険税の均等割額の減免について 子どもに係る国民健康保険税の均等割額の減免について 更新日：2023年02月23日 芦北町では&rdquo;次代を担う子ども&rdquo;を扶養する子育て世帯支援のため、令和元年度（2019年度）から国民健康保険税の18歳以下の子どもに係る均等割
43	芦北町	幼児教育・保育の無償化について	https://www.town.ashikita.lg.jp/kosodate_site/shien_kosodate/2008028	幼児教育・保育の無償化について / 芦北町 文字サイズ 拡大 文字を大きくする 標準 文字の大きさをもとの大きさに戻す 背景色 黒 背景色の変更：黒 青 背景色の変更：青 標準 背景色の変更：白 Foreign Language 検索 ハンバーガーメニューを開く 文字サイズ 拡大 文字を大きくする 標準 文字の大きさをもとの大きさに戻す 背景色 黒 背景色の変更：黒 青 背景色の変更：青 標準 背景色の変更：白 Foreign Language 検索 相談窓口 お知らせ 妊娠・出産 支援・助成 幼稚園・保育園 認定こども園 学童保育 一時保育 学校教育 施設一覧 ハンバーガーメニューを閉じる メニューをとじる ホーム &gt; 子育てサイト &gt; 支援・助成 &gt; 幼児教育・保育の無償化について 幼児教育・保育の無償化について 更新日：2023年04月07日 令和元年10月1日から、幼稚園・保育所・認定こども園等を利用する3歳児から5歳児クラス等の子どもたちの利用料が 無償化 されます。 幼稚園、保育所、認定こども園等を利用する子どもたち 3歳児から5歳児クラスの全ての子どもの
43	芦北町	幼児フッ化物塗布事業について	https://www.town.ashikita.lg.jp/kosodate_site/shien_kosodate/2006697	幼児フッ化物塗布事業について / 芦北町 文字サイズ 拡大 文字を大きくする 標準 文字の大きさをもとの大きさに戻す 背景色 黒 背景色の変更：黒 青 背景色の変更：青 標準 背景色の変更：白 Foreign Language 検索 ハンバーガーメニューを開く 文字サイズ 拡大 文字を大きくする 標準 文字の大きさをもとの大きさに戻す 背景色 黒 背景色の変更：黒 青 背景色の変更：青 標準 背景色の変更：白 Foreign Language 検索 相談窓口 お知らせ 妊娠・出産 支援・助成 幼稚園・保育園 認定こども園 学童保育 一時保育 学校教育 施設一覧 ハンバーガーメニューを閉じる メニューをとじる ホーム &gt; 子育てサイト &gt; 支援・助成 &gt; 幼児フッ化物塗布事業について 幼児フッ化物塗布事業について 更新日：2023年02月26日 むし歯予防対策として、幼児のフッ化物塗布を無料で実施しています。 対象者 1歳から3歳でフッ化物塗布の利用を申請した幼児 塗布対象期間 1歳の誕生日から3歳児健診まで（全5回） 必要なもの 母子健康手帳 芦北町幼児フッ化物塗布受
43	芦北町	各種障害者手当について	https://www.town.ashikita.lg.jp/kosodate_site/shien_kosodate/2008301	各種障害者手当について / 芦北町 文字サイズ 拡大 文字を大きくする 標準 文字の大きさをもとの大きさに戻す 背景色 黒 背景色の変更：黒 青 背景色の変更：青 標準 背景色の変更：白 Foreign Language 検索 ハンバーガーメニューを開く 文字サイズ 拡大 文字を大きくする 標準 文字の大きさをもとの大きさに戻す 背景色 黒 背景色の変更：黒 青 背景色の変更：青 標準 背景色の変更：白 Foreign Language 検索 相談窓口 お知らせ 妊娠・出産 支援・助成 幼稚園・保育園 認定こども園 学童保育 一時保育 学校教育 施設一覧 ハンバーガーメニューを閉じる メニューをとじる ホーム &gt; 子育てサイト &gt; 支援・助成 &gt; 各種障害者手当について 各種障害者手当について 更新日：2025年02月21日 概要 在宅生活において、介護を必要とする重度の障がいがある人などに支給される手当があります。 申請にあたり診断書の提出が必要になりますので、詳しくはお問い合わせください。 詳細 特別障害者手当 受給資格 20歳以上で身体または知的・精神に著しく重
43	芦北町	重度心身障害者医療費助成制度について	https://www.town.ashikita.lg.jp/kosodate_site/shien_kosodate/2008417	重度心身障害者医療費助成制度について / 芦北町 文字サイズ 拡大 文字を大きくする 標準 文字の大きさをもとの大きさに戻す 背景色 黒 背景色の変更：黒 青 背景色の変更：青 標準 背景色の変更：白 Foreign Language 検索 ハンバーガーメニューを開く 文字サイズ 拡大 文字を大きくする 標準 文字の大きさをもとの大きさに戻す 背景色 黒 背景色の変更：黒 青 背景色の変更：青 標準 背景色の変更：白 Foreign Language 検索 相談窓口 お知らせ 妊娠・出産 支援・助成 幼稚園・保育園 認定こども園 学童保育 一時保育 学校教育 施設一覧 ハンバーガーメニューを閉じる メニューをとじる ホーム &gt; 子育てサイト &gt; 支援・助成 &gt; 重度心身障害者医療費助成制度について 重度心身障害者医療費助成制度について 更新日：2024年06月18日 概要 重度の障がい者（児）の方で、医療保険を使い治療を受けた場合に、一つの医療機関につき、自己負担額（注1）を超えた分の医療費を助成する制度です。 助成を受けるためには事前に認定申請をする必要があり、申請
43	芦北町	障害者（児）日中一時支援事業	https://www.town.ashikita.lg.jp/kosodate_site/shien_kosodate/2008516	障害者（児）日中一時支援事業 / 芦北町 文字サイズ 拡大 文字を大きくする 標準 文字の大きさをもとの大きさに戻す 背景色 黒 背景色の変更：黒 青 背景色の変更：青 標準 背景色の変更：白 Foreign Language 検索 ハンバーガーメニューを開く 文字サイズ 拡大 文字を大きくする 標準 文字の大きさをもとの大きさに戻す 背景色 黒 背景色の変更：黒 青 背景色の変更：青 標準 背景色の変更：白 Foreign Language 検索 相談窓口 お知らせ 妊娠・出産 支援・助成 幼稚園・保育園 認定こども園 学童保育 一時保育 学校教育 施設一覧 ハンバーガーメニューを閉じる メニューをとじる ホーム &gt; 子育てサイト &gt; 支援・助成 &gt; 障害者（児）日中一時支援事業 障害者（児）日中一時支援事業 更新日：2023年03月01日 概要 施設への通所によって日中活動の場を確保し、家族の就労支援、及び日常的に介護している家族の一時的な介護負担の軽減を図ります。 対象者 原則として日中において世話をする者がいないため、一時的に見守り等の支援が必要な65歳未満の
43	芦北町	障害者等日常生活用具の給付・貸与について	https://www.town.ashikita.lg.jp/kosodate_site/shien_kosodate/2008530	障害者等日常生活用具の給付・貸与について / 芦北町 文字サイズ 拡大 文字を大きくする 標準 文字の大きさをもとの大きさに戻す 背景色 黒 背景色の変更：黒 青 背景色の変更：青 標準 背景色の変更：白 Foreign Language 検索 ハンバーガーメニューを開く 文字サイズ 拡大 文字を大きくする 標準 文字の大きさをもとの大きさに戻す 背景色 黒 背景色の変更：黒 青 背景色の変更：青 標準 背景色の変更：白 Foreign Language 検索 相談窓口 お知らせ 妊娠・出産 支援・助成 幼稚園・保育園 認定こども園 学童保育 一時保育 学校教育 施設一覧 ハンバーガーメニューを閉じる メニューをとじる ホーム &gt; 子育てサイト &gt; 支援・助成 &gt; 障害者等日常生活用具の給付・貸与について 障害者等日常生活用具の給付・貸与について 更新日：2023年03月01日 概要 重度の身体障害者（児）の方が、家庭生活を営むうえでの不便さを軽減し、自立した生活を容易にするために必要な用具を給付します。 日常生活用具例 表：日常生活用具例 分類 用具例 介護・訓練支
43	芦北町	奨学資金制度	https://www.town.ashikita.lg.jp/kosodate_site/shien_kosodate/2008905	奨学資金制度 / 芦北町 文字サイズ 拡大 文字を大きくする 標準 文字の大きさをもとの大きさに戻す 背景色 黒 背景色の変更：黒 青 背景色の変更：青 標準 背景色の変更：白 Foreign Language 検索 ハンバーガーメニューを開く 文字サイズ 拡大 文字を大きくする 標準 文字の大きさをもとの大きさに戻す 背景色 黒 背景色の変更：黒 青 背景色の変更：青 標準 背景色の変更：白 Foreign Language 検索 相談窓口 お知らせ 妊娠・出産 支援・助成 幼稚園・保育園 認定こども園 学童保育 一時保育 学校教育 施設一覧 ハンバーガーメニューを閉じる メニューをとじる ホーム &gt; 子育てサイト &gt; 支援・助成 &gt; 奨学資金制度 奨学資金制度 更新日：2024年12月23日 奨学資金制度 概要 「進学予定であるが経済的な理由で修学が困難」という方に奨学資金の貸付を行っています。 詳細 申込資格 奨学資金を受けるには以下の条件を全て満たしている必要があります。 保護者が本町に住所を有すること。 品行方正で学術技能において他に優れていること。 経済的
43	芦北町	子ども医療費助成申請	https://www.town.ashikita.lg.jp/kosodate_site/shien_kosodate/2018300	子ども医療費助成申請 / 芦北町 文字サイズ 拡大 文字を大きくする 標準 文字の大きさをもとの大きさに戻す 背景色 黒 背景色の変更：黒 青 背景色の変更：青 標準 背景色の変更：白 Foreign Language 検索 ハンバーガーメニューを開く 文字サイズ 拡大 文字を大きくする 標準 文字の大きさをもとの大きさに戻す 背景色 黒 背景色の変更：黒 青 背景色の変更：青 標準 背景色の変更：白 Foreign Language 検索 相談窓口 お知らせ 妊娠・出産 支援・助成 幼稚園・保育園 認定こども園 学童保育 一時保育 学校教育 施設一覧 ハンバーガーメニューを閉じる メニューをとじる ホーム &gt; 子育てサイト &gt; 支援・助成 &gt; 子ども医療費助成申請 子ども医療費助成申請 更新日：2025年12月23日 概要 子どもが病気やケガで病院や薬局を利用したとき、医療費(保険適用分)の一部負担金の全額を助成することで子育て世代の経済的負担を軽減する事業です。 対象者 芦北町に住所を有し、年齢が満18歳になって最初の3月31日までの子ども (ただし、婚姻している
43	芦北町	芦北町学校給食費無償化制度について	https://www.town.ashikita.lg.jp/kosodate_site/shien_kosodate/2030081	芦北町学校給食費無償化制度について / 芦北町 文字サイズ 拡大 文字を大きくする 標準 文字の大きさをもとの大きさに戻す 背景色 黒 背景色の変更：黒 青 背景色の変更：青 標準 背景色の変更：白 Foreign Language 検索 ハンバーガーメニューを開く 文字サイズ 拡大 文字を大きくする 標準 文字の大きさをもとの大きさに戻す 背景色 黒 背景色の変更：黒 青 背景色の変更：青 標準 背景色の変更：白 Foreign Language 検索 相談窓口 お知らせ 妊娠・出産 支援・助成 幼稚園・保育園 認定こども園 学童保育 一時保育 学校教育 施設一覧 ハンバーガーメニューを閉じる メニューをとじる ホーム &gt; 子育てサイト &gt; 支援・助成 &gt; 芦北町学校給食費無償化制度について 芦北町学校給食費無償化制度について 更新日：2026年03月31日 芦北町の学校給食費が完全無償となります。 1.対象者 前年度までの給食費に滞納が無く、次の1から3に該当する保護者が給食費補助の対象者となります。 保護者の住所が町内 町内の小中学校及び芦北支援学校小中学部へ就
39	芦北町	保育園・幼稚園・認定こども園	https://www.town.ashikita.lg.jp/kosodate_site/hoikuen_youthien_nintei	保育園・幼稚園・認定こども園 / 芦北町 文字サイズ 拡大 文字を大きくする 標準 文字の大きさをもとの大きさに戻す 背景色 黒 背景色の変更：黒 青 背景色の変更：青 標準 背景色の変更：白 Foreign Language 検索 ハンバーガーメニューを開く 文字サイズ 拡大 文字を大きくする 標準 文字の大きさをもとの大きさに戻す 背景色 黒 背景色の変更：黒 青 背景色の変更：青 標準 背景色の変更：白 Foreign Language 検索 相談窓口 お知らせ 妊娠・出産 支援・助成 幼稚園・保育園 認定こども園 学童保育 一時保育 学校教育 施設一覧 ハンバーガーメニューを閉じる メニューをとじる ホーム &gt; 子育てサイト &gt; 保育園・幼稚園・認定こども園 保育園・幼稚園・認定こども園 2026年3月25日 乳児等支援給付（こども誰でも通園制度）について 目的 芦北町では、全てのこどもの育ちを応援し、こどもの良質な成育環境を整備するため、保護者の就労の有無に関わらず、月10時間を上限に保育所等を利用でき… 2025年11月17日 令和8年度保育所等入所申込について
39	芦北町	保育園・幼稚園・認定こども園	https://www.town.ashikita.lg.jp/kosodate_site/hoikuen_youthien_nintei/	保育園・幼稚園・認定こども園 / 芦北町 文字サイズ 拡大 文字を大きくする 標準 文字の大きさをもとの大きさに戻す 背景色 黒 背景色の変更：黒 青 背景色の変更：青 標準 背景色の変更：白 Foreign Language 検索 ハンバーガーメニューを開く 文字サイズ 拡大 文字を大きくする 標準 文字の大きさをもとの大きさに戻す 背景色 黒 背景色の変更：黒 青 背景色の変更：青 標準 背景色の変更：白 Foreign Language 検索 相談窓口 お知らせ 妊娠・出産 支援・助成 幼稚園・保育園 認定こども園 学童保育 一時保育 学校教育 施設一覧 ハンバーガーメニューを閉じる メニューをとじる ホーム &gt; 子育てサイト &gt; 保育園・幼稚園・認定こども園 保育園・幼稚園・認定こども園 2026年3月25日 乳児等支援給付（こども誰でも通園制度）について 目的 芦北町では、全てのこどもの育ちを応援し、こどもの良質な成育環境を整備するため、保護者の就労の有無に関わらず、月10時間を上限に保育所等を利用でき… 2025年11月17日 令和8年度保育所等入所申込について
39	芦北町	妊娠・出産	https://www.town.ashikita.lg.jp/kosodate_site/ninshin_kosodate	妊娠・出産 / 芦北町 文字サイズ 拡大 文字を大きくする 標準 文字の大きさをもとの大きさに戻す 背景色 黒 背景色の変更：黒 青 背景色の変更：青 標準 背景色の変更：白 Foreign Language 検索 ハンバーガーメニューを開く 文字サイズ 拡大 文字を大きくする 標準 文字の大きさをもとの大きさに戻す 背景色 黒 背景色の変更：黒 青 背景色の変更：青 標準 背景色の変更：白 Foreign Language 検索 相談窓口 お知らせ 妊娠・出産 支援・助成 幼稚園・保育園 認定こども園 学童保育 一時保育 学校教育 施設一覧 ハンバーガーメニューを閉じる メニューをとじる ホーム &gt; 子育てサイト &gt; 妊娠・出産 妊娠・出産 2018年4月1日 出生届 出生届 概要 子供が生まれたときから、2週間以内に出生届をする必要があります。 詳細 対象者 子供の父又は母が届出人になります。 申請時期 出生か… 2018年4月1日 出産育児一時金の申請 概要 国民健康保険の加入者が出産したとき、50万円が支給されます。 産科医療補償制度に加入していない医療機関などで出
39	芦北町	妊娠・出産	https://www.town.ashikita.lg.jp/kosodate_site/ninshin_kosodate/	妊娠・出産 / 芦北町 文字サイズ 拡大 文字を大きくする 標準 文字の大きさをもとの大きさに戻す 背景色 黒 背景色の変更：黒 青 背景色の変更：青 標準 背景色の変更：白 Foreign Language 検索 ハンバーガーメニューを開く 文字サイズ 拡大 文字を大きくする 標準 文字の大きさをもとの大きさに戻す 背景色 黒 背景色の変更：黒 青 背景色の変更：青 標準 背景色の変更：白 Foreign Language 検索 相談窓口 お知らせ 妊娠・出産 支援・助成 幼稚園・保育園 認定こども園 学童保育 一時保育 学校教育 施設一覧 ハンバーガーメニューを閉じる メニューをとじる ホーム &gt; 子育てサイト &gt; 妊娠・出産 妊娠・出産 2018年4月1日 出生届 出生届 概要 子供が生まれたときから、2週間以内に出生届をする必要があります。 詳細 対象者 子供の父又は母が届出人になります。 申請時期 出生か… 2018年4月1日 出産育児一時金の申請 概要 国民健康保険の加入者が出産したとき、50万円が支給されます。 産科医療補償制度に加入していない医療機関などで出
35	芦北町	マル学保険証の交付（国保）	https://www.town.ashikita.lg.jp/kosodate_site/gakkou_kosodate/2007427	マル学保険証の交付（国保） / 芦北町 文字サイズ 拡大 文字を大きくする 標準 文字の大きさをもとの大きさに戻す 背景色 黒 背景色の変更：黒 青 背景色の変更：青 標準 背景色の変更：白 Foreign Language 検索 ハンバーガーメニューを開く 文字サイズ 拡大 文字を大きくする 標準 文字の大きさをもとの大きさに戻す 背景色 黒 背景色の変更：黒 青 背景色の変更：青 標準 背景色の変更：白 Foreign Language 検索 相談窓口 お知らせ 妊娠・出産 支援・助成 幼稚園・保育園 認定こども園 学童保育 一時保育 学校教育 施設一覧 ハンバーガーメニューを閉じる メニューをとじる ホーム &gt; 子育てサイト &gt; 学校教育 &gt; マル学保険証の交付（国保） マル学保険証の交付（国保） 更新日：2023年02月28日 概要 就学のため子どもが他の市町村に居住する場合、遠隔者被保険者証（子どもが使用する被保険者証）を交付します。 詳細 対象者 国民健康保険加入者で就学のため他の市町村に居住する人 申請時期 随時 必要なもの 在学証明書または学生証の写し
35	芦北町	芦北町就学援助制度について	https://www.town.ashikita.lg.jp/kosodate_site/gakkou_kosodate/2008875	芦北町就学援助制度について / 芦北町 文字サイズ 拡大 文字を大きくする 標準 文字の大きさをもとの大きさに戻す 背景色 黒 背景色の変更：黒 青 背景色の変更：青 標準 背景色の変更：白 Foreign Language 検索 ハンバーガーメニューを開く 文字サイズ 拡大 文字を大きくする 標準 文字の大きさをもとの大きさに戻す 背景色 黒 背景色の変更：黒 青 背景色の変更：青 標準 背景色の変更：白 Foreign Language 検索 相談窓口 お知らせ 妊娠・出産 支援・助成 幼稚園・保育園 認定こども園 学童保育 一時保育 学校教育 施設一覧 ハンバーガーメニューを閉じる メニューをとじる ホーム &gt; 子育てサイト &gt; 学校教育 &gt; 芦北町就学援助制度について 芦北町就学援助制度について 更新日：2023年04月05日 芦北町では、小学校・中学校に通うお子様が、安心して就学できるよう、経済的な負担が大きいご家庭に、新入学用品費や給食費などの就学に必要な費用の一部について援助を行っています。申請を希望される方は、以下のとおりご提出をお願いします。 1.
35	芦北町	芦北町特別支援教育就学奨励費補助金について	https://www.town.ashikita.lg.jp/kosodate_site/gakkou_kosodate/2008899	芦北町特別支援教育就学奨励費補助金について / 芦北町 文字サイズ 拡大 文字を大きくする 標準 文字の大きさをもとの大きさに戻す 背景色 黒 背景色の変更：黒 青 背景色の変更：青 標準 背景色の変更：白 Foreign Language 検索 ハンバーガーメニューを開く 文字サイズ 拡大 文字を大きくする 標準 文字の大きさをもとの大きさに戻す 背景色 黒 背景色の変更：黒 青 背景色の変更：青 標準 背景色の変更：白 Foreign Language 検索 相談窓口 お知らせ 妊娠・出産 支援・助成 幼稚園・保育園 認定こども園 学童保育 一時保育 学校教育 施設一覧 ハンバーガーメニューを閉じる メニューをとじる ホーム &gt; 子育てサイト &gt; 学校教育 &gt; 芦北町特別支援教育就学奨励費補助金について 芦北町特別支援教育就学奨励費補助金について 更新日：2023年03月31日 芦北町では、芦北町立の小・中学校の特別支援学級に就学する児童生徒の保護者の経済的負担を軽減し、就学奨励を図るため、学用品費などの経費の一部の援助を行っています。 1. 対象者 町内の小中学
35	芦北町	地域学校協働活動のボランティアを募集しています	https://www.town.ashikita.lg.jp/kosodate_site/gakkou_kosodate/2009155	地域学校協働活動のボランティアを募集しています / 芦北町 文字サイズ 拡大 文字を大きくする 標準 文字の大きさをもとの大きさに戻す 背景色 黒 背景色の変更：黒 青 背景色の変更：青 標準 背景色の変更：白 Foreign Language 検索 ハンバーガーメニューを開く 文字サイズ 拡大 文字を大きくする 標準 文字の大きさをもとの大きさに戻す 背景色 黒 背景色の変更：黒 青 背景色の変更：青 標準 背景色の変更：白 Foreign Language 検索 相談窓口 お知らせ 妊娠・出産 支援・助成 幼稚園・保育園 認定こども園 学童保育 一時保育 学校教育 施設一覧 ハンバーガーメニューを閉じる メニューをとじる ホーム &gt; 子育てサイト &gt; 学校教育 &gt; 地域学校協働活動のボランティアを募集しています 地域学校協働活動のボランティアを募集しています 更新日：2024年04月02日 地域学校協働活動のボランティアについて (PDF 329KB) 「地域学校協働活動」 とは、地域住民、PTA、民間企業、団体など幅広い方々の参画を得て、地域全体で子供たちの学び
35	芦北町	放課後児童クラブ(学童保育)のお知らせ	https://www.town.ashikita.lg.jp/kosodate_site/gakudou_kosodate/2007281	放課後児童クラブ(学童保育)のお知らせ / 芦北町 文字サイズ 拡大 文字を大きくする 標準 文字の大きさをもとの大きさに戻す 背景色 黒 背景色の変更：黒 青 背景色の変更：青 標準 背景色の変更：白 Foreign Language 検索 ハンバーガーメニューを開く 文字サイズ 拡大 文字を大きくする 標準 文字の大きさをもとの大きさに戻す 背景色 黒 背景色の変更：黒 青 背景色の変更：青 標準 背景色の変更：白 Foreign Language 検索 相談窓口 お知らせ 妊娠・出産 支援・助成 幼稚園・保育園 認定こども園 学童保育 一時保育 学校教育 施設一覧 ハンバーガーメニューを閉じる メニューをとじる ホーム &gt; 子育てサイト &gt; 学童保育 &gt; 放課後児童クラブ(学童保育)のお知らせ 放課後児童クラブ(学童保育)のお知らせ 更新日：2023年04月05日 現在芦北町では、田浦保育園、淳光育児園、認定こども園すくすく、湯浦保育園の4箇所において放課後児童クラブ(学童保育)を行っています。 放課後児童クラブ(学童保育)とは 小学1年生から6年生までを対象と
35	芦北町	出生届	https://www.town.ashikita.lg.jp/kosodate_site/ninshin_kosodate/2002323	出生届 / 芦北町 文字サイズ 拡大 文字を大きくする 標準 文字の大きさをもとの大きさに戻す 背景色 黒 背景色の変更：黒 青 背景色の変更：青 標準 背景色の変更：白 Foreign Language 検索 ハンバーガーメニューを開く 文字サイズ 拡大 文字を大きくする 標準 文字の大きさをもとの大きさに戻す 背景色 黒 背景色の変更：黒 青 背景色の変更：青 標準 背景色の変更：白 Foreign Language 検索 相談窓口 お知らせ 妊娠・出産 支援・助成 幼稚園・保育園 認定こども園 学童保育 一時保育 学校教育 施設一覧 ハンバーガーメニューを閉じる メニューをとじる ホーム &gt; 子育てサイト &gt; 妊娠・出産 &gt; 出生届 出生届 更新日：2023年05月01日 出生届 概要 子供が生まれたときから、2週間以内に出生届をする必要があります。 詳細 対象者 子供の父又は母が届出人になります。 申請時期 出生から14日以内 必要なもの 出生届(出生証明書と一緒になっています。医師などの証明が必要です。) 母子手帳 届出以外のお手続きで印鑑が必要となる場合が
35	芦北町	児童福祉サービス利用ガイドを作成しました	https://www.town.ashikita.lg.jp/kosodate_site/shien_kosodate/2008035	児童福祉サービス利用ガイドを作成しました / 芦北町 文字サイズ 拡大 文字を大きくする 標準 文字の大きさをもとの大きさに戻す 背景色 黒 背景色の変更：黒 青 背景色の変更：青 標準 背景色の変更：白 Foreign Language 検索 ハンバーガーメニューを開く 文字サイズ 拡大 文字を大きくする 標準 文字の大きさをもとの大きさに戻す 背景色 黒 背景色の変更：黒 青 背景色の変更：青 標準 背景色の変更：白 Foreign Language 検索 相談窓口 お知らせ 妊娠・出産 支援・助成 幼稚園・保育園 認定こども園 学童保育 一時保育 学校教育 施設一覧 ハンバーガーメニューを閉じる メニューをとじる ホーム &gt; 子育てサイト &gt; 支援・助成 &gt; 児童福祉サービス利用ガイドを作成しました 児童福祉サービス利用ガイドを作成しました 更新日：2023年03月24日 児童福祉サービス利用のためのガイドブックを作成しました。 利用するまでの流れや、利用事業所等について記載しておりますので、サービスの利用を検討する際や、利用する事業所を選ぶ際にご活用ください。
35	芦北町	芦北町障害者（児）地域生活支援事業について	https://www.town.ashikita.lg.jp/kosodate_site/shien_kosodate/2008264	芦北町障害者（児）地域生活支援事業について / 芦北町 文字サイズ 拡大 文字を大きくする 標準 文字の大きさをもとの大きさに戻す 背景色 黒 背景色の変更：黒 青 背景色の変更：青 標準 背景色の変更：白 Foreign Language 検索 ハンバーガーメニューを開く 文字サイズ 拡大 文字を大きくする 標準 文字の大きさをもとの大きさに戻す 背景色 黒 背景色の変更：黒 青 背景色の変更：青 標準 背景色の変更：白 Foreign Language 検索 相談窓口 お知らせ 妊娠・出産 支援・助成 幼稚園・保育園 認定こども園 学童保育 一時保育 学校教育 施設一覧 ハンバーガーメニューを閉じる メニューをとじる ホーム &gt; 子育てサイト &gt; 支援・助成 &gt; 芦北町障害者（児）地域生活支援事業について 芦北町障害者（児）地域生活支援事業について 更新日：2023年03月01日 障害者(児) 地域生活支援事業の取り組みについて （地域生活支援事業とは） 障害者及び障害児がそれぞれの適性に対して、自立した日常生活又は社会生活を営むことができるよう、地域の特性や利用
35	芦北町	療育手帳交付申請	https://www.town.ashikita.lg.jp/kosodate_site/shien_kosodate/2008844	療育手帳交付申請 / 芦北町 文字サイズ 拡大 文字を大きくする 標準 文字の大きさをもとの大きさに戻す 背景色 黒 背景色の変更：黒 青 背景色の変更：青 標準 背景色の変更：白 Foreign Language 検索 ハンバーガーメニューを開く 文字サイズ 拡大 文字を大きくする 標準 文字の大きさをもとの大きさに戻す 背景色 黒 背景色の変更：黒 青 背景色の変更：青 標準 背景色の変更：白 Foreign Language 検索 相談窓口 お知らせ 妊娠・出産 支援・助成 幼稚園・保育園 認定こども園 学童保育 一時保育 学校教育 施設一覧 ハンバーガーメニューを閉じる メニューをとじる ホーム &gt; 子育てサイト &gt; 支援・助成 &gt; 療育手帳交付申請 療育手帳交付申請 更新日：2023年03月01日 概要 知的障がい者（児）に対して一貫した指導、相談を行うとともに、各種の福祉サービスを受けやすくするため交付を行っている手帳です。 障がい等級はA1、A2、B1、B2と設けられており、A1が一番重度の等級となります。 対象者 一般的知能機能が明らかに平均よりも低く
35	芦北町	芦北町特別支援教育就学奨励費補助金について	https://www.town.ashikita.lg.jp/kosodate_site/shien_kosodate/2008899	芦北町特別支援教育就学奨励費補助金について / 芦北町 文字サイズ 拡大 文字を大きくする 標準 文字の大きさをもとの大きさに戻す 背景色 黒 背景色の変更：黒 青 背景色の変更：青 標準 背景色の変更：白 Foreign Language 検索 ハンバーガーメニューを開く 文字サイズ 拡大 文字を大きくする 標準 文字の大きさをもとの大きさに戻す 背景色 黒 背景色の変更：黒 青 背景色の変更：青 標準 背景色の変更：白 Foreign Language 検索 相談窓口 お知らせ 妊娠・出産 支援・助成 幼稚園・保育園 認定こども園 学童保育 一時保育 学校教育 施設一覧 ハンバーガーメニューを閉じる メニューをとじる ホーム &gt; 子育てサイト &gt; 支援・助成 &gt; 芦北町特別支援教育就学奨励費補助金について 芦北町特別支援教育就学奨励費補助金について 更新日：2023年03月31日 芦北町では、芦北町立の小・中学校の特別支援学級に就学する児童生徒の保護者の経済的負担を軽減し、就学奨励を図るため、学用品費などの経費の一部の援助を行っています。 1. 対象者 町内の小中
35	芦北町	芦北町就学援助制度について	https://www.town.ashikita.lg.jp/kosodate_site/shien_kosodate/2008875	芦北町就学援助制度について / 芦北町 文字サイズ 拡大 文字を大きくする 標準 文字の大きさをもとの大きさに戻す 背景色 黒 背景色の変更：黒 青 背景色の変更：青 標準 背景色の変更：白 Foreign Language 検索 ハンバーガーメニューを開く 文字サイズ 拡大 文字を大きくする 標準 文字の大きさをもとの大きさに戻す 背景色 黒 背景色の変更：黒 青 背景色の変更：青 標準 背景色の変更：白 Foreign Language 検索 相談窓口 お知らせ 妊娠・出産 支援・助成 幼稚園・保育園 認定こども園 学童保育 一時保育 学校教育 施設一覧 ハンバーガーメニューを閉じる メニューをとじる ホーム &gt; 子育てサイト &gt; 支援・助成 &gt; 芦北町就学援助制度について 芦北町就学援助制度について 更新日：2023年04月05日 芦北町では、小学校・中学校に通うお子様が、安心して就学できるよう、経済的な負担が大きいご家庭に、新入学用品費や給食費などの就学に必要な費用の一部について援助を行っています。申請を希望される方は、以下のとおりご提出をお願いします。 1.
35	芦北町	子ども医療費の助成対象者を「18歳」までに拡大します	https://www.town.ashikita.lg.jp/kosodate_site/shien_kosodate/2020495	子ども医療費の助成対象者を「18歳」までに拡大します / 芦北町 文字サイズ 拡大 文字を大きくする 標準 文字の大きさをもとの大きさに戻す 背景色 黒 背景色の変更：黒 青 背景色の変更：青 標準 背景色の変更：白 Foreign Language 検索 ハンバーガーメニューを開く 文字サイズ 拡大 文字を大きくする 標準 文字の大きさをもとの大きさに戻す 背景色 黒 背景色の変更：黒 青 背景色の変更：青 標準 背景色の変更：白 Foreign Language 検索 相談窓口 お知らせ 妊娠・出産 支援・助成 幼稚園・保育園 認定こども園 学童保育 一時保育 学校教育 施設一覧 ハンバーガーメニューを閉じる メニューをとじる ホーム &gt; 子育てサイト &gt; 支援・助成 &gt; 子ども医療費の助成対象者を「18歳」までに拡大します 子ども医療費の助成対象者を「18歳」までに拡大します 更新日：2023年03月16日 芦北町では、子育て家庭の負担軽減及び児童の健全育成を目的に子どもにかかる医療費の助成をおこなっています。このたび、次のとおり助成年齢を引き上げることとしまし
35	芦北町	ひとり親等家庭医療費助成申請	https://www.town.ashikita.lg.jp/kosodate_site/shien_kosodate/2020563	ひとり親等家庭医療費助成申請 / 芦北町 文字サイズ 拡大 文字を大きくする 標準 文字の大きさをもとの大きさに戻す 背景色 黒 背景色の変更：黒 青 背景色の変更：青 標準 背景色の変更：白 Foreign Language 検索 ハンバーガーメニューを開く 文字サイズ 拡大 文字を大きくする 標準 文字の大きさをもとの大きさに戻す 背景色 黒 背景色の変更：黒 青 背景色の変更：青 標準 背景色の変更：白 Foreign Language 検索 相談窓口 お知らせ 妊娠・出産 支援・助成 幼稚園・保育園 認定こども園 学童保育 一時保育 学校教育 施設一覧 ハンバーガーメニューを閉じる メニューをとじる ホーム &gt; 子育てサイト &gt; 支援・助成 &gt; ひとり親等家庭医療費助成申請 ひとり親等家庭医療費助成申請 更新日：2023年03月22日 概要 父子家庭の父、母子家庭の母およびその者に扶養されている児童、または父母のいない児童などが病気やケガにより医療機関で支払った一部負担金（高額療養の場合や付加給付がある場合は、それを控除した額）の2分の3を助成します。 詳細
35	芦北町	熊本県精神科救急情報センターの開設について	https://www.town.ashikita.lg.jp/kosodate_site/sodan_kosodate/2008172	熊本県精神科救急情報センターの開設について / 芦北町 文字サイズ 拡大 文字を大きくする 標準 文字の大きさをもとの大きさに戻す 背景色 黒 背景色の変更：黒 青 背景色の変更：青 標準 背景色の変更：白 Foreign Language 検索 ハンバーガーメニューを開く 文字サイズ 拡大 文字を大きくする 標準 文字の大きさをもとの大きさに戻す 背景色 黒 背景色の変更：黒 青 背景色の変更：青 標準 背景色の変更：白 Foreign Language 検索 相談窓口 お知らせ 妊娠・出産 支援・助成 幼稚園・保育園 認定こども園 学童保育 一時保育 学校教育 施設一覧 ハンバーガーメニューを閉じる メニューをとじる ホーム &gt; 子育てサイト &gt; 相談窓口 &gt; 熊本県精神科救急情報センターの開設について 熊本県精神科救急情報センターの開設について 更新日：2023年03月01日 熊本県では、休日や平日の夜間において、精神疾患の急激な発症や精神症状の悪化などにより、緊急な医療を必要とする精神障がい者などおよびその家族などからの相談を受け、必要に応じて適切な医療の確保
35	芦北町	障害者（児）福祉体制整備推進事業訪問員制度	https://www.town.ashikita.lg.jp/kosodate_site/sodan_kosodate/2008189	障害者（児）福祉体制整備推進事業訪問員制度 / 芦北町 文字サイズ 拡大 文字を大きくする 標準 文字の大きさをもとの大きさに戻す 背景色 黒 背景色の変更：黒 青 背景色の変更：青 標準 背景色の変更：白 Foreign Language 検索 ハンバーガーメニューを開く 文字サイズ 拡大 文字を大きくする 標準 文字の大きさをもとの大きさに戻す 背景色 黒 背景色の変更：黒 青 背景色の変更：青 標準 背景色の変更：白 Foreign Language 検索 相談窓口 お知らせ 妊娠・出産 支援・助成 幼稚園・保育園 認定こども園 学童保育 一時保育 学校教育 施設一覧 ハンバーガーメニューを閉じる メニューをとじる ホーム &gt; 子育てサイト &gt; 相談窓口 &gt; 障害者（児）福祉体制整備推進事業訪問員制度 障害者（児）福祉体制整備推進事業訪問員制度 更新日：2023年03月01日 障害者（児）福祉体制整備推進事業訪問員制度 概要 町内の障害者（児）世帯を対象として、町から訪問員証の交付を受けた訪問員がご自宅にお伺いし、話し相手・様々な相談に応じます。 詳細 対象者
31	芦北町	学校教育	https://www.town.ashikita.lg.jp/kosodate_site/gakkou_kosodate	学校教育 / 芦北町 文字サイズ 拡大 文字を大きくする 標準 文字の大きさをもとの大きさに戻す 背景色 黒 背景色の変更：黒 青 背景色の変更：青 標準 背景色の変更：白 Foreign Language 検索 ハンバーガーメニューを開く 文字サイズ 拡大 文字を大きくする 標準 文字の大きさをもとの大きさに戻す 背景色 黒 背景色の変更：黒 青 背景色の変更：青 標準 背景色の変更：白 Foreign Language 検索 相談窓口 お知らせ 妊娠・出産 支援・助成 幼稚園・保育園 認定こども園 学童保育 一時保育 学校教育 施設一覧 ハンバーガーメニューを閉じる メニューをとじる ホーム &gt; 子育てサイト &gt; 学校教育 学校教育 2023年3月29日 芦北町学校給食費無償化制度について 芦北町の学校給食費が完全無償となります。 1.対象者 前年度までの給食費に滞納が無く、次の1から3に該当する保護者が給食費補助の対象者となります。 … 2022年7月4日 地域学校協働活動のボランティアを募集しています 地域学校協働活動のボランティアについて 「地域学校協働活動」とは
31	芦北町	学校教育	https://www.town.ashikita.lg.jp/kosodate_site/gakkou_kosodate/	学校教育 / 芦北町 文字サイズ 拡大 文字を大きくする 標準 文字の大きさをもとの大きさに戻す 背景色 黒 背景色の変更：黒 青 背景色の変更：青 標準 背景色の変更：白 Foreign Language 検索 ハンバーガーメニューを開く 文字サイズ 拡大 文字を大きくする 標準 文字の大きさをもとの大きさに戻す 背景色 黒 背景色の変更：黒 青 背景色の変更：青 標準 背景色の変更：白 Foreign Language 検索 相談窓口 お知らせ 妊娠・出産 支援・助成 幼稚園・保育園 認定こども園 学童保育 一時保育 学校教育 施設一覧 ハンバーガーメニューを閉じる メニューをとじる ホーム &gt; 子育てサイト &gt; 学校教育 学校教育 2023年3月29日 芦北町学校給食費無償化制度について 芦北町の学校給食費が完全無償となります。 1.対象者 前年度までの給食費に滞納が無く、次の1から3に該当する保護者が給食費補助の対象者となります。 … 2022年7月4日 地域学校協働活動のボランティアを募集しています 地域学校協働活動のボランティアについて 「地域学校協働活動」とは
31	芦北町	学童保育	https://www.town.ashikita.lg.jp/kosodate_site/gakudou_kosodate	学童保育 / 芦北町 文字サイズ 拡大 文字を大きくする 標準 文字の大きさをもとの大きさに戻す 背景色 黒 背景色の変更：黒 青 背景色の変更：青 標準 背景色の変更：白 Foreign Language 検索 ハンバーガーメニューを開く 文字サイズ 拡大 文字を大きくする 標準 文字の大きさをもとの大きさに戻す 背景色 黒 背景色の変更：黒 青 背景色の変更：青 標準 背景色の変更：白 Foreign Language 検索 相談窓口 お知らせ 妊娠・出産 支援・助成 幼稚園・保育園 認定こども園 学童保育 一時保育 学校教育 施設一覧 ハンバーガーメニューを閉じる メニューをとじる ホーム &gt; 子育てサイト &gt; 学童保育 学童保育 2018年2月26日 放課後児童クラブ(学童保育)のお知らせ 現在芦北町では、田浦保育園、淳光育児園、認定こども園すくすく、湯浦保育園の4箇所において放課後児童クラブ(学童保育)を行っています。 放課後児童クラブ(学童保… &lt;&lt; 前へ 1 次へ &gt;&gt; 1件 相談窓口 お知らせ 妊娠・出産 支援・助成 幼稚園・保育園
31	芦北町	学童保育	https://www.town.ashikita.lg.jp/kosodate_site/gakudou_kosodate/	学童保育 / 芦北町 文字サイズ 拡大 文字を大きくする 標準 文字の大きさをもとの大きさに戻す 背景色 黒 背景色の変更：黒 青 背景色の変更：青 標準 背景色の変更：白 Foreign Language 検索 ハンバーガーメニューを開く 文字サイズ 拡大 文字を大きくする 標準 文字の大きさをもとの大きさに戻す 背景色 黒 背景色の変更：黒 青 背景色の変更：青 標準 背景色の変更：白 Foreign Language 検索 相談窓口 お知らせ 妊娠・出産 支援・助成 幼稚園・保育園 認定こども園 学童保育 一時保育 学校教育 施設一覧 ハンバーガーメニューを閉じる メニューをとじる ホーム &gt; 子育てサイト &gt; 学童保育 学童保育 2018年2月26日 放課後児童クラブ(学童保育)のお知らせ 現在芦北町では、田浦保育園、淳光育児園、認定こども園すくすく、湯浦保育園の4箇所において放課後児童クラブ(学童保育)を行っています。 放課後児童クラブ(学童保… &lt;&lt; 前へ 1 次へ &gt;&gt; 1件 相談窓口 お知らせ 妊娠・出産 支援・助成 幼稚園・保育園
31	芦北町	一時保育	https://www.town.ashikita.lg.jp/kosodate_site/itizihoiku_kosodate	一時保育 / 芦北町 文字サイズ 拡大 文字を大きくする 標準 文字の大きさをもとの大きさに戻す 背景色 黒 背景色の変更：黒 青 背景色の変更：青 標準 背景色の変更：白 Foreign Language 検索 ハンバーガーメニューを開く 文字サイズ 拡大 文字を大きくする 標準 文字の大きさをもとの大きさに戻す 背景色 黒 背景色の変更：黒 青 背景色の変更：青 標準 背景色の変更：白 Foreign Language 検索 相談窓口 お知らせ 妊娠・出産 支援・助成 幼稚園・保育園 認定こども園 学童保育 一時保育 学校教育 施設一覧 ハンバーガーメニューを閉じる メニューをとじる ホーム &gt; 子育てサイト &gt; 一時保育 一時保育 2016年3月8日 一時預かり事業を実施しています 概要 保護者の就労形態の多様化や傷病・災害などによる緊急の保育および育児に伴う心理的、肉体的負担を軽減するため、一時的(原則月8日以内)に児童を預かります。 … &lt;&lt; 前へ 1 次へ &gt;&gt; 1件 相談窓口 お知らせ 妊娠・出産 支援・助成 幼稚園・保育園 幼稚園 保
31	芦北町	一時保育	https://www.town.ashikita.lg.jp/kosodate_site/itizihoiku_kosodate/	一時保育 / 芦北町 文字サイズ 拡大 文字を大きくする 標準 文字の大きさをもとの大きさに戻す 背景色 黒 背景色の変更：黒 青 背景色の変更：青 標準 背景色の変更：白 Foreign Language 検索 ハンバーガーメニューを開く 文字サイズ 拡大 文字を大きくする 標準 文字の大きさをもとの大きさに戻す 背景色 黒 背景色の変更：黒 青 背景色の変更：青 標準 背景色の変更：白 Foreign Language 検索 相談窓口 お知らせ 妊娠・出産 支援・助成 幼稚園・保育園 認定こども園 学童保育 一時保育 学校教育 施設一覧 ハンバーガーメニューを閉じる メニューをとじる ホーム &gt; 子育てサイト &gt; 一時保育 一時保育 2016年3月8日 一時預かり事業を実施しています 概要 保護者の就労形態の多様化や傷病・災害などによる緊急の保育および育児に伴う心理的、肉体的負担を軽減するため、一時的(原則月8日以内)に児童を預かります。 … &lt;&lt; 前へ 1 次へ &gt;&gt; 1件 相談窓口 お知らせ 妊娠・出産 支援・助成 幼稚園・保育園 幼稚園 保
25	芦北町	子育て支援施設等一覧	https://www.town.ashikita.lg.jp/kosodate_site/shisetsu_kosodate/2028194	子育て支援施設等一覧 / 芦北町 文字サイズ 拡大 文字を大きくする 標準 文字の大きさをもとの大きさに戻す 背景色 黒 背景色の変更：黒 青 背景色の変更：青 標準 背景色の変更：白 Foreign Language 検索 ハンバーガーメニューを開く 文字サイズ 拡大 文字を大きくする 標準 文字の大きさをもとの大きさに戻す 背景色 黒 背景色の変更：黒 青 背景色の変更：青 標準 背景色の変更：白 Foreign Language 検索 相談窓口 お知らせ 妊娠・出産 支援・助成 幼稚園・保育園 認定こども園 学童保育 一時保育 学校教育 施設一覧 ハンバーガーメニューを閉じる メニューをとじる ホーム &gt; 子育てサイト &gt; 施設一覧 &gt; 子育て支援施設等一覧 子育て支援施設等一覧 更新日：2024年04月16日 表:子育て支援センター 施設名 住所 電話番号 田浦保育園 子育て支援センター 芦北町大字田浦町698 0966-87-0034 あしきた・まちのこども園 子育て支援センター 芦北町大字芦北2039 0966-82-3044 表:児童館 施設名 住所 電
23	芦北町	過去の防災無線の放送内容	https://www.town.ashikita.lg.jp/bosai_site/bosaimusen_bosai/2025025	過去の防災無線の放送内容 / 芦北町 文字サイズ変更 拡大 文字を大きくする 標準 文字の大きさをもとの大きさに戻す 背景色変更 黒 背景色の変更：黒 青 背景色の変更：青 標準 背景色の変更：白 Foreign Language 検索 ハンバーガーメニューを開く MENU CLOSE 文字サイズ変更 拡大 文字を大きくする 標準 文字の大きさをもとの大きさに戻す 背景色変更 黒 背景色の変更：黒 青 背景色の変更：青 標準 背景色の変更：白 Foreign Language 検索 お知らせ 防災行政無線 防災マップ 避難場所 災害への備え 消防･防災組織 防災情報リンク 計画 ハンバーガーメニューを閉じる メニューをとじる ホーム &gt; 防災サイト &gt; 防災行政無線 &gt; 過去の防災無線の放送内容 過去の防災無線の放送内容 更新日：2026年07月17日 防災無線7月16日放送内容 「献血」について 健康福祉課から献血のお知らせです。7月17日金曜日、芦北町役場で献血が行われます。受付時間は、午前は10時から11時15分まで、午後は12時30分から4時までです。血液の安
23	芦北町	防災無線放送内容	https://www.town.ashikita.lg.jp/bosai_site/bosaimusen_bosai/2025032	防災無線放送内容 / 芦北町 文字サイズ変更 拡大 文字を大きくする 標準 文字の大きさをもとの大きさに戻す 背景色変更 黒 背景色の変更：黒 青 背景色の変更：青 標準 背景色の変更：白 Foreign Language 検索 ハンバーガーメニューを開く MENU CLOSE 文字サイズ変更 拡大 文字を大きくする 標準 文字の大きさをもとの大きさに戻す 背景色変更 黒 背景色の変更：黒 青 背景色の変更：青 標準 背景色の変更：白 Foreign Language 検索 お知らせ 防災行政無線 防災マップ 避難場所 災害への備え 消防･防災組織 防災情報リンク 計画 ハンバーガーメニューを閉じる メニューをとじる ホーム &gt; 防災サイト &gt; 防災行政無線 &gt; 防災無線放送内容 防災無線放送内容 更新日：2026年07月17日 防災無線7月17日放送内容 「第4回夏季ななうら音楽会」について スポーツ・文化振興課からお知らせです。7月18日（土曜日）午後1時30分より、芦北町多目的研修センターにおいて、町内4つの音楽団体合同による「第4回夏季ななうら音楽会」が開催さ
23	芦北町	住宅耐震化支援制度	https://www.town.ashikita.lg.jp/bosai_site/oshirase_bosai/2005836	住宅耐震化支援制度 / 芦北町 文字サイズ変更 拡大 文字を大きくする 標準 文字の大きさをもとの大きさに戻す 背景色変更 黒 背景色の変更：黒 青 背景色の変更：青 標準 背景色の変更：白 Foreign Language 検索 ハンバーガーメニューを開く MENU CLOSE 文字サイズ変更 拡大 文字を大きくする 標準 文字の大きさをもとの大きさに戻す 背景色変更 黒 背景色の変更：黒 青 背景色の変更：青 標準 背景色の変更：白 Foreign Language 検索 お知らせ 防災行政無線 防災マップ 避難場所 災害への備え 消防･防災組織 防災情報リンク 計画 ハンバーガーメニューを閉じる メニューをとじる ホーム &gt; 防災サイト &gt; お知らせ &gt; 住宅耐震化支援制度 住宅耐震化支援制度 更新日：2025年06月05日 本町では、住宅耐震化を促進するための補助制度を平成29年4月1日から開始しており、令和7年度から補助要件の拡充、補助金の増額を行いました。 対象要件 芦北町内に所在する戸建木造住宅であり、現に所有者が居住していること 平成12年5月31日以
23	芦北町	住宅耐震化支援制度	https://www.town.ashikita.lg.jp/bosai_site/saigai/2005836	住宅耐震化支援制度 / 芦北町 文字サイズ変更 拡大 文字を大きくする 標準 文字の大きさをもとの大きさに戻す 背景色変更 黒 背景色の変更：黒 青 背景色の変更：青 標準 背景色の変更：白 Foreign Language 検索 ハンバーガーメニューを開く MENU CLOSE 文字サイズ変更 拡大 文字を大きくする 標準 文字の大きさをもとの大きさに戻す 背景色変更 黒 背景色の変更：黒 青 背景色の変更：青 標準 背景色の変更：白 Foreign Language 検索 お知らせ 防災行政無線 防災マップ 避難場所 災害への備え 消防･防災組織 防災情報リンク 計画 ハンバーガーメニューを閉じる メニューをとじる ホーム &gt; 防災サイト &gt; 災害への備え &gt; 住宅耐震化支援制度 住宅耐震化支援制度 更新日：2025年06月05日 本町では、住宅耐震化を促進するための補助制度を平成29年4月1日から開始しており、令和7年度から補助要件の拡充、補助金の増額を行いました。 対象要件 芦北町内に所在する戸建木造住宅であり、現に所有者が居住していること 平成12年5月31
23	芦北町	広報あしきた7月号	https://www.town.ashikita.lg.jp/chosei/koho_kocho/kohoashikita/2019_koho/2019284	広報あしきた7月号 / 芦北町 メニューを飛ばして本文へ 本文へ ハンバーガーメニューを開く MENU CLOSE 文字サイズ変更 拡大 文字を大きくする 標準 文字の大きさをもとの大きさに戻す 背景色変更 黒 背景色の変更：黒 青 背景色の変更：青 標準 背景色の変更：白 Foreign Language English 繁体中文 简体中文 한국어 --> 検索 くらしの情報 戸籍・住民票・印鑑登録など 税（料）金 ごみ・住環境・ペット 住宅・建築物・上下水道 道路・河川・公園 安心・安全 申請書ダウンロード 相談窓口 福祉・健康 健康・医療 年金・健康保険 高齢者福祉 障がい者福祉 社会福祉 子育て・教育・文化 子育て 教育 スポーツ 歴史・文化 産業・しごと 産業 入札関連 町政情報 芦北町の紹介 町長室 議会 組織 広報・広聴 施策・計画 財政 職員採用・人事 選挙 ハンバーガーメニューを閉じる メニューをとじる 文字サイズ変更 拡大 文字を大きくする 標準 文字の大きさをもとの大きさに戻す 背景色変更 黒 背景色の変更：黒 青 背景色の変更：青 標準 背景色の変更：白 For
23	芦北町	広報あしきた5月号	https://www.town.ashikita.lg.jp/chosei/koho_kocho/kohoashikita/2020_koho/2019628	広報あしきた5月号 / 芦北町 メニューを飛ばして本文へ 本文へ ハンバーガーメニューを開く MENU CLOSE 文字サイズ変更 拡大 文字を大きくする 標準 文字の大きさをもとの大きさに戻す 背景色変更 黒 背景色の変更：黒 青 背景色の変更：青 標準 背景色の変更：白 Foreign Language English 繁体中文 简体中文 한국어 --> 検索 くらしの情報 戸籍・住民票・印鑑登録など 税（料）金 ごみ・住環境・ペット 住宅・建築物・上下水道 道路・河川・公園 安心・安全 申請書ダウンロード 相談窓口 福祉・健康 健康・医療 年金・健康保険 高齢者福祉 障がい者福祉 社会福祉 子育て・教育・文化 子育て 教育 スポーツ 歴史・文化 産業・しごと 産業 入札関連 町政情報 芦北町の紹介 町長室 議会 組織 広報・広聴 施策・計画 財政 職員採用・人事 選挙 ハンバーガーメニューを閉じる メニューをとじる 文字サイズ変更 拡大 文字を大きくする 標準 文字の大きさをもとの大きさに戻す 背景色変更 黒 背景色の変更：黒 青 背景色の変更：青 標準 背景色の変更：白 For
23	芦北町	広報あしきた10月号	https://www.town.ashikita.lg.jp/chosei/koho_kocho/kohoashikita/2020_koho/2019710	広報あしきた10月号 / 芦北町 メニューを飛ばして本文へ 本文へ ハンバーガーメニューを開く MENU CLOSE 文字サイズ変更 拡大 文字を大きくする 標準 文字の大きさをもとの大きさに戻す 背景色変更 黒 背景色の変更：黒 青 背景色の変更：青 標準 背景色の変更：白 Foreign Language English 繁体中文 简体中文 한국어 --> 検索 くらしの情報 戸籍・住民票・印鑑登録など 税（料）金 ごみ・住環境・ペット 住宅・建築物・上下水道 道路・河川・公園 安心・安全 申請書ダウンロード 相談窓口 福祉・健康 健康・医療 年金・健康保険 高齢者福祉 障がい者福祉 社会福祉 子育て・教育・文化 子育て 教育 スポーツ 歴史・文化 産業・しごと 産業 入札関連 町政情報 芦北町の紹介 町長室 議会 組織 広報・広聴 施策・計画 財政 職員採用・人事 選挙 ハンバーガーメニューを閉じる メニューをとじる 文字サイズ変更 拡大 文字を大きくする 標準 文字の大きさをもとの大きさに戻す 背景色変更 黒 背景色の変更：黒 青 背景色の変更：青 標準 背景色の変更：白 Fo
23	芦北町	窓口案内	https://www.town.ashikita.lg.jp/chosei/shokai/madoguchi_annai/2027494	窓口案内 / 芦北町 メニューを飛ばして本文へ 本文へ ハンバーガーメニューを開く MENU CLOSE 文字サイズ変更 拡大 文字を大きくする 標準 文字の大きさをもとの大きさに戻す 背景色変更 黒 背景色の変更：黒 青 背景色の変更：青 標準 背景色の変更：白 Foreign Language English 繁体中文 简体中文 한국어 --> 検索 くらしの情報 戸籍・住民票・印鑑登録など 税（料）金 ごみ・住環境・ペット 住宅・建築物・上下水道 道路・河川・公園 安心・安全 申請書ダウンロード 相談窓口 福祉・健康 健康・医療 年金・健康保険 高齢者福祉 障がい者福祉 社会福祉 子育て・教育・文化 子育て 教育 スポーツ 歴史・文化 産業・しごと 産業 入札関連 町政情報 芦北町の紹介 町長室 議会 組織 広報・広聴 施策・計画 財政 職員採用・人事 選挙 ハンバーガーメニューを閉じる メニューをとじる 文字サイズ変更 拡大 文字を大きくする 標準 文字の大きさをもとの大きさに戻す 背景色変更 黒 背景色の変更：黒 青 背景色の変更：青 標準 背景色の変更：白 Foreign
23	芦北町	古石地区生涯学習センターみどりの里	https://www.town.ashikita.lg.jp/chosei/shokai/shisetsu_annai/2009100	古石地区生涯学習センターみどりの里 / 芦北町 メニューを飛ばして本文へ 本文へ ハンバーガーメニューを開く MENU CLOSE 文字サイズ変更 拡大 文字を大きくする 標準 文字の大きさをもとの大きさに戻す 背景色変更 黒 背景色の変更：黒 青 背景色の変更：青 標準 背景色の変更：白 Foreign Language English 繁体中文 简体中文 한국어 --> 検索 くらしの情報 戸籍・住民票・印鑑登録など 税（料）金 ごみ・住環境・ペット 住宅・建築物・上下水道 道路・河川・公園 安心・安全 申請書ダウンロード 相談窓口 福祉・健康 健康・医療 年金・健康保険 高齢者福祉 障がい者福祉 社会福祉 子育て・教育・文化 子育て 教育 スポーツ 歴史・文化 産業・しごと 産業 入札関連 町政情報 芦北町の紹介 町長室 議会 組織 広報・広聴 施策・計画 財政 職員採用・人事 選挙 ハンバーガーメニューを閉じる メニューをとじる 文字サイズ変更 拡大 文字を大きくする 標準 文字の大きさをもとの大きさに戻す 背景色変更 黒 背景色の変更：黒 青 背景色の変更：青 標準 背景色の
23	芦北町	古石地区生涯学習センターみどりの里	https://www.town.ashikita.lg.jp/chosei/soshiki/community/2009100	古石地区生涯学習センターみどりの里 / 芦北町 メニューを飛ばして本文へ 本文へ ハンバーガーメニューを開く MENU CLOSE 文字サイズ変更 拡大 文字を大きくする 標準 文字の大きさをもとの大きさに戻す 背景色変更 黒 背景色の変更：黒 青 背景色の変更：青 標準 背景色の変更：白 Foreign Language English 繁体中文 简体中文 한국어 --> 検索 くらしの情報 戸籍・住民票・印鑑登録など 税（料）金 ごみ・住環境・ペット 住宅・建築物・上下水道 道路・河川・公園 安心・安全 申請書ダウンロード 相談窓口 福祉・健康 健康・医療 年金・健康保険 高齢者福祉 障がい者福祉 社会福祉 子育て・教育・文化 子育て 教育 スポーツ 歴史・文化 産業・しごと 産業 入札関連 町政情報 芦北町の紹介 町長室 議会 組織 広報・広聴 施策・計画 財政 職員採用・人事 選挙 ハンバーガーメニューを閉じる メニューをとじる 文字サイズ変更 拡大 文字を大きくする 標準 文字の大きさをもとの大きさに戻す 背景色変更 黒 背景色の変更：黒 青 背景色の変更：青 標準 背景色の
23	芦北町	生ごみの出し方について	https://www.town.ashikita.lg.jp/chosei/soshiki/juminka/2028552	生ごみの出し方について / 芦北町 メニューを飛ばして本文へ 本文へ ハンバーガーメニューを開く MENU CLOSE 文字サイズ変更 拡大 文字を大きくする 標準 文字の大きさをもとの大きさに戻す 背景色変更 黒 背景色の変更：黒 青 背景色の変更：青 標準 背景色の変更：白 Foreign Language English 繁体中文 简体中文 한국어 --> 検索 くらしの情報 戸籍・住民票・印鑑登録など 税（料）金 ごみ・住環境・ペット 住宅・建築物・上下水道 道路・河川・公園 安心・安全 申請書ダウンロード 相談窓口 福祉・健康 健康・医療 年金・健康保険 高齢者福祉 障がい者福祉 社会福祉 子育て・教育・文化 子育て 教育 スポーツ 歴史・文化 産業・しごと 産業 入札関連 町政情報 芦北町の紹介 町長室 議会 組織 広報・広聴 施策・計画 財政 職員採用・人事 選挙 ハンバーガーメニューを閉じる メニューをとじる 文字サイズ変更 拡大 文字を大きくする 標準 文字の大きさをもとの大きさに戻す 背景色変更 黒 背景色の変更：黒 青 背景色の変更：青 標準 背景色の変更：白 F
23	芦北町	芦北町風しん等任意接種助成事業について	https://www.town.ashikita.lg.jp/chosei/soshiki/kenkozoshinka/2006703	芦北町風しん等任意接種助成事業について / 芦北町 メニューを飛ばして本文へ 本文へ ハンバーガーメニューを開く MENU CLOSE 文字サイズ変更 拡大 文字を大きくする 標準 文字の大きさをもとの大きさに戻す 背景色変更 黒 背景色の変更：黒 青 背景色の変更：青 標準 背景色の変更：白 Foreign Language English 繁体中文 简体中文 한국어 --> 検索 くらしの情報 戸籍・住民票・印鑑登録など 税（料）金 ごみ・住環境・ペット 住宅・建築物・上下水道 道路・河川・公園 安心・安全 申請書ダウンロード 相談窓口 福祉・健康 健康・医療 年金・健康保険 高齢者福祉 障がい者福祉 社会福祉 子育て・教育・文化 子育て 教育 スポーツ 歴史・文化 産業・しごと 産業 入札関連 町政情報 芦北町の紹介 町長室 議会 組織 広報・広聴 施策・計画 財政 職員採用・人事 選挙 ハンバーガーメニューを閉じる メニューをとじる 文字サイズ変更 拡大 文字を大きくする 標準 文字の大きさをもとの大きさに戻す 背景色変更 黒 背景色の変更：黒 青 背景色の変更：青 標準 背景
23	芦北町	幼児フッ化物塗布事業について	https://www.town.ashikita.lg.jp/chosei/soshiki/kenkozoshinka/2006697	幼児フッ化物塗布事業について / 芦北町 メニューを飛ばして本文へ 本文へ ハンバーガーメニューを開く MENU CLOSE 文字サイズ変更 拡大 文字を大きくする 標準 文字の大きさをもとの大きさに戻す 背景色変更 黒 背景色の変更：黒 青 背景色の変更：青 標準 背景色の変更：白 Foreign Language English 繁体中文 简体中文 한국어 --> 検索 くらしの情報 戸籍・住民票・印鑑登録など 税（料）金 ごみ・住環境・ペット 住宅・建築物・上下水道 道路・河川・公園 安心・安全 申請書ダウンロード 相談窓口 福祉・健康 健康・医療 年金・健康保険 高齢者福祉 障がい者福祉 社会福祉 子育て・教育・文化 子育て 教育 スポーツ 歴史・文化 産業・しごと 産業 入札関連 町政情報 芦北町の紹介 町長室 議会 組織 広報・広聴 施策・計画 財政 職員採用・人事 選挙 ハンバーガーメニューを閉じる メニューをとじる 文字サイズ変更 拡大 文字を大きくする 標準 文字の大きさをもとの大きさに戻す 背景色変更 黒 背景色の変更：黒 青 背景色の変更：青 標準 背景色の変更：
23	芦北町	新型コロナウイルスワクチン接種証明書の交付について	https://www.town.ashikita.lg.jp/chosei/soshiki/kenkozoshinka/2006819	新型コロナウイルスワクチン接種証明書の交付について / 芦北町 メニューを飛ばして本文へ 本文へ ハンバーガーメニューを開く MENU CLOSE 文字サイズ変更 拡大 文字を大きくする 標準 文字の大きさをもとの大きさに戻す 背景色変更 黒 背景色の変更：黒 青 背景色の変更：青 標準 背景色の変更：白 Foreign Language English 繁体中文 简体中文 한국어 --> 検索 くらしの情報 戸籍・住民票・印鑑登録など 税（料）金 ごみ・住環境・ペット 住宅・建築物・上下水道 道路・河川・公園 安心・安全 申請書ダウンロード 相談窓口 福祉・健康 健康・医療 年金・健康保険 高齢者福祉 障がい者福祉 社会福祉 子育て・教育・文化 子育て 教育 スポーツ 歴史・文化 産業・しごと 産業 入札関連 町政情報 芦北町の紹介 町長室 議会 組織 広報・広聴 施策・計画 財政 職員採用・人事 選挙 ハンバーガーメニューを閉じる メニューをとじる 文字サイズ変更 拡大 文字を大きくする 標準 文字の大きさをもとの大きさに戻す 背景色変更 黒 背景色の変更：黒 青 背景色の変更：青
23	芦北町	芦北町一般不妊治療費等の助成について	https://www.town.ashikita.lg.jp/chosei/soshiki/kenkozoshinka/2027777	芦北町一般不妊治療費等の助成について / 芦北町 メニューを飛ばして本文へ 本文へ ハンバーガーメニューを開く MENU CLOSE 文字サイズ変更 拡大 文字を大きくする 標準 文字の大きさをもとの大きさに戻す 背景色変更 黒 背景色の変更：黒 青 背景色の変更：青 標準 背景色の変更：白 Foreign Language English 繁体中文 简体中文 한국어 --> 検索 くらしの情報 戸籍・住民票・印鑑登録など 税（料）金 ごみ・住環境・ペット 住宅・建築物・上下水道 道路・河川・公園 安心・安全 申請書ダウンロード 相談窓口 福祉・健康 健康・医療 年金・健康保険 高齢者福祉 障がい者福祉 社会福祉 子育て・教育・文化 子育て 教育 スポーツ 歴史・文化 産業・しごと 産業 入札関連 町政情報 芦北町の紹介 町長室 議会 組織 広報・広聴 施策・計画 財政 職員採用・人事 選挙 ハンバーガーメニューを閉じる メニューをとじる 文字サイズ変更 拡大 文字を大きくする 標準 文字の大きさをもとの大きさに戻す 背景色変更 黒 背景色の変更：黒 青 背景色の変更：青 標準 背景色
23	芦北町	芦北町生殖補助医療費等助成事業について	https://www.town.ashikita.lg.jp/chosei/soshiki/kenkozoshinka/2027722	芦北町生殖補助医療費等助成事業について / 芦北町 メニューを飛ばして本文へ 本文へ ハンバーガーメニューを開く MENU CLOSE 文字サイズ変更 拡大 文字を大きくする 標準 文字の大きさをもとの大きさに戻す 背景色変更 黒 背景色の変更：黒 青 背景色の変更：青 標準 背景色の変更：白 Foreign Language English 繁体中文 简体中文 한국어 --> 検索 くらしの情報 戸籍・住民票・印鑑登録など 税（料）金 ごみ・住環境・ペット 住宅・建築物・上下水道 道路・河川・公園 安心・安全 申請書ダウンロード 相談窓口 福祉・健康 健康・医療 年金・健康保険 高齢者福祉 障がい者福祉 社会福祉 子育て・教育・文化 子育て 教育 スポーツ 歴史・文化 産業・しごと 産業 入札関連 町政情報 芦北町の紹介 町長室 議会 組織 広報・広聴 施策・計画 財政 職員採用・人事 選挙 ハンバーガーメニューを閉じる メニューをとじる 文字サイズ変更 拡大 文字を大きくする 標準 文字の大きさをもとの大きさに戻す 背景色変更 黒 背景色の変更：黒 青 背景色の変更：青 標準 背景
23	芦北町	令和2年7月豪雨災害に係る「すまい支援事業補助金」について	https://www.town.ashikita.lg.jp/chosei/soshiki/kikakuka/2007229	令和2年7月豪雨災害に係る「すまい支援事業補助金」について / 芦北町 メニューを飛ばして本文へ 本文へ ハンバーガーメニューを開く MENU CLOSE 文字サイズ変更 拡大 文字を大きくする 標準 文字の大きさをもとの大きさに戻す 背景色変更 黒 背景色の変更：黒 青 背景色の変更：青 標準 背景色の変更：白 Foreign Language English 繁体中文 简体中文 한국어 --> 検索 くらしの情報 戸籍・住民票・印鑑登録など 税（料）金 ごみ・住環境・ペット 住宅・建築物・上下水道 道路・河川・公園 安心・安全 申請書ダウンロード 相談窓口 福祉・健康 健康・医療 年金・健康保険 高齢者福祉 障がい者福祉 社会福祉 子育て・教育・文化 子育て 教育 スポーツ 歴史・文化 産業・しごと 産業 入札関連 町政情報 芦北町の紹介 町長室 議会 組織 広報・広聴 施策・計画 財政 職員採用・人事 選挙 ハンバーガーメニューを閉じる メニューをとじる 文字サイズ変更 拡大 文字を大きくする 標準 文字の大きさをもとの大きさに戻す 背景色変更 黒 背景色の変更：黒 青 背景色の
23	芦北町	ふれあいツクールバス	https://www.town.ashikita.lg.jp/chosei/soshiki/kikakuka/2006185	ふれあいツクールバス / 芦北町 メニューを飛ばして本文へ 本文へ ハンバーガーメニューを開く MENU CLOSE 文字サイズ変更 拡大 文字を大きくする 標準 文字の大きさをもとの大きさに戻す 背景色変更 黒 背景色の変更：黒 青 背景色の変更：青 標準 背景色の変更：白 Foreign Language English 繁体中文 简体中文 한국어 --> 検索 くらしの情報 戸籍・住民票・印鑑登録など 税（料）金 ごみ・住環境・ペット 住宅・建築物・上下水道 道路・河川・公園 安心・安全 申請書ダウンロード 相談窓口 福祉・健康 健康・医療 年金・健康保険 高齢者福祉 障がい者福祉 社会福祉 子育て・教育・文化 子育て 教育 スポーツ 歴史・文化 産業・しごと 産業 入札関連 町政情報 芦北町の紹介 町長室 議会 組織 広報・広聴 施策・計画 財政 職員採用・人事 選挙 ハンバーガーメニューを閉じる メニューをとじる 文字サイズ変更 拡大 文字を大きくする 標準 文字の大きさをもとの大きさに戻す 背景色変更 黒 背景色の変更：黒 青 背景色の変更：青 標準 背景色の変更：白 Fo
23	芦北町	新型コロナウイルス感染症対応地方創生臨時交付金基金事業の公表について	https://www.town.ashikita.lg.jp/chosei/soshiki/kikakuka/2026299	新型コロナウイルス感染症対応地方創生臨時交付金基金事業の公表について / 芦北町 メニューを飛ばして本文へ 本文へ ハンバーガーメニューを開く MENU CLOSE 文字サイズ変更 拡大 文字を大きくする 標準 文字の大きさをもとの大きさに戻す 背景色変更 黒 背景色の変更：黒 青 背景色の変更：青 標準 背景色の変更：白 Foreign Language English 繁体中文 简体中文 한국어 --> 検索 くらしの情報 戸籍・住民票・印鑑登録など 税（料）金 ごみ・住環境・ペット 住宅・建築物・上下水道 道路・河川・公園 安心・安全 申請書ダウンロード 相談窓口 福祉・健康 健康・医療 年金・健康保険 高齢者福祉 障がい者福祉 社会福祉 子育て・教育・文化 子育て 教育 スポーツ 歴史・文化 産業・しごと 産業 入札関連 町政情報 芦北町の紹介 町長室 議会 組織 広報・広聴 施策・計画 財政 職員採用・人事 選挙 ハンバーガーメニューを閉じる メニューをとじる 文字サイズ変更 拡大 文字を大きくする 標準 文字の大きさをもとの大きさに戻す 背景色変更 黒 背景色の変更：黒 青
23	芦北町	奨学資金制度	https://www.town.ashikita.lg.jp/chosei/soshiki/kyoikuka/2008905	奨学資金制度 / 芦北町 メニューを飛ばして本文へ 本文へ ハンバーガーメニューを開く MENU CLOSE 文字サイズ変更 拡大 文字を大きくする 標準 文字の大きさをもとの大きさに戻す 背景色変更 黒 背景色の変更：黒 青 背景色の変更：青 標準 背景色の変更：白 Foreign Language English 繁体中文 简体中文 한국어 --> 検索 くらしの情報 戸籍・住民票・印鑑登録など 税（料）金 ごみ・住環境・ペット 住宅・建築物・上下水道 道路・河川・公園 安心・安全 申請書ダウンロード 相談窓口 福祉・健康 健康・医療 年金・健康保険 高齢者福祉 障がい者福祉 社会福祉 子育て・教育・文化 子育て 教育 スポーツ 歴史・文化 産業・しごと 産業 入札関連 町政情報 芦北町の紹介 町長室 議会 組織 広報・広聴 施策・計画 財政 職員採用・人事 選挙 ハンバーガーメニューを閉じる メニューをとじる 文字サイズ変更 拡大 文字を大きくする 標準 文字の大きさをもとの大きさに戻す 背景色変更 黒 背景色の変更：黒 青 背景色の変更：青 標準 背景色の変更：白 Foreig
23	芦北町	芦北町学校給食費無償化制度について	https://www.town.ashikita.lg.jp/chosei/soshiki/kyoikuka/2030081	芦北町学校給食費無償化制度について / 芦北町 メニューを飛ばして本文へ 本文へ ハンバーガーメニューを開く MENU CLOSE 文字サイズ変更 拡大 文字を大きくする 標準 文字の大きさをもとの大きさに戻す 背景色変更 黒 背景色の変更：黒 青 背景色の変更：青 標準 背景色の変更：白 Foreign Language English 繁体中文 简体中文 한국어 --> 検索 くらしの情報 戸籍・住民票・印鑑登録など 税（料）金 ごみ・住環境・ペット 住宅・建築物・上下水道 道路・河川・公園 安心・安全 申請書ダウンロード 相談窓口 福祉・健康 健康・医療 年金・健康保険 高齢者福祉 障がい者福祉 社会福祉 子育て・教育・文化 子育て 教育 スポーツ 歴史・文化 産業・しごと 産業 入札関連 町政情報 芦北町の紹介 町長室 議会 組織 広報・広聴 施策・計画 財政 職員採用・人事 選挙 ハンバーガーメニューを閉じる メニューをとじる 文字サイズ変更 拡大 文字を大きくする 標準 文字の大きさをもとの大きさに戻す 背景色変更 黒 背景色の変更：黒 青 背景色の変更：青 標準 背景色の
23	芦北町	耕作放棄地対策について	https://www.town.ashikita.lg.jp/chosei/soshiki/nogyoiin/2005256	耕作放棄地対策について / 芦北町 メニューを飛ばして本文へ 本文へ ハンバーガーメニューを開く MENU CLOSE 文字サイズ変更 拡大 文字を大きくする 標準 文字の大きさをもとの大きさに戻す 背景色変更 黒 背景色の変更：黒 青 背景色の変更：青 標準 背景色の変更：白 Foreign Language English 繁体中文 简体中文 한국어 --> 検索 くらしの情報 戸籍・住民票・印鑑登録など 税（料）金 ごみ・住環境・ペット 住宅・建築物・上下水道 道路・河川・公園 安心・安全 申請書ダウンロード 相談窓口 福祉・健康 健康・医療 年金・健康保険 高齢者福祉 障がい者福祉 社会福祉 子育て・教育・文化 子育て 教育 スポーツ 歴史・文化 産業・しごと 産業 入札関連 町政情報 芦北町の紹介 町長室 議会 組織 広報・広聴 施策・計画 財政 職員採用・人事 選挙 ハンバーガーメニューを閉じる メニューをとじる 文字サイズ変更 拡大 文字を大きくする 標準 文字の大きさをもとの大きさに戻す 背景色変更 黒 背景色の変更：黒 青 背景色の変更：青 標準 背景色の変更：白 F
23	芦北町	木造住宅建築支援事業のお知らせ	https://www.town.ashikita.lg.jp/chosei/soshiki/norinka/2005720	木造住宅建築支援事業のお知らせ / 芦北町 メニューを飛ばして本文へ 本文へ ハンバーガーメニューを開く MENU CLOSE 文字サイズ変更 拡大 文字を大きくする 標準 文字の大きさをもとの大きさに戻す 背景色変更 黒 背景色の変更：黒 青 背景色の変更：青 標準 背景色の変更：白 Foreign Language English 繁体中文 简体中文 한국어 --> 検索 くらしの情報 戸籍・住民票・印鑑登録など 税（料）金 ごみ・住環境・ペット 住宅・建築物・上下水道 道路・河川・公園 安心・安全 申請書ダウンロード 相談窓口 福祉・健康 健康・医療 年金・健康保険 高齢者福祉 障がい者福祉 社会福祉 子育て・教育・文化 子育て 教育 スポーツ 歴史・文化 産業・しごと 産業 入札関連 町政情報 芦北町の紹介 町長室 議会 組織 広報・広聴 施策・計画 財政 職員採用・人事 選挙 ハンバーガーメニューを閉じる メニューをとじる 文字サイズ変更 拡大 文字を大きくする 標準 文字の大きさをもとの大きさに戻す 背景色変更 黒 背景色の変更：黒 青 背景色の変更：青 標準 背景色の変更
23	芦北町	農業経営の継承支援について	https://www.town.ashikita.lg.jp/chosei/soshiki/norinka/2009780	農業経営の継承支援について / 芦北町 メニューを飛ばして本文へ 本文へ ハンバーガーメニューを開く MENU CLOSE 文字サイズ変更 拡大 文字を大きくする 標準 文字の大きさをもとの大きさに戻す 背景色変更 黒 背景色の変更：黒 青 背景色の変更：青 標準 背景色の変更：白 Foreign Language English 繁体中文 简体中文 한국어 --> 検索 くらしの情報 戸籍・住民票・印鑑登録など 税（料）金 ごみ・住環境・ペット 住宅・建築物・上下水道 道路・河川・公園 安心・安全 申請書ダウンロード 相談窓口 福祉・健康 健康・医療 年金・健康保険 高齢者福祉 障がい者福祉 社会福祉 子育て・教育・文化 子育て 教育 スポーツ 歴史・文化 産業・しごと 産業 入札関連 町政情報 芦北町の紹介 町長室 議会 組織 広報・広聴 施策・計画 財政 職員採用・人事 選挙 ハンバーガーメニューを閉じる メニューをとじる 文字サイズ変更 拡大 文字を大きくする 標準 文字の大きさをもとの大きさに戻す 背景色変更 黒 背景色の変更：黒 青 背景色の変更：青 標準 背景色の変更：白
23	芦北町	事業継続力強化計画(ジギョケイ)セミナーについて	https://www.town.ashikita.lg.jp/chosei/soshiki/shokoka/2039954	事業継続力強化計画(ジギョケイ)セミナーについて / 芦北町 メニューを飛ばして本文へ 本文へ ハンバーガーメニューを開く MENU CLOSE 文字サイズ変更 拡大 文字を大きくする 標準 文字の大きさをもとの大きさに戻す 背景色変更 黒 背景色の変更：黒 青 背景色の変更：青 標準 背景色の変更：白 Foreign Language English 繁体中文 简体中文 한국어 --> 検索 くらしの情報 戸籍・住民票・印鑑登録など 税（料）金 ごみ・住環境・ペット 住宅・建築物・上下水道 道路・河川・公園 安心・安全 申請書ダウンロード 相談窓口 福祉・健康 健康・医療 年金・健康保険 高齢者福祉 障がい者福祉 社会福祉 子育て・教育・文化 子育て 教育 スポーツ 歴史・文化 産業・しごと 産業 入札関連 町政情報 芦北町の紹介 町長室 議会 組織 広報・広聴 施策・計画 財政 職員採用・人事 選挙 ハンバーガーメニューを閉じる メニューをとじる 文字サイズ変更 拡大 文字を大きくする 標準 文字の大きさをもとの大きさに戻す 背景色変更 黒 背景色の変更：黒 青 背景色の変更：青
23	芦北町	防災無線放送内容	https://www.town.ashikita.lg.jp/chosei/soshiki/somuka/2025032	防災無線放送内容 / 芦北町 メニューを飛ばして本文へ 本文へ ハンバーガーメニューを開く MENU CLOSE 文字サイズ変更 拡大 文字を大きくする 標準 文字の大きさをもとの大きさに戻す 背景色変更 黒 背景色の変更：黒 青 背景色の変更：青 標準 背景色の変更：白 Foreign Language English 繁体中文 简体中文 한국어 --> 検索 くらしの情報 戸籍・住民票・印鑑登録など 税（料）金 ごみ・住環境・ペット 住宅・建築物・上下水道 道路・河川・公園 安心・安全 申請書ダウンロード 相談窓口 福祉・健康 健康・医療 年金・健康保険 高齢者福祉 障がい者福祉 社会福祉 子育て・教育・文化 子育て 教育 スポーツ 歴史・文化 産業・しごと 産業 入札関連 町政情報 芦北町の紹介 町長室 議会 組織 広報・広聴 施策・計画 財政 職員採用・人事 選挙 ハンバーガーメニューを閉じる メニューをとじる 文字サイズ変更 拡大 文字を大きくする 標準 文字の大きさをもとの大きさに戻す 背景色変更 黒 背景色の変更：黒 青 背景色の変更：青 標準 背景色の変更：白 Fore
23	芦北町	個人情報ファイル簿の公表	https://www.town.ashikita.lg.jp/chosei/soshiki/somuka/2037271	個人情報ファイル簿の公表 / 芦北町 メニューを飛ばして本文へ 本文へ ハンバーガーメニューを開く MENU CLOSE 文字サイズ変更 拡大 文字を大きくする 標準 文字の大きさをもとの大きさに戻す 背景色変更 黒 背景色の変更：黒 青 背景色の変更：青 標準 背景色の変更：白 Foreign Language English 繁体中文 简体中文 한국어 --> 検索 くらしの情報 戸籍・住民票・印鑑登録など 税（料）金 ごみ・住環境・ペット 住宅・建築物・上下水道 道路・河川・公園 安心・安全 申請書ダウンロード 相談窓口 福祉・健康 健康・医療 年金・健康保険 高齢者福祉 障がい者福祉 社会福祉 子育て・教育・文化 子育て 教育 スポーツ 歴史・文化 産業・しごと 産業 入札関連 町政情報 芦北町の紹介 町長室 議会 組織 広報・広聴 施策・計画 財政 職員採用・人事 選挙 ハンバーガーメニューを閉じる メニューをとじる 文字サイズ変更 拡大 文字を大きくする 標準 文字の大きさをもとの大きさに戻す 背景色変更 黒 背景色の変更：黒 青 背景色の変更：青 標準 背景色の変更：白
23	芦北町	芦北町地域資源活用総合交流促進施設 （交流センター）	https://www.town.ashikita.lg.jp/chosei/soshiki/sports_bunkaka/2009322	芦北町地域資源活用総合交流促進施設 （交流センター） / 芦北町 メニューを飛ばして本文へ 本文へ ハンバーガーメニューを開く MENU CLOSE 文字サイズ変更 拡大 文字を大きくする 標準 文字の大きさをもとの大きさに戻す 背景色変更 黒 背景色の変更：黒 青 背景色の変更：青 標準 背景色の変更：白 Foreign Language English 繁体中文 简体中文 한국어 --> 検索 くらしの情報 戸籍・住民票・印鑑登録など 税（料）金 ごみ・住環境・ペット 住宅・建築物・上下水道 道路・河川・公園 安心・安全 申請書ダウンロード 相談窓口 福祉・健康 健康・医療 年金・健康保険 高齢者福祉 障がい者福祉 社会福祉 子育て・教育・文化 子育て 教育 スポーツ 歴史・文化 産業・しごと 産業 入札関連 町政情報 芦北町の紹介 町長室 議会 組織 広報・広聴 施策・計画 財政 職員採用・人事 選挙 ハンバーガーメニューを閉じる メニューをとじる 文字サイズ変更 拡大 文字を大きくする 標準 文字の大きさをもとの大きさに戻す 背景色変更 黒 背景色の変更：黒 青 背景色の変更：
23	芦北町	スポーツ振興くじ助成事業について	https://www.town.ashikita.lg.jp/chosei/soshiki/sports_bunkaka/2032757	スポーツ振興くじ助成事業について / 芦北町 メニューを飛ばして本文へ 本文へ ハンバーガーメニューを開く MENU CLOSE 文字サイズ変更 拡大 文字を大きくする 標準 文字の大きさをもとの大きさに戻す 背景色変更 黒 背景色の変更：黒 青 背景色の変更：青 標準 背景色の変更：白 Foreign Language English 繁体中文 简体中文 한국어 --> 検索 くらしの情報 戸籍・住民票・印鑑登録など 税（料）金 ごみ・住環境・ペット 住宅・建築物・上下水道 道路・河川・公園 安心・安全 申請書ダウンロード 相談窓口 福祉・健康 健康・医療 年金・健康保険 高齢者福祉 障がい者福祉 社会福祉 子育て・教育・文化 子育て 教育 スポーツ 歴史・文化 産業・しごと 産業 入札関連 町政情報 芦北町の紹介 町長室 議会 組織 広報・広聴 施策・計画 財政 職員採用・人事 選挙 ハンバーガーメニューを閉じる メニューをとじる 文字サイズ変更 拡大 文字を大きくする 標準 文字の大きさをもとの大きさに戻す 背景色変更 黒 背景色の変更：黒 青 背景色の変更：青 標準 背景色の変
23	芦北町	個人住民税(町県民税)について	https://www.town.ashikita.lg.jp/chosei/soshiki/zeimuka/2002750	個人住民税(町県民税)について / 芦北町 メニューを飛ばして本文へ 本文へ ハンバーガーメニューを開く MENU CLOSE 文字サイズ変更 拡大 文字を大きくする 標準 文字の大きさをもとの大きさに戻す 背景色変更 黒 背景色の変更：黒 青 背景色の変更：青 標準 背景色の変更：白 Foreign Language English 繁体中文 简体中文 한국어 --> 検索 くらしの情報 戸籍・住民票・印鑑登録など 税（料）金 ごみ・住環境・ペット 住宅・建築物・上下水道 道路・河川・公園 安心・安全 申請書ダウンロード 相談窓口 福祉・健康 健康・医療 年金・健康保険 高齢者福祉 障がい者福祉 社会福祉 子育て・教育・文化 子育て 教育 スポーツ 歴史・文化 産業・しごと 産業 入札関連 町政情報 芦北町の紹介 町長室 議会 組織 広報・広聴 施策・計画 財政 職員採用・人事 選挙 ハンバーガーメニューを閉じる メニューをとじる 文字サイズ変更 拡大 文字を大きくする 標準 文字の大きさをもとの大きさに戻す 背景色変更 黒 背景色の変更：黒 青 背景色の変更：青 標準 背景色の変更
23	芦北町	国民健康保険税(国保税)について	https://www.town.ashikita.lg.jp/chosei/soshiki/zeimuka/2005492	国民健康保険税(国保税)について / 芦北町 メニューを飛ばして本文へ 本文へ ハンバーガーメニューを開く MENU CLOSE 文字サイズ変更 拡大 文字を大きくする 標準 文字の大きさをもとの大きさに戻す 背景色変更 黒 背景色の変更：黒 青 背景色の変更：青 標準 背景色の変更：白 Foreign Language English 繁体中文 简体中文 한국어 --> 検索 くらしの情報 戸籍・住民票・印鑑登録など 税（料）金 ごみ・住環境・ペット 住宅・建築物・上下水道 道路・河川・公園 安心・安全 申請書ダウンロード 相談窓口 福祉・健康 健康・医療 年金・健康保険 高齢者福祉 障がい者福祉 社会福祉 子育て・教育・文化 子育て 教育 スポーツ 歴史・文化 産業・しごと 産業 入札関連 町政情報 芦北町の紹介 町長室 議会 組織 広報・広聴 施策・計画 財政 職員採用・人事 選挙 ハンバーガーメニューを閉じる メニューをとじる 文字サイズ変更 拡大 文字を大きくする 標準 文字の大きさをもとの大きさに戻す 背景色変更 黒 背景色の変更：黒 青 背景色の変更：青 標準 背景色の変
23	芦北町	新型コロナウイルス感染症に係る国民健康保険税の減免申請の受付について	https://www.town.ashikita.lg.jp/chosei/soshiki/zeimuka/2005553	新型コロナウイルス感染症に係る国民健康保険税の減免申請の受付について / 芦北町 メニューを飛ばして本文へ 本文へ ハンバーガーメニューを開く MENU CLOSE 文字サイズ変更 拡大 文字を大きくする 標準 文字の大きさをもとの大きさに戻す 背景色変更 黒 背景色の変更：黒 青 背景色の変更：青 標準 背景色の変更：白 Foreign Language English 繁体中文 简体中文 한국어 --> 検索 くらしの情報 戸籍・住民票・印鑑登録など 税（料）金 ごみ・住環境・ペット 住宅・建築物・上下水道 道路・河川・公園 安心・安全 申請書ダウンロード 相談窓口 福祉・健康 健康・医療 年金・健康保険 高齢者福祉 障がい者福祉 社会福祉 子育て・教育・文化 子育て 教育 スポーツ 歴史・文化 産業・しごと 産業 入札関連 町政情報 芦北町の紹介 町長室 議会 組織 広報・広聴 施策・計画 財政 職員採用・人事 選挙 ハンバーガーメニューを閉じる メニューをとじる 文字サイズ変更 拡大 文字を大きくする 標準 文字の大きさをもとの大きさに戻す 背景色変更 黒 背景色の変更：黒 青
23	芦北町	税関係証明の交付申請について	https://www.town.ashikita.lg.jp/chosei/soshiki/zeimuka/2005584	税関係証明の交付申請について / 芦北町 メニューを飛ばして本文へ 本文へ ハンバーガーメニューを開く MENU CLOSE 文字サイズ変更 拡大 文字を大きくする 標準 文字の大きさをもとの大きさに戻す 背景色変更 黒 背景色の変更：黒 青 背景色の変更：青 標準 背景色の変更：白 Foreign Language English 繁体中文 简体中文 한국어 --> 検索 くらしの情報 戸籍・住民票・印鑑登録など 税（料）金 ごみ・住環境・ペット 住宅・建築物・上下水道 道路・河川・公園 安心・安全 申請書ダウンロード 相談窓口 福祉・健康 健康・医療 年金・健康保険 高齢者福祉 障がい者福祉 社会福祉 子育て・教育・文化 子育て 教育 スポーツ 歴史・文化 産業・しごと 産業 入札関連 町政情報 芦北町の紹介 町長室 議会 組織 広報・広聴 施策・計画 財政 職員採用・人事 選挙 ハンバーガーメニューを閉じる メニューをとじる 文字サイズ変更 拡大 文字を大きくする 標準 文字の大きさをもとの大きさに戻す 背景色変更 黒 背景色の変更：黒 青 背景色の変更：青 標準 背景色の変更：
23	芦北町	新型コロナウイルス感染症対応地方創生臨時交付金基金事業の公表について	https://www.town.ashikita.lg.jp/chosei/zaisei/sonota_zaisei/2026299	新型コロナウイルス感染症対応地方創生臨時交付金基金事業の公表について / 芦北町 メニューを飛ばして本文へ 本文へ ハンバーガーメニューを開く MENU CLOSE 文字サイズ変更 拡大 文字を大きくする 標準 文字の大きさをもとの大きさに戻す 背景色変更 黒 背景色の変更：黒 青 背景色の変更：青 標準 背景色の変更：白 Foreign Language English 繁体中文 简体中文 한국어 --> 検索 くらしの情報 戸籍・住民票・印鑑登録など 税（料）金 ごみ・住環境・ペット 住宅・建築物・上下水道 道路・河川・公園 安心・安全 申請書ダウンロード 相談窓口 福祉・健康 健康・医療 年金・健康保険 高齢者福祉 障がい者福祉 社会福祉 子育て・教育・文化 子育て 教育 スポーツ 歴史・文化 産業・しごと 産業 入札関連 町政情報 芦北町の紹介 町長室 議会 組織 広報・広聴 施策・計画 財政 職員採用・人事 選挙 ハンバーガーメニューを閉じる メニューをとじる 文字サイズ変更 拡大 文字を大きくする 標準 文字の大きさをもとの大きさに戻す 背景色変更 黒 背景色の変更：黒 青
23	芦北町	幼児フッ化物塗布事業について	https://www.town.ashikita.lg.jp/fukushi_kenko/kenko_iryo/kenko/2006697	幼児フッ化物塗布事業について / 芦北町 メニューを飛ばして本文へ 本文へ ハンバーガーメニューを開く MENU CLOSE 文字サイズ変更 拡大 文字を大きくする 標準 文字の大きさをもとの大きさに戻す 背景色変更 黒 背景色の変更：黒 青 背景色の変更：青 標準 背景色の変更：白 Foreign Language English 繁体中文 简体中文 한국어 --> 検索 くらしの情報 戸籍・住民票・印鑑登録など 税（料）金 ごみ・住環境・ペット 住宅・建築物・上下水道 道路・河川・公園 安心・安全 申請書ダウンロード 相談窓口 福祉・健康 健康・医療 年金・健康保険 高齢者福祉 障がい者福祉 社会福祉 子育て・教育・文化 子育て 教育 スポーツ 歴史・文化 産業・しごと 産業 入札関連 町政情報 芦北町の紹介 町長室 議会 組織 広報・広聴 施策・計画 財政 職員採用・人事 選挙 ハンバーガーメニューを閉じる メニューをとじる 文字サイズ変更 拡大 文字を大きくする 標準 文字の大きさをもとの大きさに戻す 背景色変更 黒 背景色の変更：黒 青 背景色の変更：青 標準 背景色の変更：
23	芦北町	芦北町風しん等任意接種助成事業について	https://www.town.ashikita.lg.jp/fukushi_kenko/kenko_iryo/yobou/2006703	芦北町風しん等任意接種助成事業について / 芦北町 メニューを飛ばして本文へ 本文へ ハンバーガーメニューを開く MENU CLOSE 文字サイズ変更 拡大 文字を大きくする 標準 文字の大きさをもとの大きさに戻す 背景色変更 黒 背景色の変更：黒 青 背景色の変更：青 標準 背景色の変更：白 Foreign Language English 繁体中文 简体中文 한국어 --> 検索 くらしの情報 戸籍・住民票・印鑑登録など 税（料）金 ごみ・住環境・ペット 住宅・建築物・上下水道 道路・河川・公園 安心・安全 申請書ダウンロード 相談窓口 福祉・健康 健康・医療 年金・健康保険 高齢者福祉 障がい者福祉 社会福祉 子育て・教育・文化 子育て 教育 スポーツ 歴史・文化 産業・しごと 産業 入札関連 町政情報 芦北町の紹介 町長室 議会 組織 広報・広聴 施策・計画 財政 職員採用・人事 選挙 ハンバーガーメニューを閉じる メニューをとじる 文字サイズ変更 拡大 文字を大きくする 標準 文字の大きさをもとの大きさに戻す 背景色変更 黒 背景色の変更：黒 青 背景色の変更：青 標準 背景
23	芦北町	年金の請求（老齢基礎年金）	https://www.town.ashikita.lg.jp/fukushi_kenko/koreifukushi/shien_korei/2007373	年金の請求（老齢基礎年金） / 芦北町 メニューを飛ばして本文へ 本文へ ハンバーガーメニューを開く MENU CLOSE 文字サイズ変更 拡大 文字を大きくする 標準 文字の大きさをもとの大きさに戻す 背景色変更 黒 背景色の変更：黒 青 背景色の変更：青 標準 背景色の変更：白 Foreign Language English 繁体中文 简体中文 한국어 --> 検索 くらしの情報 戸籍・住民票・印鑑登録など 税（料）金 ごみ・住環境・ペット 住宅・建築物・上下水道 道路・河川・公園 安心・安全 申請書ダウンロード 相談窓口 福祉・健康 健康・医療 年金・健康保険 高齢者福祉 障がい者福祉 社会福祉 子育て・教育・文化 子育て 教育 スポーツ 歴史・文化 産業・しごと 産業 入札関連 町政情報 芦北町の紹介 町長室 議会 組織 広報・広聴 施策・計画 財政 職員採用・人事 選挙 ハンバーガーメニューを閉じる メニューをとじる 文字サイズ変更 拡大 文字を大きくする 標準 文字の大きさをもとの大きさに戻す 背景色変更 黒 背景色の変更：黒 青 背景色の変更：青 標準 背景色の変更：白
23	芦北町	公衆浴場無料及び割引入浴券交付申請	https://www.town.ashikita.lg.jp/fukushi_kenko/koreifukushi/shien_korei/2008097	公衆浴場無料及び割引入浴券交付申請 / 芦北町 メニューを飛ばして本文へ 本文へ ハンバーガーメニューを開く MENU CLOSE 文字サイズ変更 拡大 文字を大きくする 標準 文字の大きさをもとの大きさに戻す 背景色変更 黒 背景色の変更：黒 青 背景色の変更：青 標準 背景色の変更：白 Foreign Language English 繁体中文 简体中文 한국어 --> 検索 くらしの情報 戸籍・住民票・印鑑登録など 税（料）金 ごみ・住環境・ペット 住宅・建築物・上下水道 道路・河川・公園 安心・安全 申請書ダウンロード 相談窓口 福祉・健康 健康・医療 年金・健康保険 高齢者福祉 障がい者福祉 社会福祉 子育て・教育・文化 子育て 教育 スポーツ 歴史・文化 産業・しごと 産業 入札関連 町政情報 芦北町の紹介 町長室 議会 組織 広報・広聴 施策・計画 財政 職員採用・人事 選挙 ハンバーガーメニューを閉じる メニューをとじる 文字サイズ変更 拡大 文字を大きくする 標準 文字の大きさをもとの大きさに戻す 背景色変更 黒 背景色の変更：黒 青 背景色の変更：青 標準 背景色の
23	芦北町	住宅改造助成費交付申請	https://www.town.ashikita.lg.jp/fukushi_kenko/koreifukushi/shien_korei/2008127	住宅改造助成費交付申請 / 芦北町 メニューを飛ばして本文へ 本文へ ハンバーガーメニューを開く MENU CLOSE 文字サイズ変更 拡大 文字を大きくする 標準 文字の大きさをもとの大きさに戻す 背景色変更 黒 背景色の変更：黒 青 背景色の変更：青 標準 背景色の変更：白 Foreign Language English 繁体中文 简体中文 한국어 --> 検索 くらしの情報 戸籍・住民票・印鑑登録など 税（料）金 ごみ・住環境・ペット 住宅・建築物・上下水道 道路・河川・公園 安心・安全 申請書ダウンロード 相談窓口 福祉・健康 健康・医療 年金・健康保険 高齢者福祉 障がい者福祉 社会福祉 子育て・教育・文化 子育て 教育 スポーツ 歴史・文化 産業・しごと 産業 入札関連 町政情報 芦北町の紹介 町長室 議会 組織 広報・広聴 施策・計画 財政 職員採用・人事 選挙 ハンバーガーメニューを閉じる メニューをとじる 文字サイズ変更 拡大 文字を大きくする 標準 文字の大きさをもとの大きさに戻す 背景色変更 黒 背景色の変更：黒 青 背景色の変更：青 標準 背景色の変更：白 F
23	芦北町	権利擁護出張相談会について	https://www.town.ashikita.lg.jp/fukushi_kenko/koreifukushi/soudan_korei/2007991	権利擁護出張相談会について / 芦北町 メニューを飛ばして本文へ 本文へ ハンバーガーメニューを開く MENU CLOSE 文字サイズ変更 拡大 文字を大きくする 標準 文字の大きさをもとの大きさに戻す 背景色変更 黒 背景色の変更：黒 青 背景色の変更：青 標準 背景色の変更：白 Foreign Language English 繁体中文 简体中文 한국어 --> 検索 くらしの情報 戸籍・住民票・印鑑登録など 税（料）金 ごみ・住環境・ペット 住宅・建築物・上下水道 道路・河川・公園 安心・安全 申請書ダウンロード 相談窓口 福祉・健康 健康・医療 年金・健康保険 高齢者福祉 障がい者福祉 社会福祉 子育て・教育・文化 子育て 教育 スポーツ 歴史・文化 産業・しごと 産業 入札関連 町政情報 芦北町の紹介 町長室 議会 組織 広報・広聴 施策・計画 財政 職員採用・人事 選挙 ハンバーガーメニューを閉じる メニューをとじる 文字サイズ変更 拡大 文字を大きくする 標準 文字の大きさをもとの大きさに戻す 背景色変更 黒 背景色の変更：黒 青 背景色の変更：青 標準 背景色の変更：白
23	芦北町	はり・きゅう・あんま施術券交付申請 （国保・後期）	https://www.town.ashikita.lg.jp/fukushi_kenko/nenkin_kenho/kokiiryo/2007410	はり・きゅう・あんま施術券交付申請 （国保・後期） / 芦北町 メニューを飛ばして本文へ 本文へ ハンバーガーメニューを開く MENU CLOSE 文字サイズ変更 拡大 文字を大きくする 標準 文字の大きさをもとの大きさに戻す 背景色変更 黒 背景色の変更：黒 青 背景色の変更：青 標準 背景色の変更：白 Foreign Language English 繁体中文 简体中文 한국어 --> 検索 くらしの情報 戸籍・住民票・印鑑登録など 税（料）金 ごみ・住環境・ペット 住宅・建築物・上下水道 道路・河川・公園 安心・安全 申請書ダウンロード 相談窓口 福祉・健康 健康・医療 年金・健康保険 高齢者福祉 障がい者福祉 社会福祉 子育て・教育・文化 子育て 教育 スポーツ 歴史・文化 産業・しごと 産業 入札関連 町政情報 芦北町の紹介 町長室 議会 組織 広報・広聴 施策・計画 財政 職員採用・人事 選挙 ハンバーガーメニューを閉じる メニューをとじる 文字サイズ変更 拡大 文字を大きくする 標準 文字の大きさをもとの大きさに戻す 背景色変更 黒 背景色の変更：黒 青 背景色の変更：青
23	芦北町	国民健康保険税(国保税)について	https://www.town.ashikita.lg.jp/fukushi_kenko/nenkin_kenho/kokuho/2005492	国民健康保険税(国保税)について / 芦北町 メニューを飛ばして本文へ 本文へ ハンバーガーメニューを開く MENU CLOSE 文字サイズ変更 拡大 文字を大きくする 標準 文字の大きさをもとの大きさに戻す 背景色変更 黒 背景色の変更：黒 青 背景色の変更：青 標準 背景色の変更：白 Foreign Language English 繁体中文 简体中文 한국어 --> 検索 くらしの情報 戸籍・住民票・印鑑登録など 税（料）金 ごみ・住環境・ペット 住宅・建築物・上下水道 道路・河川・公園 安心・安全 申請書ダウンロード 相談窓口 福祉・健康 健康・医療 年金・健康保険 高齢者福祉 障がい者福祉 社会福祉 子育て・教育・文化 子育て 教育 スポーツ 歴史・文化 産業・しごと 産業 入札関連 町政情報 芦北町の紹介 町長室 議会 組織 広報・広聴 施策・計画 財政 職員採用・人事 選挙 ハンバーガーメニューを閉じる メニューをとじる 文字サイズ変更 拡大 文字を大きくする 標準 文字の大きさをもとの大きさに戻す 背景色変更 黒 背景色の変更：黒 青 背景色の変更：青 標準 背景色の変
23	芦北町	子どもに係る国民健康保険税の均等割額の減免について	https://www.town.ashikita.lg.jp/fukushi_kenko/nenkin_kenho/kokuho/2005539	子どもに係る国民健康保険税の均等割額の減免について / 芦北町 メニューを飛ばして本文へ 本文へ ハンバーガーメニューを開く MENU CLOSE 文字サイズ変更 拡大 文字を大きくする 標準 文字の大きさをもとの大きさに戻す 背景色変更 黒 背景色の変更：黒 青 背景色の変更：青 標準 背景色の変更：白 Foreign Language English 繁体中文 简体中文 한국어 --> 検索 くらしの情報 戸籍・住民票・印鑑登録など 税（料）金 ごみ・住環境・ペット 住宅・建築物・上下水道 道路・河川・公園 安心・安全 申請書ダウンロード 相談窓口 福祉・健康 健康・医療 年金・健康保険 高齢者福祉 障がい者福祉 社会福祉 子育て・教育・文化 子育て 教育 スポーツ 歴史・文化 産業・しごと 産業 入札関連 町政情報 芦北町の紹介 町長室 議会 組織 広報・広聴 施策・計画 財政 職員採用・人事 選挙 ハンバーガーメニューを閉じる メニューをとじる 文字サイズ変更 拡大 文字を大きくする 標準 文字の大きさをもとの大きさに戻す 背景色変更 黒 背景色の変更：黒 青 背景色の変更：青
23	芦北町	新型コロナウイルス感染症に係る国民健康保険税の減免申請の受付について	https://www.town.ashikita.lg.jp/fukushi_kenko/nenkin_kenho/kokuho/2005553	新型コロナウイルス感染症に係る国民健康保険税の減免申請の受付について / 芦北町 メニューを飛ばして本文へ 本文へ ハンバーガーメニューを開く MENU CLOSE 文字サイズ変更 拡大 文字を大きくする 標準 文字の大きさをもとの大きさに戻す 背景色変更 黒 背景色の変更：黒 青 背景色の変更：青 標準 背景色の変更：白 Foreign Language English 繁体中文 简体中文 한국어 --> 検索 くらしの情報 戸籍・住民票・印鑑登録など 税（料）金 ごみ・住環境・ペット 住宅・建築物・上下水道 道路・河川・公園 安心・安全 申請書ダウンロード 相談窓口 福祉・健康 健康・医療 年金・健康保険 高齢者福祉 障がい者福祉 社会福祉 子育て・教育・文化 子育て 教育 スポーツ 歴史・文化 産業・しごと 産業 入札関連 町政情報 芦北町の紹介 町長室 議会 組織 広報・広聴 施策・計画 財政 職員採用・人事 選挙 ハンバーガーメニューを閉じる メニューをとじる 文字サイズ変更 拡大 文字を大きくする 標準 文字の大きさをもとの大きさに戻す 背景色変更 黒 背景色の変更：黒 青
23	芦北町	はり・きゅう・あんま施術券交付申請 （国保・後期）	https://www.town.ashikita.lg.jp/fukushi_kenko/nenkin_kenho/kokuho/2007410	はり・きゅう・あんま施術券交付申請 （国保・後期） / 芦北町 メニューを飛ばして本文へ 本文へ ハンバーガーメニューを開く MENU CLOSE 文字サイズ変更 拡大 文字を大きくする 標準 文字の大きさをもとの大きさに戻す 背景色変更 黒 背景色の変更：黒 青 背景色の変更：青 標準 背景色の変更：白 Foreign Language English 繁体中文 简体中文 한국어 --> 検索 くらしの情報 戸籍・住民票・印鑑登録など 税（料）金 ごみ・住環境・ペット 住宅・建築物・上下水道 道路・河川・公園 安心・安全 申請書ダウンロード 相談窓口 福祉・健康 健康・医療 年金・健康保険 高齢者福祉 障がい者福祉 社会福祉 子育て・教育・文化 子育て 教育 スポーツ 歴史・文化 産業・しごと 産業 入札関連 町政情報 芦北町の紹介 町長室 議会 組織 広報・広聴 施策・計画 財政 職員採用・人事 選挙 ハンバーガーメニューを閉じる メニューをとじる 文字サイズ変更 拡大 文字を大きくする 標準 文字の大きさをもとの大きさに戻す 背景色変更 黒 背景色の変更：黒 青 背景色の変更：青
23	芦北町	「国民年金基金」について	https://www.town.ashikita.lg.jp/fukushi_kenko/nenkin_kenho/nenkin/2007120	「国民年金基金」について / 芦北町 メニューを飛ばして本文へ 本文へ ハンバーガーメニューを開く MENU CLOSE 文字サイズ変更 拡大 文字を大きくする 標準 文字の大きさをもとの大きさに戻す 背景色変更 黒 背景色の変更：黒 青 背景色の変更：青 標準 背景色の変更：白 Foreign Language English 繁体中文 简体中文 한국어 --> 検索 くらしの情報 戸籍・住民票・印鑑登録など 税（料）金 ごみ・住環境・ペット 住宅・建築物・上下水道 道路・河川・公園 安心・安全 申請書ダウンロード 相談窓口 福祉・健康 健康・医療 年金・健康保険 高齢者福祉 障がい者福祉 社会福祉 子育て・教育・文化 子育て 教育 スポーツ 歴史・文化 産業・しごと 産業 入札関連 町政情報 芦北町の紹介 町長室 議会 組織 広報・広聴 施策・計画 財政 職員採用・人事 選挙 ハンバーガーメニューを閉じる メニューをとじる 文字サイズ変更 拡大 文字を大きくする 標準 文字の大きさをもとの大きさに戻す 背景色変更 黒 背景色の変更：黒 青 背景色の変更：青 標準 背景色の変更：白
23	芦北町	年金の請求（老齢基礎年金）	https://www.town.ashikita.lg.jp/fukushi_kenko/nenkin_kenho/nenkin/2007373	年金の請求（老齢基礎年金） / 芦北町 メニューを飛ばして本文へ 本文へ ハンバーガーメニューを開く MENU CLOSE 文字サイズ変更 拡大 文字を大きくする 標準 文字の大きさをもとの大きさに戻す 背景色変更 黒 背景色の変更：黒 青 背景色の変更：青 標準 背景色の変更：白 Foreign Language English 繁体中文 简体中文 한국어 --> 検索 くらしの情報 戸籍・住民票・印鑑登録など 税（料）金 ごみ・住環境・ペット 住宅・建築物・上下水道 道路・河川・公園 安心・安全 申請書ダウンロード 相談窓口 福祉・健康 健康・医療 年金・健康保険 高齢者福祉 障がい者福祉 社会福祉 子育て・教育・文化 子育て 教育 スポーツ 歴史・文化 産業・しごと 産業 入札関連 町政情報 芦北町の紹介 町長室 議会 組織 広報・広聴 施策・計画 財政 職員採用・人事 選挙 ハンバーガーメニューを閉じる メニューをとじる 文字サイズ変更 拡大 文字を大きくする 標準 文字の大きさをもとの大きさに戻す 背景色変更 黒 背景色の変更：黒 青 背景色の変更：青 標準 背景色の変更：白
23	芦北町	各種障害者手当について	https://www.town.ashikita.lg.jp/fukushi_kenko/shogaisyafukushi/shien_shogai/2008301	各種障害者手当について / 芦北町 メニューを飛ばして本文へ 本文へ ハンバーガーメニューを開く MENU CLOSE 文字サイズ変更 拡大 文字を大きくする 標準 文字の大きさをもとの大きさに戻す 背景色変更 黒 背景色の変更：黒 青 背景色の変更：青 標準 背景色の変更：白 Foreign Language English 繁体中文 简体中文 한국어 --> 検索 くらしの情報 戸籍・住民票・印鑑登録など 税（料）金 ごみ・住環境・ペット 住宅・建築物・上下水道 道路・河川・公園 安心・安全 申請書ダウンロード 相談窓口 福祉・健康 健康・医療 年金・健康保険 高齢者福祉 障がい者福祉 社会福祉 子育て・教育・文化 子育て 教育 スポーツ 歴史・文化 産業・しごと 産業 入札関連 町政情報 芦北町の紹介 町長室 議会 組織 広報・広聴 施策・計画 財政 職員採用・人事 選挙 ハンバーガーメニューを閉じる メニューをとじる 文字サイズ変更 拡大 文字を大きくする 標準 文字の大きさをもとの大きさに戻す 背景色変更 黒 背景色の変更：黒 青 背景色の変更：青 標準 背景色の変更：白 F
23	芦北町	児童福祉サービスの利用について	https://www.town.ashikita.lg.jp/fukushi_kenko/shogaisyafukushi/shien_shogai/2008318	児童福祉サービスの利用について / 芦北町 メニューを飛ばして本文へ 本文へ ハンバーガーメニューを開く MENU CLOSE 文字サイズ変更 拡大 文字を大きくする 標準 文字の大きさをもとの大きさに戻す 背景色変更 黒 背景色の変更：黒 青 背景色の変更：青 標準 背景色の変更：白 Foreign Language English 繁体中文 简体中文 한국어 --> 検索 くらしの情報 戸籍・住民票・印鑑登録など 税（料）金 ごみ・住環境・ペット 住宅・建築物・上下水道 道路・河川・公園 安心・安全 申請書ダウンロード 相談窓口 福祉・健康 健康・医療 年金・健康保険 高齢者福祉 障がい者福祉 社会福祉 子育て・教育・文化 子育て 教育 スポーツ 歴史・文化 産業・しごと 産業 入札関連 町政情報 芦北町の紹介 町長室 議会 組織 広報・広聴 施策・計画 財政 職員採用・人事 選挙 ハンバーガーメニューを閉じる メニューをとじる 文字サイズ変更 拡大 文字を大きくする 標準 文字の大きさをもとの大きさに戻す 背景色変更 黒 背景色の変更：黒 青 背景色の変更：青 標準 背景色の変更
23	芦北町	重度心身障害者医療費助成制度について	https://www.town.ashikita.lg.jp/fukushi_kenko/shogaisyafukushi/shien_shogai/2008417	重度心身障害者医療費助成制度について / 芦北町 メニューを飛ばして本文へ 本文へ ハンバーガーメニューを開く MENU CLOSE 文字サイズ変更 拡大 文字を大きくする 標準 文字の大きさをもとの大きさに戻す 背景色変更 黒 背景色の変更：黒 青 背景色の変更：青 標準 背景色の変更：白 Foreign Language English 繁体中文 简体中文 한국어 --> 検索 くらしの情報 戸籍・住民票・印鑑登録など 税（料）金 ごみ・住環境・ペット 住宅・建築物・上下水道 道路・河川・公園 安心・安全 申請書ダウンロード 相談窓口 福祉・健康 健康・医療 年金・健康保険 高齢者福祉 障がい者福祉 社会福祉 子育て・教育・文化 子育て 教育 スポーツ 歴史・文化 産業・しごと 産業 入札関連 町政情報 芦北町の紹介 町長室 議会 組織 広報・広聴 施策・計画 財政 職員採用・人事 選挙 ハンバーガーメニューを閉じる メニューをとじる 文字サイズ変更 拡大 文字を大きくする 標準 文字の大きさをもとの大きさに戻す 背景色変更 黒 背景色の変更：黒 青 背景色の変更：青 標準 背景色
23	芦北町	障がい福祉サービスの利用について	https://www.town.ashikita.lg.jp/fukushi_kenko/shogaisyafukushi/shien_shogai/2008479	障がい福祉サービスの利用について / 芦北町 メニューを飛ばして本文へ 本文へ ハンバーガーメニューを開く MENU CLOSE 文字サイズ変更 拡大 文字を大きくする 標準 文字の大きさをもとの大きさに戻す 背景色変更 黒 背景色の変更：黒 青 背景色の変更：青 標準 背景色の変更：白 Foreign Language English 繁体中文 简体中文 한국어 --> 検索 くらしの情報 戸籍・住民票・印鑑登録など 税（料）金 ごみ・住環境・ペット 住宅・建築物・上下水道 道路・河川・公園 安心・安全 申請書ダウンロード 相談窓口 福祉・健康 健康・医療 年金・健康保険 高齢者福祉 障がい者福祉 社会福祉 子育て・教育・文化 子育て 教育 スポーツ 歴史・文化 産業・しごと 産業 入札関連 町政情報 芦北町の紹介 町長室 議会 組織 広報・広聴 施策・計画 財政 職員採用・人事 選挙 ハンバーガーメニューを閉じる メニューをとじる 文字サイズ変更 拡大 文字を大きくする 標準 文字の大きさをもとの大きさに戻す 背景色変更 黒 背景色の変更：黒 青 背景色の変更：青 標準 背景色の変
23	芦北町	知っていますか？ヘルプマーク・ヘルプカード	https://www.town.ashikita.lg.jp/fukushi_kenko/shogaisyafukushi/shien_shogai/2008578	知っていますか？ヘルプマーク・ヘルプカード / 芦北町 メニューを飛ばして本文へ 本文へ ハンバーガーメニューを開く MENU CLOSE 文字サイズ変更 拡大 文字を大きくする 標準 文字の大きさをもとの大きさに戻す 背景色変更 黒 背景色の変更：黒 青 背景色の変更：青 標準 背景色の変更：白 Foreign Language English 繁体中文 简体中文 한국어 --> 検索 くらしの情報 戸籍・住民票・印鑑登録など 税（料）金 ごみ・住環境・ペット 住宅・建築物・上下水道 道路・河川・公園 安心・安全 申請書ダウンロード 相談窓口 福祉・健康 健康・医療 年金・健康保険 高齢者福祉 障がい者福祉 社会福祉 子育て・教育・文化 子育て 教育 スポーツ 歴史・文化 産業・しごと 産業 入札関連 町政情報 芦北町の紹介 町長室 議会 組織 広報・広聴 施策・計画 財政 職員採用・人事 選挙 ハンバーガーメニューを閉じる メニューをとじる 文字サイズ変更 拡大 文字を大きくする 標準 文字の大きさをもとの大きさに戻す 背景色変更 黒 背景色の変更：黒 青 背景色の変更：青 標準
23	芦北町	権利擁護出張相談会について	https://www.town.ashikita.lg.jp/fukushi_kenko/shogaisyafukushi/sodan_shogai/2007991	権利擁護出張相談会について / 芦北町 メニューを飛ばして本文へ 本文へ ハンバーガーメニューを開く MENU CLOSE 文字サイズ変更 拡大 文字を大きくする 標準 文字の大きさをもとの大きさに戻す 背景色変更 黒 背景色の変更：黒 青 背景色の変更：青 標準 背景色の変更：白 Foreign Language English 繁体中文 简体中文 한국어 --> 検索 くらしの情報 戸籍・住民票・印鑑登録など 税（料）金 ごみ・住環境・ペット 住宅・建築物・上下水道 道路・河川・公園 安心・安全 申請書ダウンロード 相談窓口 福祉・健康 健康・医療 年金・健康保険 高齢者福祉 障がい者福祉 社会福祉 子育て・教育・文化 子育て 教育 スポーツ 歴史・文化 産業・しごと 産業 入札関連 町政情報 芦北町の紹介 町長室 議会 組織 広報・広聴 施策・計画 財政 職員採用・人事 選挙 ハンバーガーメニューを閉じる メニューをとじる 文字サイズ変更 拡大 文字を大きくする 標準 文字の大きさをもとの大きさに戻す 背景色変更 黒 背景色の変更：黒 青 背景色の変更：青 標準 背景色の変更：白
23	芦北町	奨学資金制度	https://www.town.ashikita.lg.jp/kosodate_kyoiku/kyoiku/gakko_gyosei/2008905	奨学資金制度 / 芦北町 メニューを飛ばして本文へ 本文へ ハンバーガーメニューを開く MENU CLOSE 文字サイズ変更 拡大 文字を大きくする 標準 文字の大きさをもとの大きさに戻す 背景色変更 黒 背景色の変更：黒 青 背景色の変更：青 標準 背景色の変更：白 Foreign Language English 繁体中文 简体中文 한국어 --> 検索 くらしの情報 戸籍・住民票・印鑑登録など 税（料）金 ごみ・住環境・ペット 住宅・建築物・上下水道 道路・河川・公園 安心・安全 申請書ダウンロード 相談窓口 福祉・健康 健康・医療 年金・健康保険 高齢者福祉 障がい者福祉 社会福祉 子育て・教育・文化 子育て 教育 スポーツ 歴史・文化 産業・しごと 産業 入札関連 町政情報 芦北町の紹介 町長室 議会 組織 広報・広聴 施策・計画 財政 職員採用・人事 選挙 ハンバーガーメニューを閉じる メニューをとじる 文字サイズ変更 拡大 文字を大きくする 標準 文字の大きさをもとの大きさに戻す 背景色変更 黒 背景色の変更：黒 青 背景色の変更：青 標準 背景色の変更：白 Foreig
23	芦北町	芦北町学校給食費無償化制度について	https://www.town.ashikita.lg.jp/kosodate_kyoiku/kyoiku/gakko_gyosei/2030081	芦北町学校給食費無償化制度について / 芦北町 メニューを飛ばして本文へ 本文へ ハンバーガーメニューを開く MENU CLOSE 文字サイズ変更 拡大 文字を大きくする 標準 文字の大きさをもとの大きさに戻す 背景色変更 黒 背景色の変更：黒 青 背景色の変更：青 標準 背景色の変更：白 Foreign Language English 繁体中文 简体中文 한국어 --> 検索 くらしの情報 戸籍・住民票・印鑑登録など 税（料）金 ごみ・住環境・ペット 住宅・建築物・上下水道 道路・河川・公園 安心・安全 申請書ダウンロード 相談窓口 福祉・健康 健康・医療 年金・健康保険 高齢者福祉 障がい者福祉 社会福祉 子育て・教育・文化 子育て 教育 スポーツ 歴史・文化 産業・しごと 産業 入札関連 町政情報 芦北町の紹介 町長室 議会 組織 広報・広聴 施策・計画 財政 職員採用・人事 選挙 ハンバーガーメニューを閉じる メニューをとじる 文字サイズ変更 拡大 文字を大きくする 標準 文字の大きさをもとの大きさに戻す 背景色変更 黒 背景色の変更：黒 青 背景色の変更：青 標準 背景色の
23	芦北町	古石地区生涯学習センターみどりの里	https://www.town.ashikita.lg.jp/kosodate_kyoiku/kyoiku/shogaigakushu/2009100	古石地区生涯学習センターみどりの里 / 芦北町 メニューを飛ばして本文へ 本文へ ハンバーガーメニューを開く MENU CLOSE 文字サイズ変更 拡大 文字を大きくする 標準 文字の大きさをもとの大きさに戻す 背景色変更 黒 背景色の変更：黒 青 背景色の変更：青 標準 背景色の変更：白 Foreign Language English 繁体中文 简体中文 한국어 --> 検索 くらしの情報 戸籍・住民票・印鑑登録など 税（料）金 ごみ・住環境・ペット 住宅・建築物・上下水道 道路・河川・公園 安心・安全 申請書ダウンロード 相談窓口 福祉・健康 健康・医療 年金・健康保険 高齢者福祉 障がい者福祉 社会福祉 子育て・教育・文化 子育て 教育 スポーツ 歴史・文化 産業・しごと 産業 入札関連 町政情報 芦北町の紹介 町長室 議会 組織 広報・広聴 施策・計画 財政 職員採用・人事 選挙 ハンバーガーメニューを閉じる メニューをとじる 文字サイズ変更 拡大 文字を大きくする 標準 文字の大きさをもとの大きさに戻す 背景色変更 黒 背景色の変更：黒 青 背景色の変更：青 標準 背景色の
23	芦北町	スポーツ振興くじ助成事業について	https://www.town.ashikita.lg.jp/kosodate_kyoiku/sports/oshirase_sports/2032757	スポーツ振興くじ助成事業について / 芦北町 メニューを飛ばして本文へ 本文へ ハンバーガーメニューを開く MENU CLOSE 文字サイズ変更 拡大 文字を大きくする 標準 文字の大きさをもとの大きさに戻す 背景色変更 黒 背景色の変更：黒 青 背景色の変更：青 標準 背景色の変更：白 Foreign Language English 繁体中文 简体中文 한국어 --> 検索 くらしの情報 戸籍・住民票・印鑑登録など 税（料）金 ごみ・住環境・ペット 住宅・建築物・上下水道 道路・河川・公園 安心・安全 申請書ダウンロード 相談窓口 福祉・健康 健康・医療 年金・健康保険 高齢者福祉 障がい者福祉 社会福祉 子育て・教育・文化 子育て 教育 スポーツ 歴史・文化 産業・しごと 産業 入札関連 町政情報 芦北町の紹介 町長室 議会 組織 広報・広聴 施策・計画 財政 職員採用・人事 選挙 ハンバーガーメニューを閉じる メニューをとじる 文字サイズ変更 拡大 文字を大きくする 標準 文字の大きさをもとの大きさに戻す 背景色変更 黒 背景色の変更：黒 青 背景色の変更：青 標準 背景色の変
23	芦北町	芦北町地域資源活用総合交流促進施設 （交流センター）	https://www.town.ashikita.lg.jp/kosodate_kyoiku/sports/shisetsu/2009322	芦北町地域資源活用総合交流促進施設 （交流センター） / 芦北町 メニューを飛ばして本文へ 本文へ ハンバーガーメニューを開く MENU CLOSE 文字サイズ変更 拡大 文字を大きくする 標準 文字の大きさをもとの大きさに戻す 背景色変更 黒 背景色の変更：黒 青 背景色の変更：青 標準 背景色の変更：白 Foreign Language English 繁体中文 简体中文 한국어 --> 検索 くらしの情報 戸籍・住民票・印鑑登録など 税（料）金 ごみ・住環境・ペット 住宅・建築物・上下水道 道路・河川・公園 安心・安全 申請書ダウンロード 相談窓口 福祉・健康 健康・医療 年金・健康保険 高齢者福祉 障がい者福祉 社会福祉 子育て・教育・文化 子育て 教育 スポーツ 歴史・文化 産業・しごと 産業 入札関連 町政情報 芦北町の紹介 町長室 議会 組織 広報・広聴 施策・計画 財政 職員採用・人事 選挙 ハンバーガーメニューを閉じる メニューをとじる 文字サイズ変更 拡大 文字を大きくする 標準 文字の大きさをもとの大きさに戻す 背景色変更 黒 背景色の変更：黒 青 背景色の変更：
23	芦北町	スポーツ振興くじ助成事業について	https://www.town.ashikita.lg.jp/kosodate_kyoiku/sports/shisetsu/2032757	スポーツ振興くじ助成事業について / 芦北町 メニューを飛ばして本文へ 本文へ ハンバーガーメニューを開く MENU CLOSE 文字サイズ変更 拡大 文字を大きくする 標準 文字の大きさをもとの大きさに戻す 背景色変更 黒 背景色の変更：黒 青 背景色の変更：青 標準 背景色の変更：白 Foreign Language English 繁体中文 简体中文 한국어 --> 検索 くらしの情報 戸籍・住民票・印鑑登録など 税（料）金 ごみ・住環境・ペット 住宅・建築物・上下水道 道路・河川・公園 安心・安全 申請書ダウンロード 相談窓口 福祉・健康 健康・医療 年金・健康保険 高齢者福祉 障がい者福祉 社会福祉 子育て・教育・文化 子育て 教育 スポーツ 歴史・文化 産業・しごと 産業 入札関連 町政情報 芦北町の紹介 町長室 議会 組織 広報・広聴 施策・計画 財政 職員採用・人事 選挙 ハンバーガーメニューを閉じる メニューをとじる 文字サイズ変更 拡大 文字を大きくする 標準 文字の大きさをもとの大きさに戻す 背景色変更 黒 背景色の変更：黒 青 背景色の変更：青 標準 背景色の変
23	芦北町	芦北町風しん等任意接種助成事業について	https://www.town.ashikita.lg.jp/kosodate_site/ninshin_kosodate/2006703	芦北町風しん等任意接種助成事業について / 芦北町 文字サイズ 拡大 文字を大きくする 標準 文字の大きさをもとの大きさに戻す 背景色 黒 背景色の変更：黒 青 背景色の変更：青 標準 背景色の変更：白 Foreign Language 検索 ハンバーガーメニューを開く 文字サイズ 拡大 文字を大きくする 標準 文字の大きさをもとの大きさに戻す 背景色 黒 背景色の変更：黒 青 背景色の変更：青 標準 背景色の変更：白 Foreign Language 検索 相談窓口 お知らせ 妊娠・出産 支援・助成 幼稚園・保育園 認定こども園 学童保育 一時保育 学校教育 施設一覧 ハンバーガーメニューを閉じる メニューをとじる ホーム &gt; 子育てサイト &gt; 妊娠・出産 &gt; 芦北町風しん等任意接種助成事業について 芦北町風しん等任意接種助成事業について 更新日：2025年06月20日 生まれてくる赤ちゃんのために防ごう！大人の風しん 妊婦が妊娠初期に風しんに罹患すると、胎児に感染し、目や耳、心臓などに障害を持って生まれる可能性があります（先天性風しん症候群）。 以下に該当する人は
23	芦北町	芦北町生殖補助医療費等助成事業について	https://www.town.ashikita.lg.jp/kosodate_site/ninshin_kosodate/2027722	芦北町生殖補助医療費等助成事業について / 芦北町 文字サイズ 拡大 文字を大きくする 標準 文字の大きさをもとの大きさに戻す 背景色 黒 背景色の変更：黒 青 背景色の変更：青 標準 背景色の変更：白 Foreign Language 検索 ハンバーガーメニューを開く 文字サイズ 拡大 文字を大きくする 標準 文字の大きさをもとの大きさに戻す 背景色 黒 背景色の変更：黒 青 背景色の変更：青 標準 背景色の変更：白 Foreign Language 検索 相談窓口 お知らせ 妊娠・出産 支援・助成 幼稚園・保育園 認定こども園 学童保育 一時保育 学校教育 施設一覧 ハンバーガーメニューを閉じる メニューをとじる ホーム &gt; 子育てサイト &gt; 妊娠・出産 &gt; 芦北町生殖補助医療費等助成事業について 芦北町生殖補助医療費等助成事業について 更新日：2026年06月03日 生殖補助医療を受けられた夫婦を対象に、治療費の一部を助成しています 対象者 不妊治療を受けた日及び申請日において、以下の全ての要件を全て満たす方が対象です。 夫婦の両方又は夫婦のいずれかが芦北町に住
23	芦北町	児童福祉サービスの利用について	https://www.town.ashikita.lg.jp/kosodate_site/shien_kosodate/2008318	児童福祉サービスの利用について / 芦北町 文字サイズ 拡大 文字を大きくする 標準 文字の大きさをもとの大きさに戻す 背景色 黒 背景色の変更：黒 青 背景色の変更：青 標準 背景色の変更：白 Foreign Language 検索 ハンバーガーメニューを開く 文字サイズ 拡大 文字を大きくする 標準 文字の大きさをもとの大きさに戻す 背景色 黒 背景色の変更：黒 青 背景色の変更：青 標準 背景色の変更：白 Foreign Language 検索 相談窓口 お知らせ 妊娠・出産 支援・助成 幼稚園・保育園 認定こども園 学童保育 一時保育 学校教育 施設一覧 ハンバーガーメニューを閉じる メニューをとじる ホーム &gt; 子育てサイト &gt; 支援・助成 &gt; 児童福祉サービスの利用について 児童福祉サービスの利用について 更新日：2023年03月01日 概要 心身の発達に何らかの心配や障がいのある子どもが、小集団・個別で、遊びや運動などの活動を通して成長していけるよう支援するサービスです。 対象となるサービス 児童発達支援 就学前の子どもに対して、日常生活における基本的な
23	芦北町	子育て支援に関する事業について	https://www.town.ashikita.lg.jp/kosodate_site/shien_kosodate/2018164	子育て支援に関する事業について / 芦北町 文字サイズ 拡大 文字を大きくする 標準 文字の大きさをもとの大きさに戻す 背景色 黒 背景色の変更：黒 青 背景色の変更：青 標準 背景色の変更：白 Foreign Language 検索 ハンバーガーメニューを開く 文字サイズ 拡大 文字を大きくする 標準 文字の大きさをもとの大きさに戻す 背景色 黒 背景色の変更：黒 青 背景色の変更：青 標準 背景色の変更：白 Foreign Language 検索 相談窓口 お知らせ 妊娠・出産 支援・助成 幼稚園・保育園 認定こども園 学童保育 一時保育 学校教育 施設一覧 ハンバーガーメニューを閉じる メニューをとじる ホーム &gt; 子育てサイト &gt; 支援・助成 &gt; 子育て支援に関する事業について 子育て支援に関する事業について 更新日：2023年04月05日 子育て短期支援事業 子育て短期支援事業(ショートステイ)とは、家庭において保護者の病気や出張等の理由により、お子さんを一時的に養育することができない場合に、一定期間町の委託する児童養護施設でお預かりする事業です。 対象 芦
23	芦北町	子育て支援センター	https://www.town.ashikita.lg.jp/kosodate_site/shien_kosodate/2018263	子育て支援センター / 芦北町 文字サイズ 拡大 文字を大きくする 標準 文字の大きさをもとの大きさに戻す 背景色 黒 背景色の変更：黒 青 背景色の変更：青 標準 背景色の変更：白 Foreign Language 検索 ハンバーガーメニューを開く 文字サイズ 拡大 文字を大きくする 標準 文字の大きさをもとの大きさに戻す 背景色 黒 背景色の変更：黒 青 背景色の変更：青 標準 背景色の変更：白 Foreign Language 検索 相談窓口 お知らせ 妊娠・出産 支援・助成 幼稚園・保育園 認定こども園 学童保育 一時保育 学校教育 施設一覧 ハンバーガーメニューを閉じる メニューをとじる ホーム &gt; 子育てサイト &gt; 支援・助成 &gt; 子育て支援センター 子育て支援センター 更新日：2024年07月02日 概要 子育てに不安を持つご家庭やもっと子育てを楽しみたいと思っているご家庭が、自然な関わり合いの中で相談できるところが「子育て支援センター」です。 次のようなことを行っています 地域での友達づくりの場の提供 子どもへの遊び場の提供 育児相談 絵本の貸し出し
23	芦北町	子育て支援センター	https://www.town.ashikita.lg.jp/kosodate_site/shisetsu_kosodate/2018263	子育て支援センター / 芦北町 文字サイズ 拡大 文字を大きくする 標準 文字の大きさをもとの大きさに戻す 背景色 黒 背景色の変更：黒 青 背景色の変更：青 標準 背景色の変更：白 Foreign Language 検索 ハンバーガーメニューを開く 文字サイズ 拡大 文字を大きくする 標準 文字の大きさをもとの大きさに戻す 背景色 黒 背景色の変更：黒 青 背景色の変更：青 標準 背景色の変更：白 Foreign Language 検索 相談窓口 お知らせ 妊娠・出産 支援・助成 幼稚園・保育園 認定こども園 学童保育 一時保育 学校教育 施設一覧 ハンバーガーメニューを閉じる メニューをとじる ホーム &gt; 子育てサイト &gt; 施設一覧 &gt; 子育て支援センター 子育て支援センター 更新日：2024年07月02日 概要 子育てに不安を持つご家庭やもっと子育てを楽しみたいと思っているご家庭が、自然な関わり合いの中で相談できるところが「子育て支援センター」です。 次のようなことを行っています 地域での友達づくりの場の提供 子どもへの遊び場の提供 育児相談 絵本の貸し出し 演
23	芦北町	過去の防災無線の放送内容	https://www.town.ashikita.lg.jp/kurashi/anshin/bosaimusen/2025025	過去の防災無線の放送内容 / 芦北町 メニューを飛ばして本文へ 本文へ ハンバーガーメニューを開く MENU CLOSE 文字サイズ変更 拡大 文字を大きくする 標準 文字の大きさをもとの大きさに戻す 背景色変更 黒 背景色の変更：黒 青 背景色の変更：青 標準 背景色の変更：白 Foreign Language English 繁体中文 简体中文 한국어 --> 検索 くらしの情報 戸籍・住民票・印鑑登録など 税（料）金 ごみ・住環境・ペット 住宅・建築物・上下水道 道路・河川・公園 安心・安全 申請書ダウンロード 相談窓口 福祉・健康 健康・医療 年金・健康保険 高齢者福祉 障がい者福祉 社会福祉 子育て・教育・文化 子育て 教育 スポーツ 歴史・文化 産業・しごと 産業 入札関連 町政情報 芦北町の紹介 町長室 議会 組織 広報・広聴 施策・計画 財政 職員採用・人事 選挙 ハンバーガーメニューを閉じる メニューをとじる 文字サイズ変更 拡大 文字を大きくする 標準 文字の大きさをもとの大きさに戻す 背景色変更 黒 背景色の変更：黒 青 背景色の変更：青 標準 背景色の変更：白
23	芦北町	防災無線放送内容	https://www.town.ashikita.lg.jp/kurashi/anshin/bosaimusen/2025032	防災無線放送内容 / 芦北町 メニューを飛ばして本文へ 本文へ ハンバーガーメニューを開く MENU CLOSE 文字サイズ変更 拡大 文字を大きくする 標準 文字の大きさをもとの大きさに戻す 背景色変更 黒 背景色の変更：黒 青 背景色の変更：青 標準 背景色の変更：白 Foreign Language English 繁体中文 简体中文 한국어 --> 検索 くらしの情報 戸籍・住民票・印鑑登録など 税（料）金 ごみ・住環境・ペット 住宅・建築物・上下水道 道路・河川・公園 安心・安全 申請書ダウンロード 相談窓口 福祉・健康 健康・医療 年金・健康保険 高齢者福祉 障がい者福祉 社会福祉 子育て・教育・文化 子育て 教育 スポーツ 歴史・文化 産業・しごと 産業 入札関連 町政情報 芦北町の紹介 町長室 議会 組織 広報・広聴 施策・計画 財政 職員採用・人事 選挙 ハンバーガーメニューを閉じる メニューをとじる 文字サイズ変更 拡大 文字を大きくする 標準 文字の大きさをもとの大きさに戻す 背景色変更 黒 背景色の変更：黒 青 背景色の変更：青 標準 背景色の変更：白 Fore
23	芦北町	ふれあいツクールバス	https://www.town.ashikita.lg.jp/kurashi/doro_etc/kokyokotsu/2006185	ふれあいツクールバス / 芦北町 メニューを飛ばして本文へ 本文へ ハンバーガーメニューを開く MENU CLOSE 文字サイズ変更 拡大 文字を大きくする 標準 文字の大きさをもとの大きさに戻す 背景色変更 黒 背景色の変更：黒 青 背景色の変更：青 標準 背景色の変更：白 Foreign Language English 繁体中文 简体中文 한국어 --> 検索 くらしの情報 戸籍・住民票・印鑑登録など 税（料）金 ごみ・住環境・ペット 住宅・建築物・上下水道 道路・河川・公園 安心・安全 申請書ダウンロード 相談窓口 福祉・健康 健康・医療 年金・健康保険 高齢者福祉 障がい者福祉 社会福祉 子育て・教育・文化 子育て 教育 スポーツ 歴史・文化 産業・しごと 産業 入札関連 町政情報 芦北町の紹介 町長室 議会 組織 広報・広聴 施策・計画 財政 職員採用・人事 選挙 ハンバーガーメニューを閉じる メニューをとじる 文字サイズ変更 拡大 文字を大きくする 標準 文字の大きさをもとの大きさに戻す 背景色変更 黒 背景色の変更：黒 青 背景色の変更：青 標準 背景色の変更：白 Fo
23	芦北町	ごみの分け方・出し方ワンポイント（あ行）	https://www.town.ashikita.lg.jp/kurashi/gomi/risaikuru/2027869	ごみの分け方・出し方ワンポイント（あ行） / 芦北町 メニューを飛ばして本文へ 本文へ ハンバーガーメニューを開く MENU CLOSE 文字サイズ変更 拡大 文字を大きくする 標準 文字の大きさをもとの大きさに戻す 背景色変更 黒 背景色の変更：黒 青 背景色の変更：青 標準 背景色の変更：白 Foreign Language English 繁体中文 简体中文 한국어 --> 検索 くらしの情報 戸籍・住民票・印鑑登録など 税（料）金 ごみ・住環境・ペット 住宅・建築物・上下水道 道路・河川・公園 安心・安全 申請書ダウンロード 相談窓口 福祉・健康 健康・医療 年金・健康保険 高齢者福祉 障がい者福祉 社会福祉 子育て・教育・文化 子育て 教育 スポーツ 歴史・文化 産業・しごと 産業 入札関連 町政情報 芦北町の紹介 町長室 議会 組織 広報・広聴 施策・計画 財政 職員採用・人事 選挙 ハンバーガーメニューを閉じる メニューをとじる 文字サイズ変更 拡大 文字を大きくする 標準 文字の大きさをもとの大きさに戻す 背景色変更 黒 背景色の変更：黒 青 背景色の変更：青 標準 背
23	芦北町	ごみの分け方・出し方ワンポイント（さ行）	https://www.town.ashikita.lg.jp/kurashi/gomi/risaikuru/2027883	ごみの分け方・出し方ワンポイント（さ行） / 芦北町 メニューを飛ばして本文へ 本文へ ハンバーガーメニューを開く MENU CLOSE 文字サイズ変更 拡大 文字を大きくする 標準 文字の大きさをもとの大きさに戻す 背景色変更 黒 背景色の変更：黒 青 背景色の変更：青 標準 背景色の変更：白 Foreign Language English 繁体中文 简体中文 한국어 --> 検索 くらしの情報 戸籍・住民票・印鑑登録など 税（料）金 ごみ・住環境・ペット 住宅・建築物・上下水道 道路・河川・公園 安心・安全 申請書ダウンロード 相談窓口 福祉・健康 健康・医療 年金・健康保険 高齢者福祉 障がい者福祉 社会福祉 子育て・教育・文化 子育て 教育 スポーツ 歴史・文化 産業・しごと 産業 入札関連 町政情報 芦北町の紹介 町長室 議会 組織 広報・広聴 施策・計画 財政 職員採用・人事 選挙 ハンバーガーメニューを閉じる メニューをとじる 文字サイズ変更 拡大 文字を大きくする 標準 文字の大きさをもとの大きさに戻す 背景色変更 黒 背景色の変更：黒 青 背景色の変更：青 標準 背
23	芦北町	ごみの持ち込み・粗大ごみについて	https://www.town.ashikita.lg.jp/kurashi/gomi/risaikuru/2005614	ごみの持ち込み・粗大ごみについて / 芦北町 メニューを飛ばして本文へ 本文へ ハンバーガーメニューを開く MENU CLOSE 文字サイズ変更 拡大 文字を大きくする 標準 文字の大きさをもとの大きさに戻す 背景色変更 黒 背景色の変更：黒 青 背景色の変更：青 標準 背景色の変更：白 Foreign Language English 繁体中文 简体中文 한국어 --> 検索 くらしの情報 戸籍・住民票・印鑑登録など 税（料）金 ごみ・住環境・ペット 住宅・建築物・上下水道 道路・河川・公園 安心・安全 申請書ダウンロード 相談窓口 福祉・健康 健康・医療 年金・健康保険 高齢者福祉 障がい者福祉 社会福祉 子育て・教育・文化 子育て 教育 スポーツ 歴史・文化 産業・しごと 産業 入札関連 町政情報 芦北町の紹介 町長室 議会 組織 広報・広聴 施策・計画 財政 職員採用・人事 選挙 ハンバーガーメニューを閉じる メニューをとじる 文字サイズ変更 拡大 文字を大きくする 標準 文字の大きさをもとの大きさに戻す 背景色変更 黒 背景色の変更：黒 青 背景色の変更：青 標準 背景色の変
23	芦北町	生ごみの出し方について	https://www.town.ashikita.lg.jp/kurashi/gomi/risaikuru/2028552	生ごみの出し方について / 芦北町 メニューを飛ばして本文へ 本文へ ハンバーガーメニューを開く MENU CLOSE 文字サイズ変更 拡大 文字を大きくする 標準 文字の大きさをもとの大きさに戻す 背景色変更 黒 背景色の変更：黒 青 背景色の変更：青 標準 背景色の変更：白 Foreign Language English 繁体中文 简体中文 한국어 --> 検索 くらしの情報 戸籍・住民票・印鑑登録など 税（料）金 ごみ・住環境・ペット 住宅・建築物・上下水道 道路・河川・公園 安心・安全 申請書ダウンロード 相談窓口 福祉・健康 健康・医療 年金・健康保険 高齢者福祉 障がい者福祉 社会福祉 子育て・教育・文化 子育て 教育 スポーツ 歴史・文化 産業・しごと 産業 入札関連 町政情報 芦北町の紹介 町長室 議会 組織 広報・広聴 施策・計画 財政 職員採用・人事 選挙 ハンバーガーメニューを閉じる メニューをとじる 文字サイズ変更 拡大 文字を大きくする 標準 文字の大きさをもとの大きさに戻す 背景色変更 黒 背景色の変更：黒 青 背景色の変更：青 標準 背景色の変更：白 F
23	芦北町	権利擁護出張相談会について	https://www.town.ashikita.lg.jp/kurashi/soudan_kurashi/2007991	権利擁護出張相談会について / 芦北町 メニューを飛ばして本文へ 本文へ ハンバーガーメニューを開く MENU CLOSE 文字サイズ変更 拡大 文字を大きくする 標準 文字の大きさをもとの大きさに戻す 背景色変更 黒 背景色の変更：黒 青 背景色の変更：青 標準 背景色の変更：白 Foreign Language English 繁体中文 简体中文 한국어 --> 検索 くらしの情報 戸籍・住民票・印鑑登録など 税（料）金 ごみ・住環境・ペット 住宅・建築物・上下水道 道路・河川・公園 安心・安全 申請書ダウンロード 相談窓口 福祉・健康 健康・医療 年金・健康保険 高齢者福祉 障がい者福祉 社会福祉 子育て・教育・文化 子育て 教育 スポーツ 歴史・文化 産業・しごと 産業 入札関連 町政情報 芦北町の紹介 町長室 議会 組織 広報・広聴 施策・計画 財政 職員採用・人事 選挙 ハンバーガーメニューを閉じる メニューをとじる 文字サイズ変更 拡大 文字を大きくする 標準 文字の大きさをもとの大きさに戻す 背景色変更 黒 背景色の変更：黒 青 背景色の変更：青 標準 背景色の変更：白
23	芦北町	木造住宅建築支援事業のお知らせ	https://www.town.ashikita.lg.jp/kurashi/sumai/kojin/2005720	木造住宅建築支援事業のお知らせ / 芦北町 メニューを飛ばして本文へ 本文へ ハンバーガーメニューを開く MENU CLOSE 文字サイズ変更 拡大 文字を大きくする 標準 文字の大きさをもとの大きさに戻す 背景色変更 黒 背景色の変更：黒 青 背景色の変更：青 標準 背景色の変更：白 Foreign Language English 繁体中文 简体中文 한국어 --> 検索 くらしの情報 戸籍・住民票・印鑑登録など 税（料）金 ごみ・住環境・ペット 住宅・建築物・上下水道 道路・河川・公園 安心・安全 申請書ダウンロード 相談窓口 福祉・健康 健康・医療 年金・健康保険 高齢者福祉 障がい者福祉 社会福祉 子育て・教育・文化 子育て 教育 スポーツ 歴史・文化 産業・しごと 産業 入札関連 町政情報 芦北町の紹介 町長室 議会 組織 広報・広聴 施策・計画 財政 職員採用・人事 選挙 ハンバーガーメニューを閉じる メニューをとじる 文字サイズ変更 拡大 文字を大きくする 標準 文字の大きさをもとの大きさに戻す 背景色変更 黒 背景色の変更：黒 青 背景色の変更：青 標準 背景色の変更
23	芦北町	住宅耐震化支援制度	https://www.town.ashikita.lg.jp/kurashi/sumai/kojin/2005836	住宅耐震化支援制度 / 芦北町 メニューを飛ばして本文へ 本文へ ハンバーガーメニューを開く MENU CLOSE 文字サイズ変更 拡大 文字を大きくする 標準 文字の大きさをもとの大きさに戻す 背景色変更 黒 背景色の変更：黒 青 背景色の変更：青 標準 背景色の変更：白 Foreign Language English 繁体中文 简体中文 한국어 --> 検索 くらしの情報 戸籍・住民票・印鑑登録など 税（料）金 ごみ・住環境・ペット 住宅・建築物・上下水道 道路・河川・公園 安心・安全 申請書ダウンロード 相談窓口 福祉・健康 健康・医療 年金・健康保険 高齢者福祉 障がい者福祉 社会福祉 子育て・教育・文化 子育て 教育 スポーツ 歴史・文化 産業・しごと 産業 入札関連 町政情報 芦北町の紹介 町長室 議会 組織 広報・広聴 施策・計画 財政 職員採用・人事 選挙 ハンバーガーメニューを閉じる メニューをとじる 文字サイズ変更 拡大 文字を大きくする 標準 文字の大きさをもとの大きさに戻す 背景色変更 黒 背景色の変更：黒 青 背景色の変更：青 標準 背景色の変更：白 For
23	芦北町	法人町民税について	https://www.town.ashikita.lg.jp/kurashi/zeikin/chokenzei/2002866	法人町民税について / 芦北町 メニューを飛ばして本文へ 本文へ ハンバーガーメニューを開く MENU CLOSE 文字サイズ変更 拡大 文字を大きくする 標準 文字の大きさをもとの大きさに戻す 背景色変更 黒 背景色の変更：黒 青 背景色の変更：青 標準 背景色の変更：白 Foreign Language English 繁体中文 简体中文 한국어 --> 検索 くらしの情報 戸籍・住民票・印鑑登録など 税（料）金 ごみ・住環境・ペット 住宅・建築物・上下水道 道路・河川・公園 安心・安全 申請書ダウンロード 相談窓口 福祉・健康 健康・医療 年金・健康保険 高齢者福祉 障がい者福祉 社会福祉 子育て・教育・文化 子育て 教育 スポーツ 歴史・文化 産業・しごと 産業 入札関連 町政情報 芦北町の紹介 町長室 議会 組織 広報・広聴 施策・計画 財政 職員採用・人事 選挙 ハンバーガーメニューを閉じる メニューをとじる 文字サイズ変更 拡大 文字を大きくする 標準 文字の大きさをもとの大きさに戻す 背景色変更 黒 背景色の変更：黒 青 背景色の変更：青 標準 背景色の変更：白 For
23	芦北町	個人住民税(町県民税)について	https://www.town.ashikita.lg.jp/kurashi/zeikin/chokenzei/2002750	個人住民税(町県民税)について / 芦北町 メニューを飛ばして本文へ 本文へ ハンバーガーメニューを開く MENU CLOSE 文字サイズ変更 拡大 文字を大きくする 標準 文字の大きさをもとの大きさに戻す 背景色変更 黒 背景色の変更：黒 青 背景色の変更：青 標準 背景色の変更：白 Foreign Language English 繁体中文 简体中文 한국어 --> 検索 くらしの情報 戸籍・住民票・印鑑登録など 税（料）金 ごみ・住環境・ペット 住宅・建築物・上下水道 道路・河川・公園 安心・安全 申請書ダウンロード 相談窓口 福祉・健康 健康・医療 年金・健康保険 高齢者福祉 障がい者福祉 社会福祉 子育て・教育・文化 子育て 教育 スポーツ 歴史・文化 産業・しごと 産業 入札関連 町政情報 芦北町の紹介 町長室 議会 組織 広報・広聴 施策・計画 財政 職員採用・人事 選挙 ハンバーガーメニューを閉じる メニューをとじる 文字サイズ変更 拡大 文字を大きくする 標準 文字の大きさをもとの大きさに戻す 背景色変更 黒 背景色の変更：黒 青 背景色の変更：青 標準 背景色の変更
23	芦北町	税関係証明の交付申請について	https://www.town.ashikita.lg.jp/kurashi/zeikin/chokenzei/2005584	税関係証明の交付申請について / 芦北町 メニューを飛ばして本文へ 本文へ ハンバーガーメニューを開く MENU CLOSE 文字サイズ変更 拡大 文字を大きくする 標準 文字の大きさをもとの大きさに戻す 背景色変更 黒 背景色の変更：黒 青 背景色の変更：青 標準 背景色の変更：白 Foreign Language English 繁体中文 简体中文 한국어 --> 検索 くらしの情報 戸籍・住民票・印鑑登録など 税（料）金 ごみ・住環境・ペット 住宅・建築物・上下水道 道路・河川・公園 安心・安全 申請書ダウンロード 相談窓口 福祉・健康 健康・医療 年金・健康保険 高齢者福祉 障がい者福祉 社会福祉 子育て・教育・文化 子育て 教育 スポーツ 歴史・文化 産業・しごと 産業 入札関連 町政情報 芦北町の紹介 町長室 議会 組織 広報・広聴 施策・計画 財政 職員採用・人事 選挙 ハンバーガーメニューを閉じる メニューをとじる 文字サイズ変更 拡大 文字を大きくする 標準 文字の大きさをもとの大きさに戻す 背景色変更 黒 背景色の変更：黒 青 背景色の変更：青 標準 背景色の変更：
23	芦北町	税関係証明の交付申請について	https://www.town.ashikita.lg.jp/kurashi/zeikin/keijidouzei/2005584	税関係証明の交付申請について / 芦北町 メニューを飛ばして本文へ 本文へ ハンバーガーメニューを開く MENU CLOSE 文字サイズ変更 拡大 文字を大きくする 標準 文字の大きさをもとの大きさに戻す 背景色変更 黒 背景色の変更：黒 青 背景色の変更：青 標準 背景色の変更：白 Foreign Language English 繁体中文 简体中文 한국어 --> 検索 くらしの情報 戸籍・住民票・印鑑登録など 税（料）金 ごみ・住環境・ペット 住宅・建築物・上下水道 道路・河川・公園 安心・安全 申請書ダウンロード 相談窓口 福祉・健康 健康・医療 年金・健康保険 高齢者福祉 障がい者福祉 社会福祉 子育て・教育・文化 子育て 教育 スポーツ 歴史・文化 産業・しごと 産業 入札関連 町政情報 芦北町の紹介 町長室 議会 組織 広報・広聴 施策・計画 財政 職員採用・人事 選挙 ハンバーガーメニューを閉じる メニューをとじる 文字サイズ変更 拡大 文字を大きくする 標準 文字の大きさをもとの大きさに戻す 背景色変更 黒 背景色の変更：黒 青 背景色の変更：青 標準 背景色の変更：
23	芦北町	国民健康保険税(国保税)について	https://www.town.ashikita.lg.jp/kurashi/zeikin/kokuhozei/2005492	国民健康保険税(国保税)について / 芦北町 メニューを飛ばして本文へ 本文へ ハンバーガーメニューを開く MENU CLOSE 文字サイズ変更 拡大 文字を大きくする 標準 文字の大きさをもとの大きさに戻す 背景色変更 黒 背景色の変更：黒 青 背景色の変更：青 標準 背景色の変更：白 Foreign Language English 繁体中文 简体中文 한국어 --> 検索 くらしの情報 戸籍・住民票・印鑑登録など 税（料）金 ごみ・住環境・ペット 住宅・建築物・上下水道 道路・河川・公園 安心・安全 申請書ダウンロード 相談窓口 福祉・健康 健康・医療 年金・健康保険 高齢者福祉 障がい者福祉 社会福祉 子育て・教育・文化 子育て 教育 スポーツ 歴史・文化 産業・しごと 産業 入札関連 町政情報 芦北町の紹介 町長室 議会 組織 広報・広聴 施策・計画 財政 職員採用・人事 選挙 ハンバーガーメニューを閉じる メニューをとじる 文字サイズ変更 拡大 文字を大きくする 標準 文字の大きさをもとの大きさに戻す 背景色変更 黒 背景色の変更：黒 青 背景色の変更：青 標準 背景色の変
23	芦北町	子どもに係る国民健康保険税の均等割額の減免について	https://www.town.ashikita.lg.jp/kurashi/zeikin/kokuhozei/2005539	子どもに係る国民健康保険税の均等割額の減免について / 芦北町 メニューを飛ばして本文へ 本文へ ハンバーガーメニューを開く MENU CLOSE 文字サイズ変更 拡大 文字を大きくする 標準 文字の大きさをもとの大きさに戻す 背景色変更 黒 背景色の変更：黒 青 背景色の変更：青 標準 背景色の変更：白 Foreign Language English 繁体中文 简体中文 한국어 --> 検索 くらしの情報 戸籍・住民票・印鑑登録など 税（料）金 ごみ・住環境・ペット 住宅・建築物・上下水道 道路・河川・公園 安心・安全 申請書ダウンロード 相談窓口 福祉・健康 健康・医療 年金・健康保険 高齢者福祉 障がい者福祉 社会福祉 子育て・教育・文化 子育て 教育 スポーツ 歴史・文化 産業・しごと 産業 入札関連 町政情報 芦北町の紹介 町長室 議会 組織 広報・広聴 施策・計画 財政 職員採用・人事 選挙 ハンバーガーメニューを閉じる メニューをとじる 文字サイズ変更 拡大 文字を大きくする 標準 文字の大きさをもとの大きさに戻す 背景色変更 黒 背景色の変更：黒 青 背景色の変更：青
23	芦北町	新型コロナウイルス感染症に係る国民健康保険税の減免申請の受付について	https://www.town.ashikita.lg.jp/kurashi/zeikin/kokuhozei/2005553	新型コロナウイルス感染症に係る国民健康保険税の減免申請の受付について / 芦北町 メニューを飛ばして本文へ 本文へ ハンバーガーメニューを開く MENU CLOSE 文字サイズ変更 拡大 文字を大きくする 標準 文字の大きさをもとの大きさに戻す 背景色変更 黒 背景色の変更：黒 青 背景色の変更：青 標準 背景色の変更：白 Foreign Language English 繁体中文 简体中文 한국어 --> 検索 くらしの情報 戸籍・住民票・印鑑登録など 税（料）金 ごみ・住環境・ペット 住宅・建築物・上下水道 道路・河川・公園 安心・安全 申請書ダウンロード 相談窓口 福祉・健康 健康・医療 年金・健康保険 高齢者福祉 障がい者福祉 社会福祉 子育て・教育・文化 子育て 教育 スポーツ 歴史・文化 産業・しごと 産業 入札関連 町政情報 芦北町の紹介 町長室 議会 組織 広報・広聴 施策・計画 財政 職員採用・人事 選挙 ハンバーガーメニューを閉じる メニューをとじる 文字サイズ変更 拡大 文字を大きくする 標準 文字の大きさをもとの大きさに戻す 背景色変更 黒 背景色の変更：黒 青
23	芦北町	税関係証明の交付申請について	https://www.town.ashikita.lg.jp/kurashi/zeikin/kokuhozei/2005584	税関係証明の交付申請について / 芦北町 メニューを飛ばして本文へ 本文へ ハンバーガーメニューを開く MENU CLOSE 文字サイズ変更 拡大 文字を大きくする 標準 文字の大きさをもとの大きさに戻す 背景色変更 黒 背景色の変更：黒 青 背景色の変更：青 標準 背景色の変更：白 Foreign Language English 繁体中文 简体中文 한국어 --> 検索 くらしの情報 戸籍・住民票・印鑑登録など 税（料）金 ごみ・住環境・ペット 住宅・建築物・上下水道 道路・河川・公園 安心・安全 申請書ダウンロード 相談窓口 福祉・健康 健康・医療 年金・健康保険 高齢者福祉 障がい者福祉 社会福祉 子育て・教育・文化 子育て 教育 スポーツ 歴史・文化 産業・しごと 産業 入札関連 町政情報 芦北町の紹介 町長室 議会 組織 広報・広聴 施策・計画 財政 職員採用・人事 選挙 ハンバーガーメニューを閉じる メニューをとじる 文字サイズ変更 拡大 文字を大きくする 標準 文字の大きさをもとの大きさに戻す 背景色変更 黒 背景色の変更：黒 青 背景色の変更：青 標準 背景色の変更：
23	芦北町	固定資産税について	https://www.town.ashikita.lg.jp/kurashi/zeikin/koteizei/2004990	固定資産税について / 芦北町 メニューを飛ばして本文へ 本文へ ハンバーガーメニューを開く MENU CLOSE 文字サイズ変更 拡大 文字を大きくする 標準 文字の大きさをもとの大きさに戻す 背景色変更 黒 背景色の変更：黒 青 背景色の変更：青 標準 背景色の変更：白 Foreign Language English 繁体中文 简体中文 한국어 --> 検索 くらしの情報 戸籍・住民票・印鑑登録など 税（料）金 ごみ・住環境・ペット 住宅・建築物・上下水道 道路・河川・公園 安心・安全 申請書ダウンロード 相談窓口 福祉・健康 健康・医療 年金・健康保険 高齢者福祉 障がい者福祉 社会福祉 子育て・教育・文化 子育て 教育 スポーツ 歴史・文化 産業・しごと 産業 入札関連 町政情報 芦北町の紹介 町長室 議会 組織 広報・広聴 施策・計画 財政 職員採用・人事 選挙 ハンバーガーメニューを閉じる メニューをとじる 文字サイズ変更 拡大 文字を大きくする 標準 文字の大きさをもとの大きさに戻す 背景色変更 黒 背景色の変更：黒 青 背景色の変更：青 標準 背景色の変更：白 For
23	芦北町	税関係証明の交付申請について	https://www.town.ashikita.lg.jp/kurashi/zeikin/koteizei/2005584	税関係証明の交付申請について / 芦北町 メニューを飛ばして本文へ 本文へ ハンバーガーメニューを開く MENU CLOSE 文字サイズ変更 拡大 文字を大きくする 標準 文字の大きさをもとの大きさに戻す 背景色変更 黒 背景色の変更：黒 青 背景色の変更：青 標準 背景色の変更：白 Foreign Language English 繁体中文 简体中文 한국어 --> 検索 くらしの情報 戸籍・住民票・印鑑登録など 税（料）金 ごみ・住環境・ペット 住宅・建築物・上下水道 道路・河川・公園 安心・安全 申請書ダウンロード 相談窓口 福祉・健康 健康・医療 年金・健康保険 高齢者福祉 障がい者福祉 社会福祉 子育て・教育・文化 子育て 教育 スポーツ 歴史・文化 産業・しごと 産業 入札関連 町政情報 芦北町の紹介 町長室 議会 組織 広報・広聴 施策・計画 財政 職員採用・人事 選挙 ハンバーガーメニューを閉じる メニューをとじる 文字サイズ変更 拡大 文字を大きくする 標準 文字の大きさをもとの大きさに戻す 背景色変更 黒 背景色の変更：黒 青 背景色の変更：青 標準 背景色の変更：
23	芦北町	税関係証明の交付申請について	https://www.town.ashikita.lg.jp/kurashi/zeikin/zeishomei/2005584	税関係証明の交付申請について / 芦北町 メニューを飛ばして本文へ 本文へ ハンバーガーメニューを開く MENU CLOSE 文字サイズ変更 拡大 文字を大きくする 標準 文字の大きさをもとの大きさに戻す 背景色変更 黒 背景色の変更：黒 青 背景色の変更：青 標準 背景色の変更：白 Foreign Language English 繁体中文 简体中文 한국어 --> 検索 くらしの情報 戸籍・住民票・印鑑登録など 税（料）金 ごみ・住環境・ペット 住宅・建築物・上下水道 道路・河川・公園 安心・安全 申請書ダウンロード 相談窓口 福祉・健康 健康・医療 年金・健康保険 高齢者福祉 障がい者福祉 社会福祉 子育て・教育・文化 子育て 教育 スポーツ 歴史・文化 産業・しごと 産業 入札関連 町政情報 芦北町の紹介 町長室 議会 組織 広報・広聴 施策・計画 財政 職員採用・人事 選挙 ハンバーガーメニューを閉じる メニューをとじる 文字サイズ変更 拡大 文字を大きくする 標準 文字の大きさをもとの大きさに戻す 背景色変更 黒 背景色の変更：黒 青 背景色の変更：青 標準 背景色の変更：
23	芦北町	ごみの持ち込み・粗大ごみについて	https://www.town.ashikita.lg.jp/kurashisarch/hikkoshi/2005614	ごみの持ち込み・粗大ごみについて / 芦北町 メニューを飛ばして本文へ 本文へ ハンバーガーメニューを開く MENU CLOSE 文字サイズ変更 拡大 文字を大きくする 標準 文字の大きさをもとの大きさに戻す 背景色変更 黒 背景色の変更：黒 青 背景色の変更：青 標準 背景色の変更：白 Foreign Language English 繁体中文 简体中文 한국어 --> 検索 くらしの情報 戸籍・住民票・印鑑登録など 税（料）金 ごみ・住環境・ペット 住宅・建築物・上下水道 道路・河川・公園 安心・安全 申請書ダウンロード 相談窓口 福祉・健康 健康・医療 年金・健康保険 高齢者福祉 障がい者福祉 社会福祉 子育て・教育・文化 子育て 教育 スポーツ 歴史・文化 産業・しごと 産業 入札関連 町政情報 芦北町の紹介 町長室 議会 組織 広報・広聴 施策・計画 財政 職員採用・人事 選挙 ハンバーガーメニューを閉じる メニューをとじる 文字サイズ変更 拡大 文字を大きくする 標準 文字の大きさをもとの大きさに戻す 背景色変更 黒 背景色の変更：黒 青 背景色の変更：青 標準 背景色の変
23	芦北町	木造住宅建築支援事業のお知らせ	https://www.town.ashikita.lg.jp/kurashisarch/hikkoshi/2005720	木造住宅建築支援事業のお知らせ / 芦北町 メニューを飛ばして本文へ 本文へ ハンバーガーメニューを開く MENU CLOSE 文字サイズ変更 拡大 文字を大きくする 標準 文字の大きさをもとの大きさに戻す 背景色変更 黒 背景色の変更：黒 青 背景色の変更：青 標準 背景色の変更：白 Foreign Language English 繁体中文 简体中文 한국어 --> 検索 くらしの情報 戸籍・住民票・印鑑登録など 税（料）金 ごみ・住環境・ペット 住宅・建築物・上下水道 道路・河川・公園 安心・安全 申請書ダウンロード 相談窓口 福祉・健康 健康・医療 年金・健康保険 高齢者福祉 障がい者福祉 社会福祉 子育て・教育・文化 子育て 教育 スポーツ 歴史・文化 産業・しごと 産業 入札関連 町政情報 芦北町の紹介 町長室 議会 組織 広報・広聴 施策・計画 財政 職員採用・人事 選挙 ハンバーガーメニューを閉じる メニューをとじる 文字サイズ変更 拡大 文字を大きくする 標準 文字の大きさをもとの大きさに戻す 背景色変更 黒 背景色の変更：黒 青 背景色の変更：青 標準 背景色の変更
23	芦北町	幼児フッ化物塗布事業について	https://www.town.ashikita.lg.jp/kurashisarch/ikuji/2006697	幼児フッ化物塗布事業について / 芦北町 メニューを飛ばして本文へ 本文へ ハンバーガーメニューを開く MENU CLOSE 文字サイズ変更 拡大 文字を大きくする 標準 文字の大きさをもとの大きさに戻す 背景色変更 黒 背景色の変更：黒 青 背景色の変更：青 標準 背景色の変更：白 Foreign Language English 繁体中文 简体中文 한국어 --> 検索 くらしの情報 戸籍・住民票・印鑑登録など 税（料）金 ごみ・住環境・ペット 住宅・建築物・上下水道 道路・河川・公園 安心・安全 申請書ダウンロード 相談窓口 福祉・健康 健康・医療 年金・健康保険 高齢者福祉 障がい者福祉 社会福祉 子育て・教育・文化 子育て 教育 スポーツ 歴史・文化 産業・しごと 産業 入札関連 町政情報 芦北町の紹介 町長室 議会 組織 広報・広聴 施策・計画 財政 職員採用・人事 選挙 ハンバーガーメニューを閉じる メニューをとじる 文字サイズ変更 拡大 文字を大きくする 標準 文字の大きさをもとの大きさに戻す 背景色変更 黒 背景色の変更：黒 青 背景色の変更：青 標準 背景色の変更：
23	芦北町	新型コロナウイルスワクチン接種証明書の交付について	https://www.town.ashikita.lg.jp/kurashisarch/ikuji/2006819	新型コロナウイルスワクチン接種証明書の交付について / 芦北町 メニューを飛ばして本文へ 本文へ ハンバーガーメニューを開く MENU CLOSE 文字サイズ変更 拡大 文字を大きくする 標準 文字の大きさをもとの大きさに戻す 背景色変更 黒 背景色の変更：黒 青 背景色の変更：青 標準 背景色の変更：白 Foreign Language English 繁体中文 简体中文 한국어 --> 検索 くらしの情報 戸籍・住民票・印鑑登録など 税（料）金 ごみ・住環境・ペット 住宅・建築物・上下水道 道路・河川・公園 安心・安全 申請書ダウンロード 相談窓口 福祉・健康 健康・医療 年金・健康保険 高齢者福祉 障がい者福祉 社会福祉 子育て・教育・文化 子育て 教育 スポーツ 歴史・文化 産業・しごと 産業 入札関連 町政情報 芦北町の紹介 町長室 議会 組織 広報・広聴 施策・計画 財政 職員採用・人事 選挙 ハンバーガーメニューを閉じる メニューをとじる 文字サイズ変更 拡大 文字を大きくする 標準 文字の大きさをもとの大きさに戻す 背景色変更 黒 背景色の変更：黒 青 背景色の変更：青
23	芦北町	権利擁護出張相談会について	https://www.town.ashikita.lg.jp/kurashisarch/koreikaigo/2007991	権利擁護出張相談会について / 芦北町 メニューを飛ばして本文へ 本文へ ハンバーガーメニューを開く MENU CLOSE 文字サイズ変更 拡大 文字を大きくする 標準 文字の大きさをもとの大きさに戻す 背景色変更 黒 背景色の変更：黒 青 背景色の変更：青 標準 背景色の変更：白 Foreign Language English 繁体中文 简体中文 한국어 --> 検索 くらしの情報 戸籍・住民票・印鑑登録など 税（料）金 ごみ・住環境・ペット 住宅・建築物・上下水道 道路・河川・公園 安心・安全 申請書ダウンロード 相談窓口 福祉・健康 健康・医療 年金・健康保険 高齢者福祉 障がい者福祉 社会福祉 子育て・教育・文化 子育て 教育 スポーツ 歴史・文化 産業・しごと 産業 入札関連 町政情報 芦北町の紹介 町長室 議会 組織 広報・広聴 施策・計画 財政 職員採用・人事 選挙 ハンバーガーメニューを閉じる メニューをとじる 文字サイズ変更 拡大 文字を大きくする 標準 文字の大きさをもとの大きさに戻す 背景色変更 黒 背景色の変更：黒 青 背景色の変更：青 標準 背景色の変更：白
23	芦北町	公衆浴場無料及び割引入浴券交付申請	https://www.town.ashikita.lg.jp/kurashisarch/koreikaigo/2008097	公衆浴場無料及び割引入浴券交付申請 / 芦北町 メニューを飛ばして本文へ 本文へ ハンバーガーメニューを開く MENU CLOSE 文字サイズ変更 拡大 文字を大きくする 標準 文字の大きさをもとの大きさに戻す 背景色変更 黒 背景色の変更：黒 青 背景色の変更：青 標準 背景色の変更：白 Foreign Language English 繁体中文 简体中文 한국어 --> 検索 くらしの情報 戸籍・住民票・印鑑登録など 税（料）金 ごみ・住環境・ペット 住宅・建築物・上下水道 道路・河川・公園 安心・安全 申請書ダウンロード 相談窓口 福祉・健康 健康・医療 年金・健康保険 高齢者福祉 障がい者福祉 社会福祉 子育て・教育・文化 子育て 教育 スポーツ 歴史・文化 産業・しごと 産業 入札関連 町政情報 芦北町の紹介 町長室 議会 組織 広報・広聴 施策・計画 財政 職員採用・人事 選挙 ハンバーガーメニューを閉じる メニューをとじる 文字サイズ変更 拡大 文字を大きくする 標準 文字の大きさをもとの大きさに戻す 背景色変更 黒 背景色の変更：黒 青 背景色の変更：青 標準 背景色の
23	芦北町	住宅改造助成費交付申請	https://www.town.ashikita.lg.jp/kurashisarch/koreikaigo/2008127	住宅改造助成費交付申請 / 芦北町 メニューを飛ばして本文へ 本文へ ハンバーガーメニューを開く MENU CLOSE 文字サイズ変更 拡大 文字を大きくする 標準 文字の大きさをもとの大きさに戻す 背景色変更 黒 背景色の変更：黒 青 背景色の変更：青 標準 背景色の変更：白 Foreign Language English 繁体中文 简体中文 한국어 --> 検索 くらしの情報 戸籍・住民票・印鑑登録など 税（料）金 ごみ・住環境・ペット 住宅・建築物・上下水道 道路・河川・公園 安心・安全 申請書ダウンロード 相談窓口 福祉・健康 健康・医療 年金・健康保険 高齢者福祉 障がい者福祉 社会福祉 子育て・教育・文化 子育て 教育 スポーツ 歴史・文化 産業・しごと 産業 入札関連 町政情報 芦北町の紹介 町長室 議会 組織 広報・広聴 施策・計画 財政 職員採用・人事 選挙 ハンバーガーメニューを閉じる メニューをとじる 文字サイズ変更 拡大 文字を大きくする 標準 文字の大きさをもとの大きさに戻す 背景色変更 黒 背景色の変更：黒 青 背景色の変更：青 標準 背景色の変更：白 F
23	芦北町	芦北町風しん等任意接種助成事業について	https://www.town.ashikita.lg.jp/kurashisarch/ninshin/2006703	芦北町風しん等任意接種助成事業について / 芦北町 メニューを飛ばして本文へ 本文へ ハンバーガーメニューを開く MENU CLOSE 文字サイズ変更 拡大 文字を大きくする 標準 文字の大きさをもとの大きさに戻す 背景色変更 黒 背景色の変更：黒 青 背景色の変更：青 標準 背景色の変更：白 Foreign Language English 繁体中文 简体中文 한국어 --> 検索 くらしの情報 戸籍・住民票・印鑑登録など 税（料）金 ごみ・住環境・ペット 住宅・建築物・上下水道 道路・河川・公園 安心・安全 申請書ダウンロード 相談窓口 福祉・健康 健康・医療 年金・健康保険 高齢者福祉 障がい者福祉 社会福祉 子育て・教育・文化 子育て 教育 スポーツ 歴史・文化 産業・しごと 産業 入札関連 町政情報 芦北町の紹介 町長室 議会 組織 広報・広聴 施策・計画 財政 職員採用・人事 選挙 ハンバーガーメニューを閉じる メニューをとじる 文字サイズ変更 拡大 文字を大きくする 標準 文字の大きさをもとの大きさに戻す 背景色変更 黒 背景色の変更：黒 青 背景色の変更：青 標準 背景
23	芦北町	芦北町生殖補助医療費等助成事業について	https://www.town.ashikita.lg.jp/kurashisarch/ninshin/2027722	芦北町生殖補助医療費等助成事業について / 芦北町 メニューを飛ばして本文へ 本文へ ハンバーガーメニューを開く MENU CLOSE 文字サイズ変更 拡大 文字を大きくする 標準 文字の大きさをもとの大きさに戻す 背景色変更 黒 背景色の変更：黒 青 背景色の変更：青 標準 背景色の変更：白 Foreign Language English 繁体中文 简体中文 한국어 --> 検索 くらしの情報 戸籍・住民票・印鑑登録など 税（料）金 ごみ・住環境・ペット 住宅・建築物・上下水道 道路・河川・公園 安心・安全 申請書ダウンロード 相談窓口 福祉・健康 健康・医療 年金・健康保険 高齢者福祉 障がい者福祉 社会福祉 子育て・教育・文化 子育て 教育 スポーツ 歴史・文化 産業・しごと 産業 入札関連 町政情報 芦北町の紹介 町長室 議会 組織 広報・広聴 施策・計画 財政 職員採用・人事 選挙 ハンバーガーメニューを閉じる メニューをとじる 文字サイズ変更 拡大 文字を大きくする 標準 文字の大きさをもとの大きさに戻す 背景色変更 黒 背景色の変更：黒 青 背景色の変更：青 標準 背景
23	芦北町	芦北町一般不妊治療費等の助成について	https://www.town.ashikita.lg.jp/kurashisarch/ninshin/2027777	芦北町一般不妊治療費等の助成について / 芦北町 メニューを飛ばして本文へ 本文へ ハンバーガーメニューを開く MENU CLOSE 文字サイズ変更 拡大 文字を大きくする 標準 文字の大きさをもとの大きさに戻す 背景色変更 黒 背景色の変更：黒 青 背景色の変更：青 標準 背景色の変更：白 Foreign Language English 繁体中文 简体中文 한국어 --> 検索 くらしの情報 戸籍・住民票・印鑑登録など 税（料）金 ごみ・住環境・ペット 住宅・建築物・上下水道 道路・河川・公園 安心・安全 申請書ダウンロード 相談窓口 福祉・健康 健康・医療 年金・健康保険 高齢者福祉 障がい者福祉 社会福祉 子育て・教育・文化 子育て 教育 スポーツ 歴史・文化 産業・しごと 産業 入札関連 町政情報 芦北町の紹介 町長室 議会 組織 広報・広聴 施策・計画 財政 職員採用・人事 選挙 ハンバーガーメニューを閉じる メニューをとじる 文字サイズ変更 拡大 文字を大きくする 標準 文字の大きさをもとの大きさに戻す 背景色変更 黒 背景色の変更：黒 青 背景色の変更：青 標準 背景色
23	芦北町	奨学資金制度	https://www.town.ashikita.lg.jp/kurashisarch/nyuennyugaku/2008905	奨学資金制度 / 芦北町 メニューを飛ばして本文へ 本文へ ハンバーガーメニューを開く MENU CLOSE 文字サイズ変更 拡大 文字を大きくする 標準 文字の大きさをもとの大きさに戻す 背景色変更 黒 背景色の変更：黒 青 背景色の変更：青 標準 背景色の変更：白 Foreign Language English 繁体中文 简体中文 한국어 --> 検索 くらしの情報 戸籍・住民票・印鑑登録など 税（料）金 ごみ・住環境・ペット 住宅・建築物・上下水道 道路・河川・公園 安心・安全 申請書ダウンロード 相談窓口 福祉・健康 健康・医療 年金・健康保険 高齢者福祉 障がい者福祉 社会福祉 子育て・教育・文化 子育て 教育 スポーツ 歴史・文化 産業・しごと 産業 入札関連 町政情報 芦北町の紹介 町長室 議会 組織 広報・広聴 施策・計画 財政 職員採用・人事 選挙 ハンバーガーメニューを閉じる メニューをとじる 文字サイズ変更 拡大 文字を大きくする 標準 文字の大きさをもとの大きさに戻す 背景色変更 黒 背景色の変更：黒 青 背景色の変更：青 標準 背景色の変更：白 Foreig
23	芦北町	芦北町学校給食費無償化制度について	https://www.town.ashikita.lg.jp/kurashisarch/nyuennyugaku/2030081	芦北町学校給食費無償化制度について / 芦北町 メニューを飛ばして本文へ 本文へ ハンバーガーメニューを開く MENU CLOSE 文字サイズ変更 拡大 文字を大きくする 標準 文字の大きさをもとの大きさに戻す 背景色変更 黒 背景色の変更：黒 青 背景色の変更：青 標準 背景色の変更：白 Foreign Language English 繁体中文 简体中文 한국어 --> 検索 くらしの情報 戸籍・住民票・印鑑登録など 税（料）金 ごみ・住環境・ペット 住宅・建築物・上下水道 道路・河川・公園 安心・安全 申請書ダウンロード 相談窓口 福祉・健康 健康・医療 年金・健康保険 高齢者福祉 障がい者福祉 社会福祉 子育て・教育・文化 子育て 教育 スポーツ 歴史・文化 産業・しごと 産業 入札関連 町政情報 芦北町の紹介 町長室 議会 組織 広報・広聴 施策・計画 財政 職員採用・人事 選挙 ハンバーガーメニューを閉じる メニューをとじる 文字サイズ変更 拡大 文字を大きくする 標準 文字の大きさをもとの大きさに戻す 背景色変更 黒 背景色の変更：黒 青 背景色の変更：青 標準 背景色の
23	芦北町	「国民年金基金」について	https://www.town.ashikita.lg.jp/kurashisarch/syutaisyoku/2007120	「国民年金基金」について / 芦北町 メニューを飛ばして本文へ 本文へ ハンバーガーメニューを開く MENU CLOSE 文字サイズ変更 拡大 文字を大きくする 標準 文字の大きさをもとの大きさに戻す 背景色変更 黒 背景色の変更：黒 青 背景色の変更：青 標準 背景色の変更：白 Foreign Language English 繁体中文 简体中文 한국어 --> 検索 くらしの情報 戸籍・住民票・印鑑登録など 税（料）金 ごみ・住環境・ペット 住宅・建築物・上下水道 道路・河川・公園 安心・安全 申請書ダウンロード 相談窓口 福祉・健康 健康・医療 年金・健康保険 高齢者福祉 障がい者福祉 社会福祉 子育て・教育・文化 子育て 教育 スポーツ 歴史・文化 産業・しごと 産業 入札関連 町政情報 芦北町の紹介 町長室 議会 組織 広報・広聴 施策・計画 財政 職員採用・人事 選挙 ハンバーガーメニューを閉じる メニューをとじる 文字サイズ変更 拡大 文字を大きくする 標準 文字の大きさをもとの大きさに戻す 背景色変更 黒 背景色の変更：黒 青 背景色の変更：青 標準 背景色の変更：白
23	芦北町	農業経営の継承支援について	https://www.town.ashikita.lg.jp/sangyo_shigoto/sangyo/koyo_rodo/2009780	農業経営の継承支援について / 芦北町 メニューを飛ばして本文へ 本文へ ハンバーガーメニューを開く MENU CLOSE 文字サイズ変更 拡大 文字を大きくする 標準 文字の大きさをもとの大きさに戻す 背景色変更 黒 背景色の変更：黒 青 背景色の変更：青 標準 背景色の変更：白 Foreign Language English 繁体中文 简体中文 한국어 --> 検索 くらしの情報 戸籍・住民票・印鑑登録など 税（料）金 ごみ・住環境・ペット 住宅・建築物・上下水道 道路・河川・公園 安心・安全 申請書ダウンロード 相談窓口 福祉・健康 健康・医療 年金・健康保険 高齢者福祉 障がい者福祉 社会福祉 子育て・教育・文化 子育て 教育 スポーツ 歴史・文化 産業・しごと 産業 入札関連 町政情報 芦北町の紹介 町長室 議会 組織 広報・広聴 施策・計画 財政 職員採用・人事 選挙 ハンバーガーメニューを閉じる メニューをとじる 文字サイズ変更 拡大 文字を大きくする 標準 文字の大きさをもとの大きさに戻す 背景色変更 黒 背景色の変更：黒 青 背景色の変更：青 標準 背景色の変更：白
23	芦北町	事業継続力強化計画(ジギョケイ)セミナーについて	https://www.town.ashikita.lg.jp/sangyo_shigoto/sangyo/koyo_rodo/2039954	事業継続力強化計画(ジギョケイ)セミナーについて / 芦北町 メニューを飛ばして本文へ 本文へ ハンバーガーメニューを開く MENU CLOSE 文字サイズ変更 拡大 文字を大きくする 標準 文字の大きさをもとの大きさに戻す 背景色変更 黒 背景色の変更：黒 青 背景色の変更：青 標準 背景色の変更：白 Foreign Language English 繁体中文 简体中文 한국어 --> 検索 くらしの情報 戸籍・住民票・印鑑登録など 税（料）金 ごみ・住環境・ペット 住宅・建築物・上下水道 道路・河川・公園 安心・安全 申請書ダウンロード 相談窓口 福祉・健康 健康・医療 年金・健康保険 高齢者福祉 障がい者福祉 社会福祉 子育て・教育・文化 子育て 教育 スポーツ 歴史・文化 産業・しごと 産業 入札関連 町政情報 芦北町の紹介 町長室 議会 組織 広報・広聴 施策・計画 財政 職員採用・人事 選挙 ハンバーガーメニューを閉じる メニューをとじる 文字サイズ変更 拡大 文字を大きくする 標準 文字の大きさをもとの大きさに戻す 背景色変更 黒 背景色の変更：黒 青 背景色の変更：青
23	芦北町	農業経営の継承支援について	https://www.town.ashikita.lg.jp/sangyo_shigoto/sangyo/nogyo/2009780	農業経営の継承支援について / 芦北町 メニューを飛ばして本文へ 本文へ ハンバーガーメニューを開く MENU CLOSE 文字サイズ変更 拡大 文字を大きくする 標準 文字の大きさをもとの大きさに戻す 背景色変更 黒 背景色の変更：黒 青 背景色の変更：青 標準 背景色の変更：白 Foreign Language English 繁体中文 简体中文 한국어 --> 検索 くらしの情報 戸籍・住民票・印鑑登録など 税（料）金 ごみ・住環境・ペット 住宅・建築物・上下水道 道路・河川・公園 安心・安全 申請書ダウンロード 相談窓口 福祉・健康 健康・医療 年金・健康保険 高齢者福祉 障がい者福祉 社会福祉 子育て・教育・文化 子育て 教育 スポーツ 歴史・文化 産業・しごと 産業 入札関連 町政情報 芦北町の紹介 町長室 議会 組織 広報・広聴 施策・計画 財政 職員採用・人事 選挙 ハンバーガーメニューを閉じる メニューをとじる 文字サイズ変更 拡大 文字を大きくする 標準 文字の大きさをもとの大きさに戻す 背景色変更 黒 背景色の変更：黒 青 背景色の変更：青 標準 背景色の変更：白
23	芦北町	新型コロナウイルス感染症に係る国民健康保険税の減免申請の受付について	https://www.town.ashikita.lg.jp/toppage/corona/kanren_corona/2005553	新型コロナウイルス感染症に係る国民健康保険税の減免申請の受付について / 芦北町 メニューを飛ばして本文へ 本文へ ハンバーガーメニューを開く MENU CLOSE 文字サイズ変更 拡大 文字を大きくする 標準 文字の大きさをもとの大きさに戻す 背景色変更 黒 背景色の変更：黒 青 背景色の変更：青 標準 背景色の変更：白 Foreign Language English 繁体中文 简体中文 한국어 --> 検索 くらしの情報 戸籍・住民票・印鑑登録など 税（料）金 ごみ・住環境・ペット 住宅・建築物・上下水道 道路・河川・公園 安心・安全 申請書ダウンロード 相談窓口 福祉・健康 健康・医療 年金・健康保険 高齢者福祉 障がい者福祉 社会福祉 子育て・教育・文化 子育て 教育 スポーツ 歴史・文化 産業・しごと 産業 入札関連 町政情報 芦北町の紹介 町長室 議会 組織 広報・広聴 施策・計画 財政 職員採用・人事 選挙 ハンバーガーメニューを閉じる メニューをとじる 文字サイズ変更 拡大 文字を大きくする 標準 文字の大きさをもとの大きさに戻す 背景色変更 黒 背景色の変更：黒 青
23	芦北町	新型コロナウイルス感染症対応地方創生臨時交付金基金事業の公表について	https://www.town.ashikita.lg.jp/toppage/corona/kansenboushi_corona/2026299	新型コロナウイルス感染症対応地方創生臨時交付金基金事業の公表について / 芦北町 メニューを飛ばして本文へ 本文へ ハンバーガーメニューを開く MENU CLOSE 文字サイズ変更 拡大 文字を大きくする 標準 文字の大きさをもとの大きさに戻す 背景色変更 黒 背景色の変更：黒 青 背景色の変更：青 標準 背景色の変更：白 Foreign Language English 繁体中文 简体中文 한국어 --> 検索 くらしの情報 戸籍・住民票・印鑑登録など 税（料）金 ごみ・住環境・ペット 住宅・建築物・上下水道 道路・河川・公園 安心・安全 申請書ダウンロード 相談窓口 福祉・健康 健康・医療 年金・健康保険 高齢者福祉 障がい者福祉 社会福祉 子育て・教育・文化 子育て 教育 スポーツ 歴史・文化 産業・しごと 産業 入札関連 町政情報 芦北町の紹介 町長室 議会 組織 広報・広聴 施策・計画 財政 職員採用・人事 選挙 ハンバーガーメニューを閉じる メニューをとじる 文字サイズ変更 拡大 文字を大きくする 標準 文字の大きさをもとの大きさに戻す 背景色変更 黒 背景色の変更：黒 青
23	芦北町	新型コロナウイルスワクチン接種証明書の交付について	https://www.town.ashikita.lg.jp/toppage/corona/wakuchin_corona/2006819	新型コロナウイルスワクチン接種証明書の交付について / 芦北町 メニューを飛ばして本文へ 本文へ ハンバーガーメニューを開く MENU CLOSE 文字サイズ変更 拡大 文字を大きくする 標準 文字の大きさをもとの大きさに戻す 背景色変更 黒 背景色の変更：黒 青 背景色の変更：青 標準 背景色の変更：白 Foreign Language English 繁体中文 简体中文 한국어 --> 検索 くらしの情報 戸籍・住民票・印鑑登録など 税（料）金 ごみ・住環境・ペット 住宅・建築物・上下水道 道路・河川・公園 安心・安全 申請書ダウンロード 相談窓口 福祉・健康 健康・医療 年金・健康保険 高齢者福祉 障がい者福祉 社会福祉 子育て・教育・文化 子育て 教育 スポーツ 歴史・文化 産業・しごと 産業 入札関連 町政情報 芦北町の紹介 町長室 議会 組織 広報・広聴 施策・計画 財政 職員採用・人事 選挙 ハンバーガーメニューを閉じる メニューをとじる 文字サイズ変更 拡大 文字を大きくする 標準 文字の大きさをもとの大きさに戻す 背景色変更 黒 背景色の変更：黒 青 背景色の変更：青
23	芦北町	令和2年7月豪雨災害に係る「すまい支援事業補助金」について	https://www.town.ashikita.lg.jp/toppage/gouusaigai_kanren/2007229	令和2年7月豪雨災害に係る「すまい支援事業補助金」について / 芦北町 メニューを飛ばして本文へ 本文へ ハンバーガーメニューを開く MENU CLOSE 文字サイズ変更 拡大 文字を大きくする 標準 文字の大きさをもとの大きさに戻す 背景色変更 黒 背景色の変更：黒 青 背景色の変更：青 標準 背景色の変更：白 Foreign Language English 繁体中文 简体中文 한국어 --> 検索 くらしの情報 戸籍・住民票・印鑑登録など 税（料）金 ごみ・住環境・ペット 住宅・建築物・上下水道 道路・河川・公園 安心・安全 申請書ダウンロード 相談窓口 福祉・健康 健康・医療 年金・健康保険 高齢者福祉 障がい者福祉 社会福祉 子育て・教育・文化 子育て 教育 スポーツ 歴史・文化 産業・しごと 産業 入札関連 町政情報 芦北町の紹介 町長室 議会 組織 広報・広聴 施策・計画 財政 職員採用・人事 選挙 ハンバーガーメニューを閉じる メニューをとじる 文字サイズ変更 拡大 文字を大きくする 標準 文字の大きさをもとの大きさに戻す 背景色変更 黒 背景色の変更：黒 青 背景色の
23	芦北町	JIS X 8341-3:2016に基づく試験結果表示	https://www.town.ashikita.lg.jp/toppage/site_info/web_accessibility/2027371	JIS X 8341-3:2016に基づく試験結果表示 / 芦北町 メニューを飛ばして本文へ 本文へ ハンバーガーメニューを開く MENU CLOSE 文字サイズ変更 拡大 文字を大きくする 標準 文字の大きさをもとの大きさに戻す 背景色変更 黒 背景色の変更：黒 青 背景色の変更：青 標準 背景色の変更：白 Foreign Language English 繁体中文 简体中文 한국어 --> 検索 くらしの情報 戸籍・住民票・印鑑登録など 税（料）金 ごみ・住環境・ペット 住宅・建築物・上下水道 道路・河川・公園 安心・安全 申請書ダウンロード 相談窓口 福祉・健康 健康・医療 年金・健康保険 高齢者福祉 障がい者福祉 社会福祉 子育て・教育・文化 子育て 教育 スポーツ 歴史・文化 産業・しごと 産業 入札関連 町政情報 芦北町の紹介 町長室 議会 組織 広報・広聴 施策・計画 財政 職員採用・人事 選挙 ハンバーガーメニューを閉じる メニューをとじる 文字サイズ変更 拡大 文字を大きくする 標準 文字の大きさをもとの大きさに戻す 背景色変更 黒 背景色の変更：黒 青 背景色の変更
19	芦北町	住民生活課	https://www.town.ashikita.lg.jp/chosei/soshiki/juminka	住民生活課 / 芦北町 メニューを飛ばして本文へ 本文へ ハンバーガーメニューを開く MENU CLOSE 文字サイズ変更 拡大 文字を大きくする 標準 文字の大きさをもとの大きさに戻す 背景色変更 黒 背景色の変更：黒 青 背景色の変更：青 標準 背景色の変更：白 Foreign Language English 繁体中文 简体中文 한국어 --> 検索 くらしの情報 戸籍・住民票・印鑑登録など 税（料）金 ごみ・住環境・ペット 住宅・建築物・上下水道 道路・河川・公園 安心・安全 申請書ダウンロード 相談窓口 福祉・健康 健康・医療 年金・健康保険 高齢者福祉 障がい者福祉 社会福祉 子育て・教育・文化 子育て 教育 スポーツ 歴史・文化 産業・しごと 産業 入札関連 町政情報 芦北町の紹介 町長室 議会 組織 広報・広聴 施策・計画 財政 職員採用・人事 選挙 ハンバーガーメニューを閉じる メニューをとじる 文字サイズ変更 拡大 文字を大きくする 標準 文字の大きさをもとの大きさに戻す 背景色変更 黒 背景色の変更：黒 青 背景色の変更：青 標準 背景色の変更：白 Foreign
19	芦北町	税務課	https://www.town.ashikita.lg.jp/chosei/soshiki/zeimuka	税務課 / 芦北町 メニューを飛ばして本文へ 本文へ ハンバーガーメニューを開く MENU CLOSE 文字サイズ変更 拡大 文字を大きくする 標準 文字の大きさをもとの大きさに戻す 背景色変更 黒 背景色の変更：黒 青 背景色の変更：青 標準 背景色の変更：白 Foreign Language English 繁体中文 简体中文 한국어 --> 検索 くらしの情報 戸籍・住民票・印鑑登録など 税（料）金 ごみ・住環境・ペット 住宅・建築物・上下水道 道路・河川・公園 安心・安全 申請書ダウンロード 相談窓口 福祉・健康 健康・医療 年金・健康保険 高齢者福祉 障がい者福祉 社会福祉 子育て・教育・文化 子育て 教育 スポーツ 歴史・文化 産業・しごと 産業 入札関連 町政情報 芦北町の紹介 町長室 議会 組織 広報・広聴 施策・計画 財政 職員採用・人事 選挙 ハンバーガーメニューを閉じる メニューをとじる 文字サイズ変更 拡大 文字を大きくする 標準 文字の大きさをもとの大きさに戻す 背景色変更 黒 背景色の変更：黒 青 背景色の変更：青 標準 背景色の変更：白 Foreign L
19	芦北町	支援サービス	https://www.town.ashikita.lg.jp/fukushi_kenko/koreifukushi/shien_korei	支援サービス / 芦北町 メニューを飛ばして本文へ 本文へ ハンバーガーメニューを開く MENU CLOSE 文字サイズ変更 拡大 文字を大きくする 標準 文字の大きさをもとの大きさに戻す 背景色変更 黒 背景色の変更：黒 青 背景色の変更：青 標準 背景色の変更：白 Foreign Language English 繁体中文 简体中文 한국어 --> 検索 くらしの情報 戸籍・住民票・印鑑登録など 税（料）金 ごみ・住環境・ペット 住宅・建築物・上下水道 道路・河川・公園 安心・安全 申請書ダウンロード 相談窓口 福祉・健康 健康・医療 年金・健康保険 高齢者福祉 障がい者福祉 社会福祉 子育て・教育・文化 子育て 教育 スポーツ 歴史・文化 産業・しごと 産業 入札関連 町政情報 芦北町の紹介 町長室 議会 組織 広報・広聴 施策・計画 財政 職員採用・人事 選挙 ハンバーガーメニューを閉じる メニューをとじる 文字サイズ変更 拡大 文字を大きくする 標準 文字の大きさをもとの大きさに戻す 背景色変更 黒 背景色の変更：黒 青 背景色の変更：青 標準 背景色の変更：白 Foreig
19	芦北町	国民健康保険	https://www.town.ashikita.lg.jp/fukushi_kenko/nenkin_kenho/kokuho	国民健康保険 / 芦北町 メニューを飛ばして本文へ 本文へ ハンバーガーメニューを開く MENU CLOSE 文字サイズ変更 拡大 文字を大きくする 標準 文字の大きさをもとの大きさに戻す 背景色変更 黒 背景色の変更：黒 青 背景色の変更：青 標準 背景色の変更：白 Foreign Language English 繁体中文 简体中文 한국어 --> 検索 くらしの情報 戸籍・住民票・印鑑登録など 税（料）金 ごみ・住環境・ペット 住宅・建築物・上下水道 道路・河川・公園 安心・安全 申請書ダウンロード 相談窓口 福祉・健康 健康・医療 年金・健康保険 高齢者福祉 障がい者福祉 社会福祉 子育て・教育・文化 子育て 教育 スポーツ 歴史・文化 産業・しごと 産業 入札関連 町政情報 芦北町の紹介 町長室 議会 組織 広報・広聴 施策・計画 財政 職員採用・人事 選挙 ハンバーガーメニューを閉じる メニューをとじる 文字サイズ変更 拡大 文字を大きくする 標準 文字の大きさをもとの大きさに戻す 背景色変更 黒 背景色の変更：黒 青 背景色の変更：青 標準 背景色の変更：白 Foreig
19	芦北町	芦北町総合防災マップ（Web版）|同意画面	https://www.town.ashikita.lg.jp/hazardmap/	芦北町総合防災マップ（Web版）|同意画面 --> 確認事項 「芦北町総合防災マップ（Web版）」のご利用に際しましては、あらかじめ 利用条件 を必ずご確認ください。 利用条件の全ての内容をご確認のうえ、同意いただける場合は、ページ下の「同意する」ボタンを選択してください。 同意いただけない場合は、ページ下の「同意しない」のボタンを選択してください。 同意する 同意しない 『芦北町総合防災マップ（Web版）』利用条件 ＜利用条件＞ ●本サイトのサポートブラウザは、株式会社ゼンリンデータコムの提供する「拠点案内サービス」に準じます。それ以外のブラウザでも表示できますが、一部の機能が制限される場合があります。 ●本サイトの各危険箇所、地物、行政区境等のデータについては、公開用に概略化したものであり、誤差がある場合があります。 ●本サイトの各危険箇所データは、一定の条件に基づき予測されたものであり、実際の災害時は想定を超える可能性があります。 ●本サイトの背景に表示している地図、その他地図コンテンツについては、拠点案内の利用規約(約款)に準じます。また、地図コンテンツは、土地の利用若しくは土
19	芦北町	お知らせ	https://www.town.ashikita.lg.jp/kosodate_site/oshirase_kosodate	お知らせ / 芦北町 文字サイズ 拡大 文字を大きくする 標準 文字の大きさをもとの大きさに戻す 背景色 黒 背景色の変更：黒 青 背景色の変更：青 標準 背景色の変更：白 Foreign Language 検索 ハンバーガーメニューを開く 文字サイズ 拡大 文字を大きくする 標準 文字の大きさをもとの大きさに戻す 背景色 黒 背景色の変更：黒 青 背景色の変更：青 標準 背景色の変更：白 Foreign Language 検索 相談窓口 お知らせ 妊娠・出産 支援・助成 幼稚園・保育園 認定こども園 学童保育 一時保育 学校教育 施設一覧 ハンバーガーメニューを閉じる メニューをとじる ホーム &gt; 子育てサイト &gt; お知らせ お知らせ 2026年6月17日 令和8年度地域少子化対策重点推進事業計画 地域少子化対策重点推進交付金は、都道府県及び市町村が行う結婚に対する取組及び結婚、妊娠・出産、乳児期を中心とする子育てに温かい社会づくり・機運の醸成の取組につい… 2026年3月25日 乳児等支援給付（こども誰でも通園制度）について 目的 芦北町では、全てのこどもの育ちを応援し
19	芦北町	お知らせ	https://www.town.ashikita.lg.jp/kosodate_site/oshirase_kosodate/	お知らせ / 芦北町 文字サイズ 拡大 文字を大きくする 標準 文字の大きさをもとの大きさに戻す 背景色 黒 背景色の変更：黒 青 背景色の変更：青 標準 背景色の変更：白 Foreign Language 検索 ハンバーガーメニューを開く 文字サイズ 拡大 文字を大きくする 標準 文字の大きさをもとの大きさに戻す 背景色 黒 背景色の変更：黒 青 背景色の変更：青 標準 背景色の変更：白 Foreign Language 検索 相談窓口 お知らせ 妊娠・出産 支援・助成 幼稚園・保育園 認定こども園 学童保育 一時保育 学校教育 施設一覧 ハンバーガーメニューを閉じる メニューをとじる ホーム &gt; 子育てサイト &gt; お知らせ お知らせ 2026年6月17日 令和8年度地域少子化対策重点推進事業計画 地域少子化対策重点推進交付金は、都道府県及び市町村が行う結婚に対する取組及び結婚、妊娠・出産、乳児期を中心とする子育てに温かい社会づくり・機運の醸成の取組につい… 2026年3月25日 乳児等支援給付（こども誰でも通園制度）について 目的 芦北町では、全てのこどもの育ちを応援し
19	芦北町	支援・助成	https://www.town.ashikita.lg.jp/kosodate_site/shien_kosodate	支援・助成 / 芦北町 文字サイズ 拡大 文字を大きくする 標準 文字の大きさをもとの大きさに戻す 背景色 黒 背景色の変更：黒 青 背景色の変更：青 標準 背景色の変更：白 Foreign Language 検索 ハンバーガーメニューを開く 文字サイズ 拡大 文字を大きくする 標準 文字の大きさをもとの大きさに戻す 背景色 黒 背景色の変更：黒 青 背景色の変更：青 標準 背景色の変更：白 Foreign Language 検索 相談窓口 お知らせ 妊娠・出産 支援・助成 幼稚園・保育園 認定こども園 学童保育 一時保育 学校教育 施設一覧 ハンバーガーメニューを閉じる メニューをとじる ホーム &gt; 子育てサイト &gt; 支援・助成 支援・助成 2026年7月1日 子育て支援センター(8月の行事) 子育て支援センターは未就園児と保護者ならだれでも利用できます。 子育て仲間づくりや情報交換にお気軽にご利用ください。 ●田浦保育園 期日 曜… 2026年6月17日 令和8年度地域少子化対策重点推進事業計画 地域少子化対策重点推進交付金は、都道府県及び市町村が行う結婚に対する取組及
19	芦北町	支援・助成	https://www.town.ashikita.lg.jp/kosodate_site/shien_kosodate/	支援・助成 / 芦北町 文字サイズ 拡大 文字を大きくする 標準 文字の大きさをもとの大きさに戻す 背景色 黒 背景色の変更：黒 青 背景色の変更：青 標準 背景色の変更：白 Foreign Language 検索 ハンバーガーメニューを開く 文字サイズ 拡大 文字を大きくする 標準 文字の大きさをもとの大きさに戻す 背景色 黒 背景色の変更：黒 青 背景色の変更：青 標準 背景色の変更：白 Foreign Language 検索 相談窓口 お知らせ 妊娠・出産 支援・助成 幼稚園・保育園 認定こども園 学童保育 一時保育 学校教育 施設一覧 ハンバーガーメニューを閉じる メニューをとじる ホーム &gt; 子育てサイト &gt; 支援・助成 支援・助成 2026年7月1日 子育て支援センター(8月の行事) 子育て支援センターは未就園児と保護者ならだれでも利用できます。 子育て仲間づくりや情報交換にお気軽にご利用ください。 ●田浦保育園 期日 曜… 2026年6月17日 令和8年度地域少子化対策重点推進事業計画 地域少子化対策重点推進交付金は、都道府県及び市町村が行う結婚に対する取組及
19	芦北町	国民健康保険税	https://www.town.ashikita.lg.jp/kurashi/zeikin/kokuhozei	国民健康保険税 / 芦北町 メニューを飛ばして本文へ 本文へ ハンバーガーメニューを開く MENU CLOSE 文字サイズ変更 拡大 文字を大きくする 標準 文字の大きさをもとの大きさに戻す 背景色変更 黒 背景色の変更：黒 青 背景色の変更：青 標準 背景色の変更：白 Foreign Language English 繁体中文 简体中文 한국어 --> 検索 くらしの情報 戸籍・住民票・印鑑登録など 税（料）金 ごみ・住環境・ペット 住宅・建築物・上下水道 道路・河川・公園 安心・安全 申請書ダウンロード 相談窓口 福祉・健康 健康・医療 年金・健康保険 高齢者福祉 障がい者福祉 社会福祉 子育て・教育・文化 子育て 教育 スポーツ 歴史・文化 産業・しごと 産業 入札関連 町政情報 芦北町の紹介 町長室 議会 組織 広報・広聴 施策・計画 財政 職員採用・人事 選挙 ハンバーガーメニューを閉じる メニューをとじる 文字サイズ変更 拡大 文字を大きくする 標準 文字の大きさをもとの大きさに戻す 背景色変更 黒 背景色の変更：黒 青 背景色の変更：青 標準 背景色の変更：白 Forei
19	芦北町	高齢・介護	https://www.town.ashikita.lg.jp/kurashisarch/koreikaigo	高齢・介護 / 芦北町 メニューを飛ばして本文へ 本文へ ハンバーガーメニューを開く MENU CLOSE 文字サイズ変更 拡大 文字を大きくする 標準 文字の大きさをもとの大きさに戻す 背景色変更 黒 背景色の変更：黒 青 背景色の変更：青 標準 背景色の変更：白 Foreign Language English 繁体中文 简体中文 한국어 --> 検索 くらしの情報 戸籍・住民票・印鑑登録など 税（料）金 ごみ・住環境・ペット 住宅・建築物・上下水道 道路・河川・公園 安心・安全 申請書ダウンロード 相談窓口 福祉・健康 健康・医療 年金・健康保険 高齢者福祉 障がい者福祉 社会福祉 子育て・教育・文化 子育て 教育 スポーツ 歴史・文化 産業・しごと 産業 入札関連 町政情報 芦北町の紹介 町長室 議会 組織 広報・広聴 施策・計画 財政 職員採用・人事 選挙 ハンバーガーメニューを閉じる メニューをとじる 文字サイズ変更 拡大 文字を大きくする 標準 文字の大きさをもとの大きさに戻す 背景色変更 黒 背景色の変更：黒 青 背景色の変更：青 標準 背景色の変更：白 Foreign
