municipality,score,hits,title,h1,url,snippet
"玉城町","30","制度語|金額|対象|受付","玉城町特殊詐欺等被害防止機器購入補助金について ｜ 玉城町","玉城町特殊詐欺等被害防止機器購入補助金について","https://kizuna.town.tamaki.mie.jp/bosaibohan/bohan/2022tokusyusagihigaiboushi.html","玉城町特殊詐欺等被害防止機器購入補助金について ｜ 玉城町 メニューをスキップします Foreign Languages 文字サイズ変更： 配色変更： くらし･手続き 各種証明書・手続き くらしの相談 元気バス ゴミ・環境 上下水道 税金 建設・建築 マイナンバー ペット 自治区 移住・定住 防災･防犯 災害 救急・救命 火災・防火 防災 防犯 交通安全 国民保護 耐震 健康･福祉 健康・医療 保険・年金 社会福祉協議会 高齢者福祉 障がい者福祉 休日・夜間診療所 子育て･教育 子育て 保育・教育・健全育成 産業･ビジネス 入札情報 農林業 商工業 就労支援 観光･文化･スポーツ 文化・芸術 観光 スポーツ・生涯学習 図書室 公園 町政情報 計画・行革・財政・統計 男女共同参画 施設案内 玉城町例規集 広報・広聴 選挙・議会 玉城町の紹介 個人情報保護・情報公開制度 リンク オンライン申請 Foreign Languages ホーム > 防災・防犯 > 防犯 > 玉城町特殊詐欺等被害防止機器購入補助金について 玉城町特殊詐欺等被害防止機器購入補助金について 特殊詐欺等被害防止機器の購入"
"玉城町","30","制度語|金額|対象|受付","防災｜ 玉城町","防災","https://kizuna.town.tamaki.mie.jp/bosaibohan/bosai/","防災｜ 玉城町 メニューをスキップします Foreign Languages 文字サイズ変更： 配色変更： くらし･手続き 各種証明書・手続き くらしの相談 元気バス ゴミ・環境 上下水道 税金 建設・建築 マイナンバー ペット 自治区 移住・定住 防災･防犯 災害 救急・救命 火災・防火 防災 防犯 交通安全 国民保護 耐震 健康･福祉 健康・医療 保険・年金 社会福祉協議会 高齢者福祉 障がい者福祉 休日・夜間診療所 子育て･教育 子育て 保育・教育・健全育成 産業･ビジネス 入札情報 農林業 商工業 就労支援 観光･文化･スポーツ 文化・芸術 観光 スポーツ・生涯学習 図書室 公園 町政情報 計画・行革・財政・統計 男女共同参画 施設案内 玉城町例規集 広報・広聴 選挙・議会 玉城町の紹介 個人情報保護・情報公開制度 リンク オンライン申請 Foreign Languages ホーム > 防災・防犯 > 防災 防災 玉城町地域防災計画 この計画は、災害対策基本法第42条の規定に基づき、玉城町の地域に係る地震や風水害などの災害の予防、応急対策及び復旧・復興などに関する事項を定めてお"
"玉城町","30","制度語|金額|対象|受付","防災｜ 玉城町","防災","https://kizuna.town.tamaki.mie.jp/bosaibohan/bosai/index.html","防災｜ 玉城町 メニューをスキップします Foreign Languages 文字サイズ変更： 配色変更： くらし･手続き 各種証明書・手続き くらしの相談 元気バス ゴミ・環境 上下水道 税金 建設・建築 マイナンバー ペット 自治区 移住・定住 防災･防犯 災害 救急・救命 火災・防火 防災 防犯 交通安全 国民保護 耐震 健康･福祉 健康・医療 保険・年金 社会福祉協議会 高齢者福祉 障がい者福祉 休日・夜間診療所 子育て･教育 子育て 保育・教育・健全育成 産業･ビジネス 入札情報 農林業 商工業 就労支援 観光･文化･スポーツ 文化・芸術 観光 スポーツ・生涯学習 図書室 公園 町政情報 計画・行革・財政・統計 男女共同参画 施設案内 玉城町例規集 広報・広聴 選挙・議会 玉城町の紹介 個人情報保護・情報公開制度 リンク オンライン申請 Foreign Languages ホーム > 防災・防犯 > 防災 防災 玉城町地域防災計画 この計画は、災害対策基本法第42条の規定に基づき、玉城町の地域に係る地震や風水害などの災害の予防、応急対策及び復旧・復興などに関する事項を定めてお"
"玉城町","30","制度語|金額|対象|受付","木造住宅耐震事業補助金制度 ｜ 玉城町","木造住宅耐震事業補助金制度","https://kizuna.town.tamaki.mie.jp/bosaibohan/bosai/mokuzo_jutakuhojokin.html","木造住宅耐震事業補助金制度 ｜ 玉城町 メニューをスキップします Foreign Languages 文字サイズ変更： 配色変更： くらし･手続き 各種証明書・手続き くらしの相談 元気バス ゴミ・環境 上下水道 税金 建設・建築 マイナンバー ペット 自治区 移住・定住 防災･防犯 災害 救急・救命 火災・防火 防災 防犯 交通安全 国民保護 耐震 健康･福祉 健康・医療 保険・年金 社会福祉協議会 高齢者福祉 障がい者福祉 休日・夜間診療所 子育て･教育 子育て 保育・教育・健全育成 産業･ビジネス 入札情報 農林業 商工業 就労支援 観光･文化･スポーツ 文化・芸術 観光 スポーツ・生涯学習 図書室 公園 町政情報 計画・行革・財政・統計 男女共同参画 施設案内 玉城町例規集 広報・広聴 選挙・議会 玉城町の紹介 個人情報保護・情報公開制度 リンク オンライン申請 Foreign Languages ホーム > 防災・防犯 > 防災 > 木造住宅耐震事業補助金制度 木造住宅耐震事業補助金制度 耐震診断 下記の対象住宅に対する無料耐震診断を実施しています。 耐震診断実施申込書を提出"
"玉城町","30","制度語|金額|対象|受付","予防接種｜ 玉城町","予防接種","https://kizuna.town.tamaki.mie.jp/kenkofukushi/kenkoiryo/kenko/yobousessyu.html","予防接種｜ 玉城町 メニューをスキップします Foreign Languages 文字サイズ変更： 配色変更： くらし･手続き 各種証明書・手続き くらしの相談 元気バス ゴミ・環境 上下水道 税金 建設・建築 マイナンバー ペット 自治区 移住・定住 防災･防犯 災害 救急・救命 火災・防火 防災 防犯 交通安全 国民保護 耐震 健康･福祉 健康・医療 保険・年金 社会福祉協議会 高齢者福祉 障がい者福祉 休日・夜間診療所 子育て･教育 子育て 保育・教育・健全育成 産業･ビジネス 入札情報 農林業 商工業 就労支援 観光･文化･スポーツ 文化・芸術 観光 スポーツ・生涯学習 図書室 公園 町政情報 計画・行革・財政・統計 男女共同参画 施設案内 玉城町例規集 広報・広聴 選挙・議会 玉城町の紹介 個人情報保護・情報公開制度 リンク オンライン申請 Foreign Languages ホーム > 健康・福祉 > 健康・医療 > 健康 > 予防接種 予防接種 予防接種について 接種を受ける前には、予防接種の必要性や注意点、副反応など正しい知識を持ってから受けるようにしましょう。 ＜乳幼"
"玉城町","30","制度語|金額|対象|受付","令和7年4月より高齢者の補聴器購入費の一部助成を開始します。 ｜ 玉城町","令和7年4月より高齢者の補聴器購入費の一部助成を開始します。","https://kizuna.town.tamaki.mie.jp/kenkofukushi/koureishafukushi/jyosei/hochoki_josei.html","令和7年4月より高齢者の補聴器購入費の一部助成を開始します。 ｜ 玉城町 メニューをスキップします Foreign Languages 文字サイズ変更： 配色変更： くらし･手続き 各種証明書・手続き くらしの相談 元気バス ゴミ・環境 上下水道 税金 建設・建築 マイナンバー ペット 自治区 移住・定住 防災･防犯 災害 救急・救命 火災・防火 防災 防犯 交通安全 国民保護 耐震 健康･福祉 健康・医療 保険・年金 社会福祉協議会 高齢者福祉 障がい者福祉 休日・夜間診療所 子育て･教育 子育て 保育・教育・健全育成 産業･ビジネス 入札情報 農林業 商工業 就労支援 観光･文化･スポーツ 文化・芸術 観光 スポーツ・生涯学習 図書室 公園 町政情報 計画・行革・財政・統計 男女共同参画 施設案内 玉城町例規集 広報・広聴 選挙・議会 玉城町の紹介 個人情報保護・情報公開制度 リンク オンライン申請 Foreign Languages ホーム > 健康・福祉 > 高齢者福祉 > 高齢者への助成・支援制度 > 令和7年4月より高齢者の補聴器購入費の一部助成を開始します。 令和7年4月"
"玉城町","30","制度語|金額|対象|受付","令和8年度玉城町学習塾代助成事業奨学生募集について ｜ 玉城町","令和8年度玉城町学習塾代助成事業奨学生募集について","https://kizuna.town.tamaki.mie.jp/kosodatekyoiku/hoikukyoiku/gakko/jukushogakukin_7.html","令和8年度玉城町学習塾代助成事業奨学生募集について ｜ 玉城町 メニューをスキップします Foreign Languages 文字サイズ変更： 配色変更： くらし･手続き 各種証明書・手続き くらしの相談 元気バス ゴミ・環境 上下水道 税金 建設・建築 マイナンバー ペット 自治区 移住・定住 防災･防犯 災害 救急・救命 火災・防火 防災 防犯 交通安全 国民保護 耐震 健康･福祉 健康・医療 保険・年金 社会福祉協議会 高齢者福祉 障がい者福祉 休日・夜間診療所 子育て･教育 子育て 保育・教育・健全育成 産業･ビジネス 入札情報 農林業 商工業 就労支援 観光･文化･スポーツ 文化・芸術 観光 スポーツ・生涯学習 図書室 公園 町政情報 計画・行革・財政・統計 男女共同参画 施設案内 玉城町例規集 広報・広聴 選挙・議会 玉城町の紹介 個人情報保護・情報公開制度 リンク オンライン申請 Foreign Languages ホーム > 子育て・教育 > 保育・教育・健全育成 > 小中学校 > 令和8年度玉城町学習塾代助成事業奨学生募集について 令和8年度玉城町学習塾代助成事業奨学"
"玉城町","30","制度語|金額|対象|受付","令和8年度玉城町奨学金制度の奨学生募集について ｜ 玉城町","令和8年度玉城町奨学金制度の奨学生募集について","https://kizuna.town.tamaki.mie.jp/kosodatekyoiku/hoikukyoiku/gakko/tamaki_shogakukin.html","令和8年度玉城町奨学金制度の奨学生募集について ｜ 玉城町 メニューをスキップします Foreign Languages 文字サイズ変更： 配色変更： くらし･手続き 各種証明書・手続き くらしの相談 元気バス ゴミ・環境 上下水道 税金 建設・建築 マイナンバー ペット 自治区 移住・定住 防災･防犯 災害 救急・救命 火災・防火 防災 防犯 交通安全 国民保護 耐震 健康･福祉 健康・医療 保険・年金 社会福祉協議会 高齢者福祉 障がい者福祉 休日・夜間診療所 子育て･教育 子育て 保育・教育・健全育成 産業･ビジネス 入札情報 農林業 商工業 就労支援 観光･文化･スポーツ 文化・芸術 観光 スポーツ・生涯学習 図書室 公園 町政情報 計画・行革・財政・統計 男女共同参画 施設案内 玉城町例規集 広報・広聴 選挙・議会 玉城町の紹介 個人情報保護・情報公開制度 リンク オンライン申請 Foreign Languages ホーム > 子育て・教育 > 保育・教育・健全育成 > 小中学校 > 令和8年度玉城町奨学金制度の奨学生募集について 令和8年度玉城町奨学金制度の奨学生募集につい"
"玉城町","30","制度語|金額|対象|受付","家庭保育応援給付金の支給申請について ｜ 玉城町","家庭保育応援給付金の支給申請について","https://kizuna.town.tamaki.mie.jp/kosodatekyoiku/kosodate/jyosei/2024-0422-1624-10.html","家庭保育応援給付金の支給申請について ｜ 玉城町 メニューをスキップします Foreign Languages 文字サイズ変更： 配色変更： くらし･手続き 各種証明書・手続き くらしの相談 元気バス ゴミ・環境 上下水道 税金 建設・建築 マイナンバー ペット 自治区 移住・定住 防災･防犯 災害 救急・救命 火災・防火 防災 防犯 交通安全 国民保護 耐震 健康･福祉 健康・医療 保険・年金 社会福祉協議会 高齢者福祉 障がい者福祉 休日・夜間診療所 子育て･教育 子育て 保育・教育・健全育成 産業･ビジネス 入札情報 農林業 商工業 就労支援 観光･文化･スポーツ 文化・芸術 観光 スポーツ・生涯学習 図書室 公園 町政情報 計画・行革・財政・統計 男女共同参画 施設案内 玉城町例規集 広報・広聴 選挙・議会 玉城町の紹介 個人情報保護・情報公開制度 リンク オンライン申請 Foreign Languages ホーム > 子育て・教育 > 子育て > 子育てへの助成 > 家庭保育応援給付金の支給申請について 家庭保育応援給付金の支給申請について 家庭で育児されている保護者の皆さん"
"玉城町","30","制度語|金額|対象|受付","児童手当制度改正のお知らせ ｜ 玉城町","児童手当制度改正のお知らせ","https://kizuna.town.tamaki.mie.jp/kosodatekyoiku/kosodate/jyosei/jido_teatekaisei.html","児童手当制度改正のお知らせ ｜ 玉城町 メニューをスキップします Foreign Languages 文字サイズ変更： 配色変更： くらし･手続き 各種証明書・手続き くらしの相談 元気バス ゴミ・環境 上下水道 税金 建設・建築 マイナンバー ペット 自治区 移住・定住 防災･防犯 災害 救急・救命 火災・防火 防災 防犯 交通安全 国民保護 耐震 健康･福祉 健康・医療 保険・年金 社会福祉協議会 高齢者福祉 障がい者福祉 休日・夜間診療所 子育て･教育 子育て 保育・教育・健全育成 産業･ビジネス 入札情報 農林業 商工業 就労支援 観光･文化･スポーツ 文化・芸術 観光 スポーツ・生涯学習 図書室 公園 町政情報 計画・行革・財政・統計 男女共同参画 施設案内 玉城町例規集 広報・広聴 選挙・議会 玉城町の紹介 個人情報保護・情報公開制度 リンク オンライン申請 Foreign Languages ホーム > 子育て・教育 > 子育て > 子育てへの助成 > 児童手当制度改正のお知らせ 児童手当制度改正のお知らせ 令和6年10月から児童手当制度が改正されます。 新たに玉城町に申"
"玉城町","30","制度語|金額|対象|受付","結婚新生活支援事業補助金 ｜ 玉城町","結婚新生活支援事業補助金","https://kizuna.town.tamaki.mie.jp/kurashi/ijyuteijyu/2026-0709-0825-11.html","結婚新生活支援事業補助金 ｜ 玉城町 メニューをスキップします Foreign Languages 文字サイズ変更： 配色変更： くらし･手続き 各種証明書・手続き くらしの相談 元気バス ゴミ・環境 上下水道 税金 建設・建築 マイナンバー ペット 自治区 移住・定住 防災･防犯 災害 救急・救命 火災・防火 防災 防犯 交通安全 国民保護 耐震 健康･福祉 健康・医療 保険・年金 社会福祉協議会 高齢者福祉 障がい者福祉 休日・夜間診療所 子育て･教育 子育て 保育・教育・健全育成 産業･ビジネス 入札情報 農林業 商工業 就労支援 観光･文化･スポーツ 文化・芸術 観光 スポーツ・生涯学習 図書室 公園 町政情報 計画・行革・財政・統計 男女共同参画 施設案内 玉城町例規集 広報・広聴 選挙・議会 玉城町の紹介 個人情報保護・情報公開制度 リンク オンライン申請 Foreign Languages ホーム > くらし・手続き > 移住・定住 > 結婚新生活支援事業補助金 結婚新生活支援事業補助金 新婚夫婦の新居の住居費・リフォーム費用・引越費用の補助を行います。 対象となる夫婦 "
"玉城町","30","制度語|金額|対象|受付","空家対策事業補助金について ｜ 玉城町","空家対策事業補助金について","https://kizuna.town.tamaki.mie.jp/kurashi/ijyuteijyu/akiyahojo.html","空家対策事業補助金について ｜ 玉城町 メニューをスキップします Foreign Languages 文字サイズ変更： 配色変更： くらし･手続き 各種証明書・手続き くらしの相談 元気バス ゴミ・環境 上下水道 税金 建設・建築 マイナンバー ペット 自治区 移住・定住 防災･防犯 災害 救急・救命 火災・防火 防災 防犯 交通安全 国民保護 耐震 健康･福祉 健康・医療 保険・年金 社会福祉協議会 高齢者福祉 障がい者福祉 休日・夜間診療所 子育て･教育 子育て 保育・教育・健全育成 産業･ビジネス 入札情報 農林業 商工業 就労支援 観光･文化･スポーツ 文化・芸術 観光 スポーツ・生涯学習 図書室 公園 町政情報 計画・行革・財政・統計 男女共同参画 施設案内 玉城町例規集 広報・広聴 選挙・議会 玉城町の紹介 個人情報保護・情報公開制度 リンク オンライン申請 Foreign Languages ホーム > くらし・手続き > 移住・定住 > 空家対策事業補助金について 空家対策事業補助金について 玉城町では、町内に所在する空家の有効利用を図るとともに、移住を促進し、定住人口"
"玉城町","30","制度語|金額|対象|受付","玉城町太陽光発電設備等設置費補助金のご案内 ｜ 玉城町","玉城町太陽光発電設備等設置費補助金のご案内","https://kizuna.town.tamaki.mie.jp/kurashi/kankyo/hojyo/taiyokohatuden_setitohojokin.html","玉城町太陽光発電設備等設置費補助金のご案内 ｜ 玉城町 メニューをスキップします Foreign Languages 文字サイズ変更： 配色変更： くらし･手続き 各種証明書・手続き くらしの相談 元気バス ゴミ・環境 上下水道 税金 建設・建築 マイナンバー ペット 自治区 移住・定住 防災･防犯 災害 救急・救命 火災・防火 防災 防犯 交通安全 国民保護 耐震 健康･福祉 健康・医療 保険・年金 社会福祉協議会 高齢者福祉 障がい者福祉 休日・夜間診療所 子育て･教育 子育て 保育・教育・健全育成 産業･ビジネス 入札情報 農林業 商工業 就労支援 観光･文化･スポーツ 文化・芸術 観光 スポーツ・生涯学習 図書室 公園 町政情報 計画・行革・財政・統計 男女共同参画 施設案内 玉城町例規集 広報・広聴 選挙・議会 玉城町の紹介 個人情報保護・情報公開制度 リンク オンライン申請 Foreign Languages ホーム > くらし・手続き > ゴミ・環境 > 補助 > 玉城町太陽光発電設備等設置費補助金のご案内 玉城町太陽光発電設備等設置費補助金のご案内 玉城町太陽光発電設備"
"玉城町","30","制度語|金額|対象|受付","玉城町新規狩猟免許等取得費補助金について ｜ 玉城町","玉城町新規狩猟免許等取得費補助金について","https://kizuna.town.tamaki.mie.jp/sangyobusiness/noringyo/syuryomenkyo_hojokin.html","玉城町新規狩猟免許等取得費補助金について ｜ 玉城町 メニューをスキップします Foreign Languages 文字サイズ変更： 配色変更： くらし･手続き 各種証明書・手続き くらしの相談 元気バス ゴミ・環境 上下水道 税金 建設・建築 マイナンバー ペット 自治区 移住・定住 防災･防犯 災害 救急・救命 火災・防火 防災 防犯 交通安全 国民保護 耐震 健康･福祉 健康・医療 保険・年金 社会福祉協議会 高齢者福祉 障がい者福祉 休日・夜間診療所 子育て･教育 子育て 保育・教育・健全育成 産業･ビジネス 入札情報 農林業 商工業 就労支援 観光･文化･スポーツ 文化・芸術 観光 スポーツ・生涯学習 図書室 公園 町政情報 計画・行革・財政・統計 男女共同参画 施設案内 玉城町例規集 広報・広聴 選挙・議会 玉城町の紹介 個人情報保護・情報公開制度 リンク オンライン申請 Foreign Languages ホーム > 産業・ビジネス > 農林業 > 玉城町新規狩猟免許等取得費補助金について 玉城町新規狩猟免許等取得費補助金について 狩猟免許の取得費用の補助を行います。 対"
"大紀町","30","制度語|金額|対象|受付","高齢者の予防接種／大紀町ホームページ","高齢者の予防接種","https://www.town.taiki.mie.jp/iryo_kenko_fukushi/iryo_kenko/sessyu_all/1008.html","高齢者の予防接種／大紀町ホームページ スマートフォン版を表示 本文へ 背景色変更 文字サイズ変更 Foreign Language English 中文（繁体） 中文（簡体） &#54620;&#44397;&#50612; Espa&#241;ol Portugu&#234;s &#102;&#114;&#97;&#110;&#231;&#97;&#105;&#115; Go くらし・手続き 医療・健康・福祉 子育て・教育 観光・文化・ スポーツ しごと・産業 行政情報 くらし・手続き くらし・手続きを開く 医療・健康・福祉 医療・健康・福祉を開く 子育て・教育 子育て・教育を開く 観光・文化・スポーツ 観光・文化・スポーツを開く しごと・産業 しごと・産業を開く 行政情報 行政情報を開く 背景色変更 文字サイズ変更 Foreign Languages English 中文（繁体） 中文（簡体） &#54620;&#44397;&#50612; Espa&#241;ol Portugu&#234;s &#102;&#114;&#97;&#110;&#231;&#97;&#105;&#"
"大紀町","30","制度語|金額|対象|受付","成人の予防接種／大紀町ホームページ","成人の予防接種","https://www.town.taiki.mie.jp/iryo_kenko_fukushi/iryo_kenko/sessyu_all/1009.html","成人の予防接種／大紀町ホームページ スマートフォン版を表示 本文へ 背景色変更 文字サイズ変更 Foreign Language English 中文（繁体） 中文（簡体） &#54620;&#44397;&#50612; Espa&#241;ol Portugu&#234;s &#102;&#114;&#97;&#110;&#231;&#97;&#105;&#115; Go くらし・手続き 医療・健康・福祉 子育て・教育 観光・文化・ スポーツ しごと・産業 行政情報 くらし・手続き くらし・手続きを開く 医療・健康・福祉 医療・健康・福祉を開く 子育て・教育 子育て・教育を開く 観光・文化・スポーツ 観光・文化・スポーツを開く しごと・産業 しごと・産業を開く 行政情報 行政情報を開く 背景色変更 文字サイズ変更 Foreign Languages English 中文（繁体） 中文（簡体） &#54620;&#44397;&#50612; Espa&#241;ol Portugu&#234;s &#102;&#114;&#97;&#110;&#231;&#97;&#105;&#1"
"大紀町","30","制度語|金額|対象|受付","子どもの予防接種／大紀町ホームページ","子どもの予防接種","https://www.town.taiki.mie.jp/iryo_kenko_fukushi/iryo_kenko/sessyu_all/1172.html","子どもの予防接種／大紀町ホームページ スマートフォン版を表示 本文へ 背景色変更 文字サイズ変更 Foreign Language English 中文（繁体） 中文（簡体） &#54620;&#44397;&#50612; Espa&#241;ol Portugu&#234;s &#102;&#114;&#97;&#110;&#231;&#97;&#105;&#115; Go くらし・手続き 医療・健康・福祉 子育て・教育 観光・文化・ スポーツ しごと・産業 行政情報 くらし・手続き くらし・手続きを開く 医療・健康・福祉 医療・健康・福祉を開く 子育て・教育 子育て・教育を開く 観光・文化・スポーツ 観光・文化・スポーツを開く しごと・産業 しごと・産業を開く 行政情報 行政情報を開く 背景色変更 文字サイズ変更 Foreign Languages English 中文（繁体） 中文（簡体） &#54620;&#44397;&#50612; Espa&#241;ol Portugu&#234;s &#102;&#114;&#97;&#110;&#231;&#97;&#105;&#"
"大紀町","30","制度語|金額|対象|受付","その他の予防接種／大紀町ホームページ","その他の予防接種","https://www.town.taiki.mie.jp/iryo_kenko_fukushi/iryo_kenko/sessyu_all/1540.html","その他の予防接種／大紀町ホームページ スマートフォン版を表示 本文へ 背景色変更 文字サイズ変更 Foreign Language English 中文（繁体） 中文（簡体） &#54620;&#44397;&#50612; Espa&#241;ol Portugu&#234;s &#102;&#114;&#97;&#110;&#231;&#97;&#105;&#115; Go くらし・手続き 医療・健康・福祉 子育て・教育 観光・文化・ スポーツ しごと・産業 行政情報 くらし・手続き くらし・手続きを開く 医療・健康・福祉 医療・健康・福祉を開く 子育て・教育 子育て・教育を開く 観光・文化・スポーツ 観光・文化・スポーツを開く しごと・産業 しごと・産業を開く 行政情報 行政情報を開く 背景色変更 文字サイズ変更 Foreign Languages English 中文（繁体） 中文（簡体） &#54620;&#44397;&#50612; Espa&#241;ol Portugu&#234;s &#102;&#114;&#97;&#110;&#231;&#97;&#105;&#"
"大台町","30","制度語|金額|対象|受付","予防接種／大台町","予防接種","https://www.odaitown.jp/kenko_fukushi/iryo_kenko/5/index.html","予防接種／大台町 スマートフォン版を表示 本文へ 閲覧支援 文字サイズ 背景色変更 Foreign Language 閲覧支援 閉じる 暮らし・手続き 健康・福祉 子育て・教育 産業・まちづくり 行政情報 暮らし・手続き 健康・福祉 子育て・教育 産業・まちづくり 行政情報 文字サイズ 背景色変更 Foreign Language PCサイトを表示 現在のページ ホーム 健康・福祉 医療・健康 予防接種 予防接種 令和8年度 妊婦・子どもの定期予防接種実施医療機関一覧 県外予防接種費の助成について 日本脳炎ワクチンの特例対象について 風しんの予防について インフルエンザ予防接種のご案内 高齢者肺炎球菌ワクチン接種を受けましょう！ 麻しん（はしか）が流行しています 帯状疱疹ワクチンについて おたふくかぜ予防接種費用の全額助成について ヒトパピローマウイルス（HPV）ワクチンについて キーワード検索 医療・健康 ページの先頭へ 大台町役場 〒519-2404 三重県多気郡大台町佐原750番地 電話（代表）0598-82-3781 ファックス（代表）0598-82-1618 お問い合わせ ア"
"大台町","30","制度語|金額|対象|受付","自立支援給付等及び地域生活支援事業等によるサービス／大台町","自立支援給付等及び地域生活支援事業等によるサービス","https://www.odaitown.jp/kenko_fukushi/shogaifukushi/1378.html","自立支援給付等及び地域生活支援事業等によるサービス／大台町 スマートフォン版を表示 本文へ 閲覧支援 文字サイズ 背景色変更 Foreign Language 閲覧支援 閉じる 暮らし・手続き 健康・福祉 子育て・教育 産業・まちづくり 行政情報 暮らし・手続き 健康・福祉 子育て・教育 産業・まちづくり 行政情報 文字サイズ 背景色変更 Foreign Language PCサイトを表示 現在のページ ホーム 健康・福祉 障がい福祉 自立支援給付等及び地域生活支援事業等によるサービス 自立支援給付等及び地域生活支援事業等によるサービス 更新日：2023年07月14日 障がい福祉サービス等の概要 障害者総合支援法に基づく自立支援給付とは、介護給付及び訓練等給付による障がい福祉サービスや地域相談支援給付、補装具費や自立支援医療費の支給があります。 障がい福祉サービスは、個々の障がいのある人々の障がい程度や勘案すべき事項を踏まえ、個別に支給決定を行います。 また、児童福祉法に基づく、心身の発達に課題のある児童の支援として、障害児通所給付費の支給があります。 【対象者】 ・身体障がいのある方"
"大台町","30","制度語|金額|対象|受付","こども誰でも通園制度について／大台町","こども誰でも通園制度について","https://www.odaitown.jp/kosodate_kyoiku/kosodateshien/3027.html","こども誰でも通園制度について／大台町 スマートフォン版を表示 本文へ 閲覧支援 文字サイズ 背景色変更 Foreign Language 閲覧支援 閉じる 暮らし・手続き 健康・福祉 子育て・教育 産業・まちづくり 行政情報 暮らし・手続き 健康・福祉 子育て・教育 産業・まちづくり 行政情報 文字サイズ 背景色変更 Foreign Language PCサイトを表示 現在のページ ホーム 子育て・教育 子育て支援 こども誰でも通園制度について こども誰でも通園制度について Tweet 更新日：2026年04月13日 こども誰でも通園制度の概要 こども誰でも通園制度は、生後6か月から満3歳未満までの、保育所等に通っていないこどもが、保護者の就労要件などを問わず、月一定時間まで保育所等に通園できる新たな制度です。 実施期間 令和8年4月1日（水曜日） より実施いたします。 ※利用にあたっては、利用申請が必要で 申請の受付は令和8年2月2日（月曜日） より開始いたします。 大台町内の実施施設である三瀬谷認定こども園への初回面談の予約については、 3月より随時受付させていただきます。 実施施"
"大台町","30","制度語|金額|対象|受付","妊婦健診を受けましょう／大台町","妊婦健診を受けましょう","https://www.odaitown.jp/kosodate_kyoiku/ninshin_shussan/1130.html","妊婦健診を受けましょう／大台町 スマートフォン版を表示 本文へ 閲覧支援 文字サイズ 背景色変更 Foreign Language 閲覧支援 閉じる 暮らし・手続き 健康・福祉 子育て・教育 産業・まちづくり 行政情報 暮らし・手続き 健康・福祉 子育て・教育 産業・まちづくり 行政情報 文字サイズ 背景色変更 Foreign Language PCサイトを表示 現在のページ ホーム 子育て・教育 妊娠・出産 妊婦健診を受けましょう 妊婦健診を受けましょう 更新日：2026年04月01日 妊娠は、新しい生命を10か月かけて胎内で育てる大切な時期です。妊娠中は、ふだんよりいっそう、健康に気をつけていただきたいものです。 妊婦健診は、妊婦さんや赤ちゃんの健康状態を定期的に確認するために行います。 また、妊娠期間を安心して過ごしていただくために、医師や助産師から、妊娠中の生活指導や体重管理などのアドバイスを受けたり、妊娠・出産・育児に関する相談をすることもできます。 受診方法 母子健康手帳発行時にお渡しする妊婦一般健康診査受診票（母子保健のしおり）を医療機関窓口で提出することで、14回の健診"
"大台町","30","制度語|金額|対象|受付","大台町不育症治療費助成事業／大台町","大台町不育症治療費助成事業","https://www.odaitown.jp/kosodate_kyoiku/teate_josei/1040.html","大台町不育症治療費助成事業／大台町 スマートフォン版を表示 本文へ 閲覧支援 文字サイズ 背景色変更 Foreign Language 閲覧支援 閉じる 暮らし・手続き 健康・福祉 子育て・教育 産業・まちづくり 行政情報 暮らし・手続き 健康・福祉 子育て・教育 産業・まちづくり 行政情報 文字サイズ 背景色変更 Foreign Language PCサイトを表示 現在のページ ホーム 子育て・教育 手当・助成 大台町不育症治療費助成事業 大台町不育症治療費助成事業 更新日：2025年04月01日 令和3年1月1日以降に終了した治療に対し、制度が拡充されました 【改正内容】 事実婚も対象となりました。 不育症とは 厚生労働省では、妊娠はするものの2回以上繰り返す流産や死産などによって赤ちゃんを授かれないことを不育症としています。 町では平成26年7月1日より、不育症の治療を受けているご夫婦に対し、保険適用外治療費等の一部を助成します。 対象となる治療 平成26年7月1日以降に、町が指定する医療機関において夫婦が受けた不育症の治療及びその治療に係る検査に要した費用 対象者 次の要件です"
"大台町","30","制度語|金額|対象|受付","大台町特定不妊治療費（先進医療）助成事業／大台町","大台町特定不妊治療費（先進医療）助成事業","https://www.odaitown.jp/kosodate_kyoiku/teate_josei/1081.html","大台町特定不妊治療費（先進医療）助成事業／大台町 スマートフォン版を表示 本文へ 閲覧支援 文字サイズ 背景色変更 Foreign Language 閲覧支援 閉じる 暮らし・手続き 健康・福祉 子育て・教育 産業・まちづくり 行政情報 暮らし・手続き 健康・福祉 子育て・教育 産業・まちづくり 行政情報 文字サイズ 背景色変更 Foreign Language PCサイトを表示 現在のページ ホーム 子育て・教育 手当・助成 大台町特定不妊治療費（先進医療）助成事業 大台町特定不妊治療費（先進医療）助成事業 更新日：2026年03月26日 特定不妊治療を受ける方の経済的負担を軽減するため、指定された医療機関において、保険診療の特定不妊治療と併用して先進医療（自費）を受けたご夫婦を対象に治療費の一部を助成します。 対象となる治療 先進医療の実施医療機関または承認されている保険医療機関において、保険診療の特定不妊治療と併用して実施した先進医療 対象者 以下の全ての条件を満たしている方が対象となります。 ・治療開始時点で法律上の夫婦、または事実上の婚姻関係にある夫婦であること。（ただし、事"
"大台町","30","制度語|金額|対象|受付","大台町保険適用終了後の特定不妊治療に対する回数追加事業について／大台町","大台町保険適用終了後の特定不妊治療に対する回数追加事業について","https://www.odaitown.jp/kosodate_kyoiku/teate_josei/1095.html","大台町保険適用終了後の特定不妊治療に対する回数追加事業について／大台町 スマートフォン版を表示 本文へ 閲覧支援 文字サイズ 背景色変更 Foreign Language 閲覧支援 閉じる 暮らし・手続き 健康・福祉 子育て・教育 産業・まちづくり 行政情報 暮らし・手続き 健康・福祉 子育て・教育 産業・まちづくり 行政情報 文字サイズ 背景色変更 Foreign Language PCサイトを表示 現在のページ ホーム 子育て・教育 手当・助成 大台町保険適用終了後の特定不妊治療に対する回数追加事業について 大台町保険適用終了後の特定不妊治療に対する回数追加事業について 更新日：2025年11月01日 特定不妊治療を受ける方の経済的負担を軽減するため、指定された医療機関において、特定不妊治療の保険適用の上限回数終了後も治療を継続している夫婦に回数追加として、費用の一部を助成します。 〇対象となる治療 対象となる治療は、以下のAからFの治療ステージのいずれかにあてはまる保険適用外の特定不妊治療とします。食事代、入院費、文書料及び凍結保存にかかる費用等は助成の対象とはなりません。 A："
"大台町","30","制度語|金額|対象|受付","新生児聴覚スクリーニング検査費用一部助成／大台町","新生児聴覚スクリーニング検査費用一部助成","https://www.odaitown.jp/kosodate_kyoiku/teate_josei/2452.html","新生児聴覚スクリーニング検査費用一部助成／大台町 スマートフォン版を表示 本文へ 閲覧支援 文字サイズ 背景色変更 Foreign Language 閲覧支援 閉じる 暮らし・手続き 健康・福祉 子育て・教育 産業・まちづくり 行政情報 暮らし・手続き 健康・福祉 子育て・教育 産業・まちづくり 行政情報 文字サイズ 背景色変更 Foreign Language PCサイトを表示 現在のページ ホーム 子育て・教育 手当・助成 新生児聴覚スクリーニング検査費用一部助成 新生児聴覚スクリーニング検査費用一部助成 Tweet 更新日：2024年04月08日 新生児聴覚スクリーニング検査費用一部助成について 新生児聴覚スクリーニング検査とは 生まれつき聞こえ（聴覚）に問題を持つ赤ちゃんは、1,000人に1～2人といわれています。早期に発見し、適切な治療・援助をしてあげることが、ことばの発達の上でも大切です。 大台町では、新生児聴覚スクリーニング検査費用の一部助成を行っています。検査の目的や方法などを理解していただき、検査を受けられることをお勧めします。 ・検査方法 自動聴性脳幹反応検査（自動"
"大台町","30","制度語|金額|対象|受付","すこやかベビー出産祝い金／大台町","すこやかベビー出産祝い金","https://www.odaitown.jp/kosodate_kyoiku/teate_josei/2726.html","すこやかベビー出産祝い金／大台町 スマートフォン版を表示 本文へ 閲覧支援 文字サイズ 背景色変更 Foreign Language 閲覧支援 閉じる 暮らし・手続き 健康・福祉 子育て・教育 産業・まちづくり 行政情報 暮らし・手続き 健康・福祉 子育て・教育 産業・まちづくり 行政情報 文字サイズ 背景色変更 Foreign Language PCサイトを表示 現在のページ ホーム 子育て・教育 手当・助成 すこやかベビー出産祝い金 すこやかベビー出産祝い金 Tweet 更新日：2025年02月20日 新生児を出産された方に祝い金を支給します。 出産の日から起算して60日以内に、福祉課にて手続きしてください。 申請には、振込先の金融機関口座番号が確認できる通帳が必要です。 【対象者】 大台町に1年以上住所登録があり、新生児と生計を一にし、養育している方 【祝い金の金額(新生児1人分)】 新生児一人につき 100,000円 すこやかベビー出産祝い金支給申請書 (PDFファイル: 61.7KB) この記事に関するお問い合わせ先 大台町役場 福祉課 〒519-2404 三重県多気郡大台町"
"大台町","30","制度語|金額|対象|受付","1か月児健康診査一部助成／大台町","1か月児健康診査一部助成","https://www.odaitown.jp/kosodate_kyoiku/teate_josei/2763.html","1か月児健康診査一部助成／大台町 スマートフォン版を表示 本文へ 閲覧支援 文字サイズ 背景色変更 Foreign Language 閲覧支援 閉じる 暮らし・手続き 健康・福祉 子育て・教育 産業・まちづくり 行政情報 暮らし・手続き 健康・福祉 子育て・教育 産業・まちづくり 行政情報 文字サイズ 背景色変更 Foreign Language PCサイトを表示 現在のページ ホーム 子育て・教育 手当・助成 1か月児健康診査一部助成 1か月児健康診査一部助成 Tweet 更新日：2025年04月01日 1か月児健康診査費用の一部助成について 令和7年4月から1か月児健康診査費用の一部又は全額の助成を行っています。1か月児健康診査は、赤ちゃんの成長や発達、保護者の方の心配事や気になることを確認する大切な健康診査です。受診機関により助成方法が異なりますので、ご確認の上、受診してください。 ・対象者 受診日において大台町に住民票があり、概ね生後1か月のお子さん(生後2か月未満まで) ※令和7年4月1日以降に受診される健康診査が対象。保険診療で実施した場合は対象外。 ・助成回数 対象のお子"
"大台町","30","制度語|金額|対象|受付","着床前胚染色体異数性検査（PGT-A）を含む特定不妊治療費助成事業／大台町","着床前胚染色体異数性検査（PGT-A）を含む特定不妊治療費助成事業","https://www.odaitown.jp/kosodate_kyoiku/teate_josei/2984.html","着床前胚染色体異数性検査（PGT-A）を含む特定不妊治療費助成事業／大台町 スマートフォン版を表示 本文へ 閲覧支援 文字サイズ 背景色変更 Foreign Language 閲覧支援 閉じる 暮らし・手続き 健康・福祉 子育て・教育 産業・まちづくり 行政情報 暮らし・手続き 健康・福祉 子育て・教育 産業・まちづくり 行政情報 文字サイズ 背景色変更 Foreign Language PCサイトを表示 現在のページ ホーム 子育て・教育 手当・助成 着床前胚染色体異数性検査（PGT-A）を含む特定不妊治療費助成事業 着床前胚染色体異数性検査（PGT-A）を含む特定不妊治療費助成事業 Tweet 更新日：2025年11月01日 着床前胚染色体異数性検査（PGT-A）を含む特定不妊治療については混合診療となり保険適用外となりますが、対象条件に合う場合は助成を行います。 ＜着床前胚染色体異数性検査（PGT-A）とは＞ 不妊治療において、体外受精で得た受精卵を子宮に戻す「胚移植」は最も効果の高い治療法の一つとされています。着床前に胚の染色体を調べる「PGT-A」は、体外受精によって得た受精"
"大台町","30","制度語|金額|対象|受付","生ごみ処理機購入補助金制度／大台町","生ごみ処理機購入補助金制度","https://www.odaitown.jp/kurashi_tetsuzuki/gomi_kankyo/1/1313.html","生ごみ処理機購入補助金制度／大台町 スマートフォン版を表示 本文へ 閲覧支援 文字サイズ 背景色変更 Foreign Language 閲覧支援 閉じる 暮らし・手続き 健康・福祉 子育て・教育 産業・まちづくり 行政情報 暮らし・手続き 健康・福祉 子育て・教育 産業・まちづくり 行政情報 文字サイズ 背景色変更 Foreign Language PCサイトを表示 現在のページ ホーム 暮らし・手続き ごみ・環境 家庭ごみ 生ごみ処理機購入補助金制度 生ごみ処理機購入補助金制度 更新日：2025年03月31日 大台町では、一般家庭から排出される生ごみの減量及び資源の再利用意識の高揚を図るため、生ごみ処理機を設置する方に対して補助金を交付しております。予算の範囲内での補助となりますので、事前に生活環境課までお問い合わせください。 補助対象者 大台町に住所を有し、居住している人 5年以内にこの補助金の交付を受けていない世帯の人 補助金額 処理機の購入に要した経費の2分の1（百円未満の端数は切捨て）とし、次に定める額を1台当たりの限度額とします。 電気式処理機： 30,000 円/台 非電"
"大台町","30","制度語|金額|対象|受付","ごみ減量化(資源ごみ回収ステーション・その他補助)について／大台町","ごみ減量化(資源ごみ回収ステーション・その他補助)について","https://www.odaitown.jp/kurashi_tetsuzuki/gomi_kankyo/1/903.html","ごみ減量化(資源ごみ回収ステーション・その他補助)について／大台町 スマートフォン版を表示 本文へ 閲覧支援 文字サイズ 背景色変更 Foreign Language 閲覧支援 閉じる 暮らし・手続き 健康・福祉 子育て・教育 産業・まちづくり 行政情報 暮らし・手続き 健康・福祉 子育て・教育 産業・まちづくり 行政情報 文字サイズ 背景色変更 Foreign Language PCサイトを表示 現在のページ ホーム 暮らし・手続き ごみ・環境 家庭ごみ ごみ減量化(資源ごみ回収ステーション・その他補助)について ごみ減量化(資源ごみ回収ステーション・その他補助)について 更新日：2026年04月01日 ごみ減量化にご協力ください 大台町では、家庭内のごみの減量化を推進するため、補助制度を設けています。 生ごみ処理機設置にかかる経費補助 生ごみ処理機を設置する方に対して、補助金を交付します。設置に要する経費の2分の1（限度額3万円）を補助します。「大台町生ごみ処理機購入補助金交付要綱」を確認していただき、「大台町生ごみ処理機購入補助金交付申請書」を提出してください。 詳しくはこちら。"
"大台町","30","制度語|金額|対象|受付","大台町電気自動車購入費補助金／大台町","大台町電気自動車購入費補助金","https://www.odaitown.jp/kurashi_tetsuzuki/gomi_kankyo/2/3136.html","大台町電気自動車購入費補助金／大台町 スマートフォン版を表示 本文へ 閲覧支援 文字サイズ 背景色変更 Foreign Language 閲覧支援 閉じる 暮らし・手続き 健康・福祉 子育て・教育 産業・まちづくり 行政情報 暮らし・手続き 健康・福祉 子育て・教育 産業・まちづくり 行政情報 文字サイズ 背景色変更 Foreign Language PCサイトを表示 現在のページ ホーム 暮らし・手続き ごみ・環境 環境 大台町電気自動車購入費補助金 大台町電気自動車購入費補助金 Tweet 更新日：2026年04月01日 大台町電気自動車購入費補助金について 本町における電気自動車の普及を促進し、脱炭素社会の推進及び温室効果ガスの排出削減を図るため、電気自動車を購入する方に向けて、予算の範囲内で電気自動車購入費を補助します。 補助の対象となる車両 CEV補助金の交付規程に基づき、一般社団法人次世代自動車振興センターが実施する補助金交付事業の「電気自動車」の区分の車両とする。 一般社団法人次世代自動車振興センター ※ただし、超小型モビリティ、ミニカー及び側車付二輪自動車・原動機付自転"
"大台町","30","制度語|金額|対象|受付","大台町公共施設への太陽光発電設備導入可能性調査の公表について／大台町","大台町公共施設への太陽光発電設備導入可能性調査の公表について","https://www.odaitown.jp/kurashi_tetsuzuki/gomi_kankyo/2/3141.html","大台町公共施設への太陽光発電設備導入可能性調査の公表について／大台町 スマートフォン版を表示 本文へ 閲覧支援 文字サイズ 背景色変更 Foreign Language 閲覧支援 閉じる 暮らし・手続き 健康・福祉 子育て・教育 産業・まちづくり 行政情報 暮らし・手続き 健康・福祉 子育て・教育 産業・まちづくり 行政情報 文字サイズ 背景色変更 Foreign Language PCサイトを表示 現在のページ ホーム 暮らし・手続き ごみ・環境 環境 大台町公共施設への太陽光発電設備導入可能性調査の公表について 大台町公共施設への太陽光発電設備導入可能性調査の公表について Tweet 更新日：2026年03月23日 2020年10月の政府による「2050年カーボンニュートラル」の宣言を受けて、各分野で脱炭素化に向けた動きが一層加速しています。また、2021年には、「地球温暖化対策の推進に関する法律の一部を改正する法律案」が閣議決定され、法の基本理念として「2050年までの脱炭素社会の実現」が位置付けられました。 このような背景のもと、大台町では、2025年3月に「 大台町地球温暖化"
"大台町","30","制度語|金額|対象|受付","大台町太陽光発電施設の設置に関するガイドライン／大台町","大台町太陽光発電施設の設置に関するガイドライン","https://www.odaitown.jp/kurashi_tetsuzuki/gomi_kankyo/2/3222.html","大台町太陽光発電施設の設置に関するガイドライン／大台町 スマートフォン版を表示 本文へ 閲覧支援 文字サイズ 背景色変更 Foreign Language 閲覧支援 閉じる 暮らし・手続き 健康・福祉 子育て・教育 産業・まちづくり 行政情報 暮らし・手続き 健康・福祉 子育て・教育 産業・まちづくり 行政情報 文字サイズ 背景色変更 Foreign Language PCサイトを表示 現在のページ ホーム 暮らし・手続き ごみ・環境 環境 大台町太陽光発電施設の設置に関するガイドライン 大台町太陽光発電施設の設置に関するガイドライン 更新日：2025年12月16日 令和6年8月 太陽光発電施設の設置に関するガイドラインを改訂します。 平成29年4月1日に施行しました 「太陽光発電施設の設置に関するガイドライン」 を、令和6年8月8日に改訂します。大台町で太陽光発電施設を設置しようとしている方・すでに設置している方におかれましては、改訂ガイドラインに基づいた太陽光発電施設の適正な導入・管理をお願いいたします。 太陽光発電施設の設置に関するガイドライン (PDFファイル: 1.3MB) "
"大台町","30","制度語|金額|対象|受付","令和8年度大台町太陽光発電設備等設置費補助金／大台町","令和8年度大台町太陽光発電設備等設置費補助金","https://www.odaitown.jp/kurashi_tetsuzuki/gomi_kankyo/2/3278.html","令和8年度大台町太陽光発電設備等設置費補助金／大台町 スマートフォン版を表示 本文へ 閲覧支援 文字サイズ 背景色変更 Foreign Language 閲覧支援 閉じる 暮らし・手続き 健康・福祉 子育て・教育 産業・まちづくり 行政情報 暮らし・手続き 健康・福祉 子育て・教育 産業・まちづくり 行政情報 文字サイズ 背景色変更 Foreign Language PCサイトを表示 現在のページ ホーム 暮らし・手続き ごみ・環境 環境 令和8年度大台町太陽光発電設備等設置費補助金 令和8年度大台町太陽光発電設備等設置費補助金 Tweet 更新日：2026年06月05日 大台町太陽光発電設備等設置費補助金について 脱炭素社会の実現に向け再生可能エネルギーの活用促進を図るため、住宅用太陽光発電設備等を購入し設置される方に向けて、次の補助事業を開始します。 大台町太陽光発電設備等設置費補助金交付要綱(PDFファイル:598.4KB) 手続きの都合上、工事等の契約日より2週間以上の余裕を持って、関係書類をご提出ください。 大台町より補助金の 交付決定通知書を受け取ってから契約 してください"
"大台町","30","制度語|金額|対象|受付","木造住宅の耐震化補助制度のご案内／大台町","木造住宅の耐震化補助制度のご案内","https://www.odaitown.jp/kurashi_tetsuzuki/sumai/2139.html","木造住宅の耐震化補助制度のご案内／大台町 スマートフォン版を表示 本文へ 閲覧支援 文字サイズ 背景色変更 Foreign Language 閲覧支援 閉じる 暮らし・手続き 健康・福祉 子育て・教育 産業・まちづくり 行政情報 暮らし・手続き 健康・福祉 子育て・教育 産業・まちづくり 行政情報 文字サイズ 背景色変更 Foreign Language PCサイトを表示 現在のページ ホーム 暮らし・手続き 住まい 木造住宅の耐震化補助制度のご案内 木造住宅の耐震化補助制度のご案内 Tweet 更新日：2026年04月16日 木造住宅の無料耐震診断 木造住宅の耐震診断を無料で受けることができます。 対象となるのは下記のすべてに該当する住宅です。 （1）昭和56年5月31日以前に建築（着工含む）された木造住宅 （2）3階建て以下であること （3）延べ面積の過半が住宅として使用されていること なお、木造住宅でもログハウス、プレハブ住宅などは対象外です。 耐震診断実施申込書 (PDFファイル: 100.6KB) 木造住宅耐震補強設計事業費補助金 耐震診断の結果、「倒壊する可能性がある、また"
"大台町","30","制度語|金額|対象|受付","大台町空家等除却補助制度について／大台町","大台町空家等除却補助制度について","https://www.odaitown.jp/kurashi_tetsuzuki/sumai/3206.html","大台町空家等除却補助制度について／大台町 スマートフォン版を表示 本文へ 閲覧支援 文字サイズ 背景色変更 Foreign Language 閲覧支援 閉じる 暮らし・手続き 健康・福祉 子育て・教育 産業・まちづくり 行政情報 暮らし・手続き 健康・福祉 子育て・教育 産業・まちづくり 行政情報 文字サイズ 背景色変更 Foreign Language PCサイトを表示 現在のページ ホーム 暮らし・手続き 住まい 大台町空家等除却補助制度について 大台町空家等除却補助制度について Tweet 更新日：2026年04月02日 空家等の除却を促進し、地域住民の生命、身体及び財産の保護並びに生活環境の保全を図るため、空家等の除却に必要な費用の一部について、予算の範囲内において補助金を交付します。 補助要件（特定空家等に該当する空家でなければなりません。）等がありますので、工事に着手する前に、担当課までお問い合わせください。 対象工事 特定空家等に認定されたもので、助言・指導を受けている除却工事であって、次の各号のいずれにも該当するもの （1）大台町内に在する空家等であること。 （2）この"
"大台町","30","制度語|金額|対象|受付","移住・定住情報／大台町","移住・定住情報","https://www.odaitown.jp/soshiki/yakuba/8/4/2_2/2_2_3/index.html","移住・定住情報／大台町 スマートフォン版を表示 本文へ 閲覧支援 文字サイズ 背景色変更 Foreign Language 閲覧支援 閉じる 暮らし・手続き 健康・福祉 子育て・教育 産業・まちづくり 行政情報 暮らし・手続き 健康・福祉 子育て・教育 産業・まちづくり 行政情報 文字サイズ 背景色変更 Foreign Language PCサイトを表示 現在のページ ホーム 組織から探す 大台町役場本庁 生活環境課 生活環境課：担当情報 移住・定住 移住・定住情報 移住・定住情報 Tweet 移住者向けパンフレット 集落ガイドブック 【入居者募集中】子育て世帯向け「大台町お試し住宅事業」 お試し滞在施設リノベーションワークショップの様子をご覧ください 「縁結び大学」に大台町の暮らし・仕事・支援情報が掲載されました！ 移住情報サイト「ご当地暮らしのお金ナビ」に大台町の移住支援情報が掲載されました！ ≪募集は終了しました≫【令和8年度】子育て世帯向け「大台町お試し住宅事業」入居者募集のお知らせ この記事に関するお問い合わせ先 大台町役場 生活環境課 〒519-2404 三重県多気郡大台町"
"明和町","30","制度語|金額|対象|受付","明和町こども誰でも通園制度（乳児等通園支援事業）について／明和町ホームページ - 多気郡","明和町こども誰でも通園制度（乳児等通園支援事業）について","https://www.town.meiwa.mie.jp/life_scene/kosodate/4539.html","明和町こども誰でも通園制度（乳児等通園支援事業）について／明和町ホームページ - 多気郡 スマートフォン版を表示 本文へ 文字サイズ変更 背景色変更 Select Language English 繁體中文 &#31616;&#20307;&#20013;&#25991; &#54620;&#44397;&#50612; &#80;&#111;&#114;&#116;&#117;&#103;&#117;&#234;&#115; &#69;&#115;&#112;&#97;&#241;&#111;&#108; GO くらし・手続き 医療・健康 ・福祉 子育て・教育 観光・文化 ・スポーツ しごと・産業 行政情報 キーワードから検索できます くらし・手続き 医療・健康・福祉 子育て・教育 観光・文化・スポーツ 仕事・産業 行政情報 文字サイズ変更 背景色変更 Select Language English 繁體中文 &#31616;&#20307;&#20013;&#25991; &#54620;&#44397;&#50612; &#80;&#111;&#114;&#116;&#117;&"
"玉城町","22","制度語|金額|対象|受付","令和4年1月7日放送 ｜ 玉城町","令和4年1月7日放送","https://kizuna.town.tamaki.mie.jp/bosaibohan/bosai/2022-0107-1749-10.html","令和4年1月7日放送 ｜ 玉城町 メニューをスキップします Foreign Languages 文字サイズ変更： 配色変更： くらし･手続き 各種証明書・手続き くらしの相談 元気バス ゴミ・環境 上下水道 税金 建設・建築 マイナンバー ペット 自治区 移住・定住 防災･防犯 災害 救急・救命 火災・防火 防災 防犯 交通安全 国民保護 耐震 健康･福祉 健康・医療 保険・年金 社会福祉協議会 高齢者福祉 障がい者福祉 休日・夜間診療所 子育て･教育 子育て 保育・教育・健全育成 産業･ビジネス 入札情報 農林業 商工業 就労支援 観光･文化･スポーツ 文化・芸術 観光 スポーツ・生涯学習 図書室 公園 町政情報 計画・行革・財政・統計 男女共同参画 施設案内 玉城町例規集 広報・広聴 選挙・議会 玉城町の紹介 個人情報保護・情報公開制度 リンク オンライン申請 Foreign Languages ホーム > 防災・防犯 > 防災 > 令和4年1月7日放送 令和4年1月7日放送 新型コロナウイルス感染防止対策について 全国でオミクロン株の感染が拡大しています。 引き続き正しいマスクの"
"玉城町","22","制度語|金額|対象|受付","令和4年1月12日放送 ｜ 玉城町","令和4年1月12日放送","https://kizuna.town.tamaki.mie.jp/bosaibohan/bosai/2022-0112-1740-10.html","令和4年1月12日放送 ｜ 玉城町 メニューをスキップします Foreign Languages 文字サイズ変更： 配色変更： くらし･手続き 各種証明書・手続き くらしの相談 元気バス ゴミ・環境 上下水道 税金 建設・建築 マイナンバー ペット 自治区 移住・定住 防災･防犯 災害 救急・救命 火災・防火 防災 防犯 交通安全 国民保護 耐震 健康･福祉 健康・医療 保険・年金 社会福祉協議会 高齢者福祉 障がい者福祉 休日・夜間診療所 子育て･教育 子育て 保育・教育・健全育成 産業･ビジネス 入札情報 農林業 商工業 就労支援 観光･文化･スポーツ 文化・芸術 観光 スポーツ・生涯学習 図書室 公園 町政情報 計画・行革・財政・統計 男女共同参画 施設案内 玉城町例規集 広報・広聴 選挙・議会 玉城町の紹介 個人情報保護・情報公開制度 リンク オンライン申請 Foreign Languages ホーム > 防災・防犯 > 防災 > 令和4年1月12日放送 令和4年1月12日放送 三重県新型コロナウイルス「感染拡大阻止宣言」について 三重県内で新型コロナウイルス感染者数が増加して"
"玉城町","22","制度語|金額|対象|受付","令和5年3月28日放送 ｜ 玉城町","令和5年3月28日放送","https://kizuna.town.tamaki.mie.jp/bosaibohan/bosai/2023-0327-1606-11.html","令和5年3月28日放送 ｜ 玉城町 メニューをスキップします Foreign Languages 文字サイズ変更： 配色変更： くらし･手続き 各種証明書・手続き くらしの相談 元気バス ゴミ・環境 上下水道 税金 建設・建築 マイナンバー ペット 自治区 移住・定住 防災･防犯 災害 救急・救命 火災・防火 防災 防犯 交通安全 国民保護 耐震 健康･福祉 健康・医療 保険・年金 社会福祉協議会 高齢者福祉 障がい者福祉 休日・夜間診療所 子育て･教育 子育て 保育・教育・健全育成 産業･ビジネス 入札情報 農林業 商工業 就労支援 観光･文化･スポーツ 文化・芸術 観光 スポーツ・生涯学習 図書室 公園 町政情報 計画・行革・財政・統計 男女共同参画 施設案内 玉城町例規集 広報・広聴 選挙・議会 玉城町の紹介 個人情報保護・情報公開制度 リンク オンライン申請 Foreign Languages ホーム > 防災・防犯 > 防災 > 令和5年3月28日放送 令和5年3月28日放送 新型コロナウイルス感染症生活応援給付金について 町では、新型コロナウイルス感染症に感染された方に給付"
"玉城町","22","制度語|金額|対象|受付","令和5年5月19日放送 ｜ 玉城町","令和5年5月19日放送","https://kizuna.town.tamaki.mie.jp/bosaibohan/bosai/2023-0518-1628-10.html","令和5年5月19日放送 ｜ 玉城町 メニューをスキップします Foreign Languages 文字サイズ変更： 配色変更： くらし･手続き 各種証明書・手続き くらしの相談 元気バス ゴミ・環境 上下水道 税金 建設・建築 マイナンバー ペット 自治区 移住・定住 防災･防犯 災害 救急・救命 火災・防火 防災 防犯 交通安全 国民保護 耐震 健康･福祉 健康・医療 保険・年金 社会福祉協議会 高齢者福祉 障がい者福祉 休日・夜間診療所 子育て･教育 子育て 保育・教育・健全育成 産業･ビジネス 入札情報 農林業 商工業 就労支援 観光･文化･スポーツ 文化・芸術 観光 スポーツ・生涯学習 図書室 公園 町政情報 計画・行革・財政・統計 男女共同参画 施設案内 玉城町例規集 広報・広聴 選挙・議会 玉城町の紹介 個人情報保護・情報公開制度 リンク オンライン申請 Foreign Languages ホーム > 防災・防犯 > 防災 > 令和5年5月19日放送 令和5年5月19日放送 春の全国交通安全運動の実施について 5月 20日（土）は春の全国交通安全運動「交通事故死ゼロを目指す"
"玉城町","22","制度語|金額|対象|受付","令和5年5月23日放送 ｜ 玉城町","令和5年5月23日放送","https://kizuna.town.tamaki.mie.jp/bosaibohan/bosai/2023-0522-1553-10.html","令和5年5月23日放送 ｜ 玉城町 メニューをスキップします Foreign Languages 文字サイズ変更： 配色変更： くらし･手続き 各種証明書・手続き くらしの相談 元気バス ゴミ・環境 上下水道 税金 建設・建築 マイナンバー ペット 自治区 移住・定住 防災･防犯 災害 救急・救命 火災・防火 防災 防犯 交通安全 国民保護 耐震 健康･福祉 健康・医療 保険・年金 社会福祉協議会 高齢者福祉 障がい者福祉 休日・夜間診療所 子育て･教育 子育て 保育・教育・健全育成 産業･ビジネス 入札情報 農林業 商工業 就労支援 観光･文化･スポーツ 文化・芸術 観光 スポーツ・生涯学習 図書室 公園 町政情報 計画・行革・財政・統計 男女共同参画 施設案内 玉城町例規集 広報・広聴 選挙・議会 玉城町の紹介 個人情報保護・情報公開制度 リンク オンライン申請 Foreign Languages ホーム > 防災・防犯 > 防災 > 令和5年5月23日放送 令和5年5月23日放送 緑のカーテン用苗の無料配布について 5月26日（金）朝7時30分からお城広場屋内体育館前において、緑"
"玉城町","22","制度語|金額|対象|受付","令和5年5月26日放送 ｜ 玉城町","令和5年5月26日放送","https://kizuna.town.tamaki.mie.jp/bosaibohan/bosai/2023-0525-1721-10.html","令和5年5月26日放送 ｜ 玉城町 メニューをスキップします Foreign Languages 文字サイズ変更： 配色変更： くらし･手続き 各種証明書・手続き くらしの相談 元気バス ゴミ・環境 上下水道 税金 建設・建築 マイナンバー ペット 自治区 移住・定住 防災･防犯 災害 救急・救命 火災・防火 防災 防犯 交通安全 国民保護 耐震 健康･福祉 健康・医療 保険・年金 社会福祉協議会 高齢者福祉 障がい者福祉 休日・夜間診療所 子育て･教育 子育て 保育・教育・健全育成 産業･ビジネス 入札情報 農林業 商工業 就労支援 観光･文化･スポーツ 文化・芸術 観光 スポーツ・生涯学習 図書室 公園 町政情報 計画・行革・財政・統計 男女共同参画 施設案内 玉城町例規集 広報・広聴 選挙・議会 玉城町の紹介 個人情報保護・情報公開制度 リンク オンライン申請 Foreign Languages ホーム > 防災・防犯 > 防災 > 令和5年5月26日放送 令和5年5月26日放送 緑のカーテン用苗の無料配布について ※朝のみ 本日、朝7時30分からお城広場屋内体育館前において緑の"
"玉城町","22","制度語|金額|対象|受付","令和5年8月1日放送 ｜ 玉城町","令和5年8月1日放送","https://kizuna.town.tamaki.mie.jp/bosaibohan/bosai/2023-0731-1026-10.html","令和5年8月1日放送 ｜ 玉城町 メニューをスキップします Foreign Languages 文字サイズ変更： 配色変更： くらし･手続き 各種証明書・手続き くらしの相談 元気バス ゴミ・環境 上下水道 税金 建設・建築 マイナンバー ペット 自治区 移住・定住 防災･防犯 災害 救急・救命 火災・防火 防災 防犯 交通安全 国民保護 耐震 健康･福祉 健康・医療 保険・年金 社会福祉協議会 高齢者福祉 障がい者福祉 休日・夜間診療所 子育て･教育 子育て 保育・教育・健全育成 産業･ビジネス 入札情報 農林業 商工業 就労支援 観光･文化･スポーツ 文化・芸術 観光 スポーツ・生涯学習 図書室 公園 町政情報 計画・行革・財政・統計 男女共同参画 施設案内 玉城町例規集 広報・広聴 選挙・議会 玉城町の紹介 個人情報保護・情報公開制度 リンク オンライン申請 Foreign Languages ホーム > 防災・防犯 > 防災 > 令和5年8月1日放送 令和5年8月1日放送 講演会「おもしろいぞ！玉城町農業の世界」の開催について 8月5日（土）午前9時30分から保健福祉会館ふれあ"
"玉城町","22","制度語|金額|対象|受付","令和5年8月4日放送 ｜ 玉城町","令和5年8月4日放送","https://kizuna.town.tamaki.mie.jp/bosaibohan/bosai/2023-0803-1649-10.html","令和5年8月4日放送 ｜ 玉城町 メニューをスキップします Foreign Languages 文字サイズ変更： 配色変更： くらし･手続き 各種証明書・手続き くらしの相談 元気バス ゴミ・環境 上下水道 税金 建設・建築 マイナンバー ペット 自治区 移住・定住 防災･防犯 災害 救急・救命 火災・防火 防災 防犯 交通安全 国民保護 耐震 健康･福祉 健康・医療 保険・年金 社会福祉協議会 高齢者福祉 障がい者福祉 休日・夜間診療所 子育て･教育 子育て 保育・教育・健全育成 産業･ビジネス 入札情報 農林業 商工業 就労支援 観光･文化･スポーツ 文化・芸術 観光 スポーツ・生涯学習 図書室 公園 町政情報 計画・行革・財政・統計 男女共同参画 施設案内 玉城町例規集 広報・広聴 選挙・議会 玉城町の紹介 個人情報保護・情報公開制度 リンク オンライン申請 Foreign Languages ホーム > 防災・防犯 > 防災 > 令和5年8月4日放送 令和5年8月4日放送 講演会「おもしろいぞ！玉城町農業の世界」の開催について 8月5日（土）午前9時30分から保健福祉会館ふれあ"
"玉城町","22","制度語|金額|対象|受付","令和5年9月22日放送 ｜ 玉城町","令和5年9月22日放送","https://kizuna.town.tamaki.mie.jp/bosaibohan/bosai/2023-0921-1830-10.html","令和5年9月22日放送 ｜ 玉城町 メニューをスキップします Foreign Languages 文字サイズ変更： 配色変更： くらし･手続き 各種証明書・手続き くらしの相談 元気バス ゴミ・環境 上下水道 税金 建設・建築 マイナンバー ペット 自治区 移住・定住 防災･防犯 災害 救急・救命 火災・防火 防災 防犯 交通安全 国民保護 耐震 健康･福祉 健康・医療 保険・年金 社会福祉協議会 高齢者福祉 障がい者福祉 休日・夜間診療所 子育て･教育 子育て 保育・教育・健全育成 産業･ビジネス 入札情報 農林業 商工業 就労支援 観光･文化･スポーツ 文化・芸術 観光 スポーツ・生涯学習 図書室 公園 町政情報 計画・行革・財政・統計 男女共同参画 施設案内 玉城町例規集 広報・広聴 選挙・議会 玉城町の紹介 個人情報保護・情報公開制度 リンク オンライン申請 Foreign Languages ホーム > 防災・防犯 > 防災 > 令和5年9月22日放送 令和5年9月22日放送 まちをきれいにする取り組みについて 9月24日（日）朝8時から町内一斉に「まちをきれいにする取り組み"
"玉城町","22","制度語|金額|対象|受付","令和5年10月27日放送 ｜ 玉城町","令和5年10月27日放送","https://kizuna.town.tamaki.mie.jp/bosaibohan/bosai/2023-1026-1112-10.html","令和5年10月27日放送 ｜ 玉城町 メニューをスキップします Foreign Languages 文字サイズ変更： 配色変更： くらし･手続き 各種証明書・手続き くらしの相談 元気バス ゴミ・環境 上下水道 税金 建設・建築 マイナンバー ペット 自治区 移住・定住 防災･防犯 災害 救急・救命 火災・防火 防災 防犯 交通安全 国民保護 耐震 健康･福祉 健康・医療 保険・年金 社会福祉協議会 高齢者福祉 障がい者福祉 休日・夜間診療所 子育て･教育 子育て 保育・教育・健全育成 産業･ビジネス 入札情報 農林業 商工業 就労支援 観光･文化･スポーツ 文化・芸術 観光 スポーツ・生涯学習 図書室 公園 町政情報 計画・行革・財政・統計 男女共同参画 施設案内 玉城町例規集 広報・広聴 選挙・議会 玉城町の紹介 個人情報保護・情報公開制度 リンク オンライン申請 Foreign Languages ホーム > 防災・防犯 > 防災 > 令和5年10月27日放送 令和5年10月27日放送 人権講演会について 12月16日（土）お昼1時30分から保健福祉会館ふれあいホールにおいて蓮池"
"玉城町","22","制度語|金額|対象|受付","令和5年10月31日放送 ｜ 玉城町","令和5年10月31日放送","https://kizuna.town.tamaki.mie.jp/bosaibohan/bosai/2023-1030-1627-10.html","令和5年10月31日放送 ｜ 玉城町 メニューをスキップします Foreign Languages 文字サイズ変更： 配色変更： くらし･手続き 各種証明書・手続き くらしの相談 元気バス ゴミ・環境 上下水道 税金 建設・建築 マイナンバー ペット 自治区 移住・定住 防災･防犯 災害 救急・救命 火災・防火 防災 防犯 交通安全 国民保護 耐震 健康･福祉 健康・医療 保険・年金 社会福祉協議会 高齢者福祉 障がい者福祉 休日・夜間診療所 子育て･教育 子育て 保育・教育・健全育成 産業･ビジネス 入札情報 農林業 商工業 就労支援 観光･文化･スポーツ 文化・芸術 観光 スポーツ・生涯学習 図書室 公園 町政情報 計画・行革・財政・統計 男女共同参画 施設案内 玉城町例規集 広報・広聴 選挙・議会 玉城町の紹介 個人情報保護・情報公開制度 リンク オンライン申請 Foreign Languages ホーム > 防災・防犯 > 防災 > 令和5年10月31日放送 令和5年10月31日放送 創作美術文化展の開催について 11月4日（土）と、5日（日）の2日間、中央公民館と体育センター"
"玉城町","22","制度語|金額|対象|受付","令和5年11月10日放送 ｜ 玉城町","令和5年11月10日放送","https://kizuna.town.tamaki.mie.jp/bosaibohan/bosai/2023-1109-1638-10.html","令和5年11月10日放送 ｜ 玉城町 メニューをスキップします Foreign Languages 文字サイズ変更： 配色変更： くらし･手続き 各種証明書・手続き くらしの相談 元気バス ゴミ・環境 上下水道 税金 建設・建築 マイナンバー ペット 自治区 移住・定住 防災･防犯 災害 救急・救命 火災・防火 防災 防犯 交通安全 国民保護 耐震 健康･福祉 健康・医療 保険・年金 社会福祉協議会 高齢者福祉 障がい者福祉 休日・夜間診療所 子育て･教育 子育て 保育・教育・健全育成 産業･ビジネス 入札情報 農林業 商工業 就労支援 観光･文化･スポーツ 文化・芸術 観光 スポーツ・生涯学習 図書室 公園 町政情報 計画・行革・財政・統計 男女共同参画 施設案内 玉城町例規集 広報・広聴 選挙・議会 玉城町の紹介 個人情報保護・情報公開制度 リンク オンライン申請 Foreign Languages ホーム > 防災・防犯 > 防災 > 令和5年11月10日放送 令和5年11月10日放送 ミナテラスキャンプ2023の開催について 11月12日（日）午前11時からたまき水辺の楽校にお"
"玉城町","22","制度語|金額|対象|受付","令和5年11月14日放送 ｜ 玉城町","令和5年11月14日放送","https://kizuna.town.tamaki.mie.jp/bosaibohan/bosai/2023-1113-1634-10.html","令和5年11月14日放送 ｜ 玉城町 メニューをスキップします Foreign Languages 文字サイズ変更： 配色変更： くらし･手続き 各種証明書・手続き くらしの相談 元気バス ゴミ・環境 上下水道 税金 建設・建築 マイナンバー ペット 自治区 移住・定住 防災･防犯 災害 救急・救命 火災・防火 防災 防犯 交通安全 国民保護 耐震 健康･福祉 健康・医療 保険・年金 社会福祉協議会 高齢者福祉 障がい者福祉 休日・夜間診療所 子育て･教育 子育て 保育・教育・健全育成 産業･ビジネス 入札情報 農林業 商工業 就労支援 観光･文化･スポーツ 文化・芸術 観光 スポーツ・生涯学習 図書室 公園 町政情報 計画・行革・財政・統計 男女共同参画 施設案内 玉城町例規集 広報・広聴 選挙・議会 玉城町の紹介 個人情報保護・情報公開制度 リンク オンライン申請 Foreign Languages ホーム > 防災・防犯 > 防災 > 令和5年11月14日放送 令和5年11月14日放送 全国一斉の情報伝達試験について 明日、午前11時ごろ各ご家庭に設置されている戸別受信機から全国"
"玉城町","22","制度語|金額|対象|受付","令和5年11月17日放送 ｜ 玉城町","令和5年11月17日放送","https://kizuna.town.tamaki.mie.jp/bosaibohan/bosai/2023-1116-1840-10.html","令和5年11月17日放送 ｜ 玉城町 メニューをスキップします Foreign Languages 文字サイズ変更： 配色変更： くらし･手続き 各種証明書・手続き くらしの相談 元気バス ゴミ・環境 上下水道 税金 建設・建築 マイナンバー ペット 自治区 移住・定住 防災･防犯 災害 救急・救命 火災・防火 防災 防犯 交通安全 国民保護 耐震 健康･福祉 健康・医療 保険・年金 社会福祉協議会 高齢者福祉 障がい者福祉 休日・夜間診療所 子育て･教育 子育て 保育・教育・健全育成 産業･ビジネス 入札情報 農林業 商工業 就労支援 観光･文化･スポーツ 文化・芸術 観光 スポーツ・生涯学習 図書室 公園 町政情報 計画・行革・財政・統計 男女共同参画 施設案内 玉城町例規集 広報・広聴 選挙・議会 玉城町の紹介 個人情報保護・情報公開制度 リンク オンライン申請 Foreign Languages ホーム > 防災・防犯 > 防災 > 令和5年11月17日放送 令和5年11月17日放送 たまきつながるマルシェの開催について 11月18日（土）午前10時からお城広場において地域コミ"
"玉城町","22","制度語|金額|対象|受付","令和5年11月28日放送 ｜ 玉城町","令和5年11月28日放送","https://kizuna.town.tamaki.mie.jp/bosaibohan/bosai/2023-1127-1652-10.html","令和5年11月28日放送 ｜ 玉城町 メニューをスキップします Foreign Languages 文字サイズ変更： 配色変更： くらし･手続き 各種証明書・手続き くらしの相談 元気バス ゴミ・環境 上下水道 税金 建設・建築 マイナンバー ペット 自治区 移住・定住 防災･防犯 災害 救急・救命 火災・防火 防災 防犯 交通安全 国民保護 耐震 健康･福祉 健康・医療 保険・年金 社会福祉協議会 高齢者福祉 障がい者福祉 休日・夜間診療所 子育て･教育 子育て 保育・教育・健全育成 産業･ビジネス 入札情報 農林業 商工業 就労支援 観光･文化･スポーツ 文化・芸術 観光 スポーツ・生涯学習 図書室 公園 町政情報 計画・行革・財政・統計 男女共同参画 施設案内 玉城町例規集 広報・広聴 選挙・議会 玉城町の紹介 個人情報保護・情報公開制度 リンク オンライン申請 Foreign Languages ホーム > 防災・防犯 > 防災 > 令和5年11月28日放送 令和5年11月28日放送 トップアスリート講演会の開催について 12月3日（日）午後2時から保健福祉会館ふれあいホールに"
"玉城町","22","制度語|金額|対象|受付","令和5年12月1日放送 ｜ 玉城町","令和5年12月1日放送","https://kizuna.town.tamaki.mie.jp/bosaibohan/bosai/2023-1130-1751-10.html","令和5年12月1日放送 ｜ 玉城町 メニューをスキップします Foreign Languages 文字サイズ変更： 配色変更： くらし･手続き 各種証明書・手続き くらしの相談 元気バス ゴミ・環境 上下水道 税金 建設・建築 マイナンバー ペット 自治区 移住・定住 防災･防犯 災害 救急・救命 火災・防火 防災 防犯 交通安全 国民保護 耐震 健康･福祉 健康・医療 保険・年金 社会福祉協議会 高齢者福祉 障がい者福祉 休日・夜間診療所 子育て･教育 子育て 保育・教育・健全育成 産業･ビジネス 入札情報 農林業 商工業 就労支援 観光･文化･スポーツ 文化・芸術 観光 スポーツ・生涯学習 図書室 公園 町政情報 計画・行革・財政・統計 男女共同参画 施設案内 玉城町例規集 広報・広聴 選挙・議会 玉城町の紹介 個人情報保護・情報公開制度 リンク オンライン申請 Foreign Languages ホーム > 防災・防犯 > 防災 > 令和5年12月1日放送 令和5年12月1日放送 年末の交通安全県民運動について 12月1日（金）から10日（日）まで「年末の交通安全県民運動」の実施"
"玉城町","22","制度語|金額|対象|受付","公衆無線LAN「TAMAKI Free＿Wi-Fi」のサービス開始について ｜ 玉城町","公衆無線LAN「TAMAKI Free＿Wi-Fi」のサービス開始について","https://kizuna.town.tamaki.mie.jp/bosaibohan/bosai/kousyumusenlankankyoseibishienzigyo.html","公衆無線LAN「TAMAKI Free＿Wi-Fi」のサービス開始について ｜ 玉城町 メニューをスキップします Foreign Languages 文字サイズ変更： 配色変更： くらし･手続き 各種証明書・手続き くらしの相談 元気バス ゴミ・環境 上下水道 税金 建設・建築 マイナンバー ペット 自治区 移住・定住 防災･防犯 災害 救急・救命 火災・防火 防災 防犯 交通安全 国民保護 耐震 健康･福祉 健康・医療 保険・年金 社会福祉協議会 高齢者福祉 障がい者福祉 休日・夜間診療所 子育て･教育 子育て 保育・教育・健全育成 産業･ビジネス 入札情報 農林業 商工業 就労支援 観光･文化･スポーツ 文化・芸術 観光 スポーツ・生涯学習 図書室 公園 町政情報 計画・行革・財政・統計 男女共同参画 施設案内 玉城町例規集 広報・広聴 選挙・議会 玉城町の紹介 個人情報保護・情報公開制度 リンク オンライン申請 Foreign Languages ホーム > 防災・防犯 > 防災 > 公衆無線LAN「TAMAKI Free＿Wi-Fi」のサービス開始について 公衆無線LAN「TA"
"玉城町","22","制度語|金額|対象|受付","交通安全｜ 玉城町","交通安全","https://kizuna.town.tamaki.mie.jp/bosaibohan/kotsuanzen/index.html","交通安全｜ 玉城町 メニューをスキップします Foreign Languages 文字サイズ変更： 配色変更： くらし･手続き 各種証明書・手続き くらしの相談 元気バス ゴミ・環境 上下水道 税金 建設・建築 マイナンバー ペット 自治区 移住・定住 防災･防犯 災害 救急・救命 火災・防火 防災 防犯 交通安全 国民保護 耐震 健康･福祉 健康・医療 保険・年金 社会福祉協議会 高齢者福祉 障がい者福祉 休日・夜間診療所 子育て･教育 子育て 保育・教育・健全育成 産業･ビジネス 入札情報 農林業 商工業 就労支援 観光･文化･スポーツ 文化・芸術 観光 スポーツ・生涯学習 図書室 公園 町政情報 計画・行革・財政・統計 男女共同参画 施設案内 玉城町例規集 広報・広聴 選挙・議会 玉城町の紹介 個人情報保護・情報公開制度 リンク オンライン申請 Foreign Languages ホーム > 防災・防犯 > 交通安全 交通安全 ヘルメットの着用が努力義務化されました！ 玉城町オリジナル原付ナンバープレートを交付しています 運転免許を返納された方はバス運賃が半額になります 玉城町交"
"玉城町","22","制度語|金額|対象|受付","国民健康保険｜ 玉城町","国民健康保険","https://kizuna.town.tamaki.mie.jp/kenkofukushi/hokennenkin/kenkohoken/kokuminhoken.html","国民健康保険｜ 玉城町 メニューをスキップします Foreign Languages 文字サイズ変更： 配色変更： くらし･手続き 各種証明書・手続き くらしの相談 元気バス ゴミ・環境 上下水道 税金 建設・建築 マイナンバー ペット 自治区 移住・定住 防災･防犯 災害 救急・救命 火災・防火 防災 防犯 交通安全 国民保護 耐震 健康･福祉 健康・医療 保険・年金 社会福祉協議会 高齢者福祉 障がい者福祉 休日・夜間診療所 子育て･教育 子育て 保育・教育・健全育成 産業･ビジネス 入札情報 農林業 商工業 就労支援 観光･文化･スポーツ 文化・芸術 観光 スポーツ・生涯学習 図書室 公園 町政情報 計画・行革・財政・統計 男女共同参画 施設案内 玉城町例規集 広報・広聴 選挙・議会 玉城町の紹介 個人情報保護・情報公開制度 リンク オンライン申請 Foreign Languages ホーム > 健康・福祉 > 保険・年金 > 国民健康保険 > 国民健康保険 国民健康保険 国民健康保険のしくみ 国民健康保険（国保）は、病気やケガに備えて保険料を出し合い、安心して治療が受けられる制"
"玉城町","22","制度語|金額|対象|受付","国民年金｜ 玉城町","国民年金","https://kizuna.town.tamaki.mie.jp/kenkofukushi/hokennenkin/kokuminnenkin/kokuminnnennkin.html","国民年金｜ 玉城町 メニューをスキップします Foreign Languages 文字サイズ変更： 配色変更： くらし･手続き 各種証明書・手続き くらしの相談 元気バス ゴミ・環境 上下水道 税金 建設・建築 マイナンバー ペット 自治区 移住・定住 防災･防犯 災害 救急・救命 火災・防火 防災 防犯 交通安全 国民保護 耐震 健康･福祉 健康・医療 保険・年金 社会福祉協議会 高齢者福祉 障がい者福祉 休日・夜間診療所 子育て･教育 子育て 保育・教育・健全育成 産業･ビジネス 入札情報 農林業 商工業 就労支援 観光･文化･スポーツ 文化・芸術 観光 スポーツ・生涯学習 図書室 公園 町政情報 計画・行革・財政・統計 男女共同参画 施設案内 玉城町例規集 広報・広聴 選挙・議会 玉城町の紹介 個人情報保護・情報公開制度 リンク オンライン申請 Foreign Languages ホーム > 健康・福祉 > 保険・年金 > 国民年金 > 国民年金 国民年金 加入しなければならない人 日本国内に住所のある人で、20歳以上60歳未満の人は、必ず国民年金に加入することになっています。 "
"玉城町","22","制度語|金額|対象|受付","休日・夜間診療所｜ 玉城町","休日・夜間診療所","https://kizuna.town.tamaki.mie.jp/kenkofukushi/kenkoiryo/iryo/kyuuzituyakannoukyuusinnryoujo.html","休日・夜間診療所｜ 玉城町 メニューをスキップします Foreign Languages 文字サイズ変更： 配色変更： くらし･手続き 各種証明書・手続き くらしの相談 元気バス ゴミ・環境 上下水道 税金 建設・建築 マイナンバー ペット 自治区 移住・定住 防災･防犯 災害 救急・救命 火災・防火 防災 防犯 交通安全 国民保護 耐震 健康･福祉 健康・医療 保険・年金 社会福祉協議会 高齢者福祉 障がい者福祉 休日・夜間診療所 子育て･教育 子育て 保育・教育・健全育成 産業･ビジネス 入札情報 農林業 商工業 就労支援 観光･文化･スポーツ 文化・芸術 観光 スポーツ・生涯学習 図書室 公園 町政情報 計画・行革・財政・統計 男女共同参画 施設案内 玉城町例規集 広報・広聴 選挙・議会 玉城町の紹介 個人情報保護・情報公開制度 リンク オンライン申請 Foreign Languages ホーム > 健康・福祉 > 健康・医療 > 医療 > 休日・夜間診療所 休日・夜間診療所 休日・夜間応急診療所について 休日の急病患者のために休日応急診療所を開設しています。 場所：伊勢市八日市"
"玉城町","22","制度語|金額|対象|受付","令和8年度健康・子育てマイレージ始まります ｜ 玉城町","令和8年度健康・子育てマイレージ始まります","https://kizuna.town.tamaki.mie.jp/kenkofukushi/kenkoiryo/kenko/2024-0523-0905-10.html","令和8年度健康・子育てマイレージ始まります ｜ 玉城町 メニューをスキップします Foreign Languages 文字サイズ変更： 配色変更： くらし･手続き 各種証明書・手続き くらしの相談 元気バス ゴミ・環境 上下水道 税金 建設・建築 マイナンバー ペット 自治区 移住・定住 防災･防犯 災害 救急・救命 火災・防火 防災 防犯 交通安全 国民保護 耐震 健康･福祉 健康・医療 保険・年金 社会福祉協議会 高齢者福祉 障がい者福祉 休日・夜間診療所 子育て･教育 子育て 保育・教育・健全育成 産業･ビジネス 入札情報 農林業 商工業 就労支援 観光･文化･スポーツ 文化・芸術 観光 スポーツ・生涯学習 図書室 公園 町政情報 計画・行革・財政・統計 男女共同参画 施設案内 玉城町例規集 広報・広聴 選挙・議会 玉城町の紹介 個人情報保護・情報公開制度 リンク オンライン申請 Foreign Languages ホーム > 健康・福祉 > 健康・医療 > 健康 > 令和8年度健康・子育てマイレージ始まります 令和8年度健康・子育てマイレージ始まります 健康づくりへの関心を持っ"
"玉城町","22","制度語|金額|対象|受付","残り1か月！国保特定健診・後期高齢者健診・肺がん検診を受診しましょう ｜ 玉城町","残り1か月！国保特定健診・後期高齢者健診・肺がん検診を受診しましょう","https://kizuna.town.tamaki.mie.jp/kenkofukushi/kenkoiryo/kenko/kensin_jusin.html","残り1か月！国保特定健診・後期高齢者健診・肺がん検診を受診しましょう ｜ 玉城町 メニューをスキップします Foreign Languages 文字サイズ変更： 配色変更： くらし･手続き 各種証明書・手続き くらしの相談 元気バス ゴミ・環境 上下水道 税金 建設・建築 マイナンバー ペット 自治区 移住・定住 防災･防犯 災害 救急・救命 火災・防火 防災 防犯 交通安全 国民保護 耐震 健康･福祉 健康・医療 保険・年金 社会福祉協議会 高齢者福祉 障がい者福祉 休日・夜間診療所 子育て･教育 子育て 保育・教育・健全育成 産業･ビジネス 入札情報 農林業 商工業 就労支援 観光･文化･スポーツ 文化・芸術 観光 スポーツ・生涯学習 図書室 公園 町政情報 計画・行革・財政・統計 男女共同参画 施設案内 玉城町例規集 広報・広聴 選挙・議会 玉城町の紹介 個人情報保護・情報公開制度 リンク オンライン申請 Foreign Languages ホーム > 健康・福祉 > 健康・医療 > 健康 > 残り1か月！国保特定健診・後期高齢者健診・肺がん検診を受診しましょう 残り1か月！国保"
"玉城町","22","制度語|金額|対象|受付","親と子の健康づくり｜ 玉城町","親と子の健康づくり","https://kizuna.town.tamaki.mie.jp/kenkofukushi/kenkoiryo/kenko/oyatokonokenkoudukuri.html","親と子の健康づくり｜ 玉城町 メニューをスキップします Foreign Languages 文字サイズ変更： 配色変更： くらし･手続き 各種証明書・手続き くらしの相談 元気バス ゴミ・環境 上下水道 税金 建設・建築 マイナンバー ペット 自治区 移住・定住 防災･防犯 災害 救急・救命 火災・防火 防災 防犯 交通安全 国民保護 耐震 健康･福祉 健康・医療 保険・年金 社会福祉協議会 高齢者福祉 障がい者福祉 休日・夜間診療所 子育て･教育 子育て 保育・教育・健全育成 産業･ビジネス 入札情報 農林業 商工業 就労支援 観光･文化･スポーツ 文化・芸術 観光 スポーツ・生涯学習 図書室 公園 町政情報 計画・行革・財政・統計 男女共同参画 施設案内 玉城町例規集 広報・広聴 選挙・議会 玉城町の紹介 個人情報保護・情報公開制度 リンク オンライン申請 Foreign Languages ホーム > 健康・福祉 > 健康・医療 > 健康 > 親と子の健康づくり 親と子の健康づくり 親と子の健康づくりについて 玉城町では、子育て年代の方々の健康づくりをお手伝いする『マイ保健師』制"
"玉城町","22","制度語|金額|対象|受付","高齢者福祉｜ 玉城町","高齢者福祉","https://kizuna.town.tamaki.mie.jp/kenkofukushi/koureishafukushi/jyosei/roujin.html","高齢者福祉｜ 玉城町 メニューをスキップします Foreign Languages 文字サイズ変更： 配色変更： くらし･手続き 各種証明書・手続き くらしの相談 元気バス ゴミ・環境 上下水道 税金 建設・建築 マイナンバー ペット 自治区 移住・定住 防災･防犯 災害 救急・救命 火災・防火 防災 防犯 交通安全 国民保護 耐震 健康･福祉 健康・医療 保険・年金 社会福祉協議会 高齢者福祉 障がい者福祉 休日・夜間診療所 子育て･教育 子育て 保育・教育・健全育成 産業･ビジネス 入札情報 農林業 商工業 就労支援 観光･文化･スポーツ 文化・芸術 観光 スポーツ・生涯学習 図書室 公園 町政情報 計画・行革・財政・統計 男女共同参画 施設案内 玉城町例規集 広報・広聴 選挙・議会 玉城町の紹介 個人情報保護・情報公開制度 リンク オンライン申請 Foreign Languages ホーム > 健康・福祉 > 高齢者福祉 > 高齢者への助成・支援制度 > 高齢者福祉 高齢者福祉 高齢者への助成・支援制度 長寿のお祝い 長寿をお祝いし、毎年9月に「敬老祝金」をお渡しします。 対象&"
"玉城町","22","制度語|金額|対象|受付","福祉医療 障がい者医療費｜ 玉城町","福祉医療 障がい者医療費","https://kizuna.town.tamaki.mie.jp/kenkofukushi/shogaifukushi/iryo_syougaisya.html","福祉医療 障がい者医療費｜ 玉城町 メニューをスキップします Foreign Languages 文字サイズ変更： 配色変更： くらし･手続き 各種証明書・手続き くらしの相談 元気バス ゴミ・環境 上下水道 税金 建設・建築 マイナンバー ペット 自治区 移住・定住 防災･防犯 災害 救急・救命 火災・防火 防災 防犯 交通安全 国民保護 耐震 健康･福祉 健康・医療 保険・年金 社会福祉協議会 高齢者福祉 障がい者福祉 休日・夜間診療所 子育て･教育 子育て 保育・教育・健全育成 産業･ビジネス 入札情報 農林業 商工業 就労支援 観光･文化･スポーツ 文化・芸術 観光 スポーツ・生涯学習 図書室 公園 町政情報 計画・行革・財政・統計 男女共同参画 施設案内 玉城町例規集 広報・広聴 選挙・議会 玉城町の紹介 個人情報保護・情報公開制度 リンク オンライン申請 Foreign Languages ホーム > 健康・福祉 > 障がい者福祉 > 福祉医療 障がい者医療費 福祉医療 障がい者医療費 障がい者医療費 障がい者の病気やケガの治療にかかる医療費の保険診療自己負担分に対して助成"
"玉城町","22","制度語|金額|対象|受付","障がい福祉｜ 玉城町","障がい福祉","https://kizuna.town.tamaki.mie.jp/kenkofukushi/shogaifukushi/syougaifukushi.html","障がい福祉｜ 玉城町 メニューをスキップします Foreign Languages 文字サイズ変更： 配色変更： くらし･手続き 各種証明書・手続き くらしの相談 元気バス ゴミ・環境 上下水道 税金 建設・建築 マイナンバー ペット 自治区 移住・定住 防災･防犯 災害 救急・救命 火災・防火 防災 防犯 交通安全 国民保護 耐震 健康･福祉 健康・医療 保険・年金 社会福祉協議会 高齢者福祉 障がい者福祉 休日・夜間診療所 子育て･教育 子育て 保育・教育・健全育成 産業･ビジネス 入札情報 農林業 商工業 就労支援 観光･文化･スポーツ 文化・芸術 観光 スポーツ・生涯学習 図書室 公園 町政情報 計画・行革・財政・統計 男女共同参画 施設案内 玉城町例規集 広報・広聴 選挙・議会 玉城町の紹介 個人情報保護・情報公開制度 リンク オンライン申請 Foreign Languages ホーム > 健康・福祉 > 障がい者福祉 > 障がい福祉 障がい福祉 玉城町第4次障がい者基本計画・第7期障がい福祉計画・第3期障がい児福祉計画 玉城町第4次障がい者基本計画・第7期障がい福祉計画・第"
"玉城町","22","制度語|金額|対象|受付","学校｜ 玉城町","学校","https://kizuna.town.tamaki.mie.jp/kosodatekyoiku/hoikukyoiku/gakko/gakko.html","学校｜ 玉城町 メニューをスキップします Foreign Languages 文字サイズ変更： 配色変更： くらし･手続き 各種証明書・手続き くらしの相談 元気バス ゴミ・環境 上下水道 税金 建設・建築 マイナンバー ペット 自治区 移住・定住 防災･防犯 災害 救急・救命 火災・防火 防災 防犯 交通安全 国民保護 耐震 健康･福祉 健康・医療 保険・年金 社会福祉協議会 高齢者福祉 障がい者福祉 休日・夜間診療所 子育て･教育 子育て 保育・教育・健全育成 産業･ビジネス 入札情報 農林業 商工業 就労支援 観光･文化･スポーツ 文化・芸術 観光 スポーツ・生涯学習 図書室 公園 町政情報 計画・行革・財政・統計 男女共同参画 施設案内 玉城町例規集 広報・広聴 選挙・議会 玉城町の紹介 個人情報保護・情報公開制度 リンク オンライン申請 Foreign Languages ホーム > 子育て・教育 > 保育・教育・健全育成 > 小中学校 > 学校 学校 教育委員会 令和8(2026)年度 玉城町教育方針 （357KB） 玉城町いじめ防止基本方針 （438KB） 公立学校情報機"
"玉城町","22","制度語|金額|対象|受付","児童福祉｜ 玉城町","児童福祉","https://kizuna.town.tamaki.mie.jp/kosodatekyoiku/kosodate/jyosei/jidou.html","児童福祉｜ 玉城町 メニューをスキップします Foreign Languages 文字サイズ変更： 配色変更： くらし･手続き 各種証明書・手続き くらしの相談 元気バス ゴミ・環境 上下水道 税金 建設・建築 マイナンバー ペット 自治区 移住・定住 防災･防犯 災害 救急・救命 火災・防火 防災 防犯 交通安全 国民保護 耐震 健康･福祉 健康・医療 保険・年金 社会福祉協議会 高齢者福祉 障がい者福祉 休日・夜間診療所 子育て･教育 子育て 保育・教育・健全育成 産業･ビジネス 入札情報 農林業 商工業 就労支援 観光･文化･スポーツ 文化・芸術 観光 スポーツ・生涯学習 図書室 公園 町政情報 計画・行革・財政・統計 男女共同参画 施設案内 玉城町例規集 広報・広聴 選挙・議会 玉城町の紹介 個人情報保護・情報公開制度 リンク オンライン申請 Foreign Languages ホーム > 子育て・教育 > 子育て > 子育てへの助成 > 児童福祉 児童福祉 児童福祉の手当てや助成 子ども医療費の助成 子ども医療費のページをご覧ください 一人親家族等医療費の助成 一人親家庭等医"
"玉城町","22","制度語|金額|対象|受付","元気バス｜ 玉城町","元気バス","https://kizuna.town.tamaki.mie.jp/kurashi/bus/index.html","元気バス｜ 玉城町 メニューをスキップします Foreign Languages 文字サイズ変更： 配色変更： くらし･手続き 各種証明書・手続き くらしの相談 元気バス ゴミ・環境 上下水道 税金 建設・建築 マイナンバー ペット 自治区 移住・定住 防災･防犯 災害 救急・救命 火災・防火 防災 防犯 交通安全 国民保護 耐震 健康･福祉 健康・医療 保険・年金 社会福祉協議会 高齢者福祉 障がい者福祉 休日・夜間診療所 子育て･教育 子育て 保育・教育・健全育成 産業･ビジネス 入札情報 農林業 商工業 就労支援 観光･文化･スポーツ 文化・芸術 観光 スポーツ・生涯学習 図書室 公園 町政情報 計画・行革・財政・統計 男女共同参画 施設案内 玉城町例規集 広報・広聴 選挙・議会 玉城町の紹介 個人情報保護・情報公開制度 リンク オンライン申請 Foreign Languages ホーム > くらし・手続き > 元気バス 元気バス 元気バスとは 利用者が事前に申し出た乗車場所や時間に車両が向かい、希望する目的地まで運ぶオンデマンド形式によるバスです。 利用登録をされた人があらかじ"
"玉城町","22","制度語|金額|対象|受付","犬を飼うとき｜ 玉城町","犬を飼うとき","https://kizuna.town.tamaki.mie.jp/kurashi/pet.html","犬を飼うとき｜ 玉城町 メニューをスキップします Foreign Languages 文字サイズ変更： 配色変更： くらし･手続き 各種証明書・手続き くらしの相談 元気バス ゴミ・環境 上下水道 税金 建設・建築 マイナンバー ペット 自治区 移住・定住 防災･防犯 災害 救急・救命 火災・防火 防災 防犯 交通安全 国民保護 耐震 健康･福祉 健康・医療 保険・年金 社会福祉協議会 高齢者福祉 障がい者福祉 休日・夜間診療所 子育て･教育 子育て 保育・教育・健全育成 産業･ビジネス 入札情報 農林業 商工業 就労支援 観光･文化･スポーツ 文化・芸術 観光 スポーツ・生涯学習 図書室 公園 町政情報 計画・行革・財政・統計 男女共同参画 施設案内 玉城町例規集 広報・広聴 選挙・議会 玉城町の紹介 個人情報保護・情報公開制度 リンク オンライン申請 Foreign Languages ホーム > くらし・手続き > 犬を飼うとき 犬を飼うとき 登録と狂犬病予防注射 生後3カ月以上の犬を飼っている方は、1頭につき、生涯1回の登録をしてください。また、毎年1回必ず狂犬病予防注射を受け"
"玉城町","22","制度語|金額|対象|受付","”マジメに、三重の森を知ろう！ 森の発表会＆ゲストショー”の開催について ｜ 玉城町","”マジメに、三重の森を知ろう！ 森の発表会＆ゲストショー”の開催について","https://kizuna.town.tamaki.mie.jp/news/2026-0616-1405-10.html","”マジメに、三重の森を知ろう！ 森の発表会＆ゲストショー”の開催について ｜ 玉城町 メニューをスキップします Foreign Languages 文字サイズ変更： 配色変更： くらし･手続き 各種証明書・手続き くらしの相談 元気バス ゴミ・環境 上下水道 税金 建設・建築 マイナンバー ペット 自治区 移住・定住 防災･防犯 災害 救急・救命 火災・防火 防災 防犯 交通安全 国民保護 耐震 健康･福祉 健康・医療 保険・年金 社会福祉協議会 高齢者福祉 障がい者福祉 休日・夜間診療所 子育て･教育 子育て 保育・教育・健全育成 産業･ビジネス 入札情報 農林業 商工業 就労支援 観光･文化･スポーツ 文化・芸術 観光 スポーツ・生涯学習 図書室 公園 町政情報 計画・行革・財政・統計 男女共同参画 施設案内 玉城町例規集 広報・広聴 選挙・議会 玉城町の紹介 個人情報保護・情報公開制度 リンク オンライン申請 Foreign Languages ホーム > お知らせ一覧 > ”マジメに、三重の森を知ろう！ 森の発表会＆ゲストショー”の開催について ”マジメに、三重の森を知ろう！ "
"大台町","22","制度語|金額|対象|受付","産婦健診を受けましょう／大台町","産婦健診を受けましょう","https://www.odaitown.jp/kosodate_kyoiku/ninshin_shussan/1791.html","産婦健診を受けましょう／大台町 スマートフォン版を表示 本文へ 閲覧支援 文字サイズ 背景色変更 Foreign Language 閲覧支援 閉じる 暮らし・手続き 健康・福祉 子育て・教育 産業・まちづくり 行政情報 暮らし・手続き 健康・福祉 子育て・教育 産業・まちづくり 行政情報 文字サイズ 背景色変更 Foreign Language PCサイトを表示 現在のページ ホーム 子育て・教育 妊娠・出産 産婦健診を受けましょう 産婦健診を受けましょう Tweet 更新日：2022年05月09日 産婦健康診査は妊婦健康診査に引き続き、産後まもないお母さんの心身の回復や授乳状況などの健康状態を確認するための健診です。 ご自身の健康や今後のすこやかな育児のためにも、医師、助産師と相談をして受けるようにしましょう。 対象者：大台町に住民登録があり、産婦健康診査を受ける方 受診時期：産後2週間前後、産後1か月後に各1回 実施場所：三重県内の委託医療機関または委託助産所 料金：無料 以下の健診項目以外は自己負担となります。 健診項目：問診、診察、体重・血圧測定、尿検査、こころの健康チェック "
"大台町","22","制度語|金額|対象|受付","障がい福祉(各種制度)／大台町","障がい福祉(各種制度)","https://www.odaitown.jp/kenko_fukushi/shogaifukushi/1405.html","障がい福祉(各種制度)／大台町 スマートフォン版を表示 本文へ 閲覧支援 文字サイズ 背景色変更 Foreign Language 閲覧支援 閉じる 暮らし・手続き 健康・福祉 子育て・教育 産業・まちづくり 行政情報 暮らし・手続き 健康・福祉 子育て・教育 産業・まちづくり 行政情報 文字サイズ 背景色変更 Foreign Language PCサイトを表示 現在のページ ホーム 健康・福祉 障がい福祉 障がい福祉(各種制度) 障がい福祉(各種制度) 更新日：2024年12月09日 障がい福祉の各種制度・サービスに関する情報のページです。 自立支援医療（更生医療・育成医療・精神通院医療） ・更生医療・育成医療 身体障害者手帳をお持ちの方で手術等によって障がいが軽減され、機能が回復するような場合、更生医療または育成医療の給付が受けられます。 【対象になる医療の主な例】 ペースメーカー埋め込み術・バイパス術・人工透析・人工内耳埋め込み術・角膜移植術・人工関節置き換え術・移植後免疫抑制療法等 医療費の自己負担額は1割になります。ただし、所得に応じた一定の自己負担上限があります。 ・精神通"
"大台町","22","制度語|金額|対象|受付","子どもを預けたい／大台町","子どもを預けたい","https://www.odaitown.jp/kosodate_kyoiku/kosodateshien/1132.html","子どもを預けたい／大台町 スマートフォン版を表示 本文へ 閲覧支援 文字サイズ 背景色変更 Foreign Language 閲覧支援 閉じる 暮らし・手続き 健康・福祉 子育て・教育 産業・まちづくり 行政情報 暮らし・手続き 健康・福祉 子育て・教育 産業・まちづくり 行政情報 文字サイズ 背景色変更 Foreign Language PCサイトを表示 現在のページ ホーム 子育て・教育 子育て支援 子どもを預けたい 子どもを預けたい 更新日：2026年06月05日 一時保育 保護者の疾病や、家族の看護などの理由で、一時的に保育が必要な児童を、保育園が一時的に預かることができます。 実施場所 日進・川添・三瀬谷・宮川の各保育園 保育時間 午前7時30分～概ね午後5時 期間 預かりから14日間以内 保育料 1日1,800円（4時間以内は半額、生活保護世帯は無料） 問い合わせ 子ども教育課 電話:0598-82-3793 子どもを預けたい ファミリー・サポート・センター事業 「子育ての手助けをしてほしい方（依頼会員）」と「子育てのお手伝いができる方（提供会員）」が会員となって助け合う事"
"大台町","22","制度語|金額|対象|受付","大台町産後ケア事業／大台町","大台町産後ケア事業","https://www.odaitown.jp/kosodate_kyoiku/ninshin_shussan/1085.html","大台町産後ケア事業／大台町 スマートフォン版を表示 本文へ 閲覧支援 文字サイズ 背景色変更 Foreign Language 閲覧支援 閉じる 暮らし・手続き 健康・福祉 子育て・教育 産業・まちづくり 行政情報 暮らし・手続き 健康・福祉 子育て・教育 産業・まちづくり 行政情報 文字サイズ 背景色変更 Foreign Language PCサイトを表示 現在のページ ホーム 子育て・教育 妊娠・出産 大台町産後ケア事業 大台町産後ケア事業 更新日：2026年07月09日 産後ケアとは 大台町では、産後の支援を必要とする産後1年以内のお母さんと赤ちゃんに、産科医療機関・助産所等の保健サービスを提供しています。 赤ちゃんのお世話で悩んでいる…。疲れている…。そんな時は「産後ケア」がおすすめです。 利用できる方 次のすべての条件にあはまる方です。 大台町に 住民票がある方 産後1年以内のお母さんと赤ちゃん（委託機関によって対象期間は異なります） 支援を必要とするお母さんと赤ちゃん(専門的な治療の必要のない方) サービスの種類（3種類） 宿泊型 通所型 訪問型 利用できる期間 原則7日以"
"大台町","22","制度語|金額|対象|受付","妊娠したら(生まれる前の手続きについて)／大台町","妊娠したら(生まれる前の手続きについて)","https://www.odaitown.jp/kosodate_kyoiku/ninshin_shussan/1128.html","妊娠したら(生まれる前の手続きについて)／大台町 スマートフォン版を表示 本文へ 閲覧支援 文字サイズ 背景色変更 Foreign Language 閲覧支援 閉じる 暮らし・手続き 健康・福祉 子育て・教育 産業・まちづくり 行政情報 暮らし・手続き 健康・福祉 子育て・教育 産業・まちづくり 行政情報 文字サイズ 背景色変更 Foreign Language PCサイトを表示 現在のページ ホーム 子育て・教育 妊娠・出産 妊娠したら(生まれる前の手続きについて) 妊娠したら(生まれる前の手続きについて) 更新日：2022年05月09日 母子健康手帳の交付 福祉課 電話:82-3783 妊娠届出書を福祉課までご持参ください。母子健康手帳および母子保健のしおり（妊婦健診と産婦健診と乳児健診の受診票のつづり）と、その他資料をお渡しします。 ※令和4年4月1日から、母子健康手帳の交付を原則、福祉課で保健師面談による交付とさせていただきます。ご都合の合わない方は、各出張所でも対応いたしますので、事前に福祉課へご連絡ください。 妊娠届出書の書式は産科医療機関、助産所で発行されます。 届出時に"
"大台町","22","制度語|金額|対象|受付","赤ちゃんが生まれたら／大台町","赤ちゃんが生まれたら","https://www.odaitown.jp/kosodate_kyoiku/ninshin_shussan/1396.html","赤ちゃんが生まれたら／大台町 スマートフォン版を表示 本文へ 閲覧支援 文字サイズ 背景色変更 Foreign Language 閲覧支援 閉じる 暮らし・手続き 健康・福祉 子育て・教育 産業・まちづくり 行政情報 暮らし・手続き 健康・福祉 子育て・教育 産業・まちづくり 行政情報 文字サイズ 背景色変更 Foreign Language PCサイトを表示 現在のページ ホーム 子育て・教育 妊娠・出産 赤ちゃんが生まれたら 赤ちゃんが生まれたら 更新日：2022年05月09日 届出・給付 出生届 税務住民課 電話:82-3784 生まれた日を含めて14日以内(ただし休日祝日が14日となるときは、その翌日)に、本籍地・住所地・一時滞在している実家など、いずれかの市町村役場へ、出生届を出してください。 届出には、母子健康手帳が必要です。 児童手当 福祉課 電話:82-3783 高校生年代までの児童を養育する者に支給します。 申請には、申請者名義の金融機関口座番号が確認できる通帳、マイナンバーカードが必要です。 【手当額（月額）】 3歳未満児 一人あたり 15,000円 3歳以上高校生"
"大台町","22","制度語|金額|対象|受付","母子家庭等就学就職支度金／大台町","母子家庭等就学就職支度金","https://www.odaitown.jp/kosodate_kyoiku/teate_josei/2723.html","母子家庭等就学就職支度金／大台町 スマートフォン版を表示 本文へ 閲覧支援 文字サイズ 背景色変更 Foreign Language 閲覧支援 閉じる 暮らし・手続き 健康・福祉 子育て・教育 産業・まちづくり 行政情報 暮らし・手続き 健康・福祉 子育て・教育 産業・まちづくり 行政情報 文字サイズ 背景色変更 Foreign Language PCサイトを表示 現在のページ ホーム 子育て・教育 手当・助成 母子家庭等就学就職支度金 母子家庭等就学就職支度金 更新日：2025年12月08日 大台町では、母子家庭及び父子家庭に対して経済的自立の助成と生活意欲の助長を目的とした「就学就職支度金」を支給します。 《対象者》 「就学就職支度金」の給付を受けることができる方は、次の要件全て該当する方です。 ・大台町に在住し、大台町の住民基本台帳に登録されている配偶者のない方で現に児童を扶養している方、又は父母のない児童を養育している方 ・現に小学校に入学する児童、義務教育終了後就学若しくは就職する児童を扶養している方 《支度金の額》 ・小学校入学支度金・・・児童1人につき 5,000円 ・義"
"大台町","22","制度語|金額|対象|受付","令和8年7月号（vol.247）／大台町","令和8年7月号（vol.247）","https://www.odaitown.jp/soshiki/yakuba/2/3/6/reiwa07_2/3298.html","令和8年7月号（vol.247）／大台町 スマートフォン版を表示 本文へ 閲覧支援 文字サイズ 背景色変更 Foreign Language 閲覧支援 閉じる 暮らし・手続き 健康・福祉 子育て・教育 産業・まちづくり 行政情報 暮らし・手続き 健康・福祉 子育て・教育 産業・まちづくり 行政情報 文字サイズ 背景色変更 Foreign Language PCサイトを表示 現在のページ ホーム 組織から探す 大台町役場本庁 戦略企画課 戦略企画課：担当情報 広報おおだい 令和8年度 令和8年7月号（vol.247） 令和8年7月号（vol.247） 更新日：2026年07月06日 令和8年6月号（vol.246） 令和8年7月号(Vol.247)(PDFファイル:19.2MB) 表紙 特集 クマを寄せ付けない獣害対策1 特集 クマを寄せ付けない獣害対策2 まちのわだい1 まちのわだい2 まちのわだい3 国民健康保険加入者のみなさまへ 後期高齢者医療制度のお知らせ 年に1度は健康チェック！ 国民年金保険料免除の申請について 無料で受けられる！歯周病検診のご案内 「大台町食育ボランティアあ"
"玉城町","19","制度語|対象|受付","防災・防犯｜ 玉城町","防災・防犯","https://kizuna.town.tamaki.mie.jp/bosaibohan/","防災・防犯｜ 玉城町 メニューをスキップします Foreign Languages 文字サイズ変更： 配色変更： くらし･手続き 各種証明書・手続き くらしの相談 元気バス ゴミ・環境 上下水道 税金 建設・建築 マイナンバー ペット 自治区 移住・定住 防災･防犯 災害 救急・救命 火災・防火 防災 防犯 交通安全 国民保護 耐震 健康･福祉 健康・医療 保険・年金 社会福祉協議会 高齢者福祉 障がい者福祉 休日・夜間診療所 子育て･教育 子育て 保育・教育・健全育成 産業･ビジネス 入札情報 農林業 商工業 就労支援 観光･文化･スポーツ 文化・芸術 観光 スポーツ・生涯学習 図書室 公園 町政情報 計画・行革・財政・統計 男女共同参画 施設案内 玉城町例規集 広報・広聴 選挙・議会 玉城町の紹介 個人情報保護・情報公開制度 リンク オンライン申請 Foreign Languages ホーム > 防災・防犯 防災・防犯 災害 救急・救命 火災・防火 防災 防犯 交通安全 国民保護 耐震 防災・防犯 災害 救急・救命 火災・防火 防災 防犯 交通安全 国民保護 耐震 ふるさと納税 お"
"玉城町","19","制度語|対象|受付","防犯｜ 玉城町","防犯","https://kizuna.town.tamaki.mie.jp/bosaibohan/bohan/","防犯｜ 玉城町 メニューをスキップします Foreign Languages 文字サイズ変更： 配色変更： くらし･手続き 各種証明書・手続き くらしの相談 元気バス ゴミ・環境 上下水道 税金 建設・建築 マイナンバー ペット 自治区 移住・定住 防災･防犯 災害 救急・救命 火災・防火 防災 防犯 交通安全 国民保護 耐震 健康･福祉 健康・医療 保険・年金 社会福祉協議会 高齢者福祉 障がい者福祉 休日・夜間診療所 子育て･教育 子育て 保育・教育・健全育成 産業･ビジネス 入札情報 農林業 商工業 就労支援 観光･文化･スポーツ 文化・芸術 観光 スポーツ・生涯学習 図書室 公園 町政情報 計画・行革・財政・統計 男女共同参画 施設案内 玉城町例規集 広報・広聴 選挙・議会 玉城町の紹介 個人情報保護・情報公開制度 リンク オンライン申請 Foreign Languages ホーム > 防災・防犯 > 防犯 防犯 不審者情報（三重県警察ホームページ） 防犯カメラの運用状況について （43KB） 特殊詐欺にご注意ください 玉城町特殊詐欺等被害防止機器購入補助金について 防災・防犯"
"玉城町","19","制度語|対象|受付","防犯｜ 玉城町","防犯","https://kizuna.town.tamaki.mie.jp/bosaibohan/bohan/index.html","防犯｜ 玉城町 メニューをスキップします Foreign Languages 文字サイズ変更： 配色変更： くらし･手続き 各種証明書・手続き くらしの相談 元気バス ゴミ・環境 上下水道 税金 建設・建築 マイナンバー ペット 自治区 移住・定住 防災･防犯 災害 救急・救命 火災・防火 防災 防犯 交通安全 国民保護 耐震 健康･福祉 健康・医療 保険・年金 社会福祉協議会 高齢者福祉 障がい者福祉 休日・夜間診療所 子育て･教育 子育て 保育・教育・健全育成 産業･ビジネス 入札情報 農林業 商工業 就労支援 観光･文化･スポーツ 文化・芸術 観光 スポーツ・生涯学習 図書室 公園 町政情報 計画・行革・財政・統計 男女共同参画 施設案内 玉城町例規集 広報・広聴 選挙・議会 玉城町の紹介 個人情報保護・情報公開制度 リンク オンライン申請 Foreign Languages ホーム > 防災・防犯 > 防犯 防犯 不審者情報（三重県警察ホームページ） 防犯カメラの運用状況について （43KB） 特殊詐欺にご注意ください 玉城町特殊詐欺等被害防止機器購入補助金について 防災・防犯"
"玉城町","19","制度語|対象|受付","防災行政無線の放送内容 ｜ 玉城町","防災行政無線の放送内容について","https://kizuna.town.tamaki.mie.jp/bosaibohan/bosai/bousaihousou.html","防災行政無線の放送内容 ｜ 玉城町 メニューをスキップします Foreign Languages 文字サイズ変更： 配色変更： くらし･手続き 各種証明書・手続き くらしの相談 元気バス ゴミ・環境 上下水道 税金 建設・建築 マイナンバー ペット 自治区 移住・定住 防災･防犯 災害 救急・救命 火災・防火 防災 防犯 交通安全 国民保護 耐震 健康･福祉 健康・医療 保険・年金 社会福祉協議会 高齢者福祉 障がい者福祉 休日・夜間診療所 子育て･教育 子育て 保育・教育・健全育成 産業･ビジネス 入札情報 農林業 商工業 就労支援 観光･文化･スポーツ 文化・芸術 観光 スポーツ・生涯学習 図書室 公園 町政情報 計画・行革・財政・統計 男女共同参画 施設案内 玉城町例規集 広報・広聴 選挙・議会 玉城町の紹介 個人情報保護・情報公開制度 リンク オンライン申請 Foreign Languages ホーム > 防災・防犯 > 防災 > 防災行政無線の放送内容について 防災行政無線の放送内容について 放送日時 原則 毎週火曜・金曜（放送がない日もあります。） 朝7時10分頃・夕方18"
"玉城町","19","制度語|対象|受付","玉城町地域防災計画（案）のパブリックコメントについて ｜ 玉城町","玉城町地域防災計画（案）のパブリックコメントについて","https://kizuna.town.tamaki.mie.jp/bosaibohan/bosai/chiibousai_pubcom.html","玉城町地域防災計画（案）のパブリックコメントについて ｜ 玉城町 メニューをスキップします Foreign Languages 文字サイズ変更： 配色変更： くらし･手続き 各種証明書・手続き くらしの相談 元気バス ゴミ・環境 上下水道 税金 建設・建築 マイナンバー ペット 自治区 移住・定住 防災･防犯 災害 救急・救命 火災・防火 防災 防犯 交通安全 国民保護 耐震 健康･福祉 健康・医療 保険・年金 社会福祉協議会 高齢者福祉 障がい者福祉 休日・夜間診療所 子育て･教育 子育て 保育・教育・健全育成 産業･ビジネス 入札情報 農林業 商工業 就労支援 観光･文化･スポーツ 文化・芸術 観光 スポーツ・生涯学習 図書室 公園 町政情報 計画・行革・財政・統計 男女共同参画 施設案内 玉城町例規集 広報・広聴 選挙・議会 玉城町の紹介 個人情報保護・情報公開制度 リンク オンライン申請 Foreign Languages ホーム > 防災・防犯 > 防災 > 玉城町地域防災計画（案）のパブリックコメントについて 玉城町地域防災計画（案）のパブリックコメントについて 玉城町地域"
"玉城町","19","制度語|対象|受付","玉城町地域防災計画（案）のパブリックコメント募集について ｜ 玉城町","玉城町地域防災計画（案）のパブリックコメント募集について","https://kizuna.town.tamaki.mie.jp/bosaibohan/bosai/R83bousaikeikakupubliccomment.html","玉城町地域防災計画（案）のパブリックコメント募集について ｜ 玉城町 メニューをスキップします Foreign Languages 文字サイズ変更： 配色変更： くらし･手続き 各種証明書・手続き くらしの相談 元気バス ゴミ・環境 上下水道 税金 建設・建築 マイナンバー ペット 自治区 移住・定住 防災･防犯 災害 救急・救命 火災・防火 防災 防犯 交通安全 国民保護 耐震 健康･福祉 健康・医療 保険・年金 社会福祉協議会 高齢者福祉 障がい者福祉 休日・夜間診療所 子育て･教育 子育て 保育・教育・健全育成 産業･ビジネス 入札情報 農林業 商工業 就労支援 観光･文化･スポーツ 文化・芸術 観光 スポーツ・生涯学習 図書室 公園 町政情報 計画・行革・財政・統計 男女共同参画 施設案内 玉城町例規集 広報・広聴 選挙・議会 玉城町の紹介 個人情報保護・情報公開制度 リンク オンライン申請 Foreign Languages ホーム > 防災・防犯 > 防災 > 玉城町地域防災計画（案）のパブリックコメント募集について 玉城町地域防災計画（案）のパブリックコメント募集について"
"玉城町","19","制度語|対象|受付","玉城町総合防災マップ｜ 玉城町","玉城町総合防災マップ","https://kizuna.town.tamaki.mie.jp/bosaibohan/bosai/sougoubousaimap.html","玉城町総合防災マップ｜ 玉城町 メニューをスキップします Foreign Languages 文字サイズ変更： 配色変更： くらし･手続き 各種証明書・手続き くらしの相談 元気バス ゴミ・環境 上下水道 税金 建設・建築 マイナンバー ペット 自治区 移住・定住 防災･防犯 災害 救急・救命 火災・防火 防災 防犯 交通安全 国民保護 耐震 健康･福祉 健康・医療 保険・年金 社会福祉協議会 高齢者福祉 障がい者福祉 休日・夜間診療所 子育て･教育 子育て 保育・教育・健全育成 産業･ビジネス 入札情報 農林業 商工業 就労支援 観光･文化･スポーツ 文化・芸術 観光 スポーツ・生涯学習 図書室 公園 町政情報 計画・行革・財政・統計 男女共同参画 施設案内 玉城町例規集 広報・広聴 選挙・議会 玉城町の紹介 個人情報保護・情報公開制度 リンク オンライン申請 Foreign Languages ホーム > 防災・防犯 > 防災 > 玉城町総合防災マップ 玉城町総合防災マップ 玉城町総合防災マップについて 玉城町総合防災マップを作成しました。 ※画像をクリックするとPDFが開きます。"
"玉城町","19","制度語|対象|受付","防災・防犯｜ 玉城町","防災・防犯","https://kizuna.town.tamaki.mie.jp/bosaibohan/index.html","防災・防犯｜ 玉城町 メニューをスキップします Foreign Languages 文字サイズ変更： 配色変更： くらし･手続き 各種証明書・手続き くらしの相談 元気バス ゴミ・環境 上下水道 税金 建設・建築 マイナンバー ペット 自治区 移住・定住 防災･防犯 災害 救急・救命 火災・防火 防災 防犯 交通安全 国民保護 耐震 健康･福祉 健康・医療 保険・年金 社会福祉協議会 高齢者福祉 障がい者福祉 休日・夜間診療所 子育て･教育 子育て 保育・教育・健全育成 産業･ビジネス 入札情報 農林業 商工業 就労支援 観光･文化･スポーツ 文化・芸術 観光 スポーツ・生涯学習 図書室 公園 町政情報 計画・行革・財政・統計 男女共同参画 施設案内 玉城町例規集 広報・広聴 選挙・議会 玉城町の紹介 個人情報保護・情報公開制度 リンク オンライン申請 Foreign Languages ホーム > 防災・防犯 防災・防犯 災害 救急・救命 火災・防火 防災 防犯 交通安全 国民保護 耐震 防災・防犯 災害 救急・救命 火災・防火 防災 防犯 交通安全 国民保護 耐震 ふるさと納税 お"
"玉城町","19","制度語|対象|受付","耐震｜ 玉城町","耐震","https://kizuna.town.tamaki.mie.jp/bosaibohan/taishin/","耐震｜ 玉城町 メニューをスキップします Foreign Languages 文字サイズ変更： 配色変更： くらし･手続き 各種証明書・手続き くらしの相談 元気バス ゴミ・環境 上下水道 税金 建設・建築 マイナンバー ペット 自治区 移住・定住 防災･防犯 災害 救急・救命 火災・防火 防災 防犯 交通安全 国民保護 耐震 健康･福祉 健康・医療 保険・年金 社会福祉協議会 高齢者福祉 障がい者福祉 休日・夜間診療所 子育て･教育 子育て 保育・教育・健全育成 産業･ビジネス 入札情報 農林業 商工業 就労支援 観光･文化･スポーツ 文化・芸術 観光 スポーツ・生涯学習 図書室 公園 町政情報 計画・行革・財政・統計 男女共同参画 施設案内 玉城町例規集 広報・広聴 選挙・議会 玉城町の紹介 個人情報保護・情報公開制度 リンク オンライン申請 Foreign Languages ホーム > 防災・防犯 > 耐震 耐震 家具転倒防止 耐震改修促進計画 木造住宅耐震事業補助金制度 ブロック塀等撤去事業補助金制度 宅地耐震化推進事業 防災・防犯 災害 救急・救命 火災・防火 防災 防犯 "
"玉城町","19","制度語|対象|受付","玉城町耐震改修促進計画 ｜ 玉城町","玉城町耐震改修促進計画","https://kizuna.town.tamaki.mie.jp/bosaibohan/taishin/2024-0930-1615-10.html","玉城町耐震改修促進計画 ｜ 玉城町 メニューをスキップします Foreign Languages 文字サイズ変更： 配色変更： くらし･手続き 各種証明書・手続き くらしの相談 元気バス ゴミ・環境 上下水道 税金 建設・建築 マイナンバー ペット 自治区 移住・定住 防災･防犯 災害 救急・救命 火災・防火 防災 防犯 交通安全 国民保護 耐震 健康･福祉 健康・医療 保険・年金 社会福祉協議会 高齢者福祉 障がい者福祉 休日・夜間診療所 子育て･教育 子育て 保育・教育・健全育成 産業･ビジネス 入札情報 農林業 商工業 就労支援 観光･文化･スポーツ 文化・芸術 観光 スポーツ・生涯学習 図書室 公園 町政情報 計画・行革・財政・統計 男女共同参画 施設案内 玉城町例規集 広報・広聴 選挙・議会 玉城町の紹介 個人情報保護・情報公開制度 リンク オンライン申請 Foreign Languages ホーム > 防災・防犯 > 耐震 > 玉城町耐震改修促進計画 玉城町耐震改修促進計画 東海・東南海・南海地震の被害軽減を目的として、三重県耐震改修促進計画が平成19年3月に作成されたこと"
"玉城町","19","制度語|対象|受付","耐震｜ 玉城町","耐震","https://kizuna.town.tamaki.mie.jp/bosaibohan/taishin/index.html","耐震｜ 玉城町 メニューをスキップします Foreign Languages 文字サイズ変更： 配色変更： くらし･手続き 各種証明書・手続き くらしの相談 元気バス ゴミ・環境 上下水道 税金 建設・建築 マイナンバー ペット 自治区 移住・定住 防災･防犯 災害 救急・救命 火災・防火 防災 防犯 交通安全 国民保護 耐震 健康･福祉 健康・医療 保険・年金 社会福祉協議会 高齢者福祉 障がい者福祉 休日・夜間診療所 子育て･教育 子育て 保育・教育・健全育成 産業･ビジネス 入札情報 農林業 商工業 就労支援 観光･文化･スポーツ 文化・芸術 観光 スポーツ・生涯学習 図書室 公園 町政情報 計画・行革・財政・統計 男女共同参画 施設案内 玉城町例規集 広報・広聴 選挙・議会 玉城町の紹介 個人情報保護・情報公開制度 リンク オンライン申請 Foreign Languages ホーム > 防災・防犯 > 耐震 耐震 家具転倒防止 耐震改修促進計画 木造住宅耐震事業補助金制度 ブロック塀等撤去事業補助金制度 宅地耐震化推進事業 防災・防犯 災害 救急・救命 火災・防火 防災 防犯 "
"玉城町","19","制度語|対象|受付","地域経済循環創造事業補助金（ローカル10,000プロジェクト） ｜ 玉城町","地域経済循環創造事業補助金（ローカル10,000プロジェクト）","https://kizuna.town.tamaki.mie.jp/chosei/gyokaku/shisaku/2026-0706-1731-10.html","地域経済循環創造事業補助金（ローカル10,000プロジェクト） ｜ 玉城町 メニューをスキップします Foreign Languages 文字サイズ変更： 配色変更： くらし･手続き 各種証明書・手続き くらしの相談 元気バス ゴミ・環境 上下水道 税金 建設・建築 マイナンバー ペット 自治区 移住・定住 防災･防犯 災害 救急・救命 火災・防火 防災 防犯 交通安全 国民保護 耐震 健康･福祉 健康・医療 保険・年金 社会福祉協議会 高齢者福祉 障がい者福祉 休日・夜間診療所 子育て･教育 子育て 保育・教育・健全育成 産業･ビジネス 入札情報 農林業 商工業 就労支援 観光･文化･スポーツ 文化・芸術 観光 スポーツ・生涯学習 図書室 公園 町政情報 計画・行革・財政・統計 男女共同参画 施設案内 玉城町例規集 広報・広聴 選挙・議会 玉城町の紹介 個人情報保護・情報公開制度 リンク オンライン申請 Foreign Languages ホーム > 町政情報 > 計画・行革・財政・統計 > 施策・計画 > 地域経済循環創造事業補助金（ローカル10,000プロジェクト） 地域経済循環"
"玉城町","19","制度語|対象|受付","第2次玉城町空家等対策計画（案）に対するパブリックコメント（意見募集）の実施について ｜ 玉城町","第2次玉城町空家等対策計画（案）に対するパブリックコメント（意見募集）の実施について","https://kizuna.town.tamaki.mie.jp/chosei/gyokaku/shisaku/akiya_paburikku.html","第2次玉城町空家等対策計画（案）に対するパブリックコメント（意見募集）の実施について ｜ 玉城町 メニューをスキップします Foreign Languages 文字サイズ変更： 配色変更： くらし･手続き 各種証明書・手続き くらしの相談 元気バス ゴミ・環境 上下水道 税金 建設・建築 マイナンバー ペット 自治区 移住・定住 防災･防犯 災害 救急・救命 火災・防火 防災 防犯 交通安全 国民保護 耐震 健康･福祉 健康・医療 保険・年金 社会福祉協議会 高齢者福祉 障がい者福祉 休日・夜間診療所 子育て･教育 子育て 保育・教育・健全育成 産業･ビジネス 入札情報 農林業 商工業 就労支援 観光･文化･スポーツ 文化・芸術 観光 スポーツ・生涯学習 図書室 公園 町政情報 計画・行革・財政・統計 男女共同参画 施設案内 玉城町例規集 広報・広聴 選挙・議会 玉城町の紹介 個人情報保護・情報公開制度 リンク オンライン申請 Foreign Languages ホーム > 町政情報 > 計画・行革・財政・統計 > 施策・計画 > 第2次玉城町空家等対策計画（案）に対するパブリックコメ"
"玉城町","19","制度語|対象|受付","高齢者インフルエンザおよび新型コロナウイルス感染症予防接種について ｜ 玉城町","高齢者インフルエンザおよび新型コロナウイルス感染症予防接種について","https://kizuna.town.tamaki.mie.jp/kenkofukushi/kenkoiryo/kenko/infuruenza_korona.html","高齢者インフルエンザおよび新型コロナウイルス感染症予防接種について ｜ 玉城町 メニューをスキップします Foreign Languages 文字サイズ変更： 配色変更： くらし･手続き 各種証明書・手続き くらしの相談 元気バス ゴミ・環境 上下水道 税金 建設・建築 マイナンバー ペット 自治区 移住・定住 防災･防犯 災害 救急・救命 火災・防火 防災 防犯 交通安全 国民保護 耐震 健康･福祉 健康・医療 保険・年金 社会福祉協議会 高齢者福祉 障がい者福祉 休日・夜間診療所 子育て･教育 子育て 保育・教育・健全育成 産業･ビジネス 入札情報 農林業 商工業 就労支援 観光･文化･スポーツ 文化・芸術 観光 スポーツ・生涯学習 図書室 公園 町政情報 計画・行革・財政・統計 男女共同参画 施設案内 玉城町例規集 広報・広聴 選挙・議会 玉城町の紹介 個人情報保護・情報公開制度 リンク オンライン申請 Foreign Languages ホーム > 健康・福祉 > 健康・医療 > 健康 > 高齢者インフルエンザおよび新型コロナウイルス感染症予防接種について 高齢者インフルエンザ"
"玉城町","19","制度語|対象|受付","高齢者への助成・支援制度｜ 玉城町","高齢者への助成・支援制度","https://kizuna.town.tamaki.mie.jp/kenkofukushi/koureishafukushi/jyosei/index.html","高齢者への助成・支援制度｜ 玉城町 メニューをスキップします Foreign Languages 文字サイズ変更： 配色変更： くらし･手続き 各種証明書・手続き くらしの相談 元気バス ゴミ・環境 上下水道 税金 建設・建築 マイナンバー ペット 自治区 移住・定住 防災･防犯 災害 救急・救命 火災・防火 防災 防犯 交通安全 国民保護 耐震 健康･福祉 健康・医療 保険・年金 社会福祉協議会 高齢者福祉 障がい者福祉 休日・夜間診療所 子育て･教育 子育て 保育・教育・健全育成 産業･ビジネス 入札情報 農林業 商工業 就労支援 観光･文化･スポーツ 文化・芸術 観光 スポーツ・生涯学習 図書室 公園 町政情報 計画・行革・財政・統計 男女共同参画 施設案内 玉城町例規集 広報・広聴 選挙・議会 玉城町の紹介 個人情報保護・情報公開制度 リンク オンライン申請 Foreign Languages ホーム > 健康・福祉 > 高齢者福祉 > 高齢者への助成・支援制度 高齢者への助成・支援制度 高齢者福祉 健康・福祉 健康・医療 保険・年金 社会福祉協議会 高齢者福祉 障がい者福祉 "
"玉城町","19","制度語|対象|受付","育児休業給付金の支給対象期間延長手続きを行うみなさまへ ｜ 玉城町","育児休業給付金の支給対象期間延長手続きを行うみなさまへ","https://kizuna.town.tamaki.mie.jp/kosodatekyoiku/kosodate/jyosei/ikujikyugyo_kyuhukin.html","育児休業給付金の支給対象期間延長手続きを行うみなさまへ ｜ 玉城町 メニューをスキップします Foreign Languages 文字サイズ変更： 配色変更： くらし･手続き 各種証明書・手続き くらしの相談 元気バス ゴミ・環境 上下水道 税金 建設・建築 マイナンバー ペット 自治区 移住・定住 防災･防犯 災害 救急・救命 火災・防火 防災 防犯 交通安全 国民保護 耐震 健康･福祉 健康・医療 保険・年金 社会福祉協議会 高齢者福祉 障がい者福祉 休日・夜間診療所 子育て･教育 子育て 保育・教育・健全育成 産業･ビジネス 入札情報 農林業 商工業 就労支援 観光･文化･スポーツ 文化・芸術 観光 スポーツ・生涯学習 図書室 公園 町政情報 計画・行革・財政・統計 男女共同参画 施設案内 玉城町例規集 広報・広聴 選挙・議会 玉城町の紹介 個人情報保護・情報公開制度 リンク オンライン申請 Foreign Languages ホーム > 子育て・教育 > 子育て > 子育てへの助成 > 育児休業給付金の支給対象期間延長手続きを行うみなさまへ 育児休業給付金の支給対象期間延長手続"
"玉城町","19","制度語|対象|受付","子育てへの支援・助成｜ 玉城町","子育てへの支援・助成","https://kizuna.town.tamaki.mie.jp/kosodatekyoiku/kosodate/jyosei/index.html","子育てへの支援・助成｜ 玉城町 メニューをスキップします Foreign Languages 文字サイズ変更： 配色変更： くらし･手続き 各種証明書・手続き くらしの相談 元気バス ゴミ・環境 上下水道 税金 建設・建築 マイナンバー ペット 自治区 移住・定住 防災･防犯 災害 救急・救命 火災・防火 防災 防犯 交通安全 国民保護 耐震 健康･福祉 健康・医療 保険・年金 社会福祉協議会 高齢者福祉 障がい者福祉 休日・夜間診療所 子育て･教育 子育て 保育・教育・健全育成 産業･ビジネス 入札情報 農林業 商工業 就労支援 観光･文化･スポーツ 文化・芸術 観光 スポーツ・生涯学習 図書室 公園 町政情報 計画・行革・財政・統計 男女共同参画 施設案内 玉城町例規集 広報・広聴 選挙・議会 玉城町の紹介 個人情報保護・情報公開制度 リンク オンライン申請 Foreign Languages ホーム > 子育て・教育 > 子育て > 子育てへの助成 子育てへの支援・助成 児童福祉 福祉医療（子ども医療費） 子育て支援 未熟児養育医療給付 子育て・教育 子育て 保育・教育・健全育成"
"玉城町","19","制度語|対象|受付","令和6年度 入学・新生活応援給付金について ｜ 玉城町","令和6年度 入学・新生活応援給付金について","https://kizuna.town.tamaki.mie.jp/kosodatekyoiku/kosodate/jyosei/nyugakusinseikatu_oenkyuhu.html","令和6年度 入学・新生活応援給付金について ｜ 玉城町 メニューをスキップします Foreign Languages 文字サイズ変更： 配色変更： くらし･手続き 各種証明書・手続き くらしの相談 元気バス ゴミ・環境 上下水道 税金 建設・建築 マイナンバー ペット 自治区 移住・定住 防災･防犯 災害 救急・救命 火災・防火 防災 防犯 交通安全 国民保護 耐震 健康･福祉 健康・医療 保険・年金 社会福祉協議会 高齢者福祉 障がい者福祉 休日・夜間診療所 子育て･教育 子育て 保育・教育・健全育成 産業･ビジネス 入札情報 農林業 商工業 就労支援 観光･文化･スポーツ 文化・芸術 観光 スポーツ・生涯学習 図書室 公園 町政情報 計画・行革・財政・統計 男女共同参画 施設案内 玉城町例規集 広報・広聴 選挙・議会 玉城町の紹介 個人情報保護・情報公開制度 リンク オンライン申請 Foreign Languages ホーム > 子育て・教育 > 子育て > 子育てへの助成 > 令和6年度 入学・新生活応援給付金について 令和6年度 入学・新生活応援給付金について 子どもの貧困対策"
"玉城町","19","制度語|対象|受付","玉城町空き家バンクについて ｜ 玉城町","玉城町空き家バンクについて","https://kizuna.town.tamaki.mie.jp/kurashi/ijyuteijyu/akiyabank.html","玉城町空き家バンクについて ｜ 玉城町 メニューをスキップします Foreign Languages 文字サイズ変更： 配色変更： くらし･手続き 各種証明書・手続き くらしの相談 元気バス ゴミ・環境 上下水道 税金 建設・建築 マイナンバー ペット 自治区 移住・定住 防災･防犯 災害 救急・救命 火災・防火 防災 防犯 交通安全 国民保護 耐震 健康･福祉 健康・医療 保険・年金 社会福祉協議会 高齢者福祉 障がい者福祉 休日・夜間診療所 子育て･教育 子育て 保育・教育・健全育成 産業･ビジネス 入札情報 農林業 商工業 就労支援 観光･文化･スポーツ 文化・芸術 観光 スポーツ・生涯学習 図書室 公園 町政情報 計画・行革・財政・統計 男女共同参画 施設案内 玉城町例規集 広報・広聴 選挙・議会 玉城町の紹介 個人情報保護・情報公開制度 リンク オンライン申請 Foreign Languages ホーム > くらし・手続き > 移住・定住 > 玉城町空き家バンクについて 玉城町空き家バンクについて 玉城町の空き家情報 玉城町では、町内の空き家等の有効活用を通して移住・定住によ"
"玉城町","19","制度語|対象|受付","移住・定住｜ 玉城町","移住・定住","https://kizuna.town.tamaki.mie.jp/kurashi/ijyuteijyu/index.html","移住・定住｜ 玉城町 メニューをスキップします Foreign Languages 文字サイズ変更： 配色変更： くらし･手続き 各種証明書・手続き くらしの相談 元気バス ゴミ・環境 上下水道 税金 建設・建築 マイナンバー ペット 自治区 移住・定住 防災･防犯 災害 救急・救命 火災・防火 防災 防犯 交通安全 国民保護 耐震 健康･福祉 健康・医療 保険・年金 社会福祉協議会 高齢者福祉 障がい者福祉 休日・夜間診療所 子育て･教育 子育て 保育・教育・健全育成 産業･ビジネス 入札情報 農林業 商工業 就労支援 観光･文化･スポーツ 文化・芸術 観光 スポーツ・生涯学習 図書室 公園 町政情報 計画・行革・財政・統計 男女共同参画 施設案内 玉城町例規集 広報・広聴 選挙・議会 玉城町の紹介 個人情報保護・情報公開制度 リンク オンライン申請 Foreign Languages ホーム > くらし・手続き > 移住・定住 移住・定住 玉城町・下外城田地区明るい未来推進に関する調査・研究業務 玉城町空き家バンクについて 空家対策事業補助金について 越境竹木に関するルールが改正さ"
"玉城町","19","制度語|対象|受付","宅地耐震化推進事業について ｜ 玉城町","宅地耐震化推進事業について","https://kizuna.town.tamaki.mie.jp/kurashi/kensetsu/takuchitaishinka.html","宅地耐震化推進事業について ｜ 玉城町 メニューをスキップします Foreign Languages 文字サイズ変更： 配色変更： くらし･手続き 各種証明書・手続き くらしの相談 元気バス ゴミ・環境 上下水道 税金 建設・建築 マイナンバー ペット 自治区 移住・定住 防災･防犯 災害 救急・救命 火災・防火 防災 防犯 交通安全 国民保護 耐震 健康･福祉 健康・医療 保険・年金 社会福祉協議会 高齢者福祉 障がい者福祉 休日・夜間診療所 子育て･教育 子育て 保育・教育・健全育成 産業･ビジネス 入札情報 農林業 商工業 就労支援 観光･文化･スポーツ 文化・芸術 観光 スポーツ・生涯学習 図書室 公園 町政情報 計画・行革・財政・統計 男女共同参画 施設案内 玉城町例規集 広報・広聴 選挙・議会 玉城町の紹介 個人情報保護・情報公開制度 リンク オンライン申請 Foreign Languages ホーム > くらし・手続き > 建設・建築 > 宅地耐震化推進事業について 宅地耐震化推進事業について 大地震時に滑動崩落等の恐れがある大規模盛土造成地の滑動崩落による被害を防止する"
"玉城町","19","制度語|対象|受付","玉城町制70周年記念補助金 ｜ 玉城町","玉城町制施行70周年記念町民企画事業補助金について","https://kizuna.town.tamaki.mie.jp/news/70shunen_hojokin.html","玉城町制70周年記念補助金 ｜ 玉城町 メニューをスキップします Foreign Languages 文字サイズ変更： 配色変更： くらし･手続き 各種証明書・手続き くらしの相談 元気バス ゴミ・環境 上下水道 税金 建設・建築 マイナンバー ペット 自治区 移住・定住 防災･防犯 災害 救急・救命 火災・防火 防災 防犯 交通安全 国民保護 耐震 健康･福祉 健康・医療 保険・年金 社会福祉協議会 高齢者福祉 障がい者福祉 休日・夜間診療所 子育て･教育 子育て 保育・教育・健全育成 産業･ビジネス 入札情報 農林業 商工業 就労支援 観光･文化･スポーツ 文化・芸術 観光 スポーツ・生涯学習 図書室 公園 町政情報 計画・行革・財政・統計 男女共同参画 施設案内 玉城町例規集 広報・広聴 選挙・議会 玉城町の紹介 個人情報保護・情報公開制度 リンク オンライン申請 Foreign Languages ホーム > お知らせ一覧 > 玉城町制施行70周年記念町民企画事業補助金について 玉城町制施行70周年記念町民企画事業補助金について 玉城町は令和7年4月10日に町制施行70周年を迎"
"大台町","19","制度語|金額|対象","平成31年4月から保育料を無償化しています／大台町","平成31年4月から保育料を無償化しています","https://www.odaitown.jp/kosodate_kyoiku/hoikusho_kodomoen_yochien/3165.html","平成31年4月から保育料を無償化しています／大台町 スマートフォン版を表示 本文へ 閲覧支援 文字サイズ 背景色変更 Foreign Language 閲覧支援 閉じる 暮らし・手続き 健康・福祉 子育て・教育 産業・まちづくり 行政情報 暮らし・手続き 健康・福祉 子育て・教育 産業・まちづくり 行政情報 文字サイズ 背景色変更 Foreign Language PCサイトを表示 現在のページ ホーム 子育て・教育 保育所・こども園 平成31年4月から保育料を無償化しています 平成31年4月から保育料を無償化しています 更新日：2026年03月30日 幼児教育の無償化について、国は、消費税を10%に引き上げるタイミングと合わせ、本年10月からの実施を予定しています。 このことを踏まえて、大台町では 子育て世帯を応援するために、国の制度を一部前倒しして、本年4月から対象となる児童の保育料を無償化 します。 対象となる児童は、保育園及び認定こども園に通う次の児童です。 1．0歳から2歳児は 住民税非課税世帯の子どもを対象として無償化 2．3歳から5歳児は すべての子どもを対象として無償化"
"大台町","19","制度語|対象|受付","大台町ファミリー・サポート・センター等利用支援補助金の交付／大台町","大台町ファミリー・サポート・センター等利用支援補助金の交付","https://www.odaitown.jp/kosodate_kyoiku/teate_josei/2250.html","大台町ファミリー・サポート・センター等利用支援補助金の交付／大台町 スマートフォン版を表示 本文へ 閲覧支援 文字サイズ 背景色変更 Foreign Language 閲覧支援 閉じる 暮らし・手続き 健康・福祉 子育て・教育 産業・まちづくり 行政情報 暮らし・手続き 健康・福祉 子育て・教育 産業・まちづくり 行政情報 文字サイズ 背景色変更 Foreign Language PCサイトを表示 現在のページ ホーム 子育て・教育 手当・助成 大台町ファミリー・サポート・センター等利用支援補助金の交付 大台町ファミリー・サポート・センター等利用支援補助金の交付 Tweet 更新日：2023年06月08日 大台町ファミリー・サポート・センターに入会した方及び特定非営利活動法人松阪子どもNPOセンターが実施する産前・産後サポートに入会した方が援助活動を利用した場合にその利用料の一部を補助します。 大台町ファミリー・サポート・センター等利用支援補助金の概要 対象 （1）ひとり親世帯 （2）低所得世帯 （3）ダブルケア世帯 （4）障がい児（者）世帯 （5）多子世帯 （6）多胎児世帯 （7）産"
"大台町","19","制度語|金額|受付","チャイルドシート購入費補助金／大台町","チャイルドシート購入費補助金","https://www.odaitown.jp/kosodate_kyoiku/teate_josei/2730.html","チャイルドシート購入費補助金／大台町 スマートフォン版を表示 本文へ 閲覧支援 文字サイズ 背景色変更 Foreign Language 閲覧支援 閉じる 暮らし・手続き 健康・福祉 子育て・教育 産業・まちづくり 行政情報 暮らし・手続き 健康・福祉 子育て・教育 産業・まちづくり 行政情報 文字サイズ 背景色変更 Foreign Language PCサイトを表示 現在のページ ホーム 子育て・教育 手当・助成 チャイルドシート購入費補助金 チャイルドシート購入費補助金 Tweet 更新日：2025年02月20日 町内に住所があり、就学前のお子さんのためにチャイルドシートを購入した時は、補助金があります。 申請が必要ですので、次のものをお持ちの上、福祉課にて手続きしてください。 領収書(当該年度内に購入したもの) 品質保証書(必要記載のあるもの) 補助金の振込先の通帳 【補助額】 購入金額の2分の1(上限1万円) チャイルドシート購入費補助金申請書 (PDFファイル: 63.1KB) この記事に関するお問い合わせ先 大台町役場 福祉課 〒519-2404 三重県多気郡大台町佐原75"
"大台町","19","制度語|金額|対象","児童手当制度について／大台町","児童手当制度について","https://www.odaitown.jp/kosodate_kyoiku/teate_josei/983.html","児童手当制度について／大台町 スマートフォン版を表示 本文へ 閲覧支援 文字サイズ 背景色変更 Foreign Language 閲覧支援 閉じる 暮らし・手続き 健康・福祉 子育て・教育 産業・まちづくり 行政情報 暮らし・手続き 健康・福祉 子育て・教育 産業・まちづくり 行政情報 文字サイズ 背景色変更 Foreign Language PCサイトを表示 現在のページ ホーム 子育て・教育 手当・助成 児童手当制度について 児童手当制度について 更新日：2025年01月16日 児童手当とは、児童を養育している者に児童手当を支給することにより、家庭等における生活の安定に寄与するとともに、次代の社会を担う児童の健やかな成長に資することを目的とした制度です。 支給対象 高校生年代まで(18歳到達後、最初の3月31日まで）の児童を養育している方。 支給対象となる児童を養育する父母等のうち、生計の中心となる方に支給されます。父母ともに収入がある場合には、原則として恒常的に所得が高い方になります。 請求者（受給者）が公務員の場合は、勤務先から支給されます。 支給額（児童1人あたりの月額） 支"
"大台町","19","制度語|金額|受付","生ごみ処理機購入にかかる補助金申請書／大台町","生ごみ処理機購入にかかる補助金申請書","https://www.odaitown.jp/kurashi_tetsuzuki/gomi_kankyo/1/1312.html","生ごみ処理機購入にかかる補助金申請書／大台町 スマートフォン版を表示 本文へ 閲覧支援 文字サイズ 背景色変更 Foreign Language 閲覧支援 閉じる 暮らし・手続き 健康・福祉 子育て・教育 産業・まちづくり 行政情報 暮らし・手続き 健康・福祉 子育て・教育 産業・まちづくり 行政情報 文字サイズ 背景色変更 Foreign Language PCサイトを表示 現在のページ ホーム 暮らし・手続き ごみ・環境 家庭ごみ 生ごみ処理機購入にかかる補助金申請書 生ごみ処理機購入にかかる補助金申請書 更新日：2025年03月31日 生ごみ処理機購入にかかる補助金申請書の詳細 申請書様式 補助金交付 申請書 補助金交付 請求書 内容 大台町では、一般家庭から排出される生ごみの減量及び資源の再利用意識の高揚を図るため、生ごみ処理機を設置する方に対して補助金を交付しております。 予算の範囲内での補助となりますので、事前に生活環境課までお問い合わせください。 申請に必要なもの 処理機購入の領収書（購入者氏名、購入年月日、購入金額及び購入された機種が明示されたもの） 印鑑 通帳等、補助"
"大台町","19","制度語|金額|受付","生ごみ堆肥化2次処理／大台町","生ごみ堆肥化2次処理","https://www.odaitown.jp/kurashi_tetsuzuki/gomi_kankyo/1/1314.html","生ごみ堆肥化2次処理／大台町 スマートフォン版を表示 本文へ 閲覧支援 文字サイズ 背景色変更 Foreign Language 閲覧支援 閉じる 暮らし・手続き 健康・福祉 子育て・教育 産業・まちづくり 行政情報 暮らし・手続き 健康・福祉 子育て・教育 産業・まちづくり 行政情報 文字サイズ 背景色変更 Foreign Language PCサイトを表示 現在のページ ホーム 暮らし・手続き ごみ・環境 家庭ごみ 生ごみ堆肥化2次処理 生ごみ堆肥化2次処理 更新日：2021年07月26日 生ごみ堆肥化2次処理の詳細 概要 下図のところで、不定期で開催しています。詳しくは、生活環境課までお問い合わせください。 分野 自然・環境,暮らし・安全,ボランティア・市民活動 日時 随時開催（詳しくは生活環境課までお問い合わせください。） 場所 地図情報 大きな地図で見る（GoogleMapページへ） 申し込み 申込不要 問い合わせ先 大台町役場 生活環境課 〒519-2404 三重県多気郡大台町佐原750番地 電話:0598-82-3787 ファックス:0598-82-2565 お問い合わせ"
"大台町","19","制度語|金額|受付","公共施設太陽光発電設備導入可能性調査業務に関するプロポーザル／大台町","公共施設太陽光発電設備導入可能性調査業務に関するプロポーザル","https://www.odaitown.jp/kurashi_tetsuzuki/gomi_kankyo/2/3140.html","公共施設太陽光発電設備導入可能性調査業務に関するプロポーザル／大台町 スマートフォン版を表示 本文へ 閲覧支援 文字サイズ 背景色変更 Foreign Language 閲覧支援 閉じる 暮らし・手続き 健康・福祉 子育て・教育 産業・まちづくり 行政情報 暮らし・手続き 健康・福祉 子育て・教育 産業・まちづくり 行政情報 文字サイズ 背景色変更 Foreign Language PCサイトを表示 現在のページ ホーム 暮らし・手続き ごみ・環境 環境 公共施設太陽光発電設備導入可能性調査業務に関するプロポーザル 公共施設太陽光発電設備導入可能性調査業務に関するプロポーザル Tweet 更新日：2025年08月08日 大台町公共施設等への太陽光発電設備等導入可能性調査業務委託に関する公募型プロポーザル実施のお知らせ 大台町では、公共施設への太陽光発電設備等の導入可能性を調査する業務を委託するにあたり、公募型プロポーザル方式を採用し、優先交渉権者を選定いたします。 審査結果について 実施要領に基づき評価を行った結果、次の通り最優秀提案者（優先交渉権者）を選定しました。 最優秀提案者 株"
"大台町","19","制度語|対象|受付","大台町空き家改修費補助金について／大台町","大台町空き家改修費補助金について","https://www.odaitown.jp/kurashi_tetsuzuki/sumai/3198.html","大台町空き家改修費補助金について／大台町 スマートフォン版を表示 本文へ 閲覧支援 文字サイズ 背景色変更 Foreign Language 閲覧支援 閉じる 暮らし・手続き 健康・福祉 子育て・教育 産業・まちづくり 行政情報 暮らし・手続き 健康・福祉 子育て・教育 産業・まちづくり 行政情報 文字サイズ 背景色変更 Foreign Language PCサイトを表示 現在のページ ホーム 暮らし・手続き 住まい 大台町空き家改修費補助金について 大台町空き家改修費補助金について Tweet 更新日：2026年06月02日 空き家改修費補助金の施工業者要件に関する特例措置について この度、市場経済の変動に伴う原材料の供給不足や住宅設備機器の納期遅延等の影響により、町内での施工・部材調達が困難な状況が発生していることを踏まえ、補助金交付要綱の一部を改正しました。 今回の改正により、一定の条件を満たす場合に限り、町外の施工業者でも補助対象となる経過措置を設けましたのでお知らせします。 1. 改正の概要 本来、本補助金の改修工事は「町内の建築業者」を施工業者とすることを要件としていますが"
"度会町","19","制度語|対象|受付","妊娠・出産 | 度会町公式ホームページ","妊娠・出産","https://www.town.watarai.lg.jp/category_list.php?frmCd=1-1-1-0-0","妊娠・出産 | 度会町公式ホームページ サイト内検索 文字サイズ変更機能を利用するにはJavaScript（アクティブスクリプト）を有効にしてください。JavaScript（アクティブスクリプト） を無 効のまま文字サイズを変更する場合には、ご利用のブラウザの表示メニューから文字サイズを変更してください。 ホーム 暮らしのガイド 人生のできごと 妊娠・出産 妊婦のための支援給付・妊婦等包括支援相談支援事業について [2026年5月11日] 妊婦のための支援給付制度です 度会町不妊不育治療医療費助成事業について [2026年5月11日] 妊婦一般健康診査 [2026年4月3日] 母子健康手帳の交付 [2026年4月1日] 度会町子育て応援ガイドブック（令和8年度版） [2026年4月1日] 「わたらい子育てアプリby母子モ」のご案内 [2026年4月1日] RSウイルス感染症予防接種（母子免疫ワクチン） [2026年3月13日] 1か月児健康診査 [2024年4月1日] 妊婦歯科健康診査 [2023年12月1日] 子どもの定期予防接種を三重県外で受ける場合の費用助成 [2023年4月24"
"明和町","19","制度語|対象|受付","手当・助成／明和町ホームページ - 多気郡","手当・助成","https://www.town.meiwa.mie.jp/kosodate_joho_site/teate_josei/index.html","手当・助成／明和町ホームページ - 多気郡 スマートフォン版を表示 本文へ 文字サイズ変更 背景色変更 Select Language English 繁體中文 &#31616;&#20307;&#20013;&#25991; &#54620;&#44397;&#50612; &#80;&#111;&#114;&#116;&#117;&#103;&#117;&#234;&#115; &#69;&#115;&#112;&#97;&#241;&#111;&#108; GO くらし・手続き 医療・健康 ・福祉 子育て・教育 観光・文化 ・スポーツ しごと・産業 行政情報 キーワードから検索できます くらし・手続き 医療・健康・福祉 子育て・教育 観光・文化・スポーツ 仕事・産業 行政情報 文字サイズ変更 背景色変更 Select Language English 繁體中文 &#31616;&#20307;&#20013;&#25991; &#54620;&#44397;&#50612; &#80;&#111;&#114;&#116;&#117;&#103;&#117;&#234;&#115;"
"明和町","19","制度語|金額|対象","防災マップ&防災情報／明和町ホームページ - 多気郡","防災マップ&防災情報","https://www.town.meiwa.mie.jp/kurashi/anzen_anshin/bosai/map/1489.html","防災マップ&防災情報／明和町ホームページ - 多気郡 スマートフォン版を表示 本文へ 文字サイズ変更 背景色変更 Select Language English 繁體中文 &#31616;&#20307;&#20013;&#25991; &#54620;&#44397;&#50612; &#80;&#111;&#114;&#116;&#117;&#103;&#117;&#234;&#115; &#69;&#115;&#112;&#97;&#241;&#111;&#108; GO くらし・手続き 医療・健康 ・福祉 子育て・教育 観光・文化 ・スポーツ しごと・産業 行政情報 キーワードから検索できます くらし・手続き 医療・健康・福祉 子育て・教育 観光・文化・スポーツ 仕事・産業 行政情報 文字サイズ変更 背景色変更 Select Language English 繁體中文 &#31616;&#20307;&#20013;&#25991; &#54620;&#44397;&#50612; &#80;&#111;&#114;&#116;&#117;&#103;&#117;&#234;&"
"明和町","19","制度語|金額|対象","防災マップ&防災情報／明和町ホームページ - 多気郡","防災マップ&防災情報","https://www.town.meiwa.mie.jp/main/soshiki/bousai/shouboubousai/bousai/1452220940078.html","防災マップ&防災情報／明和町ホームページ - 多気郡 スマートフォン版を表示 本文へ 文字サイズ変更 背景色変更 Select Language English 繁體中文 &#31616;&#20307;&#20013;&#25991; &#54620;&#44397;&#50612; &#80;&#111;&#114;&#116;&#117;&#103;&#117;&#234;&#115; &#69;&#115;&#112;&#97;&#241;&#111;&#108; GO くらし・手続き 医療・健康 ・福祉 子育て・教育 観光・文化 ・スポーツ しごと・産業 行政情報 キーワードから検索できます くらし・手続き 医療・健康・福祉 子育て・教育 観光・文化・スポーツ 仕事・産業 行政情報 文字サイズ変更 背景色変更 Select Language English 繁體中文 &#31616;&#20307;&#20013;&#25991; &#54620;&#44397;&#50612; &#80;&#111;&#114;&#116;&#117;&#103;&#117;&#234;&"
"玉城町","16","制度語|金額|対象|受付","社会福祉協議会｜ 玉城町","社会福祉協議会","https://kizuna.town.tamaki.mie.jp/kenkofukushi/shakaifukushi/index.html","社会福祉協議会｜ 玉城町 メニューをスキップします Foreign Languages 文字サイズ変更： 配色変更： くらし･手続き 各種証明書・手続き くらしの相談 元気バス ゴミ・環境 上下水道 税金 建設・建築 マイナンバー ペット 自治区 移住・定住 防災･防犯 災害 救急・救命 火災・防火 防災 防犯 交通安全 国民保護 耐震 健康･福祉 健康・医療 保険・年金 社会福祉協議会 高齢者福祉 障がい者福祉 休日・夜間診療所 子育て･教育 子育て 保育・教育・健全育成 産業･ビジネス 入札情報 農林業 商工業 就労支援 観光･文化･スポーツ 文化・芸術 観光 スポーツ・生涯学習 図書室 公園 町政情報 計画・行革・財政・統計 男女共同参画 施設案内 玉城町例規集 広報・広聴 選挙・議会 玉城町の紹介 個人情報保護・情報公開制度 リンク オンライン申請 Foreign Languages ホーム > 健康・福祉 > 社会福祉 社会福祉協議会 社会福祉協議会では次のような仕事をしています。 地域福祉事業 住み慣れた地域で誰もがいきいきと安心して暮らせる福祉のまちづくりを、地域のみなさ"
"大紀町","16","制度語|受付","環境水道課 各種補助金のご案内／大紀町ホームページ","環境水道課 各種補助金のご案内","https://www.town.taiki.mie.jp/gyoseijoho/hojo_all/1243.html","環境水道課 各種補助金のご案内／大紀町ホームページ スマートフォン版を表示 本文へ 背景色変更 文字サイズ変更 Foreign Language English 中文（繁体） 中文（簡体） &#54620;&#44397;&#50612; Espa&#241;ol Portugu&#234;s &#102;&#114;&#97;&#110;&#231;&#97;&#105;&#115; Go くらし・手続き 医療・健康・福祉 子育て・教育 観光・文化・ スポーツ しごと・産業 行政情報 くらし・手続き くらし・手続きを開く 医療・健康・福祉 医療・健康・福祉を開く 子育て・教育 子育て・教育を開く 観光・文化・スポーツ 観光・文化・スポーツを開く しごと・産業 しごと・産業を開く 行政情報 行政情報を開く 背景色変更 文字サイズ変更 Foreign Languages English 中文（繁体） 中文（簡体） &#54620;&#44397;&#50612; Espa&#241;ol Portugu&#234;s &#102;&#114;&#97;&#110;&#231;&#97;&"
"大紀町","16","制度語|対象","総務企画課 各種補助金のご案内／大紀町ホームページ","総務企画課 各種補助金のご案内","https://www.town.taiki.mie.jp/gyoseijoho/hojo_all/1251.html","総務企画課 各種補助金のご案内／大紀町ホームページ スマートフォン版を表示 本文へ 背景色変更 文字サイズ変更 Foreign Language English 中文（繁体） 中文（簡体） &#54620;&#44397;&#50612; Espa&#241;ol Portugu&#234;s &#102;&#114;&#97;&#110;&#231;&#97;&#105;&#115; Go くらし・手続き 医療・健康・福祉 子育て・教育 観光・文化・ スポーツ しごと・産業 行政情報 くらし・手続き くらし・手続きを開く 医療・健康・福祉 医療・健康・福祉を開く 子育て・教育 子育て・教育を開く 観光・文化・スポーツ 観光・文化・スポーツを開く しごと・産業 しごと・産業を開く 行政情報 行政情報を開く 背景色変更 文字サイズ変更 Foreign Languages English 中文（繁体） 中文（簡体） &#54620;&#44397;&#50612; Espa&#241;ol Portugu&#234;s &#102;&#114;&#97;&#110;&#231;&#97;&"
"大紀町","16","制度語|対象","健康福祉課 各種補助金のご案内／大紀町ホームページ","健康福祉課 各種補助金のご案内","https://www.town.taiki.mie.jp/gyoseijoho/hojo_all/1266.html","健康福祉課 各種補助金のご案内／大紀町ホームページ スマートフォン版を表示 本文へ 背景色変更 文字サイズ変更 Foreign Language English 中文（繁体） 中文（簡体） &#54620;&#44397;&#50612; Espa&#241;ol Portugu&#234;s &#102;&#114;&#97;&#110;&#231;&#97;&#105;&#115; Go くらし・手続き 医療・健康・福祉 子育て・教育 観光・文化・ スポーツ しごと・産業 行政情報 くらし・手続き くらし・手続きを開く 医療・健康・福祉 医療・健康・福祉を開く 子育て・教育 子育て・教育を開く 観光・文化・スポーツ 観光・文化・スポーツを開く しごと・産業 しごと・産業を開く 行政情報 行政情報を開く 背景色変更 文字サイズ変更 Foreign Languages English 中文（繁体） 中文（簡体） &#54620;&#44397;&#50612; Espa&#241;ol Portugu&#234;s &#102;&#114;&#97;&#110;&#231;&#97;&"
"大紀町","16","制度語|対象","住民課 各種補助金のご案内／大紀町ホームページ","住民課 各種補助金のご案内","https://www.town.taiki.mie.jp/gyoseijoho/hojo_all/1532.html","住民課 各種補助金のご案内／大紀町ホームページ スマートフォン版を表示 本文へ 背景色変更 文字サイズ変更 Foreign Language English 中文（繁体） 中文（簡体） &#54620;&#44397;&#50612; Espa&#241;ol Portugu&#234;s &#102;&#114;&#97;&#110;&#231;&#97;&#105;&#115; Go くらし・手続き 医療・健康・福祉 子育て・教育 観光・文化・ スポーツ しごと・産業 行政情報 くらし・手続き くらし・手続きを開く 医療・健康・福祉 医療・健康・福祉を開く 子育て・教育 子育て・教育を開く 観光・文化・スポーツ 観光・文化・スポーツを開く しごと・産業 しごと・産業を開く 行政情報 行政情報を開く 背景色変更 文字サイズ変更 Foreign Languages English 中文（繁体） 中文（簡体） &#54620;&#44397;&#50612; Espa&#241;ol Portugu&#234;s &#102;&#114;&#97;&#110;&#231;&#97;&#1"
"大紀町","16","制度語|対象","各種補助金／大紀町ホームページ","各種補助金","https://www.town.taiki.mie.jp/gyoseijoho/hojo_all/index.html","各種補助金／大紀町ホームページ スマートフォン版を表示 本文へ 背景色変更 文字サイズ変更 Foreign Language English 中文（繁体） 中文（簡体） &#54620;&#44397;&#50612; Espa&#241;ol Portugu&#234;s &#102;&#114;&#97;&#110;&#231;&#97;&#105;&#115; Go くらし・手続き 医療・健康・福祉 子育て・教育 観光・文化・ スポーツ しごと・産業 行政情報 くらし・手続き くらし・手続きを開く 医療・健康・福祉 医療・健康・福祉を開く 子育て・教育 子育て・教育を開く 観光・文化・スポーツ 観光・文化・スポーツを開く しごと・産業 しごと・産業を開く 行政情報 行政情報を開く 背景色変更 文字サイズ変更 Foreign Languages English 中文（繁体） 中文（簡体） &#54620;&#44397;&#50612; Espa&#241;ol Portugu&#234;s &#102;&#114;&#97;&#110;&#231;&#97;&#105;&#115"
"大紀町","16","制度語|対象","予防接種／大紀町ホームページ","予防接種","https://www.town.taiki.mie.jp/iryo_kenko_fukushi/iryo_kenko/sessyu_all/index.html","予防接種／大紀町ホームページ スマートフォン版を表示 本文へ 背景色変更 文字サイズ変更 Foreign Language English 中文（繁体） 中文（簡体） &#54620;&#44397;&#50612; Espa&#241;ol Portugu&#234;s &#102;&#114;&#97;&#110;&#231;&#97;&#105;&#115; Go くらし・手続き 医療・健康・福祉 子育て・教育 観光・文化・ スポーツ しごと・産業 行政情報 くらし・手続き くらし・手続きを開く 医療・健康・福祉 医療・健康・福祉を開く 子育て・教育 子育て・教育を開く 観光・文化・スポーツ 観光・文化・スポーツを開く しごと・産業 しごと・産業を開く 行政情報 行政情報を開く 背景色変更 文字サイズ変更 Foreign Languages English 中文（繁体） 中文（簡体） &#54620;&#44397;&#50612; Espa&#241;ol Portugu&#234;s &#102;&#114;&#97;&#110;&#231;&#97;&#105;&#115;"
"大紀町","16","制度語|対象","妊婦・産婦訪問／大紀町ホームページ","妊婦・産婦訪問","https://www.town.taiki.mie.jp/kosodate_kyoiku/ninshin_shussan/840.html","妊婦・産婦訪問／大紀町ホームページ スマートフォン版を表示 本文へ 背景色変更 文字サイズ変更 Foreign Language English 中文（繁体） 中文（簡体） &#54620;&#44397;&#50612; Espa&#241;ol Portugu&#234;s &#102;&#114;&#97;&#110;&#231;&#97;&#105;&#115; Go くらし・手続き 医療・健康・福祉 子育て・教育 観光・文化・ スポーツ しごと・産業 行政情報 くらし・手続き くらし・手続きを開く 医療・健康・福祉 医療・健康・福祉を開く 子育て・教育 子育て・教育を開く 観光・文化・スポーツ 観光・文化・スポーツを開く しごと・産業 しごと・産業を開く 行政情報 行政情報を開く 背景色変更 文字サイズ変更 Foreign Languages English 中文（繁体） 中文（簡体） &#54620;&#44397;&#50612; Espa&#241;ol Portugu&#234;s &#102;&#114;&#97;&#110;&#231;&#97;&#105;&#1"
"大紀町","16","制度語|対象","妊婦相談／大紀町ホームページ","妊婦相談","https://www.town.taiki.mie.jp/kosodate_kyoiku/ninshin_shussan/841.html","妊婦相談／大紀町ホームページ スマートフォン版を表示 本文へ 背景色変更 文字サイズ変更 Foreign Language English 中文（繁体） 中文（簡体） &#54620;&#44397;&#50612; Espa&#241;ol Portugu&#234;s &#102;&#114;&#97;&#110;&#231;&#97;&#105;&#115; Go くらし・手続き 医療・健康・福祉 子育て・教育 観光・文化・ スポーツ しごと・産業 行政情報 くらし・手続き くらし・手続きを開く 医療・健康・福祉 医療・健康・福祉を開く 子育て・教育 子育て・教育を開く 観光・文化・スポーツ 観光・文化・スポーツを開く しごと・産業 しごと・産業を開く 行政情報 行政情報を開く 背景色変更 文字サイズ変更 Foreign Languages English 中文（繁体） 中文（簡体） &#54620;&#44397;&#50612; Espa&#241;ol Portugu&#234;s &#102;&#114;&#97;&#110;&#231;&#97;&#105;&#115;"
"大紀町","16","制度語|対象","妊娠・出産／大紀町ホームページ","妊娠・出産","https://www.town.taiki.mie.jp/kosodate_kyoiku/ninshin_shussan/index.html","妊娠・出産／大紀町ホームページ スマートフォン版を表示 本文へ 背景色変更 文字サイズ変更 Foreign Language English 中文（繁体） 中文（簡体） &#54620;&#44397;&#50612; Espa&#241;ol Portugu&#234;s &#102;&#114;&#97;&#110;&#231;&#97;&#105;&#115; Go くらし・手続き 医療・健康・福祉 子育て・教育 観光・文化・ スポーツ しごと・産業 行政情報 くらし・手続き くらし・手続きを開く 医療・健康・福祉 医療・健康・福祉を開く 子育て・教育 子育て・教育を開く 観光・文化・スポーツ 観光・文化・スポーツを開く しごと・産業 しごと・産業を開く 行政情報 行政情報を開く 背景色変更 文字サイズ変更 Foreign Languages English 中文（繁体） 中文（簡体） &#54620;&#44397;&#50612; Espa&#241;ol Portugu&#234;s &#102;&#114;&#97;&#110;&#231;&#97;&#105;&#115"
"大台町","16","制度語|金額","医療助成／大台町","医療助成","https://www.odaitown.jp/kenko_fukushi/iryo_kenko/1/index.html","医療助成／大台町 スマートフォン版を表示 本文へ 閲覧支援 文字サイズ 背景色変更 Foreign Language 閲覧支援 閉じる 暮らし・手続き 健康・福祉 子育て・教育 産業・まちづくり 行政情報 暮らし・手続き 健康・福祉 子育て・教育 産業・まちづくり 行政情報 文字サイズ 背景色変更 Foreign Language PCサイトを表示 現在のページ ホーム 健康・福祉 医療・健康 医療助成 医療助成 福祉医療費助成制度について 福祉医療費窓口無料化(現物給付)について キーワード検索 医療・健康 ページの先頭へ 大台町役場 〒519-2404 三重県多気郡大台町佐原750番地 電話（代表）0598-82-3781 ファックス（代表）0598-82-1618 お問い合わせ アクセス アクセシビリティ サイトマップ Copyright (c) 2021 Odai Town. All Rights Reserved."
"大台町","16","制度語|対象","妊娠・出産／大台町","妊娠・出産","https://www.odaitown.jp/kosodate_kyoiku/ninshin_shussan/index.html","妊娠・出産／大台町 スマートフォン版を表示 本文へ 閲覧支援 文字サイズ 背景色変更 Foreign Language 閲覧支援 閉じる 暮らし・手続き 健康・福祉 子育て・教育 産業・まちづくり 行政情報 暮らし・手続き 健康・福祉 子育て・教育 産業・まちづくり 行政情報 文字サイズ 背景色変更 Foreign Language PCサイトを表示 現在のページ ホーム 子育て・教育 妊娠・出産 妊娠・出産 大台町産後ケア事業 妊娠したら(生まれる前の手続きについて) 妊婦健診を受けましょう 赤ちゃんが生まれたら 産婦健診を受けましょう キーワード検索 子育て・教育 ページの先頭へ 大台町役場 〒519-2404 三重県多気郡大台町佐原750番地 電話（代表）0598-82-3781 ファックス（代表）0598-82-1618 お問い合わせ アクセス アクセシビリティ サイトマップ Copyright (c) 2021 Odai Town. All Rights Reserved."
"大台町","16","制度語|対象","児童扶養手当／大台町","児童扶養手当","https://www.odaitown.jp/kosodate_kyoiku/teate_josei/1/index.html","児童扶養手当／大台町 スマートフォン版を表示 本文へ 閲覧支援 文字サイズ 背景色変更 Foreign Language 閲覧支援 閉じる 暮らし・手続き 健康・福祉 子育て・教育 産業・まちづくり 行政情報 暮らし・手続き 健康・福祉 子育て・教育 産業・まちづくり 行政情報 文字サイズ 背景色変更 Foreign Language PCサイトを表示 現在のページ ホーム 子育て・教育 手当・助成 児童扶養手当 児童扶養手当 児童扶養手当について 特別児童扶養手当について キーワード検索 手当・助成 ページの先頭へ 大台町役場 〒519-2404 三重県多気郡大台町佐原750番地 電話（代表）0598-82-3781 ファックス（代表）0598-82-1618 お問い合わせ アクセス アクセシビリティ サイトマップ Copyright (c) 2021 Odai Town. All Rights Reserved."
"大台町","16","制度語|対象","出産祝い品贈呈事業／大台町","出産祝い品贈呈事業","https://www.odaitown.jp/kosodate_kyoiku/teate_josei/2728.html","出産祝い品贈呈事業／大台町 スマートフォン版を表示 本文へ 閲覧支援 文字サイズ 背景色変更 Foreign Language 閲覧支援 閉じる 暮らし・手続き 健康・福祉 子育て・教育 産業・まちづくり 行政情報 暮らし・手続き 健康・福祉 子育て・教育 産業・まちづくり 行政情報 文字サイズ 背景色変更 Foreign Language PCサイトを表示 現在のページ ホーム 子育て・教育 手当・助成 出産祝い品贈呈事業 出産祝い品贈呈事業 Tweet 更新日：2025年02月20日 新しい町民の誕生を祝い、新生児の健やかな成長を願って、出産祝い品を贈呈します。 出産の日から起算して60日以内に、福祉課にて手続きしてください。 【対象者】 新生児の保護者（大台町に住所を有する者） 【出産祝い品】 ベビー服セット（オーガニックコットンを使ったTシャツ、スタイ、フェイスタオル） 出産祝い品申込書 (PDFファイル: 308.2KB) この記事に関するお問い合わせ先 大台町役場 福祉課 〒519-2404 三重県多気郡大台町佐原750番地 電話:0598-82-3783 ファックス:05"
"大台町","16","制度語|対象","手当・助成／大台町","手当・助成","https://www.odaitown.jp/kosodate_kyoiku/teate_josei/index.html","手当・助成／大台町 スマートフォン版を表示 本文へ 閲覧支援 文字サイズ 背景色変更 Foreign Language 閲覧支援 閉じる 暮らし・手続き 健康・福祉 子育て・教育 産業・まちづくり 行政情報 暮らし・手続き 健康・福祉 子育て・教育 産業・まちづくり 行政情報 文字サイズ 背景色変更 Foreign Language PCサイトを表示 現在のページ ホーム 子育て・教育 手当・助成 手当・助成 すこやかベビー出産祝い金 出産祝い品贈呈事業 チャイルドシート購入費補助金 児童手当制度について 児童扶養手当 新生児聴覚スクリーニング検査費用一部助成 大台町ファミリー・サポート・センター等利用支援補助金の交付 母子家庭等就学就職支度金 大台町不育症治療費助成事業 大台町特定不妊治療費（先進医療）助成事業 大台町保険適用終了後の特定不妊治療に対する回数追加事業について 1か月児健康診査一部助成 着床前胚染色体異数性検査（PGT-A）を含む特定不妊治療費助成事業 キーワード検索 子育て・教育 ページの先頭へ 大台町役場 〒519-2404 三重県多気郡大台町佐原750番地 電話（"
"大台町","16","制度語|金額|対象|受付","携帯電話やパソコン等のリサイクルについて／大台町","携帯電話やパソコン等のリサイクルについて","https://www.odaitown.jp/kurashi_tetsuzuki/gomi_kankyo/1/1634.html","携帯電話やパソコン等のリサイクルについて／大台町 スマートフォン版を表示 本文へ 閲覧支援 文字サイズ 背景色変更 Foreign Language 閲覧支援 閉じる 暮らし・手続き 健康・福祉 子育て・教育 産業・まちづくり 行政情報 暮らし・手続き 健康・福祉 子育て・教育 産業・まちづくり 行政情報 文字サイズ 背景色変更 Foreign Language PCサイトを表示 現在のページ ホーム 暮らし・手続き ごみ・環境 家庭ごみ 携帯電話やパソコン等のリサイクルについて 携帯電話やパソコン等のリサイクルについて Tweet 更新日：2025年05月12日 小型家電リサイクルにご協力ください パソコンや携帯電話などの使用済み小型家電には、貴金属やレアメタルといった有用金属がたくさん含まれており、リサイクル可能な貴重な資源です。この貴重な資源をもっと有効に活用するために、2013年4月から小型家電リサイクル法がスタートしております。町では従来の回収方法に、新たに国の認定事業者であるリネットジャパンリサイクル株式会社と協定を提携し、便利で安心な宅配便による自宅回収を実施しております"
"大台町","16","制度語|対象","妊娠・出産／大台町","妊娠・出産","https://www.odaitown.jp/lifeevent/1/index.html","妊娠・出産／大台町 スマートフォン版を表示 本文へ 閲覧支援 文字サイズ 背景色変更 Foreign Language 閲覧支援 閉じる 暮らし・手続き 健康・福祉 子育て・教育 産業・まちづくり 行政情報 暮らし・手続き 健康・福祉 子育て・教育 産業・まちづくり 行政情報 文字サイズ 背景色変更 Foreign Language PCサイトを表示 現在のページ ホーム ライフイベント 妊娠・出産 妊娠・出産 妊娠したら(生まれる前の手続きについて) 妊婦健診を受けましょう 赤ちゃんが生まれたら 大台町産後ケア事業 母子の健康 産婦健診を受けましょう 産前・産後サポートのご案内 キーワード検索 ライフイベント ページの先頭へ 大台町役場 〒519-2404 三重県多気郡大台町佐原750番地 電話（代表）0598-82-3781 ファックス（代表）0598-82-1618 お問い合わせ アクセス アクセシビリティ サイトマップ Copyright (c) 2021 Odai Town. All Rights Reserved."
"大台町","16","制度語|金額|対象|受付","≪募集は終了しました≫【令和8年度】子育て世帯向け「大台町お試し住宅事業」入居者募集のお知らせ／大台町","≪募集は終了しました≫【令和8年度】子育て世帯向け「大台町お試し住宅事業」入居者募集のお知らせ","https://www.odaitown.jp/soshiki/yakuba/8/4/2_2/2_2_3/3037.html","≪募集は終了しました≫【令和8年度】子育て世帯向け「大台町お試し住宅事業」入居者募集のお知らせ／大台町 スマートフォン版を表示 本文へ 閲覧支援 文字サイズ 背景色変更 Foreign Language 閲覧支援 閉じる 暮らし・手続き 健康・福祉 子育て・教育 産業・まちづくり 行政情報 暮らし・手続き 健康・福祉 子育て・教育 産業・まちづくり 行政情報 文字サイズ 背景色変更 Foreign Language PCサイトを表示 現在のページ ホーム 組織から探す 大台町役場本庁 生活環境課 生活環境課：担当情報 移住・定住 移住・定住情報 ≪募集は終了しました≫【令和8年度】子育て世帯向け「大台町お試し住宅事業」入居者募集のお知らせ ≪募集は終了しました≫【令和8年度】子育て世帯向け「大台町お試し住宅事業」入居者募集のお知らせ Tweet 更新日：2026年02月19日 【入居特典付き！】令和8年度の入居者を募集します 令和8年4月1日以降に利用を希望される方を募集します。 1週間からの短期利用または1か月以上の長期利用が可能です。 当町の関係人口の創出拡大や町内への移住・定住を"
"大台町","16","制度語|金額","移住・定住／大台町","","https://www.odaitown.jp/soshiki/yakuba/8/4/2_2/index.html","移住・定住／大台町 スマートフォン版を表示 本文へ 閲覧支援 文字サイズ 背景色変更 Foreign Language 閲覧支援 閉じる 暮らし・手続き 健康・福祉 子育て・教育 産業・まちづくり 行政情報 暮らし・手続き 健康・福祉 子育て・教育 産業・まちづくり 行政情報 文字サイズ 背景色変更 Foreign Language PCサイトを表示 現在のページ ホーム 組織から探す 大台町役場本庁 生活環境課 生活環境課：担当情報 移住・定住 Tweet 大台町空き家・移住相談窓口 大台町空き家バンク・大台町空き店舗バンクの利用については、下記の「大台町空き家・移住相談窓口AWAサポートデスク」にお問い合わせください。 関連サイト キーワード検索 生活環境課：担当情報 ページの先頭へ 大台町役場 〒519-2404 三重県多気郡大台町佐原750番地 電話（代表）0598-82-3781 ファックス（代表）0598-82-1618 お問い合わせ アクセス アクセシビリティ サイトマップ Copyright (c) 2021 Odai Town. All Rights Reserved"
"大台町","16","制度語|金額","空き家対策／大台町","空き家対策","https://www.odaitown.jp/soshiki/yakuba/8/4/odaiakiyatoutaisakukeikaku/index.html","空き家対策／大台町 スマートフォン版を表示 本文へ 閲覧支援 文字サイズ 背景色変更 Foreign Language 閲覧支援 閉じる 暮らし・手続き 健康・福祉 子育て・教育 産業・まちづくり 行政情報 暮らし・手続き 健康・福祉 子育て・教育 産業・まちづくり 行政情報 文字サイズ 背景色変更 Foreign Language PCサイトを表示 現在のページ ホーム 組織から探す 大台町役場本庁 生活環境課 生活環境課：担当情報 空き家対策 空き家対策 Tweet 空家等対策計画 制度紹介 イベント・お知らせ この記事に関するお問い合わせ先 大台町役場 生活環境課 〒519-2404 三重県多気郡大台町佐原750番地 電話:0598-82-3787 ファックス:0598-82-2565 お問い合わせフォーム キーワード検索 生活環境課：担当情報 ページの先頭へ 大台町役場 〒519-2404 三重県多気郡大台町佐原750番地 電話（代表）0598-82-3781 ファックス（代表）0598-82-1618 お問い合わせ アクセス アクセシビリティ サイトマップ Copyright"
"度会町","16","制度語|対象","福祉医療費助成 | 度会町公式ホームページ","福祉医療費助成","https://www.town.watarai.lg.jp/category_list.php?frmCd=1-3-4-0-0","福祉医療費助成 | 度会町公式ホームページ サイト内検索 文字サイズ変更機能を利用するにはJavaScript（アクティブスクリプト）を有効にしてください。JavaScript（アクティブスクリプト） を無 効のまま文字サイズを変更する場合には、ご利用のブラウザの表示メニューから文字サイズを変更してください。 ホーム 暮らしのガイド 年金・保険 福祉医療費助成 子ども医療費助成制度 [2025年9月1日] 子ども医療費助成制度について 福祉医療費助成に係る適正受診のお願い [2025年8月25日] 福祉医療費助成制度の改正について [2025年6月17日] 障がい者医療費助成制度 [2024年9月1日] 障がい者医療費助成制度について 一人親家庭等医療費助成制度 [2024年9月1日] 一人親家庭等医療費助成制度について 個人情報の取扱い ウェブアクセシビリティ方針 著作権・リンク等 〒516-2195 三重県度会郡度会町棚橋1215番地1 電話: 各課直通番号をご利用下さい。 FAX: 0596-62-1647 (法人番号1000020244708) アクセス Copyright ("
"度会町","16","制度語|金額","防災情報 | 度会町公式ホームページ","防災情報","https://www.town.watarai.lg.jp/category_list.php?frmCd=4-0-0-0-0","防災情報 | 度会町公式ホームページ サイト内検索 文字サイズ変更機能を利用するにはJavaScript（アクティブスクリプト）を有効にしてください。JavaScript（アクティブスクリプト） を無 効のまま文字サイズを変更する場合には、ご利用のブラウザの表示メニューから文字サイズを変更してください。 ホーム 防災情報 防災 防災行政無線の戸別受信機を無償貸与します [2025年5月16日] 防災行政無線の内容をスマホで確認できます [2024年12月3日] 度会町公式LINEアカウントを開設しました [2020年7月15日] 罹災証明書の発行 [2025年10月1日] 度会町地域防災計画 [2025年4月10日] 国民保護（弾道ミサイル） [2024年9月18日] 防災情報のリンク [2023年9月12日] 町内河川のライブ画像 [2021年9月16日] 防災マップ 令和3年3月発行 度会町防災マップ [2021年4月2日] 消防 伊勢市消防本部ホームページへ [2021年7月13日] 国民保護 国民保護（弾道ミサイル） [2024年9月18日] 住宅耐震 木造住宅耐震補強等事業費"
"度会町","16","制度語|金額|対象|受付","新着情報 | 全149件中51～60件目 | 度会町公式ホームページ","新着情報","https://www.town.watarai.lg.jp/new_list.php?page=6","新着情報 | 全149件中51～60件目 | 度会町公式ホームページ サイト内検索 文字サイズ変更機能を利用するにはJavaScript（アクティブスクリプト）を有効にしてください。JavaScript（アクティブスクリプト） を無 効のまま文字サイズを変更する場合には、ご利用のブラウザの表示メニューから文字サイズを変更してください。 ホーム 新着情報 2025年7月 令和7年度 子宮がん検診について（医療機関実施） [2025年7月17日] 放課後児童クラブ [2025年7月11日] 放課後児童クラブ 台風10号接近に伴う林道麻加江小萩線等の通行規制・通行止めのお知らせ [2025年7月8日] 戸籍に氏名の振り仮名が記載されます [2025年7月1日] 新生児聴覚スクリーニング検査費助成事業の助成金額増額のお知らせ [2025年7月1日] 2025年6月 『一之瀬獅子神楽』記録保存のDVDが完成しました [2025年6月27日] 福祉医療費助成制度の改正について [2025年6月17日] ローカル・ブルー・オーシャン・ビジョン推進事業採択について [2025年6月6日] 2025年5"
"明和町","16","制度語|金額|対象|受付","高齢者福祉サービス／明和町ホームページ - 多気郡","高齢者福祉サービス","https://www.town.meiwa.mie.jp/iryo_kenko_fukushi/kourei_fukushi_kaigo/1761.html","高齢者福祉サービス／明和町ホームページ - 多気郡 スマートフォン版を表示 本文へ 文字サイズ変更 背景色変更 Select Language English 繁體中文 &#31616;&#20307;&#20013;&#25991; &#54620;&#44397;&#50612; &#80;&#111;&#114;&#116;&#117;&#103;&#117;&#234;&#115; &#69;&#115;&#112;&#97;&#241;&#111;&#108; GO くらし・手続き 医療・健康 ・福祉 子育て・教育 観光・文化 ・スポーツ しごと・産業 行政情報 キーワードから検索できます くらし・手続き 医療・健康・福祉 子育て・教育 観光・文化・スポーツ 仕事・産業 行政情報 文字サイズ変更 背景色変更 Select Language English 繁體中文 &#31616;&#20307;&#20013;&#25991; &#54620;&#44397;&#50612; &#80;&#111;&#114;&#116;&#117;&#103;&#117;&#234;&#"
"明和町","16","制度語|受付","妊娠・出産／明和町ホームページ - 多気郡","妊娠・出産","https://www.town.meiwa.mie.jp/kosodate_kyoiku/ninshin_shussan/index.html","妊娠・出産／明和町ホームページ - 多気郡 スマートフォン版を表示 本文へ 文字サイズ変更 背景色変更 Select Language English 繁體中文 &#31616;&#20307;&#20013;&#25991; &#54620;&#44397;&#50612; &#80;&#111;&#114;&#116;&#117;&#103;&#117;&#234;&#115; &#69;&#115;&#112;&#97;&#241;&#111;&#108; GO くらし・手続き 医療・健康 ・福祉 子育て・教育 観光・文化 ・スポーツ しごと・産業 行政情報 キーワードから検索できます くらし・手続き 医療・健康・福祉 子育て・教育 観光・文化・スポーツ 仕事・産業 行政情報 文字サイズ変更 背景色変更 Select Language English 繁體中文 &#31616;&#20307;&#20013;&#25991; &#54620;&#44397;&#50612; &#80;&#111;&#114;&#116;&#117;&#103;&#117;&#234;&#115;"
"明和町","16","制度語|受付","防災安全課／明和町ホームページ - 多気郡","防災安全課","https://www.town.meiwa.mie.jp/main/soshiki/bousai/index.html","防災安全課／明和町ホームページ - 多気郡 スマートフォン版を表示 本文へ 文字サイズ変更 背景色変更 Select Language English 繁體中文 &#31616;&#20307;&#20013;&#25991; &#54620;&#44397;&#50612; &#80;&#111;&#114;&#116;&#117;&#103;&#117;&#234;&#115; &#69;&#115;&#112;&#97;&#241;&#111;&#108; GO くらし・手続き 医療・健康 ・福祉 子育て・教育 観光・文化 ・スポーツ しごと・産業 行政情報 キーワードから検索できます くらし・手続き 医療・健康・福祉 子育て・教育 観光・文化・スポーツ 仕事・産業 行政情報 文字サイズ変更 背景色変更 Select Language English 繁體中文 &#31616;&#20307;&#20013;&#25991; &#54620;&#44397;&#50612; &#80;&#111;&#114;&#116;&#117;&#103;&#117;&#234;&#115;"
"明和町","16","制度語|金額|対象|受付","窓口業務の受付時間を変更しました／明和町ホームページ - 多気郡","窓口業務の受付時間を変更しました","https://www.town.meiwa.mie.jp/main/soshiki/soumu/soumuk/madoguchigyoumu_1/4206.html","窓口業務の受付時間を変更しました／明和町ホームページ - 多気郡 スマートフォン版を表示 本文へ 文字サイズ変更 背景色変更 Select Language English 繁體中文 &#31616;&#20307;&#20013;&#25991; &#54620;&#44397;&#50612; &#80;&#111;&#114;&#116;&#117;&#103;&#117;&#234;&#115; &#69;&#115;&#112;&#97;&#241;&#111;&#108; GO くらし・手続き 医療・健康 ・福祉 子育て・教育 観光・文化 ・スポーツ しごと・産業 行政情報 キーワードから検索できます くらし・手続き 医療・健康・福祉 子育て・教育 観光・文化・スポーツ 仕事・産業 行政情報 文字サイズ変更 背景色変更 Select Language English 繁體中文 &#31616;&#20307;&#20013;&#25991; &#54620;&#44397;&#50612; &#80;&#111;&#114;&#116;&#117;&#103;&#117;&"
"大紀町","13","制度語","教育委員会事務局 各種補助金のご案内／大紀町ホームページ","教育委員会事務局 各種補助金のご案内","https://www.town.taiki.mie.jp/gyoseijoho/hojo_all/1256.html","教育委員会事務局 各種補助金のご案内／大紀町ホームページ スマートフォン版を表示 本文へ 背景色変更 文字サイズ変更 Foreign Language English 中文（繁体） 中文（簡体） &#54620;&#44397;&#50612; Espa&#241;ol Portugu&#234;s &#102;&#114;&#97;&#110;&#231;&#97;&#105;&#115; Go くらし・手続き 医療・健康・福祉 子育て・教育 観光・文化・ スポーツ しごと・産業 行政情報 くらし・手続き くらし・手続きを開く 医療・健康・福祉 医療・健康・福祉を開く 子育て・教育 子育て・教育を開く 観光・文化・スポーツ 観光・文化・スポーツを開く しごと・産業 しごと・産業を開く 行政情報 行政情報を開く 背景色変更 文字サイズ変更 Foreign Languages English 中文（繁体） 中文（簡体） &#54620;&#44397;&#50612; Espa&#241;ol Portugu&#234;s &#102;&#114;&#97;&#110;&#231;&#9"
"大紀町","13","制度語","防災安全課 各種補助金のご案内／大紀町ホームページ","防災安全課 各種補助金のご案内","https://www.town.taiki.mie.jp/gyoseijoho/hojo_all/1260.html","防災安全課 各種補助金のご案内／大紀町ホームページ スマートフォン版を表示 本文へ 背景色変更 文字サイズ変更 Foreign Language English 中文（繁体） 中文（簡体） &#54620;&#44397;&#50612; Espa&#241;ol Portugu&#234;s &#102;&#114;&#97;&#110;&#231;&#97;&#105;&#115; Go くらし・手続き 医療・健康・福祉 子育て・教育 観光・文化・ スポーツ しごと・産業 行政情報 くらし・手続き くらし・手続きを開く 医療・健康・福祉 医療・健康・福祉を開く 子育て・教育 子育て・教育を開く 観光・文化・スポーツ 観光・文化・スポーツを開く しごと・産業 しごと・産業を開く 行政情報 行政情報を開く 背景色変更 文字サイズ変更 Foreign Languages English 中文（繁体） 中文（簡体） &#54620;&#44397;&#50612; Espa&#241;ol Portugu&#234;s &#102;&#114;&#97;&#110;&#231;&#97;&"
"大紀町","13","制度語","産業振興課（農林）各種補助金のご案内／大紀町ホームページ","産業振興課（農林）各種補助金のご案内","https://www.town.taiki.mie.jp/gyoseijoho/hojo_all/1273.html","産業振興課（農林）各種補助金のご案内／大紀町ホームページ スマートフォン版を表示 本文へ 背景色変更 文字サイズ変更 Foreign Language English 中文（繁体） 中文（簡体） &#54620;&#44397;&#50612; Espa&#241;ol Portugu&#234;s &#102;&#114;&#97;&#110;&#231;&#97;&#105;&#115; Go くらし・手続き 医療・健康・福祉 子育て・教育 観光・文化・ スポーツ しごと・産業 行政情報 くらし・手続き くらし・手続きを開く 医療・健康・福祉 医療・健康・福祉を開く 子育て・教育 子育て・教育を開く 観光・文化・スポーツ 観光・文化・スポーツを開く しごと・産業 しごと・産業を開く 行政情報 行政情報を開く 背景色変更 文字サイズ変更 Foreign Languages English 中文（繁体） 中文（簡体） &#54620;&#44397;&#50612; Espa&#241;ol Portugu&#234;s &#102;&#114;&#97;&#110;&#231;&#9"
"大紀町","13","制度語","建設課 各種補助金のご案内／大紀町ホームページ","建設課 各種補助金のご案内","https://www.town.taiki.mie.jp/gyoseijoho/hojo_all/1510.html","建設課 各種補助金のご案内／大紀町ホームページ スマートフォン版を表示 本文へ 背景色変更 文字サイズ変更 Foreign Language English 中文（繁体） 中文（簡体） &#54620;&#44397;&#50612; Espa&#241;ol Portugu&#234;s &#102;&#114;&#97;&#110;&#231;&#97;&#105;&#115; Go くらし・手続き 医療・健康・福祉 子育て・教育 観光・文化・ スポーツ しごと・産業 行政情報 くらし・手続き くらし・手続きを開く 医療・健康・福祉 医療・健康・福祉を開く 子育て・教育 子育て・教育を開く 観光・文化・スポーツ 観光・文化・スポーツを開く しごと・産業 しごと・産業を開く 行政情報 行政情報を開く 背景色変更 文字サイズ変更 Foreign Languages English 中文（繁体） 中文（簡体） &#54620;&#44397;&#50612; Espa&#241;ol Portugu&#234;s &#102;&#114;&#97;&#110;&#231;&#97;&#1"
"大紀町","13","制度語","水産課 各種補助金のご案内／大紀町ホームページ","水産課 各種補助金のご案内","https://www.town.taiki.mie.jp/gyoseijoho/hojo_all/1517.html","水産課 各種補助金のご案内／大紀町ホームページ スマートフォン版を表示 本文へ 背景色変更 文字サイズ変更 Foreign Language English 中文（繁体） 中文（簡体） &#54620;&#44397;&#50612; Espa&#241;ol Portugu&#234;s &#102;&#114;&#97;&#110;&#231;&#97;&#105;&#115; Go くらし・手続き 医療・健康・福祉 子育て・教育 観光・文化・ スポーツ しごと・産業 行政情報 くらし・手続き くらし・手続きを開く 医療・健康・福祉 医療・健康・福祉を開く 子育て・教育 子育て・教育を開く 観光・文化・スポーツ 観光・文化・スポーツを開く しごと・産業 しごと・産業を開く 行政情報 行政情報を開く 背景色変更 文字サイズ変更 Foreign Languages English 中文（繁体） 中文（簡体） &#54620;&#44397;&#50612; Espa&#241;ol Portugu&#234;s &#102;&#114;&#97;&#110;&#231;&#97;&#1"
"大紀町","13","制度語","産業振興課（商観）各種補助金のご案内／大紀町ホームページ","産業振興課（商観）各種補助金のご案内","https://www.town.taiki.mie.jp/gyoseijoho/hojo_all/1528.html","産業振興課（商観）各種補助金のご案内／大紀町ホームページ スマートフォン版を表示 本文へ 背景色変更 文字サイズ変更 Foreign Language English 中文（繁体） 中文（簡体） &#54620;&#44397;&#50612; Espa&#241;ol Portugu&#234;s &#102;&#114;&#97;&#110;&#231;&#97;&#105;&#115; Go くらし・手続き 医療・健康・福祉 子育て・教育 観光・文化・ スポーツ しごと・産業 行政情報 くらし・手続き くらし・手続きを開く 医療・健康・福祉 医療・健康・福祉を開く 子育て・教育 子育て・教育を開く 観光・文化・スポーツ 観光・文化・スポーツを開く しごと・産業 しごと・産業を開く 行政情報 行政情報を開く 背景色変更 文字サイズ変更 Foreign Languages English 中文（繁体） 中文（簡体） &#54620;&#44397;&#50612; Espa&#241;ol Portugu&#234;s &#102;&#114;&#97;&#110;&#231;&#9"
"大紀町","13","制度語","税務課 各種補助金のご案内／大紀町ホームページ","税務課 各種補助金のご案内","https://www.town.taiki.mie.jp/gyoseijoho/hojo_all/1530.html","税務課 各種補助金のご案内／大紀町ホームページ スマートフォン版を表示 本文へ 背景色変更 文字サイズ変更 Foreign Language English 中文（繁体） 中文（簡体） &#54620;&#44397;&#50612; Espa&#241;ol Portugu&#234;s &#102;&#114;&#97;&#110;&#231;&#97;&#105;&#115; Go くらし・手続き 医療・健康・福祉 子育て・教育 観光・文化・ スポーツ しごと・産業 行政情報 くらし・手続き くらし・手続きを開く 医療・健康・福祉 医療・健康・福祉を開く 子育て・教育 子育て・教育を開く 観光・文化・スポーツ 観光・文化・スポーツを開く しごと・産業 しごと・産業を開く 行政情報 行政情報を開く 背景色変更 文字サイズ変更 Foreign Languages English 中文（繁体） 中文（簡体） &#54620;&#44397;&#50612; Espa&#241;ol Portugu&#234;s &#102;&#114;&#97;&#110;&#231;&#97;&#1"
"大紀町","13","制度語","手続き・届出（妊娠・出産）／大紀町ホームページ","手続き・届出（妊娠・出産）","https://www.town.taiki.mie.jp/kosodate_kyoiku/ninshin_shussan/tetsuzuki/index.html","手続き・届出（妊娠・出産）／大紀町ホームページ スマートフォン版を表示 本文へ 背景色変更 文字サイズ変更 Foreign Language English 中文（繁体） 中文（簡体） &#54620;&#44397;&#50612; Espa&#241;ol Portugu&#234;s &#102;&#114;&#97;&#110;&#231;&#97;&#105;&#115; Go くらし・手続き 医療・健康・福祉 子育て・教育 観光・文化・ スポーツ しごと・産業 行政情報 くらし・手続き くらし・手続きを開く 医療・健康・福祉 医療・健康・福祉を開く 子育て・教育 子育て・教育を開く 観光・文化・スポーツ 観光・文化・スポーツを開く しごと・産業 しごと・産業を開く 行政情報 行政情報を開く 背景色変更 文字サイズ変更 Foreign Languages English 中文（繁体） 中文（簡体） &#54620;&#44397;&#50612; Espa&#241;ol Portugu&#234;s &#102;&#114;&#97;&#110;&#231;&#97;&#1"
"大紀町","13","制度語","空き家バンク／大紀町ホームページ","空き家バンク","https://www.town.taiki.mie.jp/kurashi_tetsuzuki/iju_teiju/akiya_bank/index.html","空き家バンク／大紀町ホームページ スマートフォン版を表示 本文へ 背景色変更 文字サイズ変更 Foreign Language English 中文（繁体） 中文（簡体） &#54620;&#44397;&#50612; Espa&#241;ol Portugu&#234;s &#102;&#114;&#97;&#110;&#231;&#97;&#105;&#115; Go くらし・手続き 医療・健康・福祉 子育て・教育 観光・文化・ スポーツ しごと・産業 行政情報 くらし・手続き くらし・手続きを開く 医療・健康・福祉 医療・健康・福祉を開く 子育て・教育 子育て・教育を開く 観光・文化・スポーツ 観光・文化・スポーツを開く しごと・産業 しごと・産業を開く 行政情報 行政情報を開く 背景色変更 文字サイズ変更 Foreign Languages English 中文（繁体） 中文（簡体） &#54620;&#44397;&#50612; Espa&#241;ol Portugu&#234;s &#102;&#114;&#97;&#110;&#231;&#97;&#105;&#11"
"大紀町","13","制度語","移住・定住／大紀町ホームページ","移住・定住","https://www.town.taiki.mie.jp/kurashi_tetsuzuki/iju_teiju/index.html","移住・定住／大紀町ホームページ スマートフォン版を表示 本文へ 背景色変更 文字サイズ変更 Foreign Language English 中文（繁体） 中文（簡体） &#54620;&#44397;&#50612; Espa&#241;ol Portugu&#234;s &#102;&#114;&#97;&#110;&#231;&#97;&#105;&#115; Go くらし・手続き 医療・健康・福祉 子育て・教育 観光・文化・ スポーツ しごと・産業 行政情報 くらし・手続き くらし・手続きを開く 医療・健康・福祉 医療・健康・福祉を開く 子育て・教育 子育て・教育を開く 観光・文化・スポーツ 観光・文化・スポーツを開く しごと・産業 しごと・産業を開く 行政情報 行政情報を開く 背景色変更 文字サイズ変更 Foreign Languages English 中文（繁体） 中文（簡体） &#54620;&#44397;&#50612; Espa&#241;ol Portugu&#234;s &#102;&#114;&#97;&#110;&#231;&#97;&#105;&#115"
"大台町","13","制度語","大台町空き家バンク登録物件一覧／大台町","大台町空き家バンク登録物件一覧","https://www.odaitown.jp/kurashi_tetsuzuki/sumai/2996.html","大台町空き家バンク登録物件一覧／大台町 スマートフォン版を表示 本文へ 閲覧支援 文字サイズ 背景色変更 Foreign Language 閲覧支援 閉じる 暮らし・手続き 健康・福祉 子育て・教育 産業・まちづくり 行政情報 暮らし・手続き 健康・福祉 子育て・教育 産業・まちづくり 行政情報 文字サイズ 背景色変更 Foreign Language PCサイトを表示 現在のページ ホーム 暮らし・手続き 住まい 大台町空き家バンク登録物件一覧 大台町空き家バンク登録物件一覧 更新日：2022年02月04日 お知らせ 大台町では、令和4年1月より「大台町空き家・移住相談窓口 AWAサポートデスク」を開設し、大台町と（一社）AWAプロジェクトが連携して空き家の利活用に取り組んでいます。 大台町空き家バンクおよび大台町空き店舗バンクは、「大台町空き家・移住相談窓口AWAサポートデスク」で取り扱うこととなりました。 大台町空き家・移住相談窓口 AWAサポートデスク 所在地：三重県多気郡大台町下楠546番地6 電話：080-2489-8106 登録物件についてはコチラ 空き家一覧 空き家バン"
"大台町","13","制度語","空き家バンク／大台町","空き家バンク","https://www.odaitown.jp/kurashi_tetsuzuki/sumai/3204.html","空き家バンク／大台町 スマートフォン版を表示 本文へ 閲覧支援 文字サイズ 背景色変更 Foreign Language 閲覧支援 閉じる 暮らし・手続き 健康・福祉 子育て・教育 産業・まちづくり 行政情報 暮らし・手続き 健康・福祉 子育て・教育 産業・まちづくり 行政情報 文字サイズ 背景色変更 Foreign Language PCサイトを表示 現在のページ ホーム 暮らし・手続き 住まい 空き家バンク 空き家バンク Tweet 大台町空き家バンクについて 大台町空き家バンク登録物件一覧 大台町空き家改修費補助金について 大台町空き家（空き店舗）バンククリーニング費助成金について 各自治体の空き家・空き地に関する取組み情報 次のバナー（空き家空き地取組みマップ）から各自治体の空き家・空き地に関する取組情報がご覧いただけます。 空き家・空き地対策ポータルサイト キーワード検索 住まい ページの先頭へ 大台町役場 〒519-2404 三重県多気郡大台町佐原750番地 電話（代表）0598-82-3781 ファックス（代表）0598-82-1618 お問い合わせ アクセス アクセシビ"
"度会町","13","制度語","移住・定住 | 度会町公式ホームページ","移住・定住","https://www.town.watarai.lg.jp/category_list.php?frmCd=1-13-2-0-0","移住・定住 | 度会町公式ホームページ サイト内検索 文字サイズ変更機能を利用するにはJavaScript（アクティブスクリプト）を有効にしてください。JavaScript（アクティブスクリプト） を無 効のまま文字サイズを変更する場合には、ご利用のブラウザの表示メニューから文字サイズを変更してください。 ホーム 暮らしのガイド 暮らし 移住・定住 度会町移住・定住促進事業補助金のご案内 [2020年10月30日] 個人情報の取扱い ウェブアクセシビリティ方針 著作権・リンク等 〒516-2195 三重県度会郡度会町棚橋1215番地1 電話: 各課直通番号をご利用下さい。 FAX: 0596-62-1647 (法人番号1000020244708) アクセス Copyright (C) Watarai Town All Rights Reserved. スマートフォン版サイトへ"
"度会町","13","制度語","予防接種 | 度会町公式ホームページ","予防接種","https://www.town.watarai.lg.jp/category_list.php?frmCd=1-7-3-0-0","予防接種 | 度会町公式ホームページ サイト内検索 文字サイズ変更機能を利用するにはJavaScript（アクティブスクリプト）を有効にしてください。JavaScript（アクティブスクリプト） を無 効のまま文字サイズを変更する場合には、ご利用のブラウザの表示メニューから文字サイズを変更してください。 ホーム 暮らしのガイド 保健 予防接種 風しんまたはMR（麻しん・風しん混合）ワクチン予防接種費用助成 [2026年5月11日] 予防接種 [2026年5月11日] 予防接種 ヒトパピローマウイルス感染症（子宮頸がん）予防接種 [2026年4月13日] 歯周病検診について [2026年4月13日] RSウイルス感染症予防接種（母子免疫ワクチン） [2026年3月13日] おたふくかぜワクチン接種費助成事業について [2024年4月1日] 子どものインフルエンザ予防接種費助成 [2022年10月19日] インフルエンザの予防接種の助成について 個人情報の取扱い ウェブアクセシビリティ方針 著作権・リンク等 〒516-2195 三重県度会郡度会町棚橋1215番地1 電話: 各課直通番号をご"
"度会町","13","制度語","浄化槽 | 度会町公式ホームページ","浄化槽","https://www.town.watarai.lg.jp/category_list.php?frmCd=1-8-3-0-0","浄化槽 | 度会町公式ホームページ サイト内検索 文字サイズ変更機能を利用するにはJavaScript（アクティブスクリプト）を有効にしてください。JavaScript（アクティブスクリプト） を無 効のまま文字サイズを変更する場合には、ご利用のブラウザの表示メニューから文字サイズを変更してください。 ホーム 暮らしのガイド 環境・ごみ 浄化槽 合併浄化槽補助金 [2026年4月28日] 新築家屋の合併処理浄化槽補助金の廃止 [2016年2月8日] 個人情報の取扱い ウェブアクセシビリティ方針 著作権・リンク等 〒516-2195 三重県度会郡度会町棚橋1215番地1 電話: 各課直通番号をご利用下さい。 FAX: 0596-62-1647 (法人番号1000020244708) アクセス Copyright (C) Watarai Town All Rights Reserved. スマートフォン版サイトへ"
"度会町","13","制度語","住宅耐震 | 度会町公式ホームページ","住宅耐震","https://www.town.watarai.lg.jp/category_list.php?frmCd=4-4-0-0-0","住宅耐震 | 度会町公式ホームページ サイト内検索 文字サイズ変更機能を利用するにはJavaScript（アクティブスクリプト）を有効にしてください。JavaScript（アクティブスクリプト） を無 効のまま文字サイズを変更する場合には、ご利用のブラウザの表示メニューから文字サイズを変更してください。 ホーム 防災情報 住宅耐震 木造住宅耐震補強等事業費補助制度について [2025年4月1日] 個人情報の取扱い ウェブアクセシビリティ方針 著作権・リンク等 〒516-2195 三重県度会郡度会町棚橋1215番地1 電話: 各課直通番号をご利用下さい。 FAX: 0596-62-1647 (法人番号1000020244708) アクセス Copyright (C) Watarai Town All Rights Reserved. スマートフォン版サイトへ"