score	organization	title	url	evidence
42	高千穂町	重度心身障害者医療費助成申請書(請求書)について	https://www.town-takachiho.jp/top/kenko_fukushi/shogai_fukushi/949.html	重度心身障害者医療費助成申請書(請求書)について／高千穂町 スマートフォン版を表示 本文へ 文字サイズ変更 背景色 現在のページ ホーム くらし・行政 健康・福祉 障害福祉 重度心身障害者医療費助成申請書(請求書)について 重度心身障害者医療費助成申請書(請求書)について 一旦「保存」し、「編集を有効にする」をしてから利用してください。 重度心身障害者医療費助成申請書(請求書) (PDFファイル: 133.3KB) 重心医療費助成について 対象者 身体障害者手帳1級、2級所持者 療育手帳A所持者 身体障害者手帳3級と療育手帳Bの両方所持者 精神障害者保健福祉手帳1級所持者（令和7年10月～） 助成の内容 1ヶ月の医療費合計（保険適用の診察費・歯科・眼科等）が、下記の限度額を超えた分を助成します。（ただし、入院時
42	高千穂町	子育て支援金について	https://www.town-takachiho.jp/top/kosodate_kyoiku/teate/851.html	子育て支援金について／高千穂町 スマートフォン版を表示 本文へ 文字サイズ変更 背景色 現在のページ ホーム くらし・行政 子育て・教育 手当・助成 子育て支援金について 子育て支援金について 高千穂町では、出産を奨励し子育てを支援することにより、定住の促進と活力ある町づくりを図ることを目的に支援金支給条例を制定しております。 支援金の内容 第1子・第2子の出生時・小学校入学時・中学校入学時 50,000円 第3子以降は第2子の額に 50,000円 ずつ加算した額 例）第3子 100,000円 第4子 150,000円 第5子 200,000円 申請は原則として、出生届提出後または入学式後、3ヶ月以内となっております。 対象者 次の条件を満たす方は、所得に関係なくどなたでも申請をすることができます。 条件1 本
42	高千穂町	こども医療費助成制度について	https://www.town-takachiho.jp/top/kosodate_kyoiku/teate/915.html	こども医療費助成制度について／高千穂町 スマートフォン版を表示 本文へ 文字サイズ変更 背景色 現在のページ ホーム くらし・行政 子育て・教育 手当・助成 こども医療費助成制度について こども医療費助成制度について こども医療費助成制度 こどもの健全な発育と福祉の向上を図ることを目的とし、医療費の全額または一部を助成する制度です。 高千穂町では、医療費の全額（保険内診療分のみ）を助成しています。 対象者 高千穂町にお住まいで、健康保険に加入している中学3年生までのこども（0歳から15歳到達前日以後最初の3月31日まで） 所得制限はありません。 生活保護を受けている人は助成を受けることができません。 部活動や登下校中を含む学校管理下や、保育園等で「ケガ」をして、日本スポーツ振興センターの「災害共済給付制度」等の
42	高千穂町	物価高対応子育て応援手当について	https://www.town-takachiho.jp/top/kosodate_kyoiku/teate/4333.html	物価高対応子育て応援手当について／高千穂町 スマートフォン版を表示 本文へ 文字サイズ変更 背景色 現在のページ ホーム くらし・行政 子育て・教育 手当・助成 物価高対応子育て応援手当について 物価高対応子育て応援手当について 物価高対応子育て応援手当について 概要 物価高の影響が長期化し、その影響が様々な人々に及ぶ中、特にその影響を強く受けている子育て世帯を力強く支援し、こどもたちの健やかな成長を応援する観点から、 子ども1人あたり2万円 の物価高対応子育て応援手当を支給します。 対象 ・ 令和7年9月分（以下基準日） の児童手当を受給していた方 ・基準日～令和8年3月31日までに出生した児童 ・離婚（調停を含む）により、基準日以降に児童手当の受給者となった方 ・DV被害により児童とともに避難し、基準日以降
42	高千穂町	重度心身障害者医療費助成申請書(請求書)について	https://www.town-takachiho.jp/top/soshiki/fukushihoken/3/3/444.html	重度心身障害者医療費助成申請書(請求書)について／高千穂町 スマートフォン版を表示 本文へ 文字サイズ変更 背景色 現在のページ ホーム くらし・行政 組織から探す 福祉保険課 健康・福祉 障害福祉 重度心身障害者医療費助成申請書(請求書)について 重度心身障害者医療費助成申請書(請求書)について 一旦「保存」し、「編集を有効にする」をしてから利用してください。 重度心身障害者医療費助成申請書(請求書) (PDFファイル: 133.3KB) 重心医療費助成について 対象者 身体障害者手帳1級、2級所持者 療育手帳A所持者 身体障害者手帳3級と療育手帳Bの両方所持者 精神障害者保健福祉手帳1級所持者（令和7年10月～） 助成の内容 1ヶ月の医療費合計（保険適用の診察費・歯科・眼科等）が、下記の限度額を超えた分を助
42	高千穂町	子育て支援金について	https://www.town-takachiho.jp/top/soshiki/fukushihoken/4/4/351.html	子育て支援金について／高千穂町 スマートフォン版を表示 本文へ 文字サイズ変更 背景色 現在のページ ホーム くらし・行政 組織から探す 福祉保険課 子育て・教育 手当・助成 子育て支援金について 子育て支援金について 高千穂町では、出産を奨励し子育てを支援することにより、定住の促進と活力ある町づくりを図ることを目的に支援金支給条例を制定しております。 支援金の内容 第1子・第2子の出生時・小学校入学時・中学校入学時 50,000円 第3子以降は第2子の額に 50,000円 ずつ加算した額 例）第3子 100,000円 第4子 150,000円 第5子 200,000円 申請は原則として、出生届提出後または入学式後、3ヶ月以内となっております。 対象者 次の条件を満たす方は、所得に関係なくどなたでも申請をするこ
42	高千穂町	こども医療費助成制度について	https://www.town-takachiho.jp/top/soshiki/fukushihoken/4/4/412.html	こども医療費助成制度について／高千穂町 スマートフォン版を表示 本文へ 文字サイズ変更 背景色 現在のページ ホーム くらし・行政 組織から探す 福祉保険課 子育て・教育 手当・助成 こども医療費助成制度について こども医療費助成制度について こども医療費助成制度 こどもの健全な発育と福祉の向上を図ることを目的とし、医療費の全額または一部を助成する制度です。 高千穂町では、医療費の全額（保険内診療分のみ）を助成しています。 対象者 高千穂町にお住まいで、健康保険に加入している中学3年生までのこども（0歳から15歳到達前日以後最初の3月31日まで） 所得制限はありません。 生活保護を受けている人は助成を受けることができません。 部活動や登下校中を含む学校管理下や、保育園等で「ケガ」をして、日本スポーツ振興センター
42	高千穂町	物価高対応子育て応援手当について	https://www.town-takachiho.jp/top/soshiki/fukushihoken/4/4/4332.html	物価高対応子育て応援手当について／高千穂町 スマートフォン版を表示 本文へ 文字サイズ変更 背景色 現在のページ ホーム くらし・行政 組織から探す 福祉保険課 子育て・教育 手当・助成 物価高対応子育て応援手当について 物価高対応子育て応援手当について 物価高対応子育て応援手当について 概要 物価高の影響が長期化し、その影響が様々な人々に及ぶ中、特にその影響を強く受けている子育て世帯を力強く支援し、こどもたちの健やかな成長を応援する観点から、 子ども1人あたり2万円 の物価高対応子育て応援手当を支給します。 対象 ・ 令和7年9月分（以下基準日） の児童手当を受給していた方 ・基準日～令和8年3月31日までに出生した児童 ・離婚（調停を含む）により、基準日以降に児童手当の受給者となった方 ・DV被害により児童
33	高千穂町	手当・助成	https://www.town-takachiho.jp/top/life_scene/kosodate/1141.html	手当・助成／高千穂町 スマートフォン版を表示 本文へ 文字サイズ変更 背景色 現在のページ ホーム くらし・行政 ライフシーンから探す 子育て 手当・助成 手当・助成 不妊治療費の助成制度について(R5.11.27更新） 子育て支援金について こども医療費助成制度について 物価高対応子育て応援手当について 更新日：2019年04月03日 子育て 妊娠・出産 子育て 入園・入学 引越し 仕事・就職 結婚・離婚 上下水道 高齢・介護 お悔やみ ページの先頭へ 〒882-1192 宮崎県西臼杵郡高千穂町大字三田井13 電話番号一覧 サイトマップ 組織を探す Copyright (C) Takachiho Town. All rights reserved.
33	高千穂町	手当・助成	https://www.town-takachiho.jp/top/soshiki/fukushihoken/4/4/index.html	手当・助成／高千穂町 スマートフォン版を表示 本文へ 文字サイズ変更 背景色 現在のページ ホーム くらし・行政 組織から探す 福祉保険課 子育て・教育 手当・助成 手当・助成 子育て支援金について こども医療費助成制度について 物価高対応子育て応援手当について 更新日：2019年04月03日 子育て・教育 妊娠・出産 子育て 入園・入学 引越し 仕事・就職 結婚・離婚 上下水道 高齢・介護 お悔やみ ページの先頭へ 〒882-1192 宮崎県西臼杵郡高千穂町大字三田井13 電話番号一覧 サイトマップ 組織を探す Copyright (C) Takachiho Town. All rights reserved.
33	高千穂町	手当・助成	https://www.town-takachiho.jp/top/soshiki/genkiso/4/2/index.html	手当・助成／高千穂町 スマートフォン版を表示 本文へ 文字サイズ変更 背景色 現在のページ ホーム くらし・行政 組織から探す 保健福祉総合センターげんき荘 子育て・教育 手当・助成 手当・助成 不妊治療費の助成制度について(R5.11.27更新） 任意予防接種一部費用助成 1か月児健診費用助成について 更新日：2019年04月03日 子育て・教育 妊娠・出産 子育て 入園・入学 引越し 仕事・就職 結婚・離婚 上下水道 高齢・介護 お悔やみ ページの先頭へ 〒882-1192 宮崎県西臼杵郡高千穂町大字三田井13 電話番号一覧 サイトマップ 組織を探す Copyright (C) Takachiho Town. All rights reserved.
31	高千穂町	手当・助成	https://www.town-takachiho.jp/top/kosodate_kyoiku/teate/index.html	手当・助成／高千穂町 スマートフォン版を表示 本文へ 文字サイズ変更 背景色 現在のページ ホーム くらし・行政 子育て・教育 手当・助成 手当・助成 不妊治療費の助成制度について(R5.11.27更新） 子育て支援金について こども医療費助成制度について 物価高対応子育て応援手当について 更新日：2019年04月03日 子育て・教育 妊娠・出産 子育て 入園・入学 引越し 仕事・就職 結婚・離婚 上下水道 高齢・介護 お悔やみ ページの先頭へ 〒882-1192 宮崎県西臼杵郡高千穂町大字三田井13 電話番号一覧 サイトマップ 組織を探す Copyright (C) Takachiho Town. All rights reserved.
30	高千穂町	税減免について(住民税・自動車税)	https://www.town-takachiho.jp/top/kenko_fukushi/shogai_fukushi/947.html	税減免について(住民税・自動車税)／高千穂町 スマートフォン版を表示 本文へ 文字サイズ変更 背景色 現在のページ ホーム くらし・行政 健康・福祉 障害福祉 税減免について(住民税・自動車税) 税減免について(住民税・自動車税) 住民税の障害者控除 対象者 納税義務者、控除対象配偶者及び扶養親族のうち障がい者がいる（手帳所持者）納税義務者 住民税と所得税を計算するときに、障がい者1人につき所定額を所得額から差引することができます。手帳の等級によって金額が異なりますので詳しくは、税務課にお問合せください。税務課 電話番号 0982-73-1201 事業税の非課税措置 重度の視力障がい者があん摩、マッサージ、指圧、はり、きゅうなどの偉業に類する事業を行う場合は、非課税になります。 障害の程度は、両眼の視力を喪失の
30	高千穂町	合併処理浄化槽設置整備事業〔補助金〕について	https://www.town-takachiho.jp/top/kurashi/jyoukasou2/1442.html	合併処理浄化槽設置整備事業〔補助金〕について／高千穂町 スマートフォン版を表示 本文へ 文字サイズ変更 背景色 現在のページ ホーム くらし・行政 くらし・手続き 浄化槽 合併処理浄化槽設置整備事業〔補助金〕について 合併処理浄化槽設置整備事業〔補助金〕について 合併処理浄化槽は河川水質の良好化など環境に配慮した生活排水処理設備です。高千穂町では合併処理浄化槽設置の設置者に対し設置費用の一部及び設置に伴う単独処理浄化槽撤去費用の一部を補助する事業を行い、設置の普及を進めております。 補助の対象 1．下水道整備区域の設置は対象から除きます。 2． 5人槽、7人槽、10人槽の規模で住宅への設置を対象とします。 3． 新築住宅への設置、単独処理浄化槽または汲み取り槽からの転換を対象とします。 補助金について 補助金額
30	高千穂町	合併処理浄化槽設置整備事業〔補助金〕について	https://www.town-takachiho.jp/top/soshiki/chominsekatsu/2/jyoukasou/1437.html	合併処理浄化槽設置整備事業〔補助金〕について／高千穂町 スマートフォン版を表示 本文へ 文字サイズ変更 背景色 現在のページ ホーム くらし・行政 組織から探す 町民生活課 くらし・手続き 浄化槽 合併処理浄化槽設置整備事業〔補助金〕について 合併処理浄化槽設置整備事業〔補助金〕について 合併処理浄化槽は河川水質の良好化など環境に配慮した生活排水処理設備です。高千穂町では合併処理浄化槽設置の設置者に対し設置費用の一部及び設置に伴う単独処理浄化槽撤去費用の一部を補助する事業を行い、設置の普及を進めております。 補助の対象 1．下水道整備区域の設置は対象から除きます。 2． 5人槽、7人槽、10人槽の規模で住宅への設置を対象とします。 3． 新築住宅への設置、単独処理浄化槽または汲み取り槽からの転換を対象とします。
30	高千穂町	税減免について(住民税・自動車税)	https://www.town-takachiho.jp/top/soshiki/fukushihoken/3/3/461.html	税減免について(住民税・自動車税)／高千穂町 スマートフォン版を表示 本文へ 文字サイズ変更 背景色 現在のページ ホーム くらし・行政 組織から探す 福祉保険課 健康・福祉 障害福祉 税減免について(住民税・自動車税) 税減免について(住民税・自動車税) 住民税の障害者控除 対象者 納税義務者、控除対象配偶者及び扶養親族のうち障がい者がいる（手帳所持者）納税義務者 住民税と所得税を計算するときに、障がい者1人につき所定額を所得額から差引することができます。手帳の等級によって金額が異なりますので詳しくは、税務課にお問合せください。税務課 電話番号 0982-73-1201 事業税の非課税措置 重度の視力障がい者があん摩、マッサージ、指圧、はり、きゅうなどの偉業に類する事業を行う場合は、非課税になります。 障害の
30	高千穂町	幼児教育・保育の無償化が始まります！	https://www.town-takachiho.jp/top/soshiki/fukushihoken/4/3/mushouka.html	幼児教育・保育の無償化が始まります！／高千穂町 スマートフォン版を表示 本文へ 文字サイズ変更 背景色 現在のページ ホーム くらし・行政 組織から探す 福祉保険課 子育て・教育 子育て支援 幼児教育・保育の無償化が始まります！ 幼児教育・保育の無償化が始まります！ 令和元年10月1日から いよいよスタート！ 「幼児教育・保育の無償化」は、生涯にわたる人格形成の基礎を培う幼児教育の重要性や、子育て家庭の経済的負担軽減を図る少子化対策の観点などから取り組まれるものです。 年齢や課税状況等により、保育園や認定こども園、幼稚園等の利用料を無償化するとともに、認可外保育施設等の利用料についても、上限額まで無償化する新たな制度です。 【幼児教育・保育の無償化に関する案内チラシ】 1）概要版(PDF:163.2KB) 2）
30	諸塚村	子ども・子育て支援金について	https://www.vill.morotsuka.miyazaki.jp/kenko-fukushi/kokuminkenkohoken/1099.html	子ども・子育て支援金について／諸塚村公式ホームページ 本文へ メニュー キーワード検索 くらし くらしを開く 子育て・教育 子育て・教育を開く 健康・福祉 健康・福祉を開く 観光・文化 観光・文化を開く しごと・産業 しごと・産業を開く 村政 村政を開く 閲覧支援 文字サイズ 標準 （初期状態） 標準 に戻す 拡大 （初期状態） 拡大 拡大（最大状態） 背景色変更 黒 背景色を黒色にする 青 背景色を青色にする 標準 背景色を元に戻す Select Language English 中文（繁体） 中文（簡体） Go Select your language メニューを閉じる メニュー キーワード検索 くらし くらしを開く 子育て・教育 子育て・教育を開く 健康・福祉 健康・福祉を開く 観光・文化 観光・文化を開
30	諸塚村	諸塚村移住支援金制度について	https://www.vill.morotsuka.miyazaki.jp/kurashi/sodan/1/541.html	諸塚村移住支援金制度について／諸塚村公式ホームページ 本文へ メニュー キーワード検索 くらし くらしを開く 子育て・教育 子育て・教育を開く 健康・福祉 健康・福祉を開く 観光・文化 観光・文化を開く しごと・産業 しごと・産業を開く 村政 村政を開く 閲覧支援 文字サイズ 標準 （初期状態） 標準 に戻す 拡大 （初期状態） 拡大 拡大（最大状態） 背景色変更 黒 背景色を黒色にする 青 背景色を青色にする 標準 背景色を元に戻す Select Language English 中文（繁体） 中文（簡体） Go Select your language メニューを閉じる メニュー キーワード検索 くらし くらしを開く 子育て・教育 子育て・教育を開く 健康・福祉 健康・福祉を開く 観光・文化 観光・文化を開
30	諸塚村	宮崎県UIJターン引っ越し補助金「諸塚村」も対象です。	https://www.vill.morotsuka.miyazaki.jp/kurashi/sodan/2/1115.html	宮崎県UIJターン引っ越し補助金「諸塚村」も対象です。／諸塚村公式ホームページ 本文へ メニュー キーワード検索 くらし くらしを開く 子育て・教育 子育て・教育を開く 健康・福祉 健康・福祉を開く 観光・文化 観光・文化を開く しごと・産業 しごと・産業を開く 村政 村政を開く 閲覧支援 文字サイズ 標準 （初期状態） 標準 に戻す 拡大 （初期状態） 拡大 拡大（最大状態） 背景色変更 黒 背景色を黒色にする 青 背景色を青色にする 標準 背景色を元に戻す Select Language English 中文（繁体） 中文（簡体） Go Select your language メニューを閉じる メニュー キーワード検索 くらし くらしを開く 子育て・教育 子育て・教育を開く 健康・福祉 健康・福祉を開く
30	諸塚村	諸塚村移住支援金制度について	https://www.vill.morotsuka.miyazaki.jp/kurashi/sodan/2/487.html	諸塚村移住支援金制度について／諸塚村公式ホームページ 本文へ メニュー キーワード検索 くらし くらしを開く 子育て・教育 子育て・教育を開く 健康・福祉 健康・福祉を開く 観光・文化 観光・文化を開く しごと・産業 しごと・産業を開く 村政 村政を開く 閲覧支援 文字サイズ 標準 （初期状態） 標準 に戻す 拡大 （初期状態） 拡大 拡大（最大状態） 背景色変更 黒 背景色を黒色にする 青 背景色を青色にする 標準 背景色を元に戻す Select Language English 中文（繁体） 中文（簡体） Go Select your language メニューを閉じる メニュー キーワード検索 くらし くらしを開く 子育て・教育 子育て・教育を開く 健康・福祉 健康・福祉を開く 観光・文化 観光・文化を開
26	諸塚村	相談活動等補助金について～諸塚村みちゆき推進事業～	https://www.vill.morotsuka.miyazaki.jp/kurashi/sodan/1/543.html	相談活動等補助金について～諸塚村みちゆき推進事業～／諸塚村公式ホームページ 本文へ メニュー キーワード検索 くらし くらしを開く 子育て・教育 子育て・教育を開く 健康・福祉 健康・福祉を開く 観光・文化 観光・文化を開く しごと・産業 しごと・産業を開く 村政 村政を開く 閲覧支援 文字サイズ 標準 （初期状態） 標準 に戻す 拡大 （初期状態） 拡大 拡大（最大状態） 背景色変更 黒 背景色を黒色にする 青 背景色を青色にする 標準 背景色を元に戻す Select Language English 中文（繁体） 中文（簡体） Go Select your language メニューを閉じる メニュー キーワード検索 くらし くらしを開く 子育て・教育 子育て・教育を開く 健康・福祉 健康・福祉を開く 観光
22	諸塚村	住民税非課税世帯等)臨時特別給付金について	https://www.vill.morotsuka.miyazaki.jp/kenko-fukushi/fukushi/1/613.html	住民税非課税世帯等)臨時特別給付金について／諸塚村公式ホームページ 本文へ メニュー キーワード検索 くらし くらしを開く 子育て・教育 子育て・教育を開く 健康・福祉 健康・福祉を開く 観光・文化 観光・文化を開く しごと・産業 しごと・産業を開く 村政 村政を開く 閲覧支援 文字サイズ 標準 （初期状態） 標準 に戻す 拡大 （初期状態） 拡大 拡大（最大状態） 背景色変更 黒 背景色を黒色にする 青 背景色を青色にする 標準 背景色を元に戻す Select Language English 中文（繁体） 中文（簡体） Go Select your language メニューを閉じる メニュー キーワード検索 くらし くらしを開く 子育て・教育 子育て・教育を開く 健康・福祉 健康・福祉を開く 観光・文化
22	諸塚村	住民税非課税世帯等)臨時特別給付金について	https://www.vill.morotsuka.miyazaki.jp/kurashi/sodan/1/540.html	住民税非課税世帯等)臨時特別給付金について／諸塚村公式ホームページ 本文へ メニュー キーワード検索 くらし くらしを開く 子育て・教育 子育て・教育を開く 健康・福祉 健康・福祉を開く 観光・文化 観光・文化を開く しごと・産業 しごと・産業を開く 村政 村政を開く 閲覧支援 文字サイズ 標準 （初期状態） 標準 に戻す 拡大 （初期状態） 拡大 拡大（最大状態） 背景色変更 黒 背景色を黒色にする 青 背景色を青色にする 標準 背景色を元に戻す Select Language English 中文（繁体） 中文（簡体） Go Select your language メニューを閉じる メニュー キーワード検索 くらし くらしを開く 子育て・教育 子育て・教育を開く 健康・福祉 健康・福祉を開く 観光・文化
42	椎葉村	令和６年度椎葉村重点支援給付金事業 （住民税非課税世帯・こども加算）のご案内	https://www.vill.shiiba.miyazaki.jp/welfare/2025/04/post_84.php	令和６年度椎葉村重点支援給付金事業 （住民税非課税世帯・こども加算）のご案内｜福祉保健課｜椎葉村 English 中文（繁體字） 中文（简体字） 한국어 トップページ 村民向け情報 観光情報 行政情報 文字の大きさ 文字の大きさ 標準 文字の大きさ 拡大 背景色変更 背景色の変更 白色 背景色の変更 黒色 サイト内検索: 椎葉村トップ > お知らせ一覧 > 令和６年度椎葉村重点支援給付金事業 （住民税非課税世帯・こども加算）のご案内 椎葉村トップ > 村民向け情報一覧 > 令和６年度椎葉村重点支援給付金事業 （住民税非課税世帯・こども加算）のご案内 令和６年度椎葉村重点支援給付金事業 （住民税非課税世帯・こども加算）のご案内 2025年04月01日 この給付金は、「国民の安心・安全と持続的な成長に向けた総合経済
40	椎葉村	賃上げ対応緊急支援金	https://www.vill.shiiba.miyazaki.jp/promote/2026/05/post_291.php	賃上げ対応緊急支援金｜地域振興課｜椎葉村 English 中文（繁體字） 中文（简体字） 한국어 トップページ 村民向け情報 観光情報 行政情報 文字の大きさ 文字の大きさ 標準 文字の大きさ 拡大 背景色変更 背景色の変更 白色 背景色の変更 黒色 サイト内検索: 椎葉村トップ > お知らせ一覧 > 賃上げ対応緊急支援金 椎葉村トップ > 村民向け情報一覧 > 賃上げ対応緊急支援金 賃上げ対応緊急支援金 2026年05月27日 宮崎県内の中小企業・小規模事業者の皆様へのご案内です。 令和７年３月３１日時点で時給１，０２２円以下の雇用労働者の賃金を、令和７年１１月１６日（最低賃金適用日）までに時給１,０２３円以上に引き上げを行っている事業者で、別紙支給要件を満たす場合に従業員１名あたり７万円の支援金を支給 しま
40	椎葉村	椎葉村奨学金貸付制度について	https://www.vill.shiiba.miyazaki.jp/education/school/lendingloaning.php	椎葉村奨学金貸付制度｜教育委員会｜椎葉村 English 中文（繁體字） 中文（简体字） 한국어 トップページ 村民向け情報 観光情報 行政情報 文字の大きさ 文字の大きさ 標準 文字の大きさ 拡大 背景色変更 背景色の変更 白色 背景色の変更 黒色 サイト内検索: 椎葉村トップ > 椎葉村奨学金貸付制度 椎葉村奨学金貸付制度について 「高校･大学･専門学校等へ進学される皆さん。勉学に励み、立派な社会人となってください。」椎葉村は、奨学金貸付制度により、皆さんを応援いたします。 資格 高校生、専門学校生、大学生等の保護者（椎葉村在住） 奨学金額 高校 月額 20,000円 又は 30,000円 専門学校 月額 20,000円 又は 40,000円 大学 > 月額 25,000円 又は 45,000円 ※医学生
40	椎葉村	椎葉村出身高校生の生活支援費補助金制度について	https://www.vill.shiiba.miyazaki.jp/education/school/subsidy.php	高校生生活支援費補助金制度｜教育委員会｜椎葉村 English 中文（繁體字） 中文（简体字） 한국어 トップページ 村民向け情報 観光情報 行政情報 文字の大きさ 文字の大きさ 標準 文字の大きさ 拡大 背景色変更 背景色の変更 白色 背景色の変更 黒色 サイト内検索: 椎葉村トップ > 高校生生活支援費補助金制度 椎葉村出身高校生の生活支援費補助金制度について この制度は、椎葉村出身の向上心に富み、優れた素質を有する生徒、学生に対し、椎葉村に現住所を有する保護者の経済的負担を軽減するために行っています。 対象校 高等学校、高等専門学校、高等支援学校 並びにこれに類する専門学校 補助額 月額 20,000 円（年額 240,000円） ※指定銀行口座へ毎月5日頃振込（4・5月分は6月振込） 期間 高等学校の正
28	美郷町	美郷町移住支援金制度	https://www.town.miyazaki-misato.lg.jp/kiji003916/index.html	美郷町移住支援金制度 / 宮崎県美郷町ホームページ ヘッダーをスキップ 本文へジャンプ Foreign Language English 中文(简化字) 中文(繁體字) 한국어 日本語 アクセシビリティ グローバルナビゲーションをスキップ くらし・手続き・生活環境 福祉・保健・子育て 教育・文化 入札・契約・産業・就労・事業 イベント・観光 行政情報 新型コロナウイルス感染症 町の状況、お知らせ 個人向け支援情報 事業者向け支援情報 感染予防対策 イベント・行事の状況 相談窓口 届出・登録・証明 戸籍・住民票 証明書の発行 印鑑登録 住基・マイナンバー制度 パスポート 税金 税に関するお知らせ 税の種類 税の郵送請求・各種証明 住まい・ごみ・環境 移住・定住支援 住まい・町営住宅 ケーブルテレビ ごみ・リサイク
28	美郷町	在宅介護支援手当	https://www.town.miyazaki-misato.lg.jp/kiji003127/index.html	在宅介護支援手当 / 宮崎県美郷町ホームページ ヘッダーをスキップ 本文へジャンプ Foreign Language English 中文(简化字) 中文(繁體字) 한국어 日本語 アクセシビリティ グローバルナビゲーションをスキップ くらし・手続き・生活環境 福祉・保健・子育て 教育・文化 入札・契約・産業・就労・事業 イベント・観光 行政情報 新型コロナウイルス感染症 町の状況、お知らせ 個人向け支援情報 事業者向け支援情報 感染予防対策 イベント・行事の状況 相談窓口 届出・登録・証明 戸籍・住民票 証明書の発行 印鑑登録 住基・マイナンバー制度 パスポート 税金 税に関するお知らせ 税の種類 税の郵送請求・各種証明 住まい・ごみ・環境 移住・定住支援 住まい・町営住宅 ケーブルテレビ ごみ・リサイクル
28	美郷町	物価高対応子育て応援手当	https://www.town.miyazaki-misato.lg.jp/kiji0031264/index.html	物価高対応子育て応援手当 / 宮崎県美郷町ホームページ ヘッダーをスキップ 本文へジャンプ Foreign Language English 中文(简化字) 中文(繁體字) 한국어 日本語 アクセシビリティ グローバルナビゲーションをスキップ くらし・手続き・生活環境 福祉・保健・子育て 教育・文化 入札・契約・産業・就労・事業 イベント・観光 行政情報 新型コロナウイルス感染症 町の状況、お知らせ 個人向け支援情報 事業者向け支援情報 感染予防対策 イベント・行事の状況 相談窓口 届出・登録・証明 戸籍・住民票 証明書の発行 印鑑登録 住基・マイナンバー制度 パスポート 税金 税に関するお知らせ 税の種類 税の郵送請求・各種証明 住まい・ごみ・環境 移住・定住支援 住まい・町営住宅 ケーブルテレビ ごみ・リサ
28	美郷町	特別児童扶養手当について	https://www.town.miyazaki-misato.lg.jp/kiji003944/index.html	特別児童扶養手当について / 宮崎県美郷町ホームページ ヘッダーをスキップ 本文へジャンプ Foreign Language English 中文(简化字) 中文(繁體字) 한국어 日本語 アクセシビリティ グローバルナビゲーションをスキップ くらし・手続き・生活環境 福祉・保健・子育て 教育・文化 入札・契約・産業・就労・事業 イベント・観光 行政情報 新型コロナウイルス感染症 町の状況、お知らせ 個人向け支援情報 事業者向け支援情報 感染予防対策 イベント・行事の状況 相談窓口 届出・登録・証明 戸籍・住民票 証明書の発行 印鑑登録 住基・マイナンバー制度 パスポート 税金 税に関するお知らせ 税の種類 税の郵送請求・各種証明 住まい・ごみ・環境 移住・定住支援 住まい・町営住宅 ケーブルテレビ ごみ・リサ
28	美郷町	奨学金の貸与について	https://www.town.miyazaki-misato.lg.jp/kiji003181/index.html	奨学金の貸与について / 宮崎県美郷町ホームページ ヘッダーをスキップ 本文へジャンプ Foreign Language English 中文(简化字) 中文(繁體字) 한국어 日本語 アクセシビリティ グローバルナビゲーションをスキップ くらし・手続き・生活環境 福祉・保健・子育て 教育・文化 入札・契約・産業・就労・事業 イベント・観光 行政情報 新型コロナウイルス感染症 町の状況、お知らせ 個人向け支援情報 事業者向け支援情報 感染予防対策 イベント・行事の状況 相談窓口 届出・登録・証明 戸籍・住民票 証明書の発行 印鑑登録 住基・マイナンバー制度 パスポート 税金 税に関するお知らせ 税の種類 税の郵送請求・各種証明 住まい・ごみ・環境 移住・定住支援 住まい・町営住宅 ケーブルテレビ ごみ・リサイク
28	美郷町	ケーブルテレビ施設使用料の減免申請について	https://www.town.miyazaki-misato.lg.jp/kiji0031308/index.html	ケーブルテレビ施設使用料の減免申請について / 宮崎県美郷町ホームページ ヘッダーをスキップ 本文へジャンプ Foreign Language English 中文(简化字) 中文(繁體字) 한국어 日本語 アクセシビリティ グローバルナビゲーションをスキップ くらし・手続き・生活環境 福祉・保健・子育て 教育・文化 入札・契約・産業・就労・事業 イベント・観光 行政情報 新型コロナウイルス感染症 町の状況、お知らせ 個人向け支援情報 事業者向け支援情報 感染予防対策 イベント・行事の状況 相談窓口 届出・登録・証明 戸籍・住民票 証明書の発行 印鑑登録 住基・マイナンバー制度 パスポート 税金 税に関するお知らせ 税の種類 税の郵送請求・各種証明 住まい・ごみ・環境 移住・定住支援 住まい・町営住宅 ケーブル
28	美郷町	美郷町介護支援専門員等法定研修支援補助金について	https://www.town.miyazaki-misato.lg.jp/kiji0031162/index.html	美郷町介護支援専門員等法定研修支援補助金について / 宮崎県美郷町ホームページ ヘッダーをスキップ 本文へジャンプ Foreign Language English 中文(简化字) 中文(繁體字) 한국어 日本語 アクセシビリティ グローバルナビゲーションをスキップ くらし・手続き・生活環境 福祉・保健・子育て 教育・文化 入札・契約・産業・就労・事業 イベント・観光 行政情報 新型コロナウイルス感染症 町の状況、お知らせ 個人向け支援情報 事業者向け支援情報 感染予防対策 イベント・行事の状況 相談窓口 届出・登録・証明 戸籍・住民票 証明書の発行 印鑑登録 住基・マイナンバー制度 パスポート 税金 税に関するお知らせ 税の種類 税の郵送請求・各種証明 住まい・ごみ・環境 移住・定住支援 住まい・町営住宅 ケ
24	美郷町	重度心身障がい者医療費助成事業について	https://www.town.miyazaki-misato.lg.jp/kiji003116/index.html	重度心身障がい者医療費助成事業について / 宮崎県美郷町ホームページ ヘッダーをスキップ 本文へジャンプ Foreign Language English 中文(简化字) 中文(繁體字) 한국어 日本語 アクセシビリティ グローバルナビゲーションをスキップ くらし・手続き・生活環境 福祉・保健・子育て 教育・文化 入札・契約・産業・就労・事業 イベント・観光 行政情報 新型コロナウイルス感染症 町の状況、お知らせ 個人向け支援情報 事業者向け支援情報 感染予防対策 イベント・行事の状況 相談窓口 届出・登録・証明 戸籍・住民票 証明書の発行 印鑑登録 住基・マイナンバー制度 パスポート 税金 税に関するお知らせ 税の種類 税の郵送請求・各種証明 住まい・ごみ・環境 移住・定住支援 住まい・町営住宅 ケーブルテレ
23	美郷町	助成・手当・給付金	https://www.town.miyazaki-misato.lg.jp/list00184.html	助成・手当・給付金 / 宮崎県美郷町ホームページ ヘッダーをスキップ 本文へジャンプ Foreign Language English 中文(简化字) 中文(繁體字) 한국어 日本語 アクセシビリティ グローバルナビゲーションをスキップ くらし・手続き・生活環境 福祉・保健・子育て 教育・文化 入札・契約・産業・就労・事業 イベント・観光 行政情報 新型コロナウイルス感染症 町の状況、お知らせ 個人向け支援情報 事業者向け支援情報 感染予防対策 イベント・行事の状況 相談窓口 届出・登録・証明 戸籍・住民票 証明書の発行 印鑑登録 住基・マイナンバー制度 パスポート 税金 税に関するお知らせ 税の種類 税の郵送請求・各種証明 住まい・ごみ・環境 移住・定住支援 住まい・町営住宅 ケーブルテレビ ごみ・リサイクル
23	美郷町	地区管理水道と個人水道の各種補助金	https://www.town.miyazaki-misato.lg.jp/kiji003272/index.html	地区管理水道と個人水道の各種補助金 / 宮崎県美郷町ホームページ ヘッダーをスキップ 本文へジャンプ Foreign Language English 中文(简化字) 中文(繁體字) 한국어 日本語 アクセシビリティ グローバルナビゲーションをスキップ くらし・手続き・生活環境 福祉・保健・子育て 教育・文化 入札・契約・産業・就労・事業 イベント・観光 行政情報 新型コロナウイルス感染症 町の状況、お知らせ 個人向け支援情報 事業者向け支援情報 感染予防対策 イベント・行事の状況 相談窓口 届出・登録・証明 戸籍・住民票 証明書の発行 印鑑登録 住基・マイナンバー制度 パスポート 税金 税に関するお知らせ 税の種類 税の郵送請求・各種証明 住まい・ごみ・環境 移住・定住支援 住まい・町営住宅 ケーブルテレビ
23	美郷町	合併処理浄化槽の各種補助金	https://www.town.miyazaki-misato.lg.jp/kiji003271/index.html	合併処理浄化槽の各種補助金 / 宮崎県美郷町ホームページ ヘッダーをスキップ 本文へジャンプ Foreign Language English 中文(简化字) 中文(繁體字) 한국어 日本語 アクセシビリティ グローバルナビゲーションをスキップ くらし・手続き・生活環境 福祉・保健・子育て 教育・文化 入札・契約・産業・就労・事業 イベント・観光 行政情報 新型コロナウイルス感染症 町の状況、お知らせ 個人向け支援情報 事業者向け支援情報 感染予防対策 イベント・行事の状況 相談窓口 届出・登録・証明 戸籍・住民票 証明書の発行 印鑑登録 住基・マイナンバー制度 パスポート 税金 税に関するお知らせ 税の種類 税の郵送請求・各種証明 住まい・ごみ・環境 移住・定住支援 住まい・町営住宅 ケーブルテレビ ごみ・リ
23	美郷町	子育て支援・手当・助成	https://www.town.miyazaki-misato.lg.jp/list00247.html	子育て支援・手当・助成 / 宮崎県美郷町ホームページ ヘッダーをスキップ 本文へジャンプ Foreign Language English 中文(简化字) 中文(繁體字) 한국어 日本語 アクセシビリティ グローバルナビゲーションをスキップ くらし・手続き・生活環境 福祉・保健・子育て 教育・文化 入札・契約・産業・就労・事業 イベント・観光 行政情報 新型コロナウイルス感染症 町の状況、お知らせ 個人向け支援情報 事業者向け支援情報 感染予防対策 イベント・行事の状況 相談窓口 届出・登録・証明 戸籍・住民票 証明書の発行 印鑑登録 住基・マイナンバー制度 パスポート 税金 税に関するお知らせ 税の種類 税の郵送請求・各種証明 住まい・ごみ・環境 移住・定住支援 住まい・町営住宅 ケーブルテレビ ごみ・リサイ
23	美郷町	就学援助費	https://www.town.miyazaki-misato.lg.jp/kiji003182/index.html	就学援助費 / 宮崎県美郷町ホームページ ヘッダーをスキップ 本文へジャンプ Foreign Language English 中文(简化字) 中文(繁體字) 한국어 日本語 アクセシビリティ グローバルナビゲーションをスキップ くらし・手続き・生活環境 福祉・保健・子育て 教育・文化 入札・契約・産業・就労・事業 イベント・観光 行政情報 新型コロナウイルス感染症 町の状況、お知らせ 個人向け支援情報 事業者向け支援情報 感染予防対策 イベント・行事の状況 相談窓口 届出・登録・証明 戸籍・住民票 証明書の発行 印鑑登録 住基・マイナンバー制度 パスポート 税金 税に関するお知らせ 税の種類 税の郵送請求・各種証明 住まい・ごみ・環境 移住・定住支援 住まい・町営住宅 ケーブルテレビ ごみ・リサイクル 水道・
23	美郷町	美郷町補助金等改革方針について	https://www.town.miyazaki-misato.lg.jp/kiji003222/index.html	美郷町補助金等改革方針について / 宮崎県美郷町ホームページ ヘッダーをスキップ 本文へジャンプ Foreign Language English 中文(简化字) 中文(繁體字) 한국어 日本語 アクセシビリティ グローバルナビゲーションをスキップ くらし・手続き・生活環境 福祉・保健・子育て 教育・文化 入札・契約・産業・就労・事業 イベント・観光 行政情報 新型コロナウイルス感染症 町の状況、お知らせ 個人向け支援情報 事業者向け支援情報 感染予防対策 イベント・行事の状況 相談窓口 届出・登録・証明 戸籍・住民票 証明書の発行 印鑑登録 住基・マイナンバー制度 パスポート 税金 税に関するお知らせ 税の種類 税の郵送請求・各種証明 住まい・ごみ・環境 移住・定住支援 住まい・町営住宅 ケーブルテレビ ごみ
28	門川町	門川町地方就職支援金事業	https://www.town.kadogawa.lg.jp/live/town_planning/migration-support/page005090.html	門川町地方就職支援金事業 | 門川町 背景色変更 白 黒 黄 青 文字サイズ 標準 拡大 リンク集 ご利用ガイド サイト内を検索する Search by Keyword 検索 検索 メニュー 暮らし Live 令和8年度 帯状疱疹の定期予防接種について 地域公共交通 戸籍 人権・男女共同参画 マイナンバー トラブル 道路・公園 上水道 し尿・浄化槽 まちづくり 介護 福祉 食育 休日夜間診療 健康 ペット・動植物 ごみ・リサイクル 保険 年金 税 諸証明など お悔やみ 結婚・離婚 引っ越し 就職・退職 住宅 空き家関連 空き家バンク 子育て・教育 Learn 門川町立学校の教育職員に関する業務量管理・健康確保措置実施計画 門川町子ども読書活動推進計画（第四次） 講座のお知らせ 出前講座 様式本文 妊娠・出産 子
28	門川町	国民健康保険税の「子ども・子育て支援金分（子ども分）」の令和８年度税率について	https://www.town.kadogawa.lg.jp/live/insurance/page005594.html	国民健康保険税の「子ども・子育て支援金分（子ども分）」の令和８年度税率について | 門川町 背景色変更 白 黒 黄 青 文字サイズ 標準 拡大 リンク集 ご利用ガイド サイト内を検索する Search by Keyword 検索 検索 メニュー 暮らし Live 令和8年度 帯状疱疹の定期予防接種について 地域公共交通 戸籍 人権・男女共同参画 マイナンバー トラブル 道路・公園 上水道 し尿・浄化槽 まちづくり 介護 福祉 食育 休日夜間診療 健康 ペット・動植物 ごみ・リサイクル 保険 年金 税 諸証明など お悔やみ 結婚・離婚 引っ越し 就職・退職 住宅 空き家関連 空き家バンク 子育て・教育 Learn 門川町立学校の教育職員に関する業務量管理・健康確保措置実施計画 門川町子ども読書活動推進計画（第四次
28	門川町	産前産後期間の国民健康保険税が減免されます	https://www.town.kadogawa.lg.jp/live/insurance/page004759.html	産前産後期間の国民健康保険税が減免されます | 門川町 背景色変更 白 黒 黄 青 文字サイズ 標準 拡大 リンク集 ご利用ガイド サイト内を検索する Search by Keyword 検索 検索 メニュー 暮らし Live 令和8年度 帯状疱疹の定期予防接種について 地域公共交通 戸籍 人権・男女共同参画 マイナンバー トラブル 道路・公園 上水道 し尿・浄化槽 まちづくり 介護 福祉 食育 休日夜間診療 健康 ペット・動植物 ごみ・リサイクル 保険 年金 税 諸証明など お悔やみ 結婚・離婚 引っ越し 就職・退職 住宅 空き家関連 空き家バンク 子育て・教育 Learn 門川町立学校の教育職員に関する業務量管理・健康確保措置実施計画 門川町子ども読書活動推進計画（第四次） 講座のお知らせ 出前講座 様式本
28	門川町	門川町ふるさと納税返礼品開発等支援補助金について	https://www.town.kadogawa.lg.jp/administration/furusato_tax_payment/page004854.html	門川町ふるさと納税返礼品開発等支援補助金について | 門川町 背景色変更 白 黒 黄 青 文字サイズ 標準 拡大 リンク集 ご利用ガイド サイト内を検索する Search by Keyword 検索 検索 メニュー 暮らし Live 地域公共交通 戸籍 人権・男女共同参画 マイナンバー トラブル 道路・公園 上水道 し尿・浄化槽 まちづくり 介護 福祉 食育 休日夜間診療 健康 ペット・動植物 ごみ・リサイクル 保険 年金 税 諸証明など お悔やみ 結婚・離婚 引っ越し 就職・退職 住宅 空き家関連 空き家バンク 子育て・教育 Learn 門川町子ども読書活動推進計画（第四次） 講座のお知らせ 出前講座 様式本文 妊娠・出産 子育て こどもの健康 教育委員会 教育研究所 文化・スポーツ Culture and
28	門川町	移住支援金制度	https://www.town.kadogawa.lg.jp/live/town_planning/migration-support/page004529.html	移住支援金制度 | 門川町 背景色変更 白 黒 黄 青 文字サイズ 標準 拡大 リンク集 ご利用ガイド サイト内を検索する Search by Keyword 検索 検索 メニュー 暮らし Live 令和8年度 帯状疱疹の定期予防接種について 地域公共交通 戸籍 人権・男女共同参画 マイナンバー トラブル 道路・公園 上水道 し尿・浄化槽 まちづくり 介護 福祉 食育 休日夜間診療 健康 ペット・動植物 ごみ・リサイクル 保険 年金 税 諸証明など お悔やみ 結婚・離婚 引っ越し 就職・退職 住宅 空き家関連 空き家バンク 子育て・教育 Learn 門川町立学校の教育職員に関する業務量管理・健康確保措置実施計画 門川町子ども読書活動推進計画（第四次） 講座のお知らせ 出前講座 様式本文 妊娠・出産 子育て こど
28	門川町	物価高対応子育て応援手当「宮崎県上乗せ支給」について	https://www.town.kadogawa.lg.jp/news/general/page005562.html	物価高対応子育て応援手当「宮崎県上乗せ支給」について | 門川町 背景色変更 白 黒 黄 青 文字サイズ 標準 拡大 リンク集 ご利用ガイド サイト内を検索する Search by Keyword 検索 検索 メニュー 暮らし Live 令和8年度 帯状疱疹の定期予防接種について 地域公共交通 戸籍 人権・男女共同参画 マイナンバー トラブル 道路・公園 上水道 し尿・浄化槽 まちづくり 介護 福祉 食育 休日夜間診療 健康 ペット・動植物 ごみ・リサイクル 保険 年金 税 諸証明など お悔やみ 結婚・離婚 引っ越し 就職・退職 住宅 空き家関連 空き家バンク 子育て・教育 Learn 門川町立学校の教育職員に関する業務量管理・健康確保措置実施計画 門川町子ども読書活動推進計画（第四次） 講座のお知らせ 出前講
28	門川町	物価高対応子育て応援手当について	https://www.town.kadogawa.lg.jp/news/general/page005483.html	物価高対応子育て応援手当について | 門川町 背景色変更 白 黒 黄 青 文字サイズ 標準 拡大 リンク集 ご利用ガイド サイト内を検索する Search by Keyword 検索 検索 メニュー 暮らし Live 地域公共交通 戸籍 人権・男女共同参画 マイナンバー トラブル 道路・公園 上水道 し尿・浄化槽 まちづくり 介護 福祉 食育 休日夜間診療 健康 ペット・動植物 ごみ・リサイクル 保険 年金 税 諸証明など お悔やみ 結婚・離婚 引っ越し 就職・退職 住宅 空き家関連 空き家バンク 子育て・教育 Learn 門川町子ども読書活動推進計画（第四次） 講座のお知らせ 出前講座 様式本文 妊娠・出産 子育て こどもの健康 教育委員会 教育研究所 文化・スポーツ Culture and sports 職
28	門川町	まちづくりに関する補助金の交付団体が決定しました	https://www.town.kadogawa.lg.jp/news/general/page005167.html	まちづくりに関する補助金の交付団体が決定しました | 門川町 背景色変更 白 黒 黄 青 文字サイズ 標準 拡大 リンク集 ご利用ガイド サイト内を検索する Search by Keyword 検索 検索 メニュー 暮らし Live 地域公共交通 戸籍 人権・男女共同参画 マイナンバー トラブル 道路・公園 上水道 し尿・浄化槽 まちづくり 介護 福祉 食育 休日夜間診療 健康 ペット・動植物 ごみ・リサイクル 保険 年金 税 諸証明など お悔やみ 結婚・離婚 引っ越し 就職・退職 住宅 空き家関連 空き家バンク 子育て・教育 Learn 門川町子ども読書活動推進計画（第四次） 講座のお知らせ 出前講座 様式本文 妊娠・出産 子育て こどもの健康 教育委員会 教育研究所 文化・スポーツ Culture and
26	門川町	豪雨災害にかかる町税減免について	https://www.town.kadogawa.lg.jp/news/general/page005310.html	豪雨災害にかかる町税減免について | 門川町 背景色変更 白 黒 黄 青 文字サイズ 標準 拡大 リンク集 ご利用ガイド サイト内を検索する Search by Keyword 検索 検索 メニュー 暮らし Live 地域公共交通 戸籍 人権・男女共同参画 マイナンバー トラブル 道路・公園 上水道 し尿・浄化槽 まちづくり 介護 福祉 食育 休日夜間診療 健康 ペット・動植物 ごみ・リサイクル 保険 年金 税 諸証明など お悔やみ 結婚・離婚 引っ越し 就職・退職 住宅 空き家関連 空き家バンク 子育て・教育 Learn 門川町子ども読書活動推進計画（第四次） 講座のお知らせ 出前講座 様式本文 妊娠・出産 子育て こどもの健康 教育委員会 教育研究所 文化・スポーツ Culture and sports 職
23	門川町	令和8年度まちづくりに関する補助金交付団体募集のお知らせ	https://www.town.kadogawa.lg.jp/industry/page005600.html	令和8年度まちづくりに関する補助金交付団体募集のお知らせ | 門川町 背景色変更 白 黒 黄 青 文字サイズ 標準 拡大 リンク集 ご利用ガイド サイト内を検索する Search by Keyword 検索 検索 メニュー 暮らし Live 令和8年度 帯状疱疹の定期予防接種について 地域公共交通 戸籍 人権・男女共同参画 マイナンバー トラブル 道路・公園 上水道 し尿・浄化槽 まちづくり 介護 福祉 食育 休日夜間診療 健康 ペット・動植物 ごみ・リサイクル 保険 年金 税 諸証明など お悔やみ 結婚・離婚 引っ越し 就職・退職 住宅 空き家関連 空き家バンク 子育て・教育 Learn 門川町立学校の教育職員に関する業務量管理・健康確保措置実施計画 門川町子ども読書活動推進計画（第四次） 講座のお知らせ 出
23	門川町	門川町奨学金返還支援事業補助金	https://www.town.kadogawa.lg.jp/live/town_planning/page005164.html	門川町奨学金返還支援事業補助金 | 門川町 背景色変更 白 黒 黄 青 文字サイズ 標準 拡大 リンク集 ご利用ガイド サイト内を検索する Search by Keyword 検索 検索 メニュー 暮らし Live 令和8年度 帯状疱疹の定期予防接種について 地域公共交通 戸籍 人権・男女共同参画 マイナンバー トラブル 道路・公園 上水道 し尿・浄化槽 まちづくり 介護 福祉 食育 休日夜間診療 健康 ペット・動植物 ごみ・リサイクル 保険 年金 税 諸証明など お悔やみ 結婚・離婚 引っ越し 就職・退職 住宅 空き家関連 空き家バンク 子育て・教育 Learn 門川町立学校の教育職員に関する業務量管理・健康確保措置実施計画 門川町子ども読書活動推進計画（第四次） 講座のお知らせ 出前講座 様式本文 妊娠・出
21	門川町	「学校・家庭・地域連携推進事業費補助金」で設定する重点目標等について	https://www.town.kadogawa.lg.jp/news/general/page005505.html	「学校・家庭・地域連携推進事業費補助金」で設定する重点目標等について | 門川町 背景色変更 白 黒 黄 青 文字サイズ 標準 拡大 リンク集 ご利用ガイド サイト内を検索する Search by Keyword 検索 検索 メニュー 暮らし Live 令和8年度 帯状疱疹の定期予防接種について 地域公共交通 戸籍 人権・男女共同参画 マイナンバー トラブル 道路・公園 上水道 し尿・浄化槽 まちづくり 介護 福祉 食育 休日夜間診療 健康 ペット・動植物 ごみ・リサイクル 保険 年金 税 諸証明など お悔やみ 結婚・離婚 引っ越し 就職・退職 住宅 空き家関連 空き家バンク 子育て・教育 Learn 門川町立学校の教育職員に関する業務量管理・健康確保措置実施計画 門川町子ども読書活動推進計画（第四次） 講座の
19	門川町	就学援助制度	https://www.town.kadogawa.lg.jp/learn/board/page001036.html	就学援助制度 | 門川町 背景色変更 白 黒 黄 青 文字サイズ 標準 拡大 リンク集 ご利用ガイド サイト内を検索する Search by Keyword 検索 検索 メニュー 暮らし Live 地域公共交通 戸籍 人権・男女共同参画 マイナンバー トラブル 道路・公園 上水道 し尿・浄化槽 まちづくり 介護 福祉 食育 休日夜間診療 健康 ペット・動植物 ごみ・リサイクル 保険 年金 税 諸証明など お悔やみ 結婚・離婚 引っ越し 就職・退職 住宅 空き家関連 空き家バンク 子育て・教育 Learn 門川町子ども読書活動推進計画（第四次） 講座のお知らせ 出前講座 様式本文 妊娠・出産 子育て こどもの健康 教育委員会 教育研究所 文化・スポーツ Culture and sports 職場対抗リレーの参加募
