score	organization	title	url	snippet
30	五ヶ瀬町	こども医療費助成制度について	https://www.town.gokase.miyazaki.jp/kurashi/kosodate/564.html	こども医療費助成制度について／五ヶ瀬町 本文へ 文字サイズ 背景色変更 キーワードから探す キーワードから探す 現在の位置 ホーム くらし・手続き 子育て・教育 こども医療費助成制度について こども医療費助成制度について Tweet 更新日：2026年03月31日 こども医療費助成制度 五ヶ瀬町では、子どもたちの福祉の向上と健全な発育の促進を目的に、令和5年4月から医療費の無償化に取り組んでいます。更に、子育て世代の保護者に係る医療費の
30	五ヶ瀬町	児童手当について	https://www.town.gokase.miyazaki.jp/kurashi/kosodate/1889.html	児童手当について／五ヶ瀬町 本文へ 文字サイズ 背景色変更 キーワードから探す キーワードから探す 現在の位置 ホーム くらし・手続き 子育て・教育 児童手当について 児童手当について Tweet 更新日：2024年08月09日 児童手当制度について 児童手当は、子ども・子育て支援の適切な実施を図るため、父母その他の保護者が子育てについての第一義的責任を有するという基本的認識の下に、家庭等における生活の安定に寄与するとともに、次代の社会
30	五ヶ瀬町	こども医療費の無償化を高校生まで拡充	https://www.town.gokase.miyazaki.jp/kurashi/kosodate/2210.html	こども医療費の無償化を高校生まで拡充／五ヶ瀬町 本文へ 文字サイズ 背景色変更 キーワードから探す キーワードから探す 現在の位置 ホーム くらし・手続き 子育て・教育 こども医療費の無償化を高校生まで拡充 こども医療費の無償化を高校生まで拡充 Tweet 更新日：2026年03月30日 このページは、新たに拡充された令和8年度の対象者（高校生）の手続きについて記載しています。 こども医療費助成制度については こちら こども医療費助成制
30	五ヶ瀬町	国民健康保険税	https://www.town.gokase.miyazaki.jp/kurashi/nenkin/1010.html	国民健康保険税／五ヶ瀬町 本文へ 文字サイズ 背景色変更 キーワードから探す キーワードから探す 現在の位置 ホーム くらし・手続き 年金・保険 国民健康保険税 国民健康保険税 Tweet 更新日：2026年06月01日 国民健康保険税とは 国民健康保険税は、国民健康保険に加入している方（被保険者）を対象に、病気や怪我の際に備えて、医療にかかる費用をお互いに負担し、支えあうための財源となるものです。 税額は世帯ごとに計算し、被保険者全員
30	五ヶ瀬町	国民健康保険税における「子ども・子育て支援金制度」について	https://www.town.gokase.miyazaki.jp/kurashi/nenkin/2196.html	国民健康保険税における「子ども・子育て支援金制度」について／五ヶ瀬町 本文へ 文字サイズ 背景色変更 キーワードから探す キーワードから探す 現在の位置 ホーム くらし・手続き 年金・保険 国民健康保険税における「子ども・子育て支援金制度」について 国民健康保険税における「子ども・子育て支援金制度」について Tweet 更新日：2026年03月25日 令和8年度から「子ども・子育て支援金制度」が始まります 「子ども・子育て支援金制度」と
30	五ヶ瀬町	国民健康保険税	https://www.town.gokase.miyazaki.jp/kurashi/zei/1011.html	国民健康保険税／五ヶ瀬町 本文へ 文字サイズ 背景色変更 キーワードから探す キーワードから探す 現在の位置 ホーム くらし・手続き 税金 国民健康保険税 国民健康保険税 Tweet 更新日：2026年06月01日 国民健康保険税とは 国民健康保険税は、国民健康保険に加入している方（被保険者）を対象に、病気や怪我の際に備えて、医療にかかる費用をお互いに負担し、支えあうための財源となるものです。 税額は世帯ごとに計算し、被保険者全員の前年
30	五ヶ瀬町	家庭用生ごみ処理機器の購入費の助成について	https://www.town.gokase.miyazaki.jp/kurashi/gomi/458.html	家庭用生ごみ処理機器の購入費の助成について／五ヶ瀬町 本文へ 文字サイズ 背景色変更 キーワードから探す キーワードから探す 現在の位置 ホーム くらし・手続き ごみ・リサイクル 家庭用生ごみ処理機器の購入費の助成について 家庭用生ごみ処理機器の購入費の助成について Tweet 更新日：2018年06月14日 五ヶ瀬町では、一般家庭から排出される生ゴミの減量・再資源化を促進させるため、今年4月から、家庭用生ごみ処理機等の購入助成をはじめ
30	五ヶ瀬町	新型コロナウイルス感染症に関する資金繰り支援について	https://www.town.gokase.miyazaki.jp/kakuka/kikaku/912.html	新型コロナウイルス感染症に関する資金繰り支援について／五ヶ瀬町 本文へ 文字サイズ 背景色変更 キーワードから探す キーワードから探す 現在の位置 ホーム 各課のご案内 企画課 新型コロナウイルス感染症に関する資金繰り支援について 新型コロナウイルス感染症に関する資金繰り支援について Tweet 更新日：2020年03月11日 宮崎県中小企業融資制度 セーフティネット保証4号 市町村長の認定を受けた中小企業者は、宮崎県中小企業融資制度の
30	五ヶ瀬町	宮崎県五ヶ瀬町「G‐パーク」合宿受け入れ協力会	https://www.town.gokase.miyazaki.jp/kakuka/kikaku/990.html	宮崎県五ヶ瀬町「G‐パーク」合宿受け入れ協力会／五ヶ瀬町 本文へ 文字サイズ 背景色変更 キーワードから探す キーワードから探す 現在の位置 ホーム 各課のご案内 企画課 宮崎県五ヶ瀬町「G‐パーク」合宿受け入れ協力会 宮崎県五ヶ瀬町「G‐パーク」合宿受け入れ協力会 Tweet 更新日：2025年07月17日 冷涼な気候に恵まれた「スポーツ合宿の聖地」 本町の最大の特徴は、南国のイメージが強い宮崎県にありながら、 気温の年間推移は宮城県
30	五ヶ瀬町	【令和8年度募集開始】世界農業遺産地域活動支援事業補助金	https://www.town.gokase.miyazaki.jp/kakuka/kikaku/1877.html	【令和8年度募集開始】世界農業遺産地域活動支援事業補助金／五ヶ瀬町 本文へ 文字サイズ 背景色変更 キーワードから探す キーワードから探す 現在の位置 ホーム 各課のご案内 企画課 【令和8年度募集開始】世界農業遺産地域活動支援事業補助金 【令和8年度募集開始】世界農業遺産地域活動支援事業補助金 Tweet 更新日：2026年05月27日 世界農業遺産を活用した地域の活動を支援します！ 1.目的 世界農業遺産を活用した取組を活性化させ、
30	五ヶ瀬町	五ヶ瀬町合宿受入支援制度について	https://www.town.gokase.miyazaki.jp/kakuka/kikaku/2056.html	五ヶ瀬町合宿受入支援制度について／五ヶ瀬町 本文へ 文字サイズ 背景色変更 キーワードから探す キーワードから探す 現在の位置 ホーム 各課のご案内 企画課 五ヶ瀬町合宿受入支援制度について 五ヶ瀬町合宿受入支援制度について Tweet 更新日：2026年07月10日 【令和8年9月1日開始】 合宿受入支援制度 R8 五ヶ瀬町合宿受入支援事業補助金 五ヶ瀬町内で合宿を行う団体に、1人1泊につき1,000円を助成します。 対象期間：令和8
30	五ヶ瀬町	家庭用生ごみ処理機器の購入費の助成について	https://www.town.gokase.miyazaki.jp/kakuka/choumin/gomi/457.html	家庭用生ごみ処理機器の購入費の助成について／五ヶ瀬町 本文へ 文字サイズ 背景色変更 キーワードから探す キーワードから探す 現在の位置 ホーム 各課のご案内 町民課 ごみ・リサイクル 家庭用生ごみ処理機器の購入費の助成について 家庭用生ごみ処理機器の購入費の助成について Tweet 更新日：2018年06月14日 五ヶ瀬町では、一般家庭から排出される生ゴミの減量・再資源化を促進させるため、今年4月から、家庭用生ごみ処理機等の購入助成を
30	五ヶ瀬町	軽自動車税（種別割）について	https://www.town.gokase.miyazaki.jp/kakuka/choumin/keizidousyazei/1307.html	軽自動車税（種別割）について／五ヶ瀬町 本文へ 文字サイズ 背景色変更 キーワードから探す キーワードから探す 現在の位置 ホーム 各課のご案内 町民課 軽自動車税 軽自動車税（種別割）について 軽自動車税（種別割）について Tweet 更新日：2026年05月01日 軽自動車税（種別割）は、毎年4月1日現在、原動機付自転車、ミニカー、総排気量125ccを超えるオートバイ、総排気量660cc以下の軽自動車、小型特殊自動車、雪上車を所有し
30	五ヶ瀬町	国民健康保険税	https://www.town.gokase.miyazaki.jp/kakuka/choumin/kokuho/1009.html	国民健康保険税／五ヶ瀬町 本文へ 文字サイズ 背景色変更 キーワードから探す キーワードから探す 現在の位置 ホーム 各課のご案内 町民課 国民健康保険 国民健康保険税 国民健康保険税 Tweet 更新日：2026年06月01日 国民健康保険税とは 国民健康保険税は、国民健康保険に加入している方（被保険者）を対象に、病気や怪我の際に備えて、医療にかかる費用をお互いに負担し、支えあうための財源となるものです。 税額は世帯ごとに計算し、被保
30	五ヶ瀬町	国民健康保険税における「子ども・子育て支援金制度」について	https://www.town.gokase.miyazaki.jp/kakuka/choumin/kokuho/2195.html	国民健康保険税における「子ども・子育て支援金制度」について／五ヶ瀬町 本文へ 文字サイズ 背景色変更 キーワードから探す キーワードから探す 現在の位置 ホーム 各課のご案内 町民課 国民健康保険 国民健康保険税における「子ども・子育て支援金制度」について 国民健康保険税における「子ども・子育て支援金制度」について Tweet 更新日：2026年03月25日 令和8年度から「子ども・子育て支援金制度」が始まります 「子ども・子育て支援金
30	五ヶ瀬町	こども医療費助成制度について	https://www.town.gokase.miyazaki.jp/kakuka/fukushi/jidoufukusi/562.html	こども医療費助成制度について／五ヶ瀬町 本文へ 文字サイズ 背景色変更 キーワードから探す キーワードから探す 現在の位置 ホーム 各課のご案内 福祉課 児童福祉 こども医療費助成制度について こども医療費助成制度について Tweet 更新日：2026年03月31日 こども医療費助成制度 五ヶ瀬町では、子どもたちの福祉の向上と健全な発育の促進を目的に、令和5年4月から医療費の無償化に取り組んでいます。更に、子育て世代の保護者に係る医療費
30	五ヶ瀬町	こども医療費の無償化を高校生まで拡充	https://www.town.gokase.miyazaki.jp/kakuka/fukushi/jidoufukusi/2208.html	こども医療費の無償化を高校生まで拡充／五ヶ瀬町 本文へ 文字サイズ 背景色変更 キーワードから探す キーワードから探す 現在の位置 ホーム 各課のご案内 福祉課 児童福祉 こども医療費の無償化を高校生まで拡充 こども医療費の無償化を高校生まで拡充 Tweet 更新日：2026年03月30日 このページは、新たに拡充された令和8年度の対象者（高校生）の手続きについて記載しています。 こども医療費助成制度については こちら こども医療費助成
30	五ヶ瀬町	成年後見制度利用支援事業	https://www.town.gokase.miyazaki.jp/kakuka/fukushi/kaigo_koureisha/2223.html	成年後見制度利用支援事業／五ヶ瀬町 本文へ 文字サイズ 背景色変更 キーワードから探す キーワードから探す 現在の位置 ホーム 各課のご案内 福祉課 介護・高齢者 成年後見制度利用支援事業 成年後見制度利用支援事業 Tweet 更新日：2026年04月01日 成年後見制度とは 認知症、知的障がい、精神障がいなどの理由で、判断能力が十分でない方の権利を守るために、成年後見人等が本人に代わって財産を管理したり、福祉サービスの契約を締結したり
30	五ヶ瀬町	障がいのある人のための助成制度	https://www.town.gokase.miyazaki.jp/kakuka/fukushi/syougaihukusi/593.html	障がいのある人のための助成制度／五ヶ瀬町 本文へ 文字サイズ 背景色変更 キーワードから探す キーワードから探す 現在の位置 ホーム 各課のご案内 福祉課 障がい福祉 障がいのある人のための助成制度 障がいのある人のための助成制度 Tweet 更新日：2018年12月18日 障害のある人のための助成制度 障がい者総合支援法に基づくサービス 制度を利用して、居宅サービスまたは施設入所等のサービスが受けられます。 五ヶ瀬町内では、社会福祉協
30	五ヶ瀬町	成年後見制度利用支援事業	https://www.town.gokase.miyazaki.jp/kakuka/fukushi/syougaihukusi/2226.html	成年後見制度利用支援事業／五ヶ瀬町 本文へ 文字サイズ 背景色変更 キーワードから探す キーワードから探す 現在の位置 ホーム 各課のご案内 福祉課 障がい福祉 成年後見制度利用支援事業 成年後見制度利用支援事業 Tweet 更新日：2026年04月01日 成年後見制度とは 認知症、知的障がい、精神障がいなどの理由で、判断能力が十分でない方の権利を守るために、成年後見人等が本人に代わって財産を管理したり、福祉サービスの契約を締結したりす
30	日之影町	農業近代化資金、融資など	https://www.town.hinokage.lg.jp/docs/2016020100024/	農業近代化資金、融資など | 日之影町 本文へ移動 文字の大きさ： 小 中 大 背景色： 黒 青 白 ふりがなをつける メニュー --> くらしの情報 健康・福祉 子育て・教育 産業・まちづくり 観光情報 町政情報 サイト内検索 TOP カテゴリ 産業・まちづくり 農業 農業近代化資金、融資など 公開日 2016年2月1日 農業近代化資金 さまざまな設備投資金として、また長期運転資金として、低金利で借りることが出来ます。 金利 1.9%
30	日之影町	小児任意予防接種助成	https://www.town.hinokage.lg.jp/docs/2016020500107/	小児任意予防接種助成 | 日之影町 本文へ移動 文字の大きさ： 小 中 大 背景色： 黒 青 白 ふりがなをつける メニュー --> くらしの情報 健康・福祉 子育て・教育 産業・まちづくり 観光情報 町政情報 サイト内検索 TOP カテゴリ ライフイベント 育児 TOP カテゴリ 子育て・教育 子育て支援 小児任意予防接種助成 公開日 2025年10月15日 小児任意予防接種費用補助事業 下記の予防接種の費用の一部を助成します。 申請
30	日之影町	はり・きゅう等費用の助成	https://www.town.hinokage.lg.jp/docs/2016021900012/	はり・きゅう等費用の助成 | 日之影町 本文へ移動 文字の大きさ： 小 中 大 背景色： 黒 青 白 ふりがなをつける メニュー --> くらしの情報 健康・福祉 子育て・教育 産業・まちづくり 観光情報 町政情報 サイト内検索 TOP カテゴリ ライフイベント 福祉・介護 高齢者のための福祉 TOP カテゴリ 健康・福祉 福祉 高齢者のための福祉 はり・きゅう等費用の助成 公開日 2016年2月19日 はり、きゅう等費用助成事業 65
30	日之影町	ひとり親家庭医療費の助成	https://www.town.hinokage.lg.jp/docs/2016022500129/	ひとり親家庭医療費の助成 | 日之影町 本文へ移動 文字の大きさ： 小 中 大 背景色： 黒 青 白 ふりがなをつける メニュー --> くらしの情報 健康・福祉 子育て・教育 産業・まちづくり 観光情報 町政情報 サイト内検索 TOP カテゴリ ライフイベント 福祉・介護 母子・父子のための福祉 TOP カテゴリ ライフイベント 育児 TOP カテゴリ 健康・福祉 福祉 母子・父子のための福祉 TOP カテゴリ 子育て・教育 育児 T
30	日之影町	浄化槽	https://www.town.hinokage.lg.jp/docs/2016022600034/	浄化槽 | 日之影町 本文へ移動 文字の大きさ： 小 中 大 背景色： 黒 青 白 ふりがなをつける メニュー --> くらしの情報 健康・福祉 子育て・教育 産業・まちづくり 観光情報 町政情報 サイト内検索 TOP カテゴリ くらしの情報 上下水道 下水道 TOP カテゴリ 生活ガイド 上下水道 下水道 浄化槽 公開日 2016年3月14日 合併処理浄化槽の設置推進 生活雑排水による河川等の汚濁を防止するために、し尿と生活雑排水（台
30	日之影町	児童扶養手当	https://www.town.hinokage.lg.jp/docs/2016031800142/	児童扶養手当 | 日之影町 本文へ移動 文字の大きさ： 小 中 大 背景色： 黒 青 白 ふりがなをつける メニュー --> くらしの情報 健康・福祉 子育て・教育 産業・まちづくり 観光情報 町政情報 サイト内検索 TOP カテゴリ ライフイベント 福祉・介護 母子・父子のための福祉 TOP カテゴリ 健康・福祉 福祉 母子・父子のための福祉 児童扶養手当 公開日 2016年3月14日 児童扶養手当とは？ 父又は母と生計を同じくしてい
30	日之影町	生活支援	https://www.town.hinokage.lg.jp/docs/2016052500038/	生活支援 | 日之影町 本文へ移動 文字の大きさ： 小 中 大 背景色： 黒 青 白 ふりがなをつける メニュー --> くらしの情報 健康・福祉 子育て・教育 産業・まちづくり 観光情報 町政情報 サイト内検索 TOP カテゴリ ライフイベント 育児 TOP カテゴリ 子育て・教育 育児 TOP カテゴリ 子育て・教育 子育て支援 生活支援 公開日 2016年5月26日 生活支援 町内で生活していく上でのさまざまな支援策を、 「医療」
30	日之影町	日之影町民間賃貸住宅建設促進事業	https://www.town.hinokage.lg.jp/docs/2016062100037/	日之影町民間賃貸住宅建設促進事業 | 日之影町 本文へ移動 文字の大きさ： 小 中 大 背景色： 黒 青 白 ふりがなをつける メニュー --> くらしの情報 健康・福祉 子育て・教育 産業・まちづくり 観光情報 町政情報 サイト内検索 TOP カテゴリ くらしの情報 住まい TOP カテゴリ 産業・まちづくり 移住・定住支援 TOP カテゴリ 町政情報 事業者向け情報 日之影町民間賃貸住宅建設促進事業 公開日 2023年9月20日 日
30	日之影町	固定資産税	https://www.town.hinokage.lg.jp/docs/2018101000025/	固定資産税 | 日之影町 本文へ移動 文字の大きさ： 小 中 大 背景色： 黒 青 白 ふりがなをつける メニュー --> くらしの情報 健康・福祉 子育て・教育 産業・まちづくり 観光情報 町政情報 サイト内検索 TOP カテゴリ くらしの情報 税 TOP カテゴリ 生活ガイド 税金 固定資産税 公開日 2018年10月12日 【目次】 固定資産税 土地 家屋 償却資産 太陽光発電設備 共有資産 証明書の交付 縦覧帳簿の縦覧 固定資産
30	日之影町	移住支援金制度	https://www.town.hinokage.lg.jp/docs/2023072000011/	移住支援金制度 | 日之影町 本文へ移動 文字の大きさ： 小 中 大 背景色： 黒 青 白 ふりがなをつける メニュー --> くらしの情報 健康・福祉 子育て・教育 産業・まちづくり 観光情報 町政情報 サイト内検索 TOP カテゴリ 産業・まちづくり 移住・定住支援 移住支援金制度 公開日 2023年9月27日 移住支援金制度の概要 移住支援金制度とは、移住・定住の促進及び地域における人材不足の解消を図るため、宮崎県外から日之影町へ
30	日之影町	日之影町骨髄移植ドナー支援事業奨励金	https://www.town.hinokage.lg.jp/docs/2023082200012/	日之影町骨髄移植ドナー支援事業奨励金 | 日之影町 本文へ移動 文字の大きさ： 小 中 大 背景色： 黒 青 白 ふりがなをつける メニュー --> くらしの情報 健康・福祉 子育て・教育 産業・まちづくり 観光情報 町政情報 サイト内検索 TOP カテゴリ 健康・福祉 健康づくり 日之影町骨髄移植ドナー支援事業奨励金 公開日 2023年8月23日 骨髄移植ドナーを支援するための奨励金の交付について 骨髄等の移植の推進及び骨髄等提供者と
30	日之影町	みやざき結婚サポートセンター入会登録補助金のご案内	https://www.town.hinokage.lg.jp/docs/2023090600019/	みやざき結婚サポートセンター入会登録補助金のご案内 | 日之影町 本文へ移動 文字の大きさ： 小 中 大 背景色： 黒 青 白 ふりがなをつける メニュー --> くらしの情報 健康・福祉 子育て・教育 産業・まちづくり 観光情報 町政情報 サイト内検索 TOP カテゴリ くらしの情報 婚活支援 みやざき結婚サポートセンター入会登録補助金のご案内 公開日 2023年9月15日 日之影町では、町内在住の未婚者の結婚を支援するため、『みやざ
30	日之影町	世界農業遺産地域活動支援事業の公募について	https://www.town.hinokage.lg.jp/docs/2024071700025/	世界農業遺産地域活動支援事業の公募について | 日之影町 本文へ移動 文字の大きさ： 小 中 大 背景色： 黒 青 白 ふりがなをつける メニュー --> くらしの情報 健康・福祉 子育て・教育 産業・まちづくり 観光情報 町政情報 サイト内検索 TOP カテゴリ 区分 町政情報 TOP カテゴリ 産業・まちづくり まちづくり 世界農業遺産地域活動支援事業の公募について 公開日 2024年7月18日 世界農業遺産を活用した地域の活動を支
30	日之影町	令和6年10月分（12月支給分）から児童手当制度が改正されます	https://www.town.hinokage.lg.jp/docs/2024090100011/	令和6年10月分（12月支給分）から児童手当制度が改正されます | 日之影町 本文へ移動 文字の大きさ： 小 中 大 背景色： 黒 青 白 ふりがなをつける メニュー --> くらしの情報 健康・福祉 子育て・教育 産業・まちづくり 観光情報 町政情報 サイト内検索 TOP カテゴリ ライフイベント 育児 TOP カテゴリ 子育て・教育 育児 TOP カテゴリ 子育て・教育 子育て支援 令和6年10月分（12月支給分）から児童手当制度が
30	日之影町	子ども医療費助成（令和７年４月以降診療分）	https://www.town.hinokage.lg.jp/docs/2025022600029/	子ども医療費助成（令和７年４月以降診療分） | 日之影町 本文へ移動 文字の大きさ： 小 中 大 背景色： 黒 青 白 ふりがなをつける メニュー --> くらしの情報 健康・福祉 子育て・教育 産業・まちづくり 観光情報 町政情報 サイト内検索 TOP カテゴリ ライフイベント 育児 TOP カテゴリ 子育て・教育 育児 TOP カテゴリ 子育て・教育 子育て支援 子ども医療費助成（令和７年４月以降診療分） 公開日 2025年4月1日
30	日之影町	令和７年度補正 物価高騰対応重点支援地方創生臨時交付金の第3回実施計画について	https://www.town.hinokage.lg.jp/docs/2025082900039/	令和７年度補正 物価高騰対応重点支援地方創生臨時交付金の第3回実施計画について | 日之影町 本文へ移動 文字の大きさ： 小 中 大 背景色： 黒 青 白 ふりがなをつける メニュー --> くらしの情報 健康・福祉 子育て・教育 産業・まちづくり 観光情報 町政情報 サイト内検索 TOP カテゴリ 産業・まちづくり まちづくり 令和７年度補正 物価高騰対応重点支援地方創生臨時交付金の第3回実施計画について 公開日 2025年8月29日
30	日之影町	地域活性化イベントを応援します！	https://www.town.hinokage.lg.jp/docs/2025100100014/	地域活性化イベントを応援します！ | 日之影町 本文へ移動 文字の大きさ： 小 中 大 背景色： 黒 青 白 ふりがなをつける メニュー --> くらしの情報 健康・福祉 子育て・教育 産業・まちづくり 観光情報 町政情報 サイト内検索 TOP カテゴリ 産業・まちづくり まちづくり TOP カテゴリ 観光情報 イベント 地域活性化イベントを応援します！ 公開日 2025年10月1日 日之影町イベント等支援事業補助金について 日之影町で
30	日之影町	宮崎県UIJターン引っ越し補助金について	https://www.town.hinokage.lg.jp/docs/2025121900013/	宮崎県UIJターン引っ越し補助金について | 日之影町 本文へ移動 文字の大きさ： 小 中 大 背景色： 黒 青 白 ふりがなをつける メニュー --> くらしの情報 健康・福祉 子育て・教育 産業・まちづくり 観光情報 町政情報 サイト内検索 TOP カテゴリ ライフイベント 引っ越し TOP カテゴリ くらしの情報 住まい 宮崎県UIJターン引っ越し補助金について 公開日 2026年6月4日 日之影町では、宮崎県と連携し、県外から県
30	日之影町	日之影町アピアランスケアサポート事業	https://www.town.hinokage.lg.jp/docs/2026040900030/	日之影町アピアランスケアサポート事業 | 日之影町 本文へ移動 文字の大きさ： 小 中 大 背景色： 黒 青 白 ふりがなをつける メニュー --> くらしの情報 健康・福祉 子育て・教育 産業・まちづくり 観光情報 町政情報 サイト内検索 TOP カテゴリ 健康・福祉 保健予防 日之影町アピアランスケアサポート事業 公開日 2026年4月10日 日之影町アピアランスケアサポート事業 がん患者の方の治療と就労等の両立を支援するため、医療
30	日之影町	日之影町住宅等除却事業補助金について	https://www.town.hinokage.lg.jp/docs/2026041600014/	日之影町住宅等除却事業補助金について | 日之影町 本文へ移動 文字の大きさ： 小 中 大 背景色： 黒 青 白 ふりがなをつける メニュー --> くらしの情報 健康・福祉 子育て・教育 産業・まちづくり 観光情報 町政情報 サイト内検索 TOP カテゴリ くらしの情報 住まい 日之影町住宅等除却事業補助金について 公開日 2026年5月15日 日之影町では、将来周辺に影響を及ぼすおそれのある住宅等の除却を推進し、地域の良好な居住環境
30	日之影町	日之影町出逢い創出イベント事業補助金について	https://www.town.hinokage.lg.jp/docs/2026060800037/	日之影町出逢い創出イベント事業補助金について | 日之影町 本文へ移動 文字の大きさ： 小 中 大 背景色： 黒 青 白 ふりがなをつける メニュー --> くらしの情報 健康・福祉 子育て・教育 産業・まちづくり 観光情報 町政情報 サイト内検索 TOP カテゴリ くらしの情報 婚活支援 日之影町出逢い創出イベント事業補助金について 公開日 2026年6月9日 日之影町では、未婚化・晩婚化対策の一環として、町内で実施される結婚支援イベ
30	日之影町	令和8年度 世界農業遺産 地域活動支援事業補助金のお知らせ	https://www.town.hinokage.lg.jp/docs/2026061000023/	令和8年度 世界農業遺産 地域活動支援事業補助金のお知らせ | 日之影町 本文へ移動 文字の大きさ： 小 中 大 背景色： 黒 青 白 ふりがなをつける メニュー --> くらしの情報 健康・福祉 子育て・教育 産業・まちづくり 観光情報 町政情報 サイト内検索 TOP カテゴリ 区分 町政情報 TOP カテゴリ 産業・まちづくり まちづくり 令和8年度 世界農業遺産 地域活動支援事業補助金のお知らせ 公開日 2026年6月10日 世界
30	日之影町	マッチングアプリ利用料等の支援！宮崎県結婚支援サービス利用促進事業補助金について〈宮崎県の事業〉	https://www.town.hinokage.lg.jp/docs/2026062400020/	マッチングアプリ利用料等の支援！宮崎県結婚支援サービス利用促進事業補助金について〈宮崎県の事業〉 | 日之影町 本文へ移動 文字の大きさ： 小 中 大 背景色： 黒 青 白 ふりがなをつける メニュー --> くらしの情報 健康・福祉 子育て・教育 産業・まちづくり 観光情報 町政情報 サイト内検索 TOP カテゴリ くらしの情報 婚活支援 マッチングアプリ利用料等の支援！宮崎県結婚支援サービス利用促進事業補助金について〈宮崎県の事業〉
30	日之影町	令和8年度 祖母・傾・大崩ユネスコエコパーク活動支援事業費補助金の公募について	https://www.town.hinokage.lg.jp/docs/2026062500010/	令和8年度 祖母・傾・大崩ユネスコエコパーク活動支援事業費補助金の公募について | 日之影町 本文へ移動 文字の大きさ： 小 中 大 背景色： 黒 青 白 ふりがなをつける メニュー --> くらしの情報 健康・福祉 子育て・教育 産業・まちづくり 観光情報 町政情報 サイト内検索 令和8年度 祖母・傾・大崩ユネスコエコパーク活動支援事業費補助金の公募について 公開日 2026年6月26日 祖母・傾・大崩ユネスコエコパーク推進協議会では
28	五ヶ瀬町	【中小企業者の皆様へ】新たな設備導入による生産性向上を応援します	https://www.town.gokase.miyazaki.jp/kakuka/kikaku/516.html	【中小企業者の皆様へ】新たな設備導入による生産性向上を応援します／五ヶ瀬町 本文へ 文字サイズ 背景色変更 キーワードから探す キーワードから探す 現在の位置 ホーム 各課のご案内 企画課 【中小企業者の皆様へ】新たな設備導入による生産性向上を応援します 【中小企業者の皆様へ】新たな設備導入による生産性向上を応援します Tweet 更新日：2018年08月07日 生産性向上特別措置法による支援について 中小企業の生産性革命の実現に向けて
28	五ヶ瀬町	県外や里帰り先等での定期予防接種費用の助成について	https://www.town.gokase.miyazaki.jp/kakuka/choumin/hokenneisei/1926.html	県外や里帰り先等での定期予防接種費用の助成について／五ヶ瀬町 本文へ 文字サイズ 背景色変更 キーワードから探す キーワードから探す 現在の位置 ホーム 各課のご案内 町民課 保健衛生 県外や里帰り先等での定期予防接種費用の助成について 県外や里帰り先等での定期予防接種費用の助成について Tweet 更新日：2024年10月28日 里帰りなどで県外の医療機関で定期予防接種を受けられる場合、事前の申請が必要です。 助成の対象となる予防接種
28	五ヶ瀬町	児童手当について	https://www.town.gokase.miyazaki.jp/kakuka/fukushi/jidoufukusi/jidouteate.html	児童手当について／五ヶ瀬町 本文へ 文字サイズ 背景色変更 キーワードから探す キーワードから探す 現在の位置 ホーム 各課のご案内 福祉課 児童福祉 児童手当について 児童手当について Tweet 更新日：2024年08月09日 児童手当制度について 児童手当は、子ども・子育て支援の適切な実施を図るため、父母その他の保護者が子育てについての第一義的責任を有するという基本的認識の下に、家庭等における生活の安定に寄与するとともに、次代の社
28	日之影町	企業立地の優遇措置	https://www.town.hinokage.lg.jp/docs/2016020100031/	企業立地の優遇措置 | 日之影町 本文へ移動 文字の大きさ： 小 中 大 背景色： 黒 青 白 ふりがなをつける メニュー --> くらしの情報 健康・福祉 子育て・教育 産業・まちづくり 観光情報 町政情報 サイト内検索 TOP カテゴリ 区分 町政情報 TOP カテゴリ ライフイベント 就職・退職 TOP カテゴリ 産業・まちづくり 商工 TOP カテゴリ 町政情報 事業者向け情報 企業立地の優遇措置 公開日 2021年1月4日 （
28	日之影町	在宅高齢者住宅改造費の助成	https://www.town.hinokage.lg.jp/docs/2016021900029/	在宅高齢者住宅改造費の助成 | 日之影町 本文へ移動 文字の大きさ： 小 中 大 背景色： 黒 青 白 ふりがなをつける メニュー --> くらしの情報 健康・福祉 子育て・教育 産業・まちづくり 観光情報 町政情報 サイト内検索 TOP カテゴリ ライフイベント 福祉・介護 高齢者のための福祉 TOP カテゴリ 健康・福祉 福祉 高齢者のための福祉 在宅高齢者住宅改造費の助成 公開日 2016年2月19日 住宅改造助成事業 在宅の介護
28	日之影町	子育て支援	https://www.town.hinokage.lg.jp/docs/2023050200013/	子育て支援 | 日之影町 本文へ移動 文字の大きさ： 小 中 大 背景色： 黒 青 白 ふりがなをつける メニュー --> くらしの情報 健康・福祉 子育て・教育 産業・まちづくり 観光情報 町政情報 サイト内検索 TOP カテゴリ 産業・まちづくり 移住・定住支援 子育て支援 公開日 2023年4月26日 日之影町では、子どもの幸せを第一に考えて、子育てをしているすべての人が安心して子育てができるよう、さまざまな子育て支援事業を行って
26	日之影町	奨学金	https://www.town.hinokage.lg.jp/docs/2016021900135/	奨学金 | 日之影町 本文へ移動 文字の大きさ： 小 中 大 背景色： 黒 青 白 ふりがなをつける メニュー --> くらしの情報 健康・福祉 子育て・教育 産業・まちづくり 観光情報 町政情報 サイト内検索 TOP カテゴリ ライフイベント 入園・入学 TOP カテゴリ 子育て・教育 教育 学校教育 奨学金 公開日 2016年2月19日 日之影町では、教育の機会均等を図り、併せて人材を育成するため、 高等学校・大学及び各種専門学校の
26	日之影町	日之影町犯罪被害者等支援条例を制定しました	https://www.town.hinokage.lg.jp/docs/2024032600012/	日之影町犯罪被害者等支援条例を制定しました | 日之影町 本文へ移動 文字の大きさ： 小 中 大 背景色： 黒 青 白 ふりがなをつける メニュー --> くらしの情報 健康・福祉 子育て・教育 産業・まちづくり 観光情報 町政情報 サイト内検索 TOP カテゴリ 区分 町政情報 TOP カテゴリ くらしの情報 防犯・交通安全 TOP カテゴリ 町政情報 条例・計画・活動 日之影町犯罪被害者等支援条例を制定しました 公開日 2024年4
26	日之影町	中山間地域等直接支払交付金事業の実施状況について	https://www.town.hinokage.lg.jp/docs/2024082700014/	中山間地域等直接支払交付金事業の実施状況について | 日之影町 本文へ移動 文字の大きさ： 小 中 大 背景色： 黒 青 白 ふりがなをつける メニュー --> くらしの情報 健康・福祉 子育て・教育 産業・まちづくり 観光情報 町政情報 サイト内検索 TOP カテゴリ 産業・まちづくり 農業 中山間地域等直接支払交付金事業の実施状況について 公開日 2024年8月28日 令和６年度中山間地域等直接支払交付金事業の実施状況を公表します。
25	日之影町	障がいのある人のための助成制度	https://www.town.hinokage.lg.jp/docs/2016020300042/	障がいのある人のための助成制度 | 日之影町 本文へ移動 文字の大きさ： 小 中 大 背景色： 黒 青 白 ふりがなをつける メニュー --> くらしの情報 健康・福祉 子育て・教育 産業・まちづくり 観光情報 町政情報 サイト内検索 TOP カテゴリ ライフイベント 福祉・介護 障害者のための福祉 TOP カテゴリ 健康・福祉 福祉 障害者のための福祉 障がいのある人のための助成制度 公開日 2021年5月6日 障がい者総合支援法に基
25	日之影町	新型コロナウイルス感染症対応地方創生臨時交付金及び物価高騰対応重点支援地方創生臨時交付金の効果検証について	https://www.town.hinokage.lg.jp/docs/2024020100029/	新型コロナウイルス感染症対応地方創生臨時交付金及び物価高騰対応重点支援地方創生臨時交付金の効果検証について | 日之影町 本文へ移動 文字の大きさ： 小 中 大 背景色： 黒 青 白 ふりがなをつける メニュー --> くらしの情報 健康・福祉 子育て・教育 産業・まちづくり 観光情報 町政情報 サイト内検索 TOP カテゴリ 産業・まちづくり まちづくり 新型コロナウイルス感染症対応地方創生臨時交付金及び物価高騰対応重点支援地方創生臨
24	日之影町	軽自動車税種別割について	https://www.town.hinokage.lg.jp/docs/2016020400148/	軽自動車税種別割について | 日之影町 本文へ移動 文字の大きさ： 小 中 大 背景色： 黒 青 白 ふりがなをつける メニュー --> くらしの情報 健康・福祉 子育て・教育 産業・まちづくり 観光情報 町政情報 サイト内検索 TOP カテゴリ くらしの情報 税 TOP カテゴリ 生活ガイド 税金 軽自動車税種別割について 公開日 2021年5月26日 税制改正により、令和元年10月1日から自動車取得税（県税）が廃止され、新たに軽自動
24	日之影町	介護保険料について	https://www.town.hinokage.lg.jp/docs/2016021800077/	介護保険料について | 日之影町 本文へ移動 文字の大きさ： 小 中 大 背景色： 黒 青 白 ふりがなをつける メニュー --> くらしの情報 健康・福祉 子育て・教育 産業・まちづくり 観光情報 町政情報 サイト内検索 TOP カテゴリ ライフイベント 福祉・介護 介護保険 TOP カテゴリ 健康・福祉 介護保険 介護保険料について 公開日 2026年4月1日 介護保険は、介護が必要になった方が、地域で安心して暮らしていくため社会全
24	日之影町	サービスを利用した場合の費用負担について	https://www.town.hinokage.lg.jp/docs/2016021800084/	サービスを利用した場合の費用負担について | 日之影町 本文へ移動 文字の大きさ： 小 中 大 背景色： 黒 青 白 ふりがなをつける メニュー --> くらしの情報 健康・福祉 子育て・教育 産業・まちづくり 観光情報 町政情報 サイト内検索 TOP カテゴリ ライフイベント 福祉・介護 介護保険 TOP カテゴリ 健康・福祉 介護保険 サービスを利用した場合の費用負担について 公開日 2026年6月1日 サービスを利用した場合の費用
24	日之影町	介護予防・生活支援事業	https://www.town.hinokage.lg.jp/docs/2016021900050/	介護予防・生活支援事業 | 日之影町 本文へ移動 文字の大きさ： 小 中 大 背景色： 黒 青 白 ふりがなをつける メニュー --> くらしの情報 健康・福祉 子育て・教育 産業・まちづくり 観光情報 町政情報 サイト内検索 TOP カテゴリ ライフイベント 福祉・介護 高齢者のための福祉 TOP カテゴリ 健康・福祉 福祉 高齢者のための福祉 介護予防・生活支援事業 公開日 2016年2月19日 介護予防・生活支援事業 高齢者や障が
22	五ヶ瀬町	固定資産税の減免	https://www.town.gokase.miyazaki.jp/kakuka/choumin/kotei/803.html	固定資産税の減免／五ヶ瀬町 本文へ 文字サイズ 背景色変更 キーワードから探す キーワードから探す 現在の位置 ホーム 各課のご案内 町民課 固定資産税 固定資産税の減免 固定資産税の減免 Tweet 更新日：2024年05月27日 ・生活保護を受けるようになった ・災害等により、固定資産が被害を受けた ・公益のために固定資産を使用する（公民館や消防団施設など） など以上の条件に該当する場合は、固定資産税が減免される場合があります。詳し
22	五ヶ瀬町	障がいのある人のための医療制度	https://www.town.gokase.miyazaki.jp/kakuka/fukushi/syougaihukusi/567.html	障がいのある人のための医療制度／五ヶ瀬町 本文へ 文字サイズ 背景色変更 キーワードから探す キーワードから探す 現在の位置 ホーム 各課のご案内 福祉課 障がい福祉 障がいのある人のための医療制度 障がいのある人のための医療制度 Tweet 更新日：2018年12月18日 障がいのある人のための医療制度 ・重度心身障がい者（児）医療費の助成 身体障がい者手帳および療育手帳で重度の方へ保険診療による自己負担の一部を助成します。なお、一定
22	日之影町	障がいのある人のための医療制度	https://www.town.hinokage.lg.jp/docs/2016020300035/	障がいのある人のための医療制度 | 日之影町 本文へ移動 文字の大きさ： 小 中 大 背景色： 黒 青 白 ふりがなをつける メニュー --> くらしの情報 健康・福祉 子育て・教育 産業・まちづくり 観光情報 町政情報 サイト内検索 TOP カテゴリ ライフイベント 福祉・介護 障害者のための福祉 TOP カテゴリ 健康・福祉 福祉 障害者のための福祉 障がいのある人のための医療制度 公開日 2021年5月6日 重度心身障がい者（児）
21	五ヶ瀬町	地域未来交付金を活用した事業について	https://www.town.gokase.miyazaki.jp/kakuka/kikaku/2242.html	地域未来交付金を活用した事業について／五ヶ瀬町 本文へ 文字サイズ 背景色変更 キーワードから探す キーワードから探す 現在の位置 ホーム 各課のご案内 企画課 地域未来交付金を活用した事業について 地域未来交付金を活用した事業について Tweet 更新日：2026年06月02日 地域未来交付金とは（事業概要） 地域未来推進型 地域未来交付金（地域未来推進型）は、地⽅の⼤きな伸び代と地域特性を最⼤限に活かし、地⽅の暮らしの安定を実現する
21	五ヶ瀬町	新型コロナウイルス感染症対応地方創生臨時交付金及び物価高騰重点支援地方創生臨時交付金の活用状況	https://www.town.gokase.miyazaki.jp/kakuka/soumu/gyosei/1271.html	新型コロナウイルス感染症対応地方創生臨時交付金及び物価高騰重点支援地方創生臨時交付金の活用状況／五ヶ瀬町 本文へ 文字サイズ 背景色変更 キーワードから探す キーワードから探す 現在の位置 ホーム 各課のご案内 総務課 行政係 新型コロナウイルス感染症対応地方創生臨時交付金及び物価高騰重点支援地方創生臨時交付金の活用状況 新型コロナウイルス感染症対応地方創生臨時交付金及び物価高騰重点支援地方創生臨時交付金の活用状況 Tweet 更新日：
21	日之影町	福祉	https://www.town.hinokage.lg.jp/categories/kenkou-fukushi/fukushi/	福祉 | 日之影町 本文へ移動 文字の大きさ： 小 中 大 背景色： 黒 青 白 ふりがなをつける メニュー --> くらしの情報 健康・福祉 子育て・教育 産業・まちづくり 観光情報 町政情報 サイト内検索 TOP カテゴリ 健康・福祉 福祉 福祉 令和６年４月より「日之影町こども家庭センター」を設置します 申請書作成支援サービス（書かない窓口）運用開始のお知らせ 高齢者のための福祉 はり・きゅう等費用の助成 在宅高齢者住宅改造費の助
20	五ヶ瀬町	こどもまんなか応援サポーター宣言	https://www.town.gokase.miyazaki.jp/kakuka/fukushi/jidoufukusi/590.html	こどもまんなか応援サポーター宣言／五ヶ瀬町 本文へ 文字サイズ 背景色変更 キーワードから探す キーワードから探す 現在の位置 ホーム 各課のご案内 福祉課 児童福祉 こどもまんなか応援サポーター宣言 こどもまんなか応援サポーター宣言 Tweet 更新日：2023年11月18日 こどもまんなか応援サポーター宣言 五ヶ瀬町は、こども家庭庁の「こどもまんなか」の趣旨に賛同し、令和5年11月18日「こどもまんなかサポーター」となることを宣言し
20	日之影町	国民健康保険税	https://www.town.hinokage.lg.jp/docs/2016030100021/	国民健康保険税 | 日之影町 本文へ移動 文字の大きさ： 小 中 大 背景色： 黒 青 白 ふりがなをつける メニュー --> くらしの情報 健康・福祉 子育て・教育 産業・まちづくり 観光情報 町政情報 サイト内検索 TOP カテゴリ くらしの情報 税 TOP カテゴリ 健康・福祉 国民健康保険 TOP カテゴリ 生活ガイド 保険・年金 国民健康保険 TOP カテゴリ 生活ガイド 税金 国民健康保険税 公開日 2025年6月1日 国民
20	日之影町	高額療養費の給付	https://www.town.hinokage.lg.jp/docs/2016030200028/	高額療養費の給付 | 日之影町 本文へ移動 文字の大きさ： 小 中 大 背景色： 黒 青 白 ふりがなをつける メニュー --> くらしの情報 健康・福祉 子育て・教育 産業・まちづくり 観光情報 町政情報 サイト内検索 TOP カテゴリ 健康・福祉 国民健康保険 TOP カテゴリ 生活ガイド 保険・年金 国民健康保険 高額療養費の給付 公開日 2016年3月9日 一部負担金が戻ってきます 1か月間に、一人の人が一つの病院や診療所に高額
20	日之影町	マイナンバーカードの健康保険証としての利用について	https://www.town.hinokage.lg.jp/docs/2022111700028/	マイナンバーカードの健康保険証としての利用について | 日之影町 本文へ移動 文字の大きさ： 小 中 大 背景色： 黒 青 白 ふりがなをつける メニュー --> くらしの情報 健康・福祉 子育て・教育 産業・まちづくり 観光情報 町政情報 サイト内検索 TOP カテゴリ ライフイベント 引っ越し TOP カテゴリ ライフイベント 就職・退職 TOP カテゴリ 健康・福祉 国民健康保険 TOP カテゴリ 健康・福祉 後期高齢者医療 TO
19	五ヶ瀬町	くらし・手続き	https://www.town.gokase.miyazaki.jp/kurashi/index.html	くらし・手続き／五ヶ瀬町 本文へ 文字サイズ 背景色変更 キーワードから探す キーワードから探す 現在の位置 ホーム くらし・手続き くらし・手続き 新着情報 NEW! 現在、新着情報はございません。 届出・証明 消防関係届出様式（西臼杵広域行政事務組合） 戸籍・住民票 転出届 無戸籍でお困りの方へ 転入・転出手続きチェックシート 住民票・戸籍 伐採及び伐採後の造林の届出及び森林の状況報告に関する事務取扱要領の改定について 子育て・教育
19	五ヶ瀬町	【介護保険】地域密着型サービス及び居宅介護支援事業所指定関係様式（H30.10.1改正）	https://www.town.gokase.miyazaki.jp/jigyousha/628.html	【介護保険】地域密着型サービス及び居宅介護支援事業所指定関係様式（H30.10.1改正）／五ヶ瀬町 本文へ 文字サイズ 背景色変更 キーワードから探す キーワードから探す 現在の位置 ホーム 事業者の方へ 【介護保険】地域密着型サービス及び居宅介護支援事業所指定関係様式（H30.10.1改正） 【介護保険】地域密着型サービス及び居宅介護支援事業所指定関係様式（H30.10.1改正） Tweet 更新日：2018年10月10日 介護保険法
19	五ヶ瀬町	【介護保険】地域密着型サービス及び居宅介護支援事業所指定関係様式（H30.10.1改正）	https://www.town.gokase.miyazaki.jp/kakuka/fukushi/kaigo_koureisha/627.html	【介護保険】地域密着型サービス及び居宅介護支援事業所指定関係様式（H30.10.1改正）／五ヶ瀬町 本文へ 文字サイズ 背景色変更 キーワードから探す キーワードから探す 現在の位置 ホーム 各課のご案内 福祉課 介護・高齢者 【介護保険】地域密着型サービス及び居宅介護支援事業所指定関係様式（H30.10.1改正） 【介護保険】地域密着型サービス及び居宅介護支援事業所指定関係様式（H30.10.1改正） Tweet 更新日：2018年1
19	日之影町	日之影町高齢者クラブ助成	https://www.town.hinokage.lg.jp/docs/2016031800128/	日之影町高齢者クラブ助成 | 日之影町 本文へ移動 文字の大きさ： 小 中 大 背景色： 黒 青 白 ふりがなをつける メニュー --> くらしの情報 健康・福祉 子育て・教育 産業・まちづくり 観光情報 町政情報 サイト内検索 TOP カテゴリ ライフイベント 福祉・介護 高齢者のための福祉 TOP カテゴリ 健康・福祉 福祉 高齢者のための福祉 日之影町高齢者クラブ助成 公開日 2016年3月18日 日之影町高齢者クラブ助成事業 高
19	日之影町	新規就農サポートのご案内	https://www.town.hinokage.lg.jp/docs/2023030700021/	新規就農サポートのご案内 | 日之影町 本文へ移動 文字の大きさ： 小 中 大 背景色： 黒 青 白 ふりがなをつける メニュー --> くらしの情報 健康・福祉 子育て・教育 産業・まちづくり 観光情報 町政情報 サイト内検索 TOP カテゴリ ライフイベント 就職・退職 TOP カテゴリ 産業・まちづくり 農業 新規就農サポートのご案内 公開日 2023年3月7日 独自のプログラムであなたの就農を応援します！ 国の新規就農者育成総合
18	五ヶ瀬町	コミュニティバス(Gライン)について	https://www.town.gokase.miyazaki.jp/kurashi/koutuu/372.html	コミュニティバス(Gライン)について／五ヶ瀬町 本文へ 文字サイズ 背景色変更 キーワードから探す キーワードから探す 現在の位置 ホーム くらし・手続き 交通・河川 コミュニティバス(Gライン)について コミュニティバス(Gライン)について Tweet 更新日：2024年08月01日 デマンド型運行の導入について 令和6年8月1日より、一部の区間・便においてデマンド型運行を導入しました。 予約が必要な場合もありますので、下記の点にご留
18	五ヶ瀬町	コミュニティバス(Gライン)について	https://www.town.gokase.miyazaki.jp/kakuka/kikaku/110.html	コミュニティバス(Gライン)について／五ヶ瀬町 本文へ 文字サイズ 背景色変更 キーワードから探す キーワードから探す 現在の位置 ホーム 各課のご案内 企画課 コミュニティバス(Gライン)について コミュニティバス(Gライン)について Tweet 更新日：2024年08月01日 デマンド型運行の導入について 令和6年8月1日より、一部の区間・便においてデマンド型運行を導入しました。 予約が必要な場合もありますので、下記の点にご留意くだ
18	五ヶ瀬町	敬老事業について	https://www.town.gokase.miyazaki.jp/kakuka/fukushi/kaigo_koureisha/680.html	敬老事業について／五ヶ瀬町 本文へ 文字サイズ 背景色変更 キーワードから探す キーワードから探す 現在の位置 ホーム 各課のご案内 福祉課 介護・高齢者 敬老事業について 敬老事業について Tweet 更新日：2018年12月18日 高齢者を大切にする地域社会の確立に向けて、敬老思想の普及・啓発を推進しています。 百歳以上長寿祝 100歳を迎えられた方に対して、以下のお祝い事業をおこなっています。 100歳を迎えられる方 年度中に10
18	日之影町	個人番号カード	https://www.town.hinokage.lg.jp/docs/2016022600065/	個人番号カード | 日之影町 本文へ移動 文字の大きさ： 小 中 大 背景色： 黒 青 白 ふりがなをつける メニュー --> くらしの情報 健康・福祉 子育て・教育 産業・まちづくり 観光情報 町政情報 サイト内検索 TOP カテゴリ くらしの情報 住民登録・戸籍・印鑑 住民登録 TOP カテゴリ 生活ガイド 住民票・戸籍 住民登録 個人番号カード 公開日 2016年3月9日 個人番号カードとは 個人番号カードは、社会保障分野や税分野
18	日之影町	自己負担割合・療養費	https://www.town.hinokage.lg.jp/docs/2016030200011/	自己負担割合・療養費 | 日之影町 本文へ移動 文字の大きさ： 小 中 大 背景色： 黒 青 白 ふりがなをつける メニュー --> くらしの情報 健康・福祉 子育て・教育 産業・まちづくり 観光情報 町政情報 サイト内検索 TOP カテゴリ 健康・福祉 国民健康保険 TOP カテゴリ 生活ガイド 保険・年金 国民健康保険 自己負担割合・療養費 公開日 2016年3月9日 国民健康保険の給付 医療機関にかかるとき 年 齢 自己負担割合
18	日之影町	申請書作成支援サービス（書かない窓口）運用開始のお知らせ	https://www.town.hinokage.lg.jp/docs/2025090900021/	申請書作成支援サービス（書かない窓口）運用開始のお知らせ | 日之影町 本文へ移動 文字の大きさ： 小 中 大 背景色： 黒 青 白 ふりがなをつける メニュー --> くらしの情報 健康・福祉 子育て・教育 産業・まちづくり 観光情報 町政情報 サイト内検索 TOP カテゴリ くらしの情報 住民登録・戸籍・印鑑 TOP カテゴリ 健康・福祉 福祉 TOP カテゴリ 子育て・教育 妊娠・出産 TOP カテゴリ 町政情報 条例・計画・活動
18	日之影町	【新築】八戸住宅 入居者募集について	https://www.town.hinokage.lg.jp/docs/2026012200021/	【新築】八戸住宅 入居者募集について | 日之影町 本文へ移動 文字の大きさ： 小 中 大 背景色： 黒 青 白 ふりがなをつける メニュー --> くらしの情報 健康・福祉 子育て・教育 産業・まちづくり 観光情報 町政情報 サイト内検索 TOP カテゴリ くらしの情報 住まい 公営住宅 TOP カテゴリ 産業・まちづくり 移住・定住支援 【新築】八戸住宅 入居者募集について 公開日 2026年7月9日 募集する住宅 ※募集戸数は申込
18	日之影町	町営住宅入居者募集について（随時募集）	https://www.town.hinokage.lg.jp/docs/2026030500028/	町営住宅入居者募集について（随時募集） | 日之影町 本文へ移動 文字の大きさ： 小 中 大 背景色： 黒 青 白 ふりがなをつける メニュー --> くらしの情報 健康・福祉 子育て・教育 産業・まちづくり 観光情報 町政情報 サイト内検索 TOP カテゴリ くらしの情報 住まい 公営住宅 TOP カテゴリ 産業・まちづくり 移住・定住支援 町営住宅入居者募集について（随時募集） 公開日 2026年6月11日 募集する住宅 仲畑住宅
18	日之影町	こども誰でも通園制度	https://www.town.hinokage.lg.jp/docs/2026070200025/	こども誰でも通園制度 | 日之影町 本文へ移動 文字の大きさ： 小 中 大 背景色： 黒 青 白 ふりがなをつける メニュー --> くらしの情報 健康・福祉 子育て・教育 産業・まちづくり 観光情報 町政情報 サイト内検索 こども誰でも通園制度 公開日 2026年4月1日 こども誰でも通園制度（乳児等通園支援事業）とは 保育所等に通っていないこどもが、保護者の就労の有無にかかわらず、 月１０時間まで保育施設等に通園できる制度です。 お
18	日之影町	福祉・介護	https://www.town.hinokage.lg.jp/categories/lifeevent/fukushi-kaigo/	福祉・介護 | 日之影町 本文へ移動 文字の大きさ： 小 中 大 背景色： 黒 青 白 ふりがなをつける メニュー --> くらしの情報 健康・福祉 子育て・教育 産業・まちづくり 観光情報 町政情報 サイト内検索 TOP カテゴリ ライフイベント 福祉・介護 福祉・介護 介護保険 介護サービスの概要 介護サービスを受けるには 「介護サービス情報公表システム」について 介護予防・日常生活支援総合事業について 地域共生社会に向けた西臼杵地
