organization	title	url	status	score	evidence
佐々町		https://www.sazacho-nagasaki.jp/	200	19	佐々町ホームページ ヘッダーをスキップ 本文へジャンプ 山の緑と川のせせらぎが聞こえる 自然と調和したまち Foreign Language English 中文(简化字) 한국어 日本語 背景色 文字サイズ 組織から探す 庁舎案内 よくある質問 グローバルナビゲーションをスキップ くらし・手続き 健康・福祉・子育て まちづくり・産業 行政情報 住民票・戸籍・証明 住民票・戸籍証明書 証明書の郵送請求 住所変更の届出 戸籍に関する届出 印鑑登録 パスポート マイナンバー 罹災証明書・被災証明書 税金 町県民税等の申
佐々町		https://www.sazacho-nagasaki.jp/sitemap.html	200	14	サイトマップ / 佐々町ホームページ ヘッダーをスキップ 本文へジャンプ 山の緑と川のせせらぎが聞こえる 自然と調和したまち Foreign Language English 中文(简化字) 한국어 日本語 背景色 文字サイズ 組織から探す 庁舎案内 よくある質問 グローバルナビゲーションをスキップ くらし・手続き 健康・福祉・子育て まちづくり・産業 行政情報 住民票・戸籍・証明 住民票・戸籍証明書 証明書の郵送請求 住所変更の届出 戸籍に関する届出 印鑑登録 パスポート マイナンバー 罹災証明書・被災証明書 税
小値賀町	【小値賀町中小企業振興資金】貸付利率の変更のお知らせ	https://www.town.ojika.lg.jp/shigoto_sangyo/1395.html	200	38	【小値賀町中小企業振興資金】貸付利率の変更のお知らせ／小値賀町 スマートフォン版を表示 本文へ キーワードから探す ページ番号から探す 検索 背景色変更 文字サイズ Select Language English 中文（繁体） 中文（簡体） &#54620;&#44397;&#50612; Go Select your language くらし・手続き くらし・手続き 医療・健康 ・福祉 医療・健康・福祉 子育て・教育 子育て・教育 観光・文化 ・スポーツ 観光・文化・スポーツ しごと・産業 しごと・産業 行政情報
小値賀町	空き家バンク	https://www.town.ojika.lg.jp/kurashi_tetsuzuki/7/338.html	200	38	空き家バンク／小値賀町 スマートフォン版を表示 本文へ キーワードから探す ページ番号から探す 検索 背景色変更 文字サイズ Select Language English 中文（繁体） 中文（簡体） &#54620;&#44397;&#50612; Go Select your language くらし・手続き くらし・手続き 医療・健康 ・福祉 医療・健康・福祉 子育て・教育 子育て・教育 観光・文化 ・スポーツ 観光・文化・スポーツ しごと・産業 しごと・産業 行政情報 行政情報 組織から探す 組織から探す
小値賀町	高齢者福祉	https://www.town.ojika.lg.jp/iryo_kenko_fukushi/2/321.html	200	38	高齢者福祉／小値賀町 スマートフォン版を表示 本文へ キーワードから探す ページ番号から探す 検索 背景色変更 文字サイズ Select Language English 中文（繁体） 中文（簡体） &#54620;&#44397;&#50612; Go Select your language くらし・手続き くらし・手続き 医療・健康 ・福祉 医療・健康・福祉 子育て・教育 子育て・教育 観光・文化 ・スポーツ 観光・文化・スポーツ しごと・産業 しごと・産業 行政情報 行政情報 組織から探す 組織から探す 総
小値賀町	安心出産支援	https://www.town.ojika.lg.jp/kosodate_kyoiku/1/352.html	200	38	安心出産支援／小値賀町 スマートフォン版を表示 本文へ キーワードから探す ページ番号から探す 検索 背景色変更 文字サイズ Select Language English 中文（繁体） 中文（簡体） &#54620;&#44397;&#50612; Go Select your language くらし・手続き くらし・手続き 医療・健康 ・福祉 医療・健康・福祉 子育て・教育 子育て・教育 観光・文化 ・スポーツ 観光・文化・スポーツ しごと・産業 しごと・産業 行政情報 行政情報 組織から探す 組織から探す
小値賀町	こども医療費	https://www.town.ojika.lg.jp/kosodate_kyoiku/2/351.html	200	38	こども医療費／小値賀町 スマートフォン版を表示 本文へ キーワードから探す ページ番号から探す 検索 背景色変更 文字サイズ Select Language English 中文（繁体） 中文（簡体） &#54620;&#44397;&#50612; Go Select your language くらし・手続き くらし・手続き 医療・健康 ・福祉 医療・健康・福祉 子育て・教育 子育て・教育 観光・文化 ・スポーツ 観光・文化・スポーツ しごと・産業 しごと・産業 行政情報 行政情報 組織から探す 組織から探す
小値賀町	小値賀町すくすく発達応援補助金	https://www.town.ojika.lg.jp/kosodate_kyoiku/2/407.html	200	38	小値賀町すくすく発達応援補助金／小値賀町 スマートフォン版を表示 本文へ キーワードから探す ページ番号から探す 検索 背景色変更 文字サイズ Select Language English 中文（繁体） 中文（簡体） &#54620;&#44397;&#50612; Go Select your language くらし・手続き くらし・手続き 医療・健康 ・福祉 医療・健康・福祉 子育て・教育 子育て・教育 観光・文化 ・スポーツ 観光・文化・スポーツ しごと・産業 しごと・産業 行政情報 行政情報 組織から探
小値賀町	【小値賀町中小企業振興資金】貸付利率の変更のお知らせ	https://www.town.ojika.lg.jp/soshiki/sangyo/1/syoukoukankou/1394.html	200	38	【小値賀町中小企業振興資金】貸付利率の変更のお知らせ／小値賀町 スマートフォン版を表示 本文へ キーワードから探す ページ番号から探す 検索 背景色変更 文字サイズ Select Language English 中文（繁体） 中文（簡体） &#54620;&#44397;&#50612; Go Select your language くらし・手続き くらし・手続き 医療・健康 ・福祉 医療・健康・福祉 子育て・教育 子育て・教育 観光・文化 ・スポーツ 観光・文化・スポーツ しごと・産業 しごと・産業 行政情報
小値賀町	小値賀町移住支援事業補助金	https://www.town.ojika.lg.jp/soshiki/mirai/2/ijuusiennkin/index.html	200	35	小値賀町移住支援事業補助金／小値賀町 スマートフォン版を表示 本文へ キーワードから探す ページ番号から探す 検索 背景色変更 文字サイズ Select Language English 中文（繁体） 中文（簡体） &#54620;&#44397;&#50612; Go Select your language くらし・手続き くらし・手続き 医療・健康 ・福祉 医療・健康・福祉 子育て・教育 子育て・教育 観光・文化 ・スポーツ 観光・文化・スポーツ しごと・産業 しごと・産業 行政情報 行政情報 組織から探す
小値賀町	空き家バンク	https://www.town.ojika.lg.jp/soshiki/mirai/7/163.html	200	35	空き家バンク／小値賀町 スマートフォン版を表示 本文へ キーワードから探す ページ番号から探す 検索 背景色変更 文字サイズ Select Language English 中文（繁体） 中文（簡体） &#54620;&#44397;&#50612; Go Select your language くらし・手続き くらし・手続き 医療・健康 ・福祉 医療・健康・福祉 子育て・教育 子育て・教育 観光・文化 ・スポーツ 観光・文化・スポーツ しごと・産業 しごと・産業 行政情報 行政情報 組織から探す 組織から探す
小値賀町	特別児童扶養手当	https://www.town.ojika.lg.jp/kosodate_kyoiku/2/409.html	200	33	特別児童扶養手当／小値賀町 スマートフォン版を表示 本文へ キーワードから探す ページ番号から探す 検索 背景色変更 文字サイズ Select Language English 中文（繁体） 中文（簡体） &#54620;&#44397;&#50612; Go Select your language くらし・手続き くらし・手続き 医療・健康 ・福祉 医療・健康・福祉 子育て・教育 子育て・教育 観光・文化 ・スポーツ 観光・文化・スポーツ しごと・産業 しごと・産業 行政情報 行政情報 組織から探す 組織から探
小値賀町	児童手当	https://www.town.ojika.lg.jp/kosodate_kyoiku/2/411.html	200	33	児童手当／小値賀町 スマートフォン版を表示 本文へ キーワードから探す ページ番号から探す 検索 背景色変更 文字サイズ Select Language English 中文（繁体） 中文（簡体） &#54620;&#44397;&#50612; Go Select your language くらし・手続き くらし・手続き 医療・健康 ・福祉 医療・健康・福祉 子育て・教育 子育て・教育 観光・文化 ・スポーツ 観光・文化・スポーツ しごと・産業 しごと・産業 行政情報 行政情報 組織から探す 組織から探す 総合
小値賀町	児童扶養手当	https://www.town.ojika.lg.jp/kosodate_kyoiku/2/412.html	200	33	児童扶養手当／小値賀町 スマートフォン版を表示 本文へ キーワードから探す ページ番号から探す 検索 背景色変更 文字サイズ Select Language English 中文（繁体） 中文（簡体） &#54620;&#44397;&#50612; Go Select your language くらし・手続き くらし・手続き 医療・健康 ・福祉 医療・健康・福祉 子育て・教育 子育て・教育 観光・文化 ・スポーツ 観光・文化・スポーツ しごと・産業 しごと・産業 行政情報 行政情報 組織から探す 組織から探す
小値賀町	各種税証明関係	https://www.town.ojika.lg.jp/kurashi_tetsuzuki/1/341.html	200	30	各種税証明関係／小値賀町 スマートフォン版を表示 本文へ キーワードから探す ページ番号から探す 検索 背景色変更 文字サイズ Select Language English 中文（繁体） 中文（簡体） &#54620;&#44397;&#50612; Go Select your language くらし・手続き くらし・手続き 医療・健康 ・福祉 医療・健康・福祉 子育て・教育 子育て・教育 観光・文化 ・スポーツ 観光・文化・スポーツ しごと・産業 しごと・産業 行政情報 行政情報 組織から探す 組織から探す
小値賀町	放課後児童クラブ	https://www.town.ojika.lg.jp/kosodate_kyoiku/4/405.html	200	30	放課後児童クラブ／小値賀町 スマートフォン版を表示 本文へ キーワードから探す ページ番号から探す 検索 背景色変更 文字サイズ Select Language English 中文（繁体） 中文（簡体） &#54620;&#44397;&#50612; Go Select your language くらし・手続き くらし・手続き 医療・健康 ・福祉 医療・健康・福祉 子育て・教育 子育て・教育 観光・文化 ・スポーツ 観光・文化・スポーツ しごと・産業 しごと・産業 行政情報 行政情報 組織から探す 組織から探
小値賀町	小値賀町子育て世帯保育料軽減事業	https://www.town.ojika.lg.jp/kosodate_kyoiku/3/355.html	200	29	小値賀町子育て世帯保育料軽減事業／小値賀町 スマートフォン版を表示 本文へ キーワードから探す ページ番号から探す 検索 背景色変更 文字サイズ Select Language English 中文（繁体） 中文（簡体） &#54620;&#44397;&#50612; Go Select your language くらし・手続き くらし・手続き 医療・健康 ・福祉 医療・健康・福祉 子育て・教育 子育て・教育 観光・文化 ・スポーツ 観光・文化・スポーツ しごと・産業 しごと・産業 行政情報 行政情報 組織から
小値賀町	子育て支援情報	https://www.town.ojika.lg.jp/kosodate_kyoiku/2/index.html	200	28	子育て支援情報／小値賀町 スマートフォン版を表示 本文へ キーワードから探す ページ番号から探す 検索 背景色変更 文字サイズ Select Language English 中文（繁体） 中文（簡体） &#54620;&#44397;&#50612; Go Select your language くらし・手続き くらし・手続き 医療・健康 ・福祉 医療・健康・福祉 子育て・教育 子育て・教育 観光・文化 ・スポーツ 観光・文化・スポーツ しごと・産業 しごと・産業 行政情報 行政情報 組織から探す 組織から探す
小値賀町	おぢかの教育	https://www.town.ojika.lg.jp/kurashi_tetsuzuki/8/1/517.html	200	26	おぢかの教育／小値賀町 スマートフォン版を表示 本文へ キーワードから探す ページ番号から探す 検索 背景色変更 文字サイズ Select Language English 中文（繁体） 中文（簡体） &#54620;&#44397;&#50612; Go Select your language くらし・手続き くらし・手続き 医療・健康 ・福祉 医療・健康・福祉 子育て・教育 子育て・教育 観光・文化 ・スポーツ 観光・文化・スポーツ しごと・産業 しごと・産業 行政情報 行政情報 組織から探す 組織から探す
小値賀町	住まい	https://www.town.ojika.lg.jp/kurashi_tetsuzuki/7/index.html	200	26	住まい／小値賀町 スマートフォン版を表示 本文へ キーワードから探す ページ番号から探す 検索 背景色変更 文字サイズ Select Language English 中文（繁体） 中文（簡体） &#54620;&#44397;&#50612; Go Select your language くらし・手続き くらし・手続き 医療・健康 ・福祉 医療・健康・福祉 子育て・教育 子育て・教育 観光・文化 ・スポーツ 観光・文化・スポーツ しごと・産業 しごと・産業 行政情報 行政情報 組織から探す 組織から探す 総合ト
小値賀町	中退共制度を知っていますか？ ～従業員のための国の退職金制度です～	https://www.town.ojika.lg.jp/shigoto_sangyo/1462.html	200	26	中退共制度を知っていますか？ ～従業員のための国の退職金制度です～／小値賀町 スマートフォン版を表示 本文へ キーワードから探す ページ番号から探す 検索 背景色変更 文字サイズ Select Language English 中文（繁体） 中文（簡体） &#54620;&#44397;&#50612; Go Select your language くらし・手続き くらし・手続き 医療・健康 ・福祉 医療・健康・福祉 子育て・教育 子育て・教育 観光・文化 ・スポーツ 観光・文化・スポーツ しごと・産業 しごと・
小値賀町	小値賀に住んでみませんか?	https://www.town.ojika.lg.jp/kurashi_tetsuzuki/8/325.html	200	26	小値賀に住んでみませんか?／小値賀町 スマートフォン版を表示 本文へ キーワードから探す ページ番号から探す 検索 背景色変更 文字サイズ Select Language English 中文（繁体） 中文（簡体） &#54620;&#44397;&#50612; Go Select your language くらし・手続き くらし・手続き 医療・健康 ・福祉 医療・健康・福祉 子育て・教育 子育て・教育 観光・文化 ・スポーツ 観光・文化・スポーツ しごと・産業 しごと・産業 行政情報 行政情報 組織から探す
小値賀町	小値賀町生ごみ処理容器設置事業	https://www.town.ojika.lg.jp/kurashi_tetsuzuki/4/825.html	200	26	小値賀町生ごみ処理容器設置事業／小値賀町 スマートフォン版を表示 本文へ キーワードから探す ページ番号から探す 検索 背景色変更 文字サイズ Select Language English 中文（繁体） 中文（簡体） &#54620;&#44397;&#50612; Go Select your language くらし・手続き くらし・手続き 医療・健康 ・福祉 医療・健康・福祉 子育て・教育 子育て・教育 観光・文化 ・スポーツ 観光・文化・スポーツ しごと・産業 しごと・産業 行政情報 行政情報 組織から探
小値賀町	小値賀町3世代同居・近居促進事業	https://www.town.ojika.lg.jp/kurashi_tetsuzuki/7/799.html	200	26	小値賀町3世代同居・近居促進事業／小値賀町 スマートフォン版を表示 本文へ キーワードから探す ページ番号から探す 検索 背景色変更 文字サイズ Select Language English 中文（繁体） 中文（簡体） &#54620;&#44397;&#50612; Go Select your language くらし・手続き くらし・手続き 医療・健康 ・福祉 医療・健康・福祉 子育て・教育 子育て・教育 観光・文化 ・スポーツ 観光・文化・スポーツ しごと・産業 しごと・産業 行政情報 行政情報 組織から
小値賀町	耐震・安全住まいづくり支援事業	https://www.town.ojika.lg.jp/kurashi_tetsuzuki/7/801.html	200	26	耐震・安全住まいづくり支援事業／小値賀町 スマートフォン版を表示 本文へ キーワードから探す ページ番号から探す 検索 背景色変更 文字サイズ Select Language English 中文（繁体） 中文（簡体） &#54620;&#44397;&#50612; Go Select your language くらし・手続き くらし・手続き 医療・健康 ・福祉 医療・健康・福祉 子育て・教育 子育て・教育 観光・文化 ・スポーツ 観光・文化・スポーツ しごと・産業 しごと・産業 行政情報 行政情報 組織から探
小値賀町	太陽光発電設備設置補助金（小値賀町地域脱炭素に向けた重点対策加速化事業費補助金）	https://www.town.ojika.lg.jp/kurashi_tetsuzuki/7/998.html	200	26	太陽光発電設備設置補助金（小値賀町地域脱炭素に向けた重点対策加速化事業費補助金）／小値賀町 スマートフォン版を表示 本文へ キーワードから探す ページ番号から探す 検索 背景色変更 文字サイズ Select Language English 中文（繁体） 中文（簡体） &#54620;&#44397;&#50612; Go Select your language くらし・手続き くらし・手続き 医療・健康 ・福祉 医療・健康・福祉 子育て・教育 子育て・教育 観光・文化 ・スポーツ 観光・文化・スポーツ しごと・
小値賀町	小値賀町空き家改修事業補助金	https://www.town.ojika.lg.jp/kurashi_tetsuzuki/7/1410.html	200	26	小値賀町空き家改修事業補助金／小値賀町 スマートフォン版を表示 本文へ キーワードから探す ページ番号から探す 検索 背景色変更 文字サイズ Select Language English 中文（繁体） 中文（簡体） &#54620;&#44397;&#50612; Go Select your language くらし・手続き くらし・手続き 医療・健康 ・福祉 医療・健康・福祉 子育て・教育 子育て・教育 観光・文化 ・スポーツ 観光・文化・スポーツ しごと・産業 しごと・産業 行政情報 行政情報 組織から探す
小値賀町	小値賀町空き家活用移住促進事業補助金	https://www.town.ojika.lg.jp/kurashi_tetsuzuki/7/1411.html	200	26	小値賀町空き家活用移住促進事業補助金／小値賀町 スマートフォン版を表示 本文へ キーワードから探す ページ番号から探す 検索 背景色変更 文字サイズ Select Language English 中文（繁体） 中文（簡体） &#54620;&#44397;&#50612; Go Select your language くらし・手続き くらし・手続き 医療・健康 ・福祉 医療・健康・福祉 子育て・教育 子育て・教育 観光・文化 ・スポーツ 観光・文化・スポーツ しごと・産業 しごと・産業 行政情報 行政情報 組織
小値賀町	小値賀町民間賃貸住宅建設助成事業補助金	https://www.town.ojika.lg.jp/kurashi_tetsuzuki/7/1412.html	200	26	小値賀町民間賃貸住宅建設助成事業補助金／小値賀町 スマートフォン版を表示 本文へ キーワードから探す ページ番号から探す 検索 背景色変更 文字サイズ Select Language English 中文（繁体） 中文（簡体） &#54620;&#44397;&#50612; Go Select your language くらし・手続き くらし・手続き 医療・健康 ・福祉 医療・健康・福祉 子育て・教育 子育て・教育 観光・文化 ・スポーツ 観光・文化・スポーツ しごと・産業 しごと・産業 行政情報 行政情報 組
小値賀町	障害者福祉	https://www.town.ojika.lg.jp/iryo_kenko_fukushi/2/322.html	200	26	障害者福祉／小値賀町 スマートフォン版を表示 本文へ キーワードから探す ページ番号から探す 検索 背景色変更 文字サイズ Select Language English 中文（繁体） 中文（簡体） &#54620;&#44397;&#50612; Go Select your language くらし・手続き くらし・手続き 医療・健康 ・福祉 医療・健康・福祉 子育て・教育 子育て・教育 観光・文化 ・スポーツ 観光・文化・スポーツ しごと・産業 しごと・産業 行政情報 行政情報 組織から探す 組織から探す 総
小値賀町	おぢかの教育	https://www.town.ojika.lg.jp/kosodate_kyoiku/4/403.html	200	26	おぢかの教育／小値賀町 スマートフォン版を表示 本文へ キーワードから探す ページ番号から探す 検索 背景色変更 文字サイズ Select Language English 中文（繁体） 中文（簡体） &#54620;&#44397;&#50612; Go Select your language くらし・手続き くらし・手続き 医療・健康 ・福祉 医療・健康・福祉 子育て・教育 子育て・教育 観光・文化 ・スポーツ 観光・文化・スポーツ しごと・産業 しごと・産業 行政情報 行政情報 組織から探す 組織から探す
小値賀町	小値賀町ふるさと留学（令和9年度受け入れに係る募集について）	https://www.town.ojika.lg.jp/kosodate_kyoiku/4/1463.html	200	26	小値賀町ふるさと留学（令和9年度受け入れに係る募集について）／小値賀町 スマートフォン版を表示 本文へ キーワードから探す ページ番号から探す 検索 背景色変更 文字サイズ Select Language English 中文（繁体） 中文（簡体） &#54620;&#44397;&#50612; Go Select your language くらし・手続き くらし・手続き 医療・健康 ・福祉 医療・健康・福祉 子育て・教育 子育て・教育 観光・文化 ・スポーツ 観光・文化・スポーツ しごと・産業 しごと・産業
小値賀町	中退共制度を知っていますか？ ～従業員のための国の退職金制度です～	https://www.town.ojika.lg.jp/soshiki/sangyo/1/syoukoukankou/syoukou/1461.html	200	26	中退共制度を知っていますか？ ～従業員のための国の退職金制度です～／小値賀町 スマートフォン版を表示 本文へ キーワードから探す ページ番号から探す 検索 背景色変更 文字サイズ Select Language English 中文（繁体） 中文（簡体） &#54620;&#44397;&#50612; Go Select your language くらし・手続き くらし・手続き 医療・健康 ・福祉 医療・健康・福祉 子育て・教育 子育て・教育 観光・文化 ・スポーツ 観光・文化・スポーツ しごと・産業 しごと・
小値賀町	補助金等	https://www.town.ojika.lg.jp/soshiki/kensetu/1/hozyo_kensetsuka/index.html	200	26	補助金等／小値賀町 スマートフォン版を表示 本文へ キーワードから探す ページ番号から探す 検索 背景色変更 文字サイズ Select Language English 中文（繁体） 中文（簡体） &#54620;&#44397;&#50612; Go Select your language くらし・手続き くらし・手続き 医療・健康 ・福祉 医療・健康・福祉 子育て・教育 子育て・教育 観光・文化 ・スポーツ 観光・文化・スポーツ しごと・産業 しごと・産業 行政情報 行政情報 組織から探す 組織から探す 総合
小値賀町	マイナンバーについて	https://www.town.ojika.lg.jp/kurashi_joho/755.html	200	25	マイナンバーについて／小値賀町 スマートフォン版を表示 本文へ キーワードから探す ページ番号から探す 検索 背景色変更 文字サイズ Select Language English 中文（繁体） 中文（簡体） &#54620;&#44397;&#50612; Go Select your language くらし・手続き くらし・手続き 医療・健康 ・福祉 医療・健康・福祉 子育て・教育 子育て・教育 観光・文化 ・スポーツ 観光・文化・スポーツ しごと・産業 しごと・産業 行政情報 行政情報 組織から探す 組織か
小値賀町	マイナンバーについて	https://www.town.ojika.lg.jp/kurashi_tetsuzuki/2/349.html	200	25	マイナンバーについて／小値賀町 スマートフォン版を表示 本文へ キーワードから探す ページ番号から探す 検索 背景色変更 文字サイズ Select Language English 中文（繁体） 中文（簡体） &#54620;&#44397;&#50612; Go Select your language くらし・手続き くらし・手続き 医療・健康 ・福祉 医療・健康・福祉 子育て・教育 子育て・教育 観光・文化 ・スポーツ 観光・文化・スポーツ しごと・産業 しごと・産業 行政情報 行政情報 組織から探す 組織か
小値賀町	子育て支援情報	https://www.town.ojika.lg.jp/soshiki/hukushijumusho/1/2/index.html	200	25	子育て支援情報／小値賀町 スマートフォン版を表示 本文へ キーワードから探す ページ番号から探す 検索 背景色変更 文字サイズ Select Language English 中文（繁体） 中文（簡体） &#54620;&#44397;&#50612; Go Select your language くらし・手続き くらし・手続き 医療・健康 ・福祉 医療・健康・福祉 子育て・教育 子育て・教育 観光・文化 ・スポーツ 観光・文化・スポーツ しごと・産業 しごと・産業 行政情報 行政情報 組織から探す 組織から探す
小値賀町	老朽危険家屋除却支援事業	https://www.town.ojika.lg.jp/kurashi_tetsuzuki/7/800.html	200	24	老朽危険家屋除却支援事業／小値賀町 スマートフォン版を表示 本文へ キーワードから探す ページ番号から探す 検索 背景色変更 文字サイズ Select Language English 中文（繁体） 中文（簡体） &#54620;&#44397;&#50612; Go Select your language くらし・手続き くらし・手続き 医療・健康 ・福祉 医療・健康・福祉 子育て・教育 子育て・教育 観光・文化 ・スポーツ 観光・文化・スポーツ しごと・産業 しごと・産業 行政情報 行政情報 組織から探す 組
小値賀町	予防接種により健康被害が生じたときの救済制度について	https://www.town.ojika.lg.jp/soshiki/jumin/4_1/1014.html	200	24	予防接種により健康被害が生じたときの救済制度について／小値賀町 スマートフォン版を表示 本文へ キーワードから探す ページ番号から探す 検索 背景色変更 文字サイズ Select Language English 中文（繁体） 中文（簡体） &#54620;&#44397;&#50612; Go Select your language くらし・手続き くらし・手続き 医療・健康 ・福祉 医療・健康・福祉 子育て・教育 子育て・教育 観光・文化 ・スポーツ 観光・文化・スポーツ しごと・産業 しごと・産業 行政情報
小値賀町	小値賀町ふるさと留学（令和9年度受け入れに係る募集について）	https://www.town.ojika.lg.jp/soshiki/kyouikuiinkai/1/2/1427.html	200	23	小値賀町ふるさと留学（令和9年度受け入れに係る募集について）／小値賀町 スマートフォン版を表示 本文へ キーワードから探す ページ番号から探す 検索 背景色変更 文字サイズ Select Language English 中文（繁体） 中文（簡体） &#54620;&#44397;&#50612; Go Select your language くらし・手続き くらし・手続き 医療・健康 ・福祉 医療・健康・福祉 子育て・教育 子育て・教育 観光・文化 ・スポーツ 観光・文化・スポーツ しごと・産業 しごと・産業
小値賀町	おぢかの教育	https://www.town.ojika.lg.jp/soshiki/kyouikuiinkai/1/2/131.html	200	23	おぢかの教育／小値賀町 スマートフォン版を表示 本文へ キーワードから探す ページ番号から探す 検索 背景色変更 文字サイズ Select Language English 中文（繁体） 中文（簡体） &#54620;&#44397;&#50612; Go Select your language くらし・手続き くらし・手続き 医療・健康 ・福祉 医療・健康・福祉 子育て・教育 子育て・教育 観光・文化 ・スポーツ 観光・文化・スポーツ しごと・産業 しごと・産業 行政情報 行政情報 組織から探す 組織から探す
小値賀町	小値賀に住んでみませんか?	https://www.town.ojika.lg.jp/soshiki/mirai/2/160.html	200	23	小値賀に住んでみませんか?／小値賀町 スマートフォン版を表示 本文へ キーワードから探す ページ番号から探す 検索 背景色変更 文字サイズ Select Language English 中文（繁体） 中文（簡体） &#54620;&#44397;&#50612; Go Select your language くらし・手続き くらし・手続き 医療・健康 ・福祉 医療・健康・福祉 子育て・教育 子育て・教育 観光・文化 ・スポーツ 観光・文化・スポーツ しごと・産業 しごと・産業 行政情報 行政情報 組織から探す
小値賀町	戸籍にフリガナを記載する取り組みが始まります	https://www.town.ojika.lg.jp/soshiki/jumin/5/1043.html	200	22	戸籍にフリガナを記載する取り組みが始まります／小値賀町 スマートフォン版を表示 本文へ キーワードから探す ページ番号から探す 検索 背景色変更 文字サイズ Select Language English 中文（繁体） 中文（簡体） &#54620;&#44397;&#50612; Go Select your language くらし・手続き くらし・手続き 医療・健康 ・福祉 医療・健康・福祉 子育て・教育 子育て・教育 観光・文化 ・スポーツ 観光・文化・スポーツ しごと・産業 しごと・産業 行政情報 行政情
小値賀町	子育て	https://www.town.ojika.lg.jp/kosodate_kyoiku/2/410.html	200	19	子育て／小値賀町 スマートフォン版を表示 本文へ キーワードから探す ページ番号から探す 検索 背景色変更 文字サイズ Select Language English 中文（繁体） 中文（簡体） &#54620;&#44397;&#50612; Go Select your language くらし・手続き くらし・手続き 医療・健康 ・福祉 医療・健康・福祉 子育て・教育 子育て・教育 観光・文化 ・スポーツ 観光・文化・スポーツ しごと・産業 しごと・産業 行政情報 行政情報 組織から探す 組織から探す 総合ト
小値賀町	農業委員会	https://www.town.ojika.lg.jp/shigoto_sangyo/2/356.html	200	18	農業委員会／小値賀町 スマートフォン版を表示 本文へ キーワードから探す ページ番号から探す 検索 背景色変更 文字サイズ Select Language English 中文（繁体） 中文（簡体） &#54620;&#44397;&#50612; Go Select your language くらし・手続き くらし・手続き 医療・健康 ・福祉 医療・健康・福祉 子育て・教育 子育て・教育 観光・文化 ・スポーツ 観光・文化・スポーツ しごと・産業 しごと・産業 行政情報 行政情報 組織から探す 組織から探す 総
小値賀町	移住・定住	https://www.town.ojika.lg.jp/soshiki/mirai/2/index.html	200	15	移住・定住／小値賀町 スマートフォン版を表示 本文へ キーワードから探す ページ番号から探す 検索 背景色変更 文字サイズ Select Language English 中文（繁体） 中文（簡体） &#54620;&#44397;&#50612; Go Select your language くらし・手続き くらし・手続き 医療・健康 ・福祉 医療・健康・福祉 子育て・教育 子育て・教育 観光・文化 ・スポーツ 観光・文化・スポーツ しごと・産業 しごと・産業 行政情報 行政情報 組織から探す 組織から探す 総
小値賀町	農業委員会	https://www.town.ojika.lg.jp/soshiki/nougyouiinkai/1/1/236.html	200	15	農業委員会／小値賀町 スマートフォン版を表示 本文へ キーワードから探す ページ番号から探す 検索 背景色変更 文字サイズ Select Language English 中文（繁体） 中文（簡体） &#54620;&#44397;&#50612; Go Select your language くらし・手続き くらし・手続き 医療・健康 ・福祉 医療・健康・福祉 子育て・教育 子育て・教育 観光・文化 ・スポーツ 観光・文化・スポーツ しごと・産業 しごと・産業 行政情報 行政情報 組織から探す 組織から探す 総
小値賀町	地域おこし協力隊	https://www.town.ojika.lg.jp/kurashi_tetsuzuki/8/995.html	200	15	地域おこし協力隊／小値賀町 スマートフォン版を表示 本文へ キーワードから探す ページ番号から探す 検索 背景色変更 文字サイズ Select Language English 中文（繁体） 中文（簡体） &#54620;&#44397;&#50612; Go Select your language くらし・手続き くらし・手続き 医療・健康 ・福祉 医療・健康・福祉 子育て・教育 子育て・教育 観光・文化 ・スポーツ 観光・文化・スポーツ しごと・産業 しごと・産業 行政情報 行政情報 組織から探す 組織から探
小値賀町	戸籍の証明書（窓口申請）	https://www.town.ojika.lg.jp/kurashi_tetsuzuki/1/943.html	200	15	戸籍の証明書（窓口申請）／小値賀町 スマートフォン版を表示 本文へ キーワードから探す ページ番号から探す 検索 背景色変更 文字サイズ Select Language English 中文（繁体） 中文（簡体） &#54620;&#44397;&#50612; Go Select your language くらし・手続き くらし・手続き 医療・健康 ・福祉 医療・健康・福祉 子育て・教育 子育て・教育 観光・文化 ・スポーツ 観光・文化・スポーツ しごと・産業 しごと・産業 行政情報 行政情報 組織から探す 組
小値賀町	戸籍の証明書（郵便請求）	https://www.town.ojika.lg.jp/kurashi_tetsuzuki/1/946.html	200	15	戸籍の証明書（郵便請求）／小値賀町 スマートフォン版を表示 本文へ キーワードから探す ページ番号から探す 検索 背景色変更 文字サイズ Select Language English 中文（繁体） 中文（簡体） &#54620;&#44397;&#50612; Go Select your language くらし・手続き くらし・手続き 医療・健康 ・福祉 医療・健康・福祉 子育て・教育 子育て・教育 観光・文化 ・スポーツ 観光・文化・スポーツ しごと・産業 しごと・産業 行政情報 行政情報 組織から探す 組
小値賀町	住民票・身分証明書等（窓口申請）	https://www.town.ojika.lg.jp/kurashi_tetsuzuki/1/948.html	200	15	住民票・身分証明書等（窓口申請）／小値賀町 スマートフォン版を表示 本文へ キーワードから探す ページ番号から探す 検索 背景色変更 文字サイズ Select Language English 中文（繁体） 中文（簡体） &#54620;&#44397;&#50612; Go Select your language くらし・手続き くらし・手続き 医療・健康 ・福祉 医療・健康・福祉 子育て・教育 子育て・教育 観光・文化 ・スポーツ 観光・文化・スポーツ しごと・産業 しごと・産業 行政情報 行政情報 組織から
小値賀町	住民票・身分証明書等（郵便請求）	https://www.town.ojika.lg.jp/kurashi_tetsuzuki/1/950.html	200	15	住民票・身分証明書等（郵便請求）／小値賀町 スマートフォン版を表示 本文へ キーワードから探す ページ番号から探す 検索 背景色変更 文字サイズ Select Language English 中文（繁体） 中文（簡体） &#54620;&#44397;&#50612; Go Select your language くらし・手続き くらし・手続き 医療・健康 ・福祉 医療・健康・福祉 子育て・教育 子育て・教育 観光・文化 ・スポーツ 観光・文化・スポーツ しごと・産業 しごと・産業 行政情報 行政情報 組織から
小値賀町	印鑑登録・証明	https://www.town.ojika.lg.jp/kurashi_tetsuzuki/1/952.html	200	15	印鑑登録・証明／小値賀町 スマートフォン版を表示 本文へ キーワードから探す ページ番号から探す 検索 背景色変更 文字サイズ Select Language English 中文（繁体） 中文（簡体） &#54620;&#44397;&#50612; Go Select your language くらし・手続き くらし・手続き 医療・健康 ・福祉 医療・健康・福祉 子育て・教育 子育て・教育 観光・文化 ・スポーツ 観光・文化・スポーツ しごと・産業 しごと・産業 行政情報 行政情報 組織から探す 組織から探す
小値賀町	家屋滅失届	https://www.town.ojika.lg.jp/kurashi_tetsuzuki/1/1151.html	200	15	家屋滅失届／小値賀町 スマートフォン版を表示 本文へ キーワードから探す ページ番号から探す 検索 背景色変更 文字サイズ Select Language English 中文（繁体） 中文（簡体） &#54620;&#44397;&#50612; Go Select your language くらし・手続き くらし・手続き 医療・健康 ・福祉 医療・健康・福祉 子育て・教育 子育て・教育 観光・文化 ・スポーツ 観光・文化・スポーツ しごと・産業 しごと・産業 行政情報 行政情報 組織から探す 組織から探す 総
小値賀町	出生祝金支給事業	https://www.town.ojika.lg.jp/kosodate_kyoiku/1/353.html	200	15	出生祝金支給事業／小値賀町 スマートフォン版を表示 本文へ キーワードから探す ページ番号から探す 検索 背景色変更 文字サイズ Select Language English 中文（繁体） 中文（簡体） &#54620;&#44397;&#50612; Go Select your language くらし・手続き くらし・手続き 医療・健康 ・福祉 医療・健康・福祉 子育て・教育 子育て・教育 観光・文化 ・スポーツ 観光・文化・スポーツ しごと・産業 しごと・産業 行政情報 行政情報 組織から探す 組織から探
小値賀町	小値賀こども園	https://www.town.ojika.lg.jp/kosodate_kyoiku/3/354.html	200	15	小値賀こども園／小値賀町 スマートフォン版を表示 本文へ キーワードから探す ページ番号から探す 検索 背景色変更 文字サイズ Select Language English 中文（繁体） 中文（簡体） &#54620;&#44397;&#50612; Go Select your language くらし・手続き くらし・手続き 医療・健康 ・福祉 医療・健康・福祉 子育て・教育 子育て・教育 観光・文化 ・スポーツ 観光・文化・スポーツ しごと・産業 しごと・産業 行政情報 行政情報 組織から探す 組織から探す
小値賀町	小値賀町の産業	https://www.town.ojika.lg.jp/kurashi_tetsuzuki/8/1/516.html	200	13	小値賀町の産業／小値賀町 スマートフォン版を表示 本文へ キーワードから探す ページ番号から探す 検索 背景色変更 文字サイズ Select Language English 中文（繁体） 中文（簡体） &#54620;&#44397;&#50612; Go Select your language くらし・手続き くらし・手続き 医療・健康 ・福祉 医療・健康・福祉 子育て・教育 子育て・教育 観光・文化 ・スポーツ 観光・文化・スポーツ しごと・産業 しごと・産業 行政情報 行政情報 組織から探す 組織から探す
小値賀町	活用事業の紹介	https://www.town.ojika.lg.jp/soshiki/mirai/1/804.html	200	13	活用事業の紹介／小値賀町 スマートフォン版を表示 本文へ キーワードから探す ページ番号から探す 検索 背景色変更 文字サイズ Select Language English 中文（繁体） 中文（簡体） &#54620;&#44397;&#50612; Go Select your language くらし・手続き くらし・手続き 医療・健康 ・福祉 医療・健康・福祉 子育て・教育 子育て・教育 観光・文化 ・スポーツ 観光・文化・スポーツ しごと・産業 しごと・産業 行政情報 行政情報 組織から探す 組織から探す
小値賀町	小値賀町の産業	https://www.town.ojika.lg.jp/shigoto_sangyo/363.html	200	13	小値賀町の産業／小値賀町 スマートフォン版を表示 本文へ キーワードから探す ページ番号から探す 検索 背景色変更 文字サイズ Select Language English 中文（繁体） 中文（簡体） &#54620;&#44397;&#50612; Go Select your language くらし・手続き くらし・手続き 医療・健康 ・福祉 医療・健康・福祉 子育て・教育 子育て・教育 観光・文化 ・スポーツ 観光・文化・スポーツ しごと・産業 しごと・産業 行政情報 行政情報 組織から探す 組織から探す
小値賀町	小値賀町の産業	https://www.town.ojika.lg.jp/soshiki/sangyo/1/274.html	200	13	小値賀町の産業／小値賀町 スマートフォン版を表示 本文へ キーワードから探す ページ番号から探す 検索 背景色変更 文字サイズ Select Language English 中文（繁体） 中文（簡体） &#54620;&#44397;&#50612; Go Select your language くらし・手続き くらし・手続き 医療・健康 ・福祉 医療・健康・福祉 子育て・教育 子育て・教育 観光・文化 ・スポーツ 観光・文化・スポーツ しごと・産業 しごと・産業 行政情報 行政情報 組織から探す 組織から探す
小値賀町	税の基礎知識	https://www.town.ojika.lg.jp/kurashi_tetsuzuki/6/339.html	200	13	税の基礎知識／小値賀町 スマートフォン版を表示 本文へ キーワードから探す ページ番号から探す 検索 背景色変更 文字サイズ Select Language English 中文（繁体） 中文（簡体） &#54620;&#44397;&#50612; Go Select your language くらし・手続き くらし・手続き 医療・健康 ・福祉 医療・健康・福祉 子育て・教育 子育て・教育 観光・文化 ・スポーツ 観光・文化・スポーツ しごと・産業 しごと・産業 行政情報 行政情報 組織から探す 組織から探す
小値賀町	商工観光関係	https://www.town.ojika.lg.jp/soshiki/sangyo/1/syoukoukankou/index.html	200	13	商工観光関係／小値賀町 スマートフォン版を表示 本文へ キーワードから探す ページ番号から探す 検索 背景色変更 文字サイズ Select Language English 中文（繁体） 中文（簡体） &#54620;&#44397;&#50612; Go Select your language くらし・手続き くらし・手続き 医療・健康 ・福祉 医療・健康・福祉 子育て・教育 子育て・教育 観光・文化 ・スポーツ 観光・文化・スポーツ しごと・産業 しごと・産業 行政情報 行政情報 組織から探す 組織から探す
川棚町	サイトマップ	https://www.kawatana.jp/cat05/c5-09/sitemap/index.html	200	15	--> サイトマップ[相談・サポート]｜川棚町 文字サイズ 標準 拡大 背景色 あ あ あ メール配信情報 メール配信登録 検索 担当課 サイトマップ 問い合わせ 暮らし・手続き 移住・定住 文化・スポーツ 事業者の方へ 町政情報 検索 トップページ 町政情報 相談・サポート サイトマップ 町政情報 最終更新日 令和3年03月17日 サイトマップ 暮らし・手続き 暮らし・手続き 届出・証明 協力確認書 旅券(パスポート)について 自衛官等募集事務に関する資料提供および除外申請について 戸籍証明書等の広域交付について
川棚町	長崎県消費者被害防止ネットワーク「失業保険の金額・期間を増やせる⁉という申請サポートに注意！」	https://www.kawatana.jp/life-consultation/post-1235.html	200	15	--> 長崎県消費者被害防止ネットワーク「失業保険の金額・期間を増やせる⁉という申請サポートに注意！」[消費生活相談]｜川棚町 文字サイズ 標準 拡大 背景色 あ あ あ メール配信情報 メール配信登録 検索 担当課 サイトマップ 問い合わせ 暮らし・手続き 移住・定住 文化・スポーツ 事業者の方へ 町政情報 検索 トップページ 消費生活相談 長崎県消費者被害防止ネットワーク「失業保険の金額・期間を増やせる⁉という申請サポートに注意！」 消費生活相談 長崎県消費者被害防止ネットワーク「失業保険の金額・期間を増やせる
東彼杵町	小さくても誇りをもって輝く町 そのぎ暮らし	https://www.town.higashisonogi.lg.jp/sonogi_kurashi/index.html	200	38	そのぎ暮らし【長崎県東彼杵町公式移住・定住サイト】／東彼杵町 スマートフォン版を表示 本文へ 住む 働く 育てる 名産 移住者インタビュー 相談窓口 資料請求 MENU CLOSE 住む 働く 育てる 名産 移住者インタビュー 相談窓口・資料請求 小さくても誇りをもって輝く町 そのぎ暮らし 長崎県のほぼ中央に位置する東彼杵町は、自然に恵まれ一次産業が盛んです。 中でもまちの特産品である「そのぎ茶」は2017年から4年連続日本一を獲得し、話題を呼んでいます。 そんな自然豊かなまちですが、中心部には高速道路のインターチ
東彼杵町	国民健康保険税	https://www.town.higashisonogi.lg.jp/kurashi_tetsuzuki/zeikin/419.html	200	26	国民健康保険税／東彼杵町 スマートフォン版を表示 本文へ 背景色変更 文字サイズ Foreign Language 目的別で探す 妊娠・出産 子育て 入園・入学 就職・退職 結婚・離婚 引っ越し・ 住まい 高齢・介護 おくやみ よく利用されるメニュー 町営バス・デマンド交通 電子申請サービス 手続き検索ナビ 申請書ダウンロード ごみ出し検索 よくある質問 よくあるご質問 観光に関するよくある質問 認定こども園等に関するよくある質問 そのぎ茶に関するよくある質問 選挙に関するよくある質問 役場に関するよくある質問 よ
東彼杵町	住民税非課税世帯等に対する物価高騰給付金（申請は終了しました）	https://www.town.higashisonogi.lg.jp/kurashi_tetsuzuki/zeikin/3149.html	200	26	住民税非課税世帯等に対する物価高騰給付金（申請は終了しました）／東彼杵町 スマートフォン版を表示 本文へ 背景色変更 文字サイズ Foreign Language 目的別で探す 妊娠・出産 子育て 入園・入学 就職・退職 結婚・離婚 引っ越し・ 住まい 高齢・介護 おくやみ よく利用されるメニュー 町営バス・デマンド交通 電子申請サービス 手続き検索ナビ 申請書ダウンロード ごみ出し検索 よくある質問 よくあるご質問 観光に関するよくある質問 認定こども園等に関するよくある質問 そのぎ茶に関するよくある質問 選挙に
東彼杵町	定額減税補足給付金（不足額給付）について（申請は終了しました）	https://www.town.higashisonogi.lg.jp/kurashi_tetsuzuki/zeikin/3329.html	200	26	定額減税補足給付金（不足額給付）について（申請は終了しました）／東彼杵町 スマートフォン版を表示 本文へ 背景色変更 文字サイズ Foreign Language 目的別で探す 妊娠・出産 子育て 入園・入学 就職・退職 結婚・離婚 引っ越し・ 住まい 高齢・介護 おくやみ よく利用されるメニュー 町営バス・デマンド交通 電子申請サービス 手続き検索ナビ 申請書ダウンロード ごみ出し検索 よくある質問 よくあるご質問 観光に関するよくある質問 認定こども園等に関するよくある質問 そのぎ茶に関するよくある質問 選挙に
東彼杵町	浄化槽設置整備事業補助金	https://www.town.higashisonogi.lg.jp/kurashi_tetsuzuki/gomi_jokaso/409.html	200	26	浄化槽設置整備事業補助金／東彼杵町 スマートフォン版を表示 本文へ 背景色変更 文字サイズ Foreign Language 目的別で探す 妊娠・出産 子育て 入園・入学 就職・退職 結婚・離婚 引っ越し・ 住まい 高齢・介護 おくやみ よく利用されるメニュー 町営バス・デマンド交通 電子申請サービス 手続き検索ナビ 申請書ダウンロード ごみ出し検索 よくある質問 よくあるご質問 観光に関するよくある質問 認定こども園等に関するよくある質問 そのぎ茶に関するよくある質問 選挙に関するよくある質問 役場に関するよくあ
東彼杵町	浄化槽維持管理費補助金	https://www.town.higashisonogi.lg.jp/kurashi_tetsuzuki/gomi_jokaso/410.html	200	26	浄化槽維持管理費補助金／東彼杵町 スマートフォン版を表示 本文へ 背景色変更 文字サイズ Foreign Language 目的別で探す 妊娠・出産 子育て 入園・入学 就職・退職 結婚・離婚 引っ越し・ 住まい 高齢・介護 おくやみ よく利用されるメニュー 町営バス・デマンド交通 電子申請サービス 手続き検索ナビ 申請書ダウンロード ごみ出し検索 よくある質問 よくあるご質問 観光に関するよくある質問 認定こども園等に関するよくある質問 そのぎ茶に関するよくある質問 選挙に関するよくある質問 役場に関するよくある
東彼杵町	空き家を借りたい・貸したい	https://www.town.higashisonogi.lg.jp/kurashi_tetsuzuki/sumai_suido/429.html	200	26	空き家を借りたい・貸したい／東彼杵町 スマートフォン版を表示 本文へ 背景色変更 文字サイズ Foreign Language 目的別で探す 妊娠・出産 子育て 入園・入学 就職・退職 結婚・離婚 引っ越し・ 住まい 高齢・介護 おくやみ よく利用されるメニュー 町営バス・デマンド交通 電子申請サービス 手続き検索ナビ 申請書ダウンロード ごみ出し検索 よくある質問 よくあるご質問 観光に関するよくある質問 認定こども園等に関するよくある質問 そのぎ茶に関するよくある質問 選挙に関するよくある質問 役場に関するよく
東彼杵町	持ち家奨励金	https://www.town.higashisonogi.lg.jp/kurashi_tetsuzuki/sumai_suido/499.html	200	26	持ち家奨励金／東彼杵町 スマートフォン版を表示 本文へ 背景色変更 文字サイズ Foreign Language 目的別で探す 妊娠・出産 子育て 入園・入学 就職・退職 結婚・離婚 引っ越し・ 住まい 高齢・介護 おくやみ よく利用されるメニュー 町営バス・デマンド交通 電子申請サービス 手続き検索ナビ 申請書ダウンロード ごみ出し検索 よくある質問 よくあるご質問 観光に関するよくある質問 認定こども園等に関するよくある質問 そのぎ茶に関するよくある質問 選挙に関するよくある質問 役場に関するよくある質問 よく
東彼杵町	東彼杵町は新婚生活を応援します！（結婚新生活支援事業費補助金）	https://www.town.higashisonogi.lg.jp/kurashi_tetsuzuki/sumai_suido/517.html	200	26	東彼杵町は新婚生活を応援します！（結婚新生活支援事業費補助金）／東彼杵町 スマートフォン版を表示 本文へ 背景色変更 文字サイズ Foreign Language 目的別で探す 妊娠・出産 子育て 入園・入学 就職・退職 結婚・離婚 引っ越し・ 住まい 高齢・介護 おくやみ よく利用されるメニュー 町営バス・デマンド交通 電子申請サービス 手続き検索ナビ 申請書ダウンロード ごみ出し検索 よくある質問 よくあるご質問 観光に関するよくある質問 認定こども園等に関するよくある質問 そのぎ茶に関するよくある質問 選挙に
東彼杵町	太陽光発電設備導入費用の一部を補助します	https://www.town.higashisonogi.lg.jp/kurashi_tetsuzuki/sumai_suido/529.html	200	26	太陽光発電設備導入費用の一部を補助します／東彼杵町 スマートフォン版を表示 本文へ 背景色変更 文字サイズ Foreign Language 目的別で探す 妊娠・出産 子育て 入園・入学 就職・退職 結婚・離婚 引っ越し・ 住まい 高齢・介護 おくやみ よく利用されるメニュー 町営バス・デマンド交通 電子申請サービス 手続き検索ナビ 申請書ダウンロード ごみ出し検索 よくある質問 よくあるご質問 観光に関するよくある質問 認定こども園等に関するよくある質問 そのぎ茶に関するよくある質問 選挙に関するよくある質問 役
東彼杵町	東彼杵町消防団	https://www.town.higashisonogi.lg.jp/kurashi_tetsuzuki/bosai/2509.html	200	26	東彼杵町消防団／東彼杵町 スマートフォン版を表示 本文へ 背景色変更 文字サイズ Foreign Language 目的別で探す 妊娠・出産 子育て 入園・入学 就職・退職 結婚・離婚 引っ越し・ 住まい 高齢・介護 おくやみ よく利用されるメニュー 町営バス・デマンド交通 電子申請サービス 手続き検索ナビ 申請書ダウンロード ごみ出し検索 よくある質問 よくあるご質問 観光に関するよくある質問 認定こども園等に関するよくある質問 そのぎ茶に関するよくある質問 選挙に関するよくある質問 役場に関するよくある質問 よ
東彼杵町	特殊詐欺対策電話機等設置補助金	https://www.town.higashisonogi.lg.jp/kurashi_tetsuzuki/bosai/2511.html	200	26	特殊詐欺対策電話機等設置補助金／東彼杵町 スマートフォン版を表示 本文へ 背景色変更 文字サイズ Foreign Language 目的別で探す 妊娠・出産 子育て 入園・入学 就職・退職 結婚・離婚 引っ越し・ 住まい 高齢・介護 おくやみ よく利用されるメニュー 町営バス・デマンド交通 電子申請サービス 手続き検索ナビ 申請書ダウンロード ごみ出し検索 よくある質問 よくあるご質問 観光に関するよくある質問 認定こども園等に関するよくある質問 そのぎ茶に関するよくある質問 選挙に関するよくある質問 役場に関する
東彼杵町	タクシー料金の一部助成	https://www.town.higashisonogi.lg.jp/kurashi_tetsuzuki/kotsu/985.html	200	26	タクシー料金の一部助成／東彼杵町 スマートフォン版を表示 本文へ 背景色変更 文字サイズ Foreign Language 目的別で探す 妊娠・出産 子育て 入園・入学 就職・退職 結婚・離婚 引っ越し・ 住まい 高齢・介護 おくやみ よく利用されるメニュー 町営バス・デマンド交通 電子申請サービス 手続き検索ナビ 申請書ダウンロード ごみ出し検索 よくある質問 よくあるご質問 観光に関するよくある質問 認定こども園等に関するよくある質問 そのぎ茶に関するよくある質問 選挙に関するよくある質問 役場に関するよくある
東彼杵町	障がいがある方にタクシー利用の助成を行っています	https://www.town.higashisonogi.lg.jp/kurashi_tetsuzuki/kotsu/3701.html	200	26	障がいがある方にタクシー利用の助成を行っています／東彼杵町 スマートフォン版を表示 本文へ 背景色変更 文字サイズ Foreign Language 目的別で探す 妊娠・出産 子育て 入園・入学 就職・退職 結婚・離婚 引っ越し・ 住まい 高齢・介護 おくやみ よく利用されるメニュー 町営バス・デマンド交通 電子申請サービス 手続き検索ナビ 申請書ダウンロード ごみ出し検索 よくある質問 よくあるご質問 観光に関するよくある質問 認定こども園等に関するよくある質問 そのぎ茶に関するよくある質問 選挙に関するよくある
東彼杵町	令和6年度ふるさとまちづくり応援寄附金活用事業のご紹介	https://www.town.higashisonogi.lg.jp/kurashi_tetsuzuki/furusato/1505.html	200	26	令和6年度ふるさとまちづくり応援寄附金活用事業のご紹介／東彼杵町 スマートフォン版を表示 本文へ 背景色変更 文字サイズ Foreign Language 目的別で探す 妊娠・出産 子育て 入園・入学 就職・退職 結婚・離婚 引っ越し・ 住まい 高齢・介護 おくやみ よく利用されるメニュー 町営バス・デマンド交通 電子申請サービス 手続き検索ナビ 申請書ダウンロード ごみ出し検索 よくある質問 よくあるご質問 観光に関するよくある質問 認定こども園等に関するよくある質問 そのぎ茶に関するよくある質問 選挙に関するよ
東彼杵町	不妊治療費（先進医療費分）の助成を開始しました	https://www.town.higashisonogi.lg.jp/kosodate_kyoiku/ninshin_shussan_kenshin/448.html	200	26	不妊治療費（先進医療費分）の助成を開始しました／東彼杵町 スマートフォン版を表示 本文へ 背景色変更 文字サイズ Foreign Language 目的別で探す 妊娠・出産 子育て 入園・入学 就職・退職 結婚・離婚 引っ越し・ 住まい 高齢・介護 おくやみ よく利用されるメニュー 町営バス・デマンド交通 電子申請サービス 手続き検索ナビ 申請書ダウンロード ごみ出し検索 よくある質問 よくあるご質問 観光に関するよくある質問 認定こども園等に関するよくある質問 そのぎ茶に関するよくある質問 選挙に関するよくある質
東彼杵町	妊婦のための支援給付金	https://www.town.higashisonogi.lg.jp/kosodate_kyoiku/ninshin_shussan_kenshin/3206.html	200	26	妊婦のための支援給付金／東彼杵町 スマートフォン版を表示 本文へ 背景色変更 文字サイズ Foreign Language 目的別で探す 妊娠・出産 子育て 入園・入学 就職・退職 結婚・離婚 引っ越し・ 住まい 高齢・介護 おくやみ よく利用されるメニュー 町営バス・デマンド交通 電子申請サービス 手続き検索ナビ 申請書ダウンロード ごみ出し検索 よくある質問 よくあるご質問 観光に関するよくある質問 認定こども園等に関するよくある質問 そのぎ茶に関するよくある質問 選挙に関するよくある質問 役場に関するよくある
東彼杵町	子育て用品購入費補助	https://www.town.higashisonogi.lg.jp/kosodate_kyoiku/kosodate/912.html	200	26	子育て用品購入費補助／東彼杵町 スマートフォン版を表示 本文へ 背景色変更 文字サイズ Foreign Language 目的別で探す 妊娠・出産 子育て 入園・入学 就職・退職 結婚・離婚 引っ越し・ 住まい 高齢・介護 おくやみ よく利用されるメニュー 町営バス・デマンド交通 電子申請サービス 手続き検索ナビ 申請書ダウンロード ごみ出し検索 よくある質問 よくあるご質問 観光に関するよくある質問 認定こども園等に関するよくある質問 そのぎ茶に関するよくある質問 選挙に関するよくある質問 役場に関するよくある質
東彼杵町	幼稚園・認定こども園の入所について（保育の必要がない子ども）	https://www.town.higashisonogi.lg.jp/kosodate_kyoiku/hoikuen_yochien/1414.html	200	26	幼稚園・認定こども園の入所について（保育の必要がない子ども）／東彼杵町 スマートフォン版を表示 本文へ 背景色変更 文字サイズ Foreign Language 目的別で探す 妊娠・出産 子育て 入園・入学 就職・退職 結婚・離婚 引っ越し・ 住まい 高齢・介護 おくやみ よく利用されるメニュー 町営バス・デマンド交通 電子申請サービス 手続き検索ナビ 申請書ダウンロード ごみ出し検索 よくある質問 よくあるご質問 観光に関するよくある質問 認定こども園等に関するよくある質問 そのぎ茶に関するよくある質問 選挙に関
東彼杵町	幼児教育・保育の無償化	https://www.town.higashisonogi.lg.jp/kosodate_kyoiku/hoikuen_yochien/538.html	200	26	幼児教育・保育の無償化／東彼杵町 スマートフォン版を表示 本文へ 背景色変更 文字サイズ Foreign Language 目的別で探す 妊娠・出産 子育て 入園・入学 就職・退職 結婚・離婚 引っ越し・ 住まい 高齢・介護 おくやみ よく利用されるメニュー 町営バス・デマンド交通 電子申請サービス 手続き検索ナビ 申請書ダウンロード ごみ出し検索 よくある質問 よくあるご質問 観光に関するよくある質問 認定こども園等に関するよくある質問 そのぎ茶に関するよくある質問 選挙に関するよくある質問 役場に関するよくある
東彼杵町	子ども福祉医療制度	https://www.town.higashisonogi.lg.jp/kosodate_kyoiku/jidofukushi/368.html	200	26	子ども福祉医療制度／東彼杵町 スマートフォン版を表示 本文へ 背景色変更 文字サイズ Foreign Language 目的別で探す 妊娠・出産 子育て 入園・入学 就職・退職 結婚・離婚 引っ越し・ 住まい 高齢・介護 おくやみ よく利用されるメニュー 町営バス・デマンド交通 電子申請サービス 手続き検索ナビ 申請書ダウンロード ごみ出し検索 よくある質問 よくあるご質問 観光に関するよくある質問 認定こども園等に関するよくある質問 そのぎ茶に関するよくある質問 選挙に関するよくある質問 役場に関するよくある質問
東彼杵町	児童手当	https://www.town.higashisonogi.lg.jp/kosodate_kyoiku/jidofukushi/369.html	200	26	児童手当／東彼杵町 スマートフォン版を表示 本文へ 背景色変更 文字サイズ Foreign Language 目的別で探す 妊娠・出産 子育て 入園・入学 就職・退職 結婚・離婚 引っ越し・ 住まい 高齢・介護 おくやみ よく利用されるメニュー 町営バス・デマンド交通 電子申請サービス 手続き検索ナビ 申請書ダウンロード ごみ出し検索 よくある質問 よくあるご質問 観光に関するよくある質問 認定こども園等に関するよくある質問 そのぎ茶に関するよくある質問 選挙に関するよくある質問 役場に関するよくある質問 よく見ら
東彼杵町	児童扶養手当	https://www.town.higashisonogi.lg.jp/kosodate_kyoiku/jidofukushi/370.html	200	26	児童扶養手当／東彼杵町 スマートフォン版を表示 本文へ 背景色変更 文字サイズ Foreign Language 目的別で探す 妊娠・出産 子育て 入園・入学 就職・退職 結婚・離婚 引っ越し・ 住まい 高齢・介護 おくやみ よく利用されるメニュー 町営バス・デマンド交通 電子申請サービス 手続き検索ナビ 申請書ダウンロード ごみ出し検索 よくある質問 よくあるご質問 観光に関するよくある質問 認定こども園等に関するよくある質問 そのぎ茶に関するよくある質問 選挙に関するよくある質問 役場に関するよくある質問 よく
東彼杵町	特別児童扶養手当	https://www.town.higashisonogi.lg.jp/kosodate_kyoiku/jidofukushi/371.html	200	26	特別児童扶養手当／東彼杵町 スマートフォン版を表示 本文へ 背景色変更 文字サイズ Foreign Language 目的別で探す 妊娠・出産 子育て 入園・入学 就職・退職 結婚・離婚 引っ越し・ 住まい 高齢・介護 おくやみ よく利用されるメニュー 町営バス・デマンド交通 電子申請サービス 手続き検索ナビ 申請書ダウンロード ごみ出し検索 よくある質問 よくあるご質問 観光に関するよくある質問 認定こども園等に関するよくある質問 そのぎ茶に関するよくある質問 選挙に関するよくある質問 役場に関するよくある質問
東彼杵町	令和6年10月分から児童手当が変わります	https://www.town.higashisonogi.lg.jp/kosodate_kyoiku/jidofukushi/2917.html	200	26	令和6年10月分から児童手当が変わります／東彼杵町 スマートフォン版を表示 本文へ 背景色変更 文字サイズ Foreign Language 目的別で探す 妊娠・出産 子育て 入園・入学 就職・退職 結婚・離婚 引っ越し・ 住まい 高齢・介護 おくやみ よく利用されるメニュー 町営バス・デマンド交通 電子申請サービス 手続き検索ナビ 申請書ダウンロード ごみ出し検索 よくある質問 よくあるご質問 観光に関するよくある質問 認定こども園等に関するよくある質問 そのぎ茶に関するよくある質問 選挙に関するよくある質問 役
東彼杵町	休日の地域スポーツクラブ活動の指導者を募集しています	https://www.town.higashisonogi.lg.jp/kosodate_kyoiku/kyoiku/2860.html	200	26	休日の地域スポーツクラブ活動の指導者を募集しています／東彼杵町 スマートフォン版を表示 本文へ 背景色変更 文字サイズ Foreign Language 目的別で探す 妊娠・出産 子育て 入園・入学 就職・退職 結婚・離婚 引っ越し・ 住まい 高齢・介護 おくやみ よく利用されるメニュー 町営バス・デマンド交通 電子申請サービス 手続き検索ナビ 申請書ダウンロード ごみ出し検索 よくある質問 よくあるご質問 観光に関するよくある質問 認定こども園等に関するよくある質問 そのぎ茶に関するよくある質問 選挙に関するよく
東彼杵町	東彼杵町は通学費を半額助成します	https://www.town.higashisonogi.lg.jp/kosodate_kyoiku/kyoiku/3547.html	200	26	東彼杵町は通学費を半額助成します／東彼杵町 スマートフォン版を表示 本文へ 背景色変更 文字サイズ Foreign Language 目的別で探す 妊娠・出産 子育て 入園・入学 就職・退職 結婚・離婚 引っ越し・ 住まい 高齢・介護 おくやみ よく利用されるメニュー 町営バス・デマンド交通 電子申請サービス 手続き検索ナビ 申請書ダウンロード ごみ出し検索 よくある質問 よくあるご質問 観光に関するよくある質問 認定こども園等に関するよくある質問 そのぎ茶に関するよくある質問 選挙に関するよくある質問 役場に関す
東彼杵町	東彼杵町骨髄等移植ドナー支援助成金交付事業	https://www.town.higashisonogi.lg.jp/kenko_fukushi/kenko/2520.html	200	26	東彼杵町骨髄等移植ドナー支援助成金交付事業／東彼杵町 スマートフォン版を表示 本文へ 背景色変更 文字サイズ Foreign Language 目的別で探す 妊娠・出産 子育て 入園・入学 就職・退職 結婚・離婚 引っ越し・ 住まい 高齢・介護 おくやみ よく利用されるメニュー 町営バス・デマンド交通 電子申請サービス 手続き検索ナビ 申請書ダウンロード ごみ出し検索 よくある質問 よくあるご質問 観光に関するよくある質問 認定こども園等に関するよくある質問 そのぎ茶に関するよくある質問 選挙に関するよくある質問
東彼杵町	国民健康保険税	https://www.town.higashisonogi.lg.jp/kenko_fukushi/kokuminkenkohoken/674.html	200	26	国民健康保険税／東彼杵町 スマートフォン版を表示 本文へ 背景色変更 文字サイズ Foreign Language 目的別で探す 妊娠・出産 子育て 入園・入学 就職・退職 結婚・離婚 引っ越し・ 住まい 高齢・介護 おくやみ よく利用されるメニュー 町営バス・デマンド交通 電子申請サービス 手続き検索ナビ 申請書ダウンロード ごみ出し検索 よくある質問 よくあるご質問 観光に関するよくある質問 認定こども園等に関するよくある質問 そのぎ茶に関するよくある質問 選挙に関するよくある質問 役場に関するよくある質問 よ
東彼杵町	町営バス	https://www.town.higashisonogi.lg.jp/kurashi_tetsuzuki/kotsu/416.html	200	24	町営バス／東彼杵町 スマートフォン版を表示 本文へ 背景色変更 文字サイズ Foreign Language 目的別で探す 妊娠・出産 子育て 入園・入学 就職・退職 結婚・離婚 引っ越し・ 住まい 高齢・介護 おくやみ よく利用されるメニュー 町営バス・デマンド交通 電子申請サービス 手続き検索ナビ 申請書ダウンロード ごみ出し検索 よくある質問 よくあるご質問 観光に関するよくある質問 認定こども園等に関するよくある質問 そのぎ茶に関するよくある質問 選挙に関するよくある質問 役場に関するよくある質問 よく見ら
東彼杵町	不妊治療費（先進医療費分）の助成を開始しました	https://www.town.higashisonogi.lg.jp/lifescene/7/893.html	200	23	不妊治療費（先進医療費分）の助成を開始しました／東彼杵町 スマートフォン版を表示 本文へ 背景色変更 文字サイズ Foreign Language 目的別で探す 妊娠・出産 子育て 入園・入学 就職・退職 結婚・離婚 引っ越し・ 住まい 高齢・介護 おくやみ よく利用されるメニュー 町営バス・デマンド交通 電子申請サービス 手続き検索ナビ 申請書ダウンロード ごみ出し検索 よくある質問 よくあるご質問 観光に関するよくある質問 認定こども園等に関するよくある質問 そのぎ茶に関するよくある質問 選挙に関するよくある質
東彼杵町	子育て用品購入費補助	https://www.town.higashisonogi.lg.jp/lifescene/7/1207.html	200	23	子育て用品購入費補助／東彼杵町 スマートフォン版を表示 本文へ 背景色変更 文字サイズ Foreign Language 目的別で探す 妊娠・出産 子育て 入園・入学 就職・退職 結婚・離婚 引っ越し・ 住まい 高齢・介護 おくやみ よく利用されるメニュー 町営バス・デマンド交通 電子申請サービス 手続き検索ナビ 申請書ダウンロード ごみ出し検索 よくある質問 よくあるご質問 観光に関するよくある質問 認定こども園等に関するよくある質問 そのぎ茶に関するよくある質問 選挙に関するよくある質問 役場に関するよくある質
東彼杵町	妊婦のための支援給付金	https://www.town.higashisonogi.lg.jp/lifescene/7/3205.html	200	23	妊婦のための支援給付金／東彼杵町 スマートフォン版を表示 本文へ 背景色変更 文字サイズ Foreign Language 目的別で探す 妊娠・出産 子育て 入園・入学 就職・退職 結婚・離婚 引っ越し・ 住まい 高齢・介護 おくやみ よく利用されるメニュー 町営バス・デマンド交通 電子申請サービス 手続き検索ナビ 申請書ダウンロード ごみ出し検索 よくある質問 よくあるご質問 観光に関するよくある質問 認定こども園等に関するよくある質問 そのぎ茶に関するよくある質問 選挙に関するよくある質問 役場に関するよくある
東彼杵町	東彼杵町は通学費を半額助成します	https://www.town.higashisonogi.lg.jp/lifescene/1/3115.html	200	23	東彼杵町は通学費を半額助成します／東彼杵町 スマートフォン版を表示 本文へ 背景色変更 文字サイズ Foreign Language 目的別で探す 妊娠・出産 子育て 入園・入学 就職・退職 結婚・離婚 引っ越し・ 住まい 高齢・介護 おくやみ よく利用されるメニュー 町営バス・デマンド交通 電子申請サービス 手続き検索ナビ 申請書ダウンロード ごみ出し検索 よくある質問 よくあるご質問 観光に関するよくある質問 認定こども園等に関するよくある質問 そのぎ茶に関するよくある質問 選挙に関するよくある質問 役場に関す
東彼杵町	東彼杵町は新婚生活を応援します！（結婚新生活支援事業費補助金）	https://www.town.higashisonogi.lg.jp/lifescene/3/920.html	200	23	東彼杵町は新婚生活を応援します！（結婚新生活支援事業費補助金）／東彼杵町 スマートフォン版を表示 本文へ 背景色変更 文字サイズ Foreign Language 目的別で探す 妊娠・出産 子育て 入園・入学 就職・退職 結婚・離婚 引っ越し・ 住まい 高齢・介護 おくやみ よく利用されるメニュー 町営バス・デマンド交通 電子申請サービス 手続き検索ナビ 申請書ダウンロード ごみ出し検索 よくある質問 よくあるご質問 観光に関するよくある質問 認定こども園等に関するよくある質問 そのぎ茶に関するよくある質問 選挙に
東彼杵町	後期高齢者医療制度	https://www.town.higashisonogi.lg.jp/lifescene/5/932.html	200	23	後期高齢者医療制度／東彼杵町 スマートフォン版を表示 本文へ 背景色変更 文字サイズ Foreign Language 目的別で探す 妊娠・出産 子育て 入園・入学 就職・退職 結婚・離婚 引っ越し・ 住まい 高齢・介護 おくやみ よく利用されるメニュー 町営バス・デマンド交通 電子申請サービス 手続き検索ナビ 申請書ダウンロード ごみ出し検索 よくある質問 よくあるご質問 観光に関するよくある質問 認定こども園等に関するよくある質問 そのぎ茶に関するよくある質問 選挙に関するよくある質問 役場に関するよくある質問
東彼杵町	町営バス（高齢者減免手続き）	https://www.town.higashisonogi.lg.jp/lifescene/5/1141.html	200	23	町営バス（高齢者減免手続き）／東彼杵町 スマートフォン版を表示 本文へ 背景色変更 文字サイズ Foreign Language 目的別で探す 妊娠・出産 子育て 入園・入学 就職・退職 結婚・離婚 引っ越し・ 住まい 高齢・介護 おくやみ よく利用されるメニュー 町営バス・デマンド交通 電子申請サービス 手続き検索ナビ 申請書ダウンロード ごみ出し検索 よくある質問 よくあるご質問 観光に関するよくある質問 認定こども園等に関するよくある質問 そのぎ茶に関するよくある質問 選挙に関するよくある質問 役場に関するよ
東彼杵町	子育てに関すること	https://www.town.higashisonogi.lg.jp/iju_teiju/kosodate/index.html	200	22	子育てに関すること／東彼杵町 スマートフォン版を表示 本文へ 背景色変更 文字サイズ Foreign Language 目的別で探す 妊娠・出産 子育て 入園・入学 就職・退職 結婚・離婚 引っ越し・ 住まい 高齢・介護 おくやみ よく利用されるメニュー 町営バス・デマンド交通 電子申請サービス 手続き検索ナビ 申請書ダウンロード ごみ出し検索 よくある質問 よくあるご質問 観光に関するよくある質問 認定こども園等に関するよくある質問 そのぎ茶に関するよくある質問 選挙に関するよくある質問 役場に関するよくある質問
東彼杵町	デマンド交通「どこっ茶バス」	https://www.town.higashisonogi.lg.jp/kurashi_tetsuzuki/kotsu/3225.html	200	22	デマンド交通「どこっ茶バス」／東彼杵町 スマートフォン版を表示 本文へ 背景色変更 文字サイズ Foreign Language 目的別で探す 妊娠・出産 子育て 入園・入学 就職・退職 結婚・離婚 引っ越し・ 住まい 高齢・介護 おくやみ よく利用されるメニュー 町営バス・デマンド交通 電子申請サービス 手続き検索ナビ 申請書ダウンロード ごみ出し検索 よくある質問 よくあるご質問 観光に関するよくある質問 認定こども園等に関するよくある質問 そのぎ茶に関するよくある質問 選挙に関するよくある質問 役場に関するよ
東彼杵町	新生児聴覚検査	https://www.town.higashisonogi.lg.jp/kosodate_kyoiku/ninshin_shussan_kenshin/2310.html	200	22	新生児聴覚検査／東彼杵町 スマートフォン版を表示 本文へ 背景色変更 文字サイズ Foreign Language 目的別で探す 妊娠・出産 子育て 入園・入学 就職・退職 結婚・離婚 引っ越し・ 住まい 高齢・介護 おくやみ よく利用されるメニュー 町営バス・デマンド交通 電子申請サービス 手続き検索ナビ 申請書ダウンロード ごみ出し検索 よくある質問 よくあるご質問 観光に関するよくある質問 認定こども園等に関するよくある質問 そのぎ茶に関するよくある質問 選挙に関するよくある質問 役場に関するよくある質問 よ
東彼杵町	税金・公金	https://www.town.higashisonogi.lg.jp/kurashi_tetsuzuki/zeikin/index.html	200	21	税金・公金／東彼杵町 スマートフォン版を表示 本文へ 背景色変更 文字サイズ Foreign Language 目的別で探す 妊娠・出産 子育て 入園・入学 就職・退職 結婚・離婚 引っ越し・ 住まい 高齢・介護 おくやみ よく利用されるメニュー 町営バス・デマンド交通 電子申請サービス 手続き検索ナビ 申請書ダウンロード ごみ出し検索 よくある質問 よくあるご質問 観光に関するよくある質問 認定こども園等に関するよくある質問 そのぎ茶に関するよくある質問 選挙に関するよくある質問 役場に関するよくある質問 よく見
東彼杵町	障害者福祉	https://www.town.higashisonogi.lg.jp/kenko_fukushi/shogaisha/index.html	200	21	障害者福祉／東彼杵町 スマートフォン版を表示 本文へ 背景色変更 文字サイズ Foreign Language 目的別で探す 妊娠・出産 子育て 入園・入学 就職・退職 結婚・離婚 引っ越し・ 住まい 高齢・介護 おくやみ よく利用されるメニュー 町営バス・デマンド交通 電子申請サービス 手続き検索ナビ 申請書ダウンロード ごみ出し検索 よくある質問 よくあるご質問 観光に関するよくある質問 認定こども園等に関するよくある質問 そのぎ茶に関するよくある質問 選挙に関するよくある質問 役場に関するよくある質問 よく見
東彼杵町	住まいに関すること	https://www.town.higashisonogi.lg.jp/iju_teiju/sumai/index.html	200	21	住まいに関すること／東彼杵町 スマートフォン版を表示 本文へ 背景色変更 文字サイズ Foreign Language 目的別で探す 妊娠・出産 子育て 入園・入学 就職・退職 結婚・離婚 引っ越し・ 住まい 高齢・介護 おくやみ よく利用されるメニュー 町営バス・デマンド交通 電子申請サービス 手続き検索ナビ 申請書ダウンロード ごみ出し検索 よくある質問 よくあるご質問 観光に関するよくある質問 認定こども園等に関するよくある質問 そのぎ茶に関するよくある質問 選挙に関するよくある質問 役場に関するよくある質問
東彼杵町	出産一時金の支給（国保加入者）	https://www.town.higashisonogi.lg.jp/lifescene/7/901.html	200	21	出産一時金の支給（国保加入者）／東彼杵町 スマートフォン版を表示 本文へ 背景色変更 文字サイズ Foreign Language 目的別で探す 妊娠・出産 子育て 入園・入学 就職・退職 結婚・離婚 引っ越し・ 住まい 高齢・介護 おくやみ よく利用されるメニュー 町営バス・デマンド交通 電子申請サービス 手続き検索ナビ 申請書ダウンロード ごみ出し検索 よくある質問 よくあるご質問 観光に関するよくある質問 認定こども園等に関するよくある質問 そのぎ茶に関するよくある質問 選挙に関するよくある質問 役場に関する
東彼杵町	住まい探し・住まいに関する補助金	https://www.town.higashisonogi.lg.jp/lifescene/4/hikkoshi_sumai_sumai/index.html	200	21	住まい探し・住まいに関する補助金／東彼杵町 スマートフォン版を表示 本文へ 背景色変更 文字サイズ Foreign Language 目的別で探す 妊娠・出産 子育て 入園・入学 就職・退職 結婚・離婚 引っ越し・ 住まい 高齢・介護 おくやみ よく利用されるメニュー 町営バス・デマンド交通 電子申請サービス 手続き検索ナビ 申請書ダウンロード ごみ出し検索 よくある質問 よくあるご質問 観光に関するよくある質問 認定こども園等に関するよくある質問 そのぎ茶に関するよくある質問 選挙に関するよくある質問 役場に関す
東彼杵町	非課税世帯給付金・定額減税給付金	https://www.town.higashisonogi.lg.jp/kurashi_tetsuzuki/zeikin/3399.html	200	21	非課税世帯給付金・定額減税給付金／東彼杵町 スマートフォン版を表示 本文へ 背景色変更 文字サイズ Foreign Language 目的別で探す 妊娠・出産 子育て 入園・入学 就職・退職 結婚・離婚 引っ越し・ 住まい 高齢・介護 おくやみ よく利用されるメニュー 町営バス・デマンド交通 電子申請サービス 手続き検索ナビ 申請書ダウンロード ごみ出し検索 よくある質問 よくあるご質問 観光に関するよくある質問 認定こども園等に関するよくある質問 そのぎ茶に関するよくある質問 選挙に関するよくある質問 役場に関す
東彼杵町	まごころ奨学金	https://www.town.higashisonogi.lg.jp/kurashi_tetsuzuki/kotsu/1639.html	200	21	まごころ奨学金／東彼杵町 スマートフォン版を表示 本文へ 背景色変更 文字サイズ Foreign Language 目的別で探す 妊娠・出産 子育て 入園・入学 就職・退職 結婚・離婚 引っ越し・ 住まい 高齢・介護 おくやみ よく利用されるメニュー 町営バス・デマンド交通 電子申請サービス 手続き検索ナビ 申請書ダウンロード ごみ出し検索 よくある質問 よくあるご質問 観光に関するよくある質問 認定こども園等に関するよくある質問 そのぎ茶に関するよくある質問 選挙に関するよくある質問 役場に関するよくある質問 よ
東彼杵町	まごころ奨学金	https://www.town.higashisonogi.lg.jp/kosodate_kyoiku/kyoiku/1637.html	200	21	まごころ奨学金／東彼杵町 スマートフォン版を表示 本文へ 背景色変更 文字サイズ Foreign Language 目的別で探す 妊娠・出産 子育て 入園・入学 就職・退職 結婚・離婚 引っ越し・ 住まい 高齢・介護 おくやみ よく利用されるメニュー 町営バス・デマンド交通 電子申請サービス 手続き検索ナビ 申請書ダウンロード ごみ出し検索 よくある質問 よくあるご質問 観光に関するよくある質問 認定こども園等に関するよくある質問 そのぎ茶に関するよくある質問 選挙に関するよくある質問 役場に関するよくある質問 よ
東彼杵町	教育	https://www.town.higashisonogi.lg.jp/kosodate_kyoiku/kyoiku/index.html	200	20	教育／東彼杵町 スマートフォン版を表示 本文へ 背景色変更 文字サイズ Foreign Language 目的別で探す 妊娠・出産 子育て 入園・入学 就職・退職 結婚・離婚 引っ越し・ 住まい 高齢・介護 おくやみ よく利用されるメニュー 町営バス・デマンド交通 電子申請サービス 手続き検索ナビ 申請書ダウンロード ごみ出し検索 よくある質問 よくあるご質問 観光に関するよくある質問 認定こども園等に関するよくある質問 そのぎ茶に関するよくある質問 選挙に関するよくある質問 役場に関するよくある質問 よく見られる
東彼杵町	国民健康保険	https://www.town.higashisonogi.lg.jp/kenko_fukushi/kokuminkenkohoken/index.html	200	20	国民健康保険／東彼杵町 スマートフォン版を表示 本文へ 背景色変更 文字サイズ Foreign Language 目的別で探す 妊娠・出産 子育て 入園・入学 就職・退職 結婚・離婚 引っ越し・ 住まい 高齢・介護 おくやみ よく利用されるメニュー 町営バス・デマンド交通 電子申請サービス 手続き検索ナビ 申請書ダウンロード ごみ出し検索 よくある質問 よくあるご質問 観光に関するよくある質問 認定こども園等に関するよくある質問 そのぎ茶に関するよくある質問 選挙に関するよくある質問 役場に関するよくある質問 よく
東彼杵町	未就園児の一時預かり事業	https://www.town.higashisonogi.lg.jp/kosodate_kyoiku/kosodate/1520.html	200	20	未就園児の一時預かり事業／東彼杵町 スマートフォン版を表示 本文へ 背景色変更 文字サイズ Foreign Language 目的別で探す 妊娠・出産 子育て 入園・入学 就職・退職 結婚・離婚 引っ越し・ 住まい 高齢・介護 おくやみ よく利用されるメニュー 町営バス・デマンド交通 電子申請サービス 手続き検索ナビ 申請書ダウンロード ごみ出し検索 よくある質問 よくあるご質問 観光に関するよくある質問 認定こども園等に関するよくある質問 そのぎ茶に関するよくある質問 選挙に関するよくある質問 役場に関するよくあ
東彼杵町	東彼杵町こども誰でも通園制度について	https://www.town.higashisonogi.lg.jp/kosodate_kyoiku/kosodate/2775.html	200	20	東彼杵町こども誰でも通園制度について／東彼杵町 スマートフォン版を表示 本文へ 背景色変更 文字サイズ Foreign Language 目的別で探す 妊娠・出産 子育て 入園・入学 就職・退職 結婚・離婚 引っ越し・ 住まい 高齢・介護 おくやみ よく利用されるメニュー 町営バス・デマンド交通 電子申請サービス 手続き検索ナビ 申請書ダウンロード ごみ出し検索 よくある質問 よくあるご質問 観光に関するよくある質問 認定こども園等に関するよくある質問 そのぎ茶に関するよくある質問 選挙に関するよくある質問 役場に
東彼杵町	保育所・認定こども園の入所について（保育が必要な子ども）	https://www.town.higashisonogi.lg.jp/kosodate_kyoiku/hoikuen_yochien/372.html	200	20	保育所・認定こども園の入所について（保育が必要な子ども）／東彼杵町 スマートフォン版を表示 本文へ 背景色変更 文字サイズ Foreign Language 目的別で探す 妊娠・出産 子育て 入園・入学 就職・退職 結婚・離婚 引っ越し・ 住まい 高齢・介護 おくやみ よく利用されるメニュー 町営バス・デマンド交通 電子申請サービス 手続き検索ナビ 申請書ダウンロード ごみ出し検索 よくある質問 よくあるご質問 観光に関するよくある質問 認定こども園等に関するよくある質問 そのぎ茶に関するよくある質問 選挙に関する
東彼杵町	東彼杵町こども誰でも通園制度について	https://www.town.higashisonogi.lg.jp/kosodate_kyoiku/hoikuen_yochien/2777.html	200	20	東彼杵町こども誰でも通園制度について／東彼杵町 スマートフォン版を表示 本文へ 背景色変更 文字サイズ Foreign Language 目的別で探す 妊娠・出産 子育て 入園・入学 就職・退職 結婚・離婚 引っ越し・ 住まい 高齢・介護 おくやみ よく利用されるメニュー 町営バス・デマンド交通 電子申請サービス 手続き検索ナビ 申請書ダウンロード ごみ出し検索 よくある質問 よくあるご質問 観光に関するよくある質問 認定こども園等に関するよくある質問 そのぎ茶に関するよくある質問 選挙に関するよくある質問 役場に
東彼杵町	児童福祉	https://www.town.higashisonogi.lg.jp/kosodate_kyoiku/jidofukushi/index.html	200	19	児童福祉／東彼杵町 スマートフォン版を表示 本文へ 背景色変更 文字サイズ Foreign Language 目的別で探す 妊娠・出産 子育て 入園・入学 就職・退職 結婚・離婚 引っ越し・ 住まい 高齢・介護 おくやみ よく利用されるメニュー 町営バス・デマンド交通 電子申請サービス 手続き検索ナビ 申請書ダウンロード ごみ出し検索 よくある質問 よくあるご質問 観光に関するよくある質問 認定こども園等に関するよくある質問 そのぎ茶に関するよくある質問 選挙に関するよくある質問 役場に関するよくある質問 よく見ら
東彼杵町	新生児聴覚検査	https://www.town.higashisonogi.lg.jp/lifescene/7/2309.html	200	19	新生児聴覚検査／東彼杵町 スマートフォン版を表示 本文へ 背景色変更 文字サイズ Foreign Language 目的別で探す 妊娠・出産 子育て 入園・入学 就職・退職 結婚・離婚 引っ越し・ 住まい 高齢・介護 おくやみ よく利用されるメニュー 町営バス・デマンド交通 電子申請サービス 手続き検索ナビ 申請書ダウンロード ごみ出し検索 よくある質問 よくあるご質問 観光に関するよくある質問 認定こども園等に関するよくある質問 そのぎ茶に関するよくある質問 選挙に関するよくある質問 役場に関するよくある質問 よ
東彼杵町	漁業への就業支援	https://www.town.higashisonogi.lg.jp/lifescene/2/3131.html	200	19	漁業への就業支援／東彼杵町 スマートフォン版を表示 本文へ 背景色変更 文字サイズ Foreign Language 目的別で探す 妊娠・出産 子育て 入園・入学 就職・退職 結婚・離婚 引っ越し・ 住まい 高齢・介護 おくやみ よく利用されるメニュー 町営バス・デマンド交通 電子申請サービス 手続き検索ナビ 申請書ダウンロード ごみ出し検索 よくある質問 よくあるご質問 観光に関するよくある質問 認定こども園等に関するよくある質問 そのぎ茶に関するよくある質問 選挙に関するよくある質問 役場に関するよくある質問
東彼杵町	国民健康保険税の産前産後期間免除制度について	https://www.town.higashisonogi.lg.jp/kosodate_kyoiku/ninshin_shussan_kenshin/2554.html	200	19	国民健康保険税の産前産後期間免除制度について／東彼杵町 スマートフォン版を表示 本文へ 背景色変更 文字サイズ Foreign Language 目的別で探す 妊娠・出産 子育て 入園・入学 就職・退職 結婚・離婚 引っ越し・ 住まい 高齢・介護 おくやみ よく利用されるメニュー 町営バス・デマンド交通 電子申請サービス 手続き検索ナビ 申請書ダウンロード ごみ出し検索 よくある質問 よくあるご質問 観光に関するよくある質問 認定こども園等に関するよくある質問 そのぎ茶に関するよくある質問 選挙に関するよくある質問
東彼杵町	国民健康保険税の産前産後期間免除制度について	https://www.town.higashisonogi.lg.jp/kenko_fukushi/kokuminkenkohoken/2555.html	200	19	国民健康保険税の産前産後期間免除制度について／東彼杵町 スマートフォン版を表示 本文へ 背景色変更 文字サイズ Foreign Language 目的別で探す 妊娠・出産 子育て 入園・入学 就職・退職 結婚・離婚 引っ越し・ 住まい 高齢・介護 おくやみ よく利用されるメニュー 町営バス・デマンド交通 電子申請サービス 手続き検索ナビ 申請書ダウンロード ごみ出し検索 よくある質問 よくあるご質問 観光に関するよくある質問 認定こども園等に関するよくある質問 そのぎ茶に関するよくある質問 選挙に関するよくある質問
東彼杵町	長崎県東彼杵町の暮らしを体験！お試し住宅「大迫の宿」	https://www.town.higashisonogi.lg.jp/iju_teiju/508.html	200	18	長崎県東彼杵町の暮らしを体験！お試し住宅「大迫の宿」／東彼杵町 スマートフォン版を表示 本文へ 背景色変更 文字サイズ Foreign Language 目的別で探す 妊娠・出産 子育て 入園・入学 就職・退職 結婚・離婚 引っ越し・ 住まい 高齢・介護 おくやみ よく利用されるメニュー 町営バス・デマンド交通 電子申請サービス 手続き検索ナビ 申請書ダウンロード ごみ出し検索 よくある質問 よくあるご質問 観光に関するよくある質問 認定こども園等に関するよくある質問 そのぎ茶に関するよくある質問 選挙に関するよく
東彼杵町	まごころ奨学金	https://www.town.higashisonogi.lg.jp/lifescene/1/1638.html	200	18	まごころ奨学金／東彼杵町 スマートフォン版を表示 本文へ 背景色変更 文字サイズ Foreign Language 目的別で探す 妊娠・出産 子育て 入園・入学 就職・退職 結婚・離婚 引っ越し・ 住まい 高齢・介護 おくやみ よく利用されるメニュー 町営バス・デマンド交通 電子申請サービス 手続き検索ナビ 申請書ダウンロード ごみ出し検索 よくある質問 よくあるご質問 観光に関するよくある質問 認定こども園等に関するよくある質問 そのぎ茶に関するよくある質問 選挙に関するよくある質問 役場に関するよくある質問 よ
東彼杵町	資源回収	https://www.town.higashisonogi.lg.jp/kurashi_tetsuzuki/gomi_jokaso/408.html	200	18	資源回収／東彼杵町 スマートフォン版を表示 本文へ 背景色変更 文字サイズ Foreign Language 目的別で探す 妊娠・出産 子育て 入園・入学 就職・退職 結婚・離婚 引っ越し・ 住まい 高齢・介護 おくやみ よく利用されるメニュー 町営バス・デマンド交通 電子申請サービス 手続き検索ナビ 申請書ダウンロード ごみ出し検索 よくある質問 よくあるご質問 観光に関するよくある質問 認定こども園等に関するよくある質問 そのぎ茶に関するよくある質問 選挙に関するよくある質問 役場に関するよくある質問 よく見ら
東彼杵町	妊婦一般健康診査	https://www.town.higashisonogi.lg.jp/kosodate_kyoiku/ninshin_shussan_kenshin/2303.html	200	18	妊婦一般健康診査／東彼杵町 スマートフォン版を表示 本文へ 背景色変更 文字サイズ Foreign Language 目的別で探す 妊娠・出産 子育て 入園・入学 就職・退職 結婚・離婚 引っ越し・ 住まい 高齢・介護 おくやみ よく利用されるメニュー 町営バス・デマンド交通 電子申請サービス 手続き検索ナビ 申請書ダウンロード ごみ出し検索 よくある質問 よくあるご質問 観光に関するよくある質問 認定こども園等に関するよくある質問 そのぎ茶に関するよくある質問 選挙に関するよくある質問 役場に関するよくある質問
東彼杵町	お子様の一時預かり	https://www.town.higashisonogi.lg.jp/kosodate_kyoiku/kosodate/373.html	200	18	お子様の一時預かり／東彼杵町 スマートフォン版を表示 本文へ 背景色変更 文字サイズ Foreign Language 目的別で探す 妊娠・出産 子育て 入園・入学 就職・退職 結婚・離婚 引っ越し・ 住まい 高齢・介護 おくやみ よく利用されるメニュー 町営バス・デマンド交通 電子申請サービス 手続き検索ナビ 申請書ダウンロード ごみ出し検索 よくある質問 よくあるご質問 観光に関するよくある質問 認定こども園等に関するよくある質問 そのぎ茶に関するよくある質問 選挙に関するよくある質問 役場に関するよくある質問
東彼杵町	お子様の夜間・休日一時預かり	https://www.town.higashisonogi.lg.jp/kosodate_kyoiku/kosodate/374.html	200	18	お子様の夜間・休日一時預かり／東彼杵町 スマートフォン版を表示 本文へ 背景色変更 文字サイズ Foreign Language 目的別で探す 妊娠・出産 子育て 入園・入学 就職・退職 結婚・離婚 引っ越し・ 住まい 高齢・介護 おくやみ よく利用されるメニュー 町営バス・デマンド交通 電子申請サービス 手続き検索ナビ 申請書ダウンロード ごみ出し検索 よくある質問 よくあるご質問 観光に関するよくある質問 認定こども園等に関するよくある質問 そのぎ茶に関するよくある質問 選挙に関するよくある質問 役場に関するよ
東彼杵町	放課後児童クラブ	https://www.town.higashisonogi.lg.jp/kosodate_kyoiku/kosodate/989.html	200	18	放課後児童クラブ／東彼杵町 スマートフォン版を表示 本文へ 背景色変更 文字サイズ Foreign Language 目的別で探す 妊娠・出産 子育て 入園・入学 就職・退職 結婚・離婚 引っ越し・ 住まい 高齢・介護 おくやみ よく利用されるメニュー 町営バス・デマンド交通 電子申請サービス 手続き検索ナビ 申請書ダウンロード ごみ出し検索 よくある質問 よくあるご質問 観光に関するよくある質問 認定こども園等に関するよくある質問 そのぎ茶に関するよくある質問 選挙に関するよくある質問 役場に関するよくある質問
東彼杵町	東彼杵町小中学校入学祝金	https://www.town.higashisonogi.lg.jp/kosodate_kyoiku/kyoiku/2737.html	200	18	東彼杵町小中学校入学祝金／東彼杵町 スマートフォン版を表示 本文へ 背景色変更 文字サイズ Foreign Language 目的別で探す 妊娠・出産 子育て 入園・入学 就職・退職 結婚・離婚 引っ越し・ 住まい 高齢・介護 おくやみ よく利用されるメニュー 町営バス・デマンド交通 電子申請サービス 手続き検索ナビ 申請書ダウンロード ごみ出し検索 よくある質問 よくあるご質問 観光に関するよくある質問 認定こども園等に関するよくある質問 そのぎ茶に関するよくある質問 選挙に関するよくある質問 役場に関するよくあ
東彼杵町	がん患者支援サポートブックながさき	https://www.town.higashisonogi.lg.jp/kenko_fukushi/kenko/2765.html	200	18	がん患者支援サポートブックながさき／東彼杵町 スマートフォン版を表示 本文へ 背景色変更 文字サイズ Foreign Language 目的別で探す 妊娠・出産 子育て 入園・入学 就職・退職 結婚・離婚 引っ越し・ 住まい 高齢・介護 おくやみ よく利用されるメニュー 町営バス・デマンド交通 電子申請サービス 手続き検索ナビ 申請書ダウンロード ごみ出し検索 よくある質問 よくあるご質問 観光に関するよくある質問 認定こども園等に関するよくある質問 そのぎ茶に関するよくある質問 選挙に関するよくある質問 役場に関
東彼杵町	トレーニングルームのご紹介	https://www.town.higashisonogi.lg.jp/kenko_fukushi/kenko/427.html	200	18	トレーニングルームのご紹介／東彼杵町 スマートフォン版を表示 本文へ 背景色変更 文字サイズ Foreign Language 目的別で探す 妊娠・出産 子育て 入園・入学 就職・退職 結婚・離婚 引っ越し・ 住まい 高齢・介護 おくやみ よく利用されるメニュー 町営バス・デマンド交通 電子申請サービス 手続き検索ナビ 申請書ダウンロード ごみ出し検索 よくある質問 よくあるご質問 観光に関するよくある質問 認定こども園等に関するよくある質問 そのぎ茶に関するよくある質問 選挙に関するよくある質問 役場に関するよく
東彼杵町	高齢者肺炎球菌予防接種	https://www.town.higashisonogi.lg.jp/kenko_fukushi/yobosesshu/490.html	200	18	高齢者肺炎球菌予防接種／東彼杵町 スマートフォン版を表示 本文へ 背景色変更 文字サイズ Foreign Language 目的別で探す 妊娠・出産 子育て 入園・入学 就職・退職 結婚・離婚 引っ越し・ 住まい 高齢・介護 おくやみ よく利用されるメニュー 町営バス・デマンド交通 電子申請サービス 手続き検索ナビ 申請書ダウンロード ごみ出し検索 よくある質問 よくあるご質問 観光に関するよくある質問 認定こども園等に関するよくある質問 そのぎ茶に関するよくある質問 選挙に関するよくある質問 役場に関するよくある
東彼杵町	帯状疱疹ワクチンの定期予防接種について	https://www.town.higashisonogi.lg.jp/kenko_fukushi/yobosesshu/3180.html	200	18	帯状疱疹ワクチンの定期予防接種について／東彼杵町 スマートフォン版を表示 本文へ 背景色変更 文字サイズ Foreign Language 目的別で探す 妊娠・出産 子育て 入園・入学 就職・退職 結婚・離婚 引っ越し・ 住まい 高齢・介護 おくやみ よく利用されるメニュー 町営バス・デマンド交通 電子申請サービス 手続き検索ナビ 申請書ダウンロード ごみ出し検索 よくある質問 よくあるご質問 観光に関するよくある質問 認定こども園等に関するよくある質問 そのぎ茶に関するよくある質問 選挙に関するよくある質問 役場
東彼杵町	マイナ保険証をご利用ください	https://www.town.higashisonogi.lg.jp/kenko_fukushi/kokuminkenkohoken/2650.html	200	18	マイナ保険証をご利用ください／東彼杵町 スマートフォン版を表示 本文へ 背景色変更 文字サイズ Foreign Language 目的別で探す 妊娠・出産 子育て 入園・入学 就職・退職 結婚・離婚 引っ越し・ 住まい 高齢・介護 おくやみ よく利用されるメニュー 町営バス・デマンド交通 電子申請サービス 手続き検索ナビ 申請書ダウンロード ごみ出し検索 よくある質問 よくあるご質問 観光に関するよくある質問 認定こども園等に関するよくある質問 そのぎ茶に関するよくある質問 選挙に関するよくある質問 役場に関するよ
東彼杵町	入園・入学	https://www.town.higashisonogi.lg.jp/lifescene/1/index.html	200	17	入園・入学／東彼杵町 スマートフォン版を表示 本文へ 背景色変更 文字サイズ Foreign Language 目的別で探す 妊娠・出産 子育て 入園・入学 就職・退職 結婚・離婚 引っ越し・ 住まい 高齢・介護 おくやみ よく利用されるメニュー 町営バス・デマンド交通 電子申請サービス 手続き検索ナビ 申請書ダウンロード ごみ出し検索 よくある質問 よくあるご質問 観光に関するよくある質問 認定こども園等に関するよくある質問 そのぎ茶に関するよくある質問 選挙に関するよくある質問 役場に関するよくある質問 よく見
東彼杵町	住まい・上下水道	https://www.town.higashisonogi.lg.jp/kurashi_tetsuzuki/sumai_suido/index.html	200	17	住まい・上下水道／東彼杵町 スマートフォン版を表示 本文へ 背景色変更 文字サイズ Foreign Language 目的別で探す 妊娠・出産 子育て 入園・入学 就職・退職 結婚・離婚 引っ越し・ 住まい 高齢・介護 おくやみ よく利用されるメニュー 町営バス・デマンド交通 電子申請サービス 手続き検索ナビ 申請書ダウンロード ごみ出し検索 よくある質問 よくあるご質問 観光に関するよくある質問 認定こども園等に関するよくある質問 そのぎ茶に関するよくある質問 選挙に関するよくある質問 役場に関するよくある質問
東彼杵町	交通	https://www.town.higashisonogi.lg.jp/kurashi_tetsuzuki/kotsu/index.html	200	17	交通／東彼杵町 スマートフォン版を表示 本文へ 背景色変更 文字サイズ Foreign Language 目的別で探す 妊娠・出産 子育て 入園・入学 就職・退職 結婚・離婚 引っ越し・ 住まい 高齢・介護 おくやみ よく利用されるメニュー 町営バス・デマンド交通 電子申請サービス 手続き検索ナビ 申請書ダウンロード ごみ出し検索 よくある質問 よくあるご質問 観光に関するよくある質問 認定こども園等に関するよくある質問 そのぎ茶に関するよくある質問 選挙に関するよくある質問 役場に関するよくある質問 よく見られる
東彼杵町	妊娠・出産・健診	https://www.town.higashisonogi.lg.jp/kosodate_kyoiku/ninshin_shussan_kenshin/index.html	200	17	妊娠・出産・健診／東彼杵町 スマートフォン版を表示 本文へ 背景色変更 文字サイズ Foreign Language 目的別で探す 妊娠・出産 子育て 入園・入学 就職・退職 結婚・離婚 引っ越し・ 住まい 高齢・介護 おくやみ よく利用されるメニュー 町営バス・デマンド交通 電子申請サービス 手続き検索ナビ 申請書ダウンロード ごみ出し検索 よくある質問 よくあるご質問 観光に関するよくある質問 認定こども園等に関するよくある質問 そのぎ茶に関するよくある質問 選挙に関するよくある質問 役場に関するよくある質問
東彼杵町	結婚・妊娠・出産に関すること	https://www.town.higashisonogi.lg.jp/iju_teiju/kekkon_ninshin_shussan/index.html	200	17	結婚・妊娠・出産に関すること／東彼杵町 スマートフォン版を表示 本文へ 背景色変更 文字サイズ Foreign Language 目的別で探す 妊娠・出産 子育て 入園・入学 就職・退職 結婚・離婚 引っ越し・ 住まい 高齢・介護 おくやみ よく利用されるメニュー 町営バス・デマンド交通 電子申請サービス 手続き検索ナビ 申請書ダウンロード ごみ出し検索 よくある質問 よくあるご質問 観光に関するよくある質問 認定こども園等に関するよくある質問 そのぎ茶に関するよくある質問 選挙に関するよくある質問 役場に関するよ
東彼杵町	農家の経営主等がお亡くなりになった際の手続き	https://www.town.higashisonogi.lg.jp/lifescene/6/938.html	200	17	農家の経営主等がお亡くなりになった際の手続き／東彼杵町 スマートフォン版を表示 本文へ 背景色変更 文字サイズ Foreign Language 目的別で探す 妊娠・出産 子育て 入園・入学 就職・退職 結婚・離婚 引っ越し・ 住まい 高齢・介護 おくやみ よく利用されるメニュー 町営バス・デマンド交通 電子申請サービス 手続き検索ナビ 申請書ダウンロード ごみ出し検索 よくある質問 よくあるご質問 観光に関するよくある質問 認定こども園等に関するよくある質問 そのぎ茶に関するよくある質問 選挙に関するよくある質問
東彼杵町	町県民税・法人町民税	https://www.town.higashisonogi.lg.jp/kurashi_tetsuzuki/zeikin/chouken-houjinzei/index.html	200	17	町県民税・法人町民税／東彼杵町 スマートフォン版を表示 本文へ 背景色変更 文字サイズ Foreign Language 目的別で探す 妊娠・出産 子育て 入園・入学 就職・退職 結婚・離婚 引っ越し・ 住まい 高齢・介護 おくやみ よく利用されるメニュー 町営バス・デマンド交通 電子申請サービス 手続き検索ナビ 申請書ダウンロード ごみ出し検索 よくある質問 よくあるご質問 観光に関するよくある質問 認定こども園等に関するよくある質問 そのぎ茶に関するよくある質問 選挙に関するよくある質問 役場に関するよくある質
東彼杵町	マイナ保険証の利用が難しい人（障がい者、要介護者などの要配慮者）への資格確認書の交付について	https://www.town.higashisonogi.lg.jp/kenko_fukushi/kokuminkenkohoken/3101.html	200	17	マイナ保険証の利用が難しい人（障がい者、要介護者などの要配慮者）への資格確認書の交付について／東彼杵町 スマートフォン版を表示 本文へ 背景色変更 文字サイズ Foreign Language 目的別で探す 妊娠・出産 子育て 入園・入学 就職・退職 結婚・離婚 引っ越し・ 住まい 高齢・介護 おくやみ よく利用されるメニュー 町営バス・デマンド交通 電子申請サービス 手続き検索ナビ 申請書ダウンロード ごみ出し検索 よくある質問 よくあるご質問 観光に関するよくある質問 認定こども園等に関するよくある質問 そのぎ
東彼杵町	妊娠・出産	https://www.town.higashisonogi.lg.jp/lifescene/7/index.html	200	16	妊娠・出産／東彼杵町 スマートフォン版を表示 本文へ 背景色変更 文字サイズ Foreign Language 目的別で探す 妊娠・出産 子育て 入園・入学 就職・退職 結婚・離婚 引っ越し・ 住まい 高齢・介護 おくやみ よく利用されるメニュー 町営バス・デマンド交通 電子申請サービス 手続き検索ナビ 申請書ダウンロード ごみ出し検索 よくある質問 よくあるご質問 観光に関するよくある質問 認定こども園等に関するよくある質問 そのぎ茶に関するよくある質問 選挙に関するよくある質問 役場に関するよくある質問 よく見
東彼杵町	児童福祉	https://www.town.higashisonogi.lg.jp/lifescene/8/903.html	200	16	児童福祉／東彼杵町 スマートフォン版を表示 本文へ 背景色変更 文字サイズ Foreign Language 目的別で探す 妊娠・出産 子育て 入園・入学 就職・退職 結婚・離婚 引っ越し・ 住まい 高齢・介護 おくやみ よく利用されるメニュー 町営バス・デマンド交通 電子申請サービス 手続き検索ナビ 申請書ダウンロード ごみ出し検索 よくある質問 よくあるご質問 観光に関するよくある質問 認定こども園等に関するよくある質問 そのぎ茶に関するよくある質問 選挙に関するよくある質問 役場に関するよくある質問 よく見ら
東彼杵町	ゴミ・浄化槽	https://www.town.higashisonogi.lg.jp/kurashi_tetsuzuki/gomi_jokaso/index.html	200	15	ゴミ・浄化槽／東彼杵町 スマートフォン版を表示 本文へ 背景色変更 文字サイズ Foreign Language 目的別で探す 妊娠・出産 子育て 入園・入学 就職・退職 結婚・離婚 引っ越し・ 住まい 高齢・介護 おくやみ よく利用されるメニュー 町営バス・デマンド交通 電子申請サービス 手続き検索ナビ 申請書ダウンロード ごみ出し検索 よくある質問 よくあるご質問 観光に関するよくある質問 認定こども園等に関するよくある質問 そのぎ茶に関するよくある質問 選挙に関するよくある質問 役場に関するよくある質問 よく
東彼杵町	高齢者福祉	https://www.town.higashisonogi.lg.jp/kenko_fukushi/koreisha/index.html	200	15	高齢者福祉／東彼杵町 スマートフォン版を表示 本文へ 背景色変更 文字サイズ Foreign Language 目的別で探す 妊娠・出産 子育て 入園・入学 就職・退職 結婚・離婚 引っ越し・ 住まい 高齢・介護 おくやみ よく利用されるメニュー 町営バス・デマンド交通 電子申請サービス 手続き検索ナビ 申請書ダウンロード ごみ出し検索 よくある質問 よくあるご質問 観光に関するよくある質問 認定こども園等に関するよくある質問 そのぎ茶に関するよくある質問 選挙に関するよくある質問 役場に関するよくある質問 よく見
東彼杵町	妊婦一般健康診査	https://www.town.higashisonogi.lg.jp/lifescene/7/2302.html	200	15	妊婦一般健康診査／東彼杵町 スマートフォン版を表示 本文へ 背景色変更 文字サイズ Foreign Language 目的別で探す 妊娠・出産 子育て 入園・入学 就職・退職 結婚・離婚 引っ越し・ 住まい 高齢・介護 おくやみ よく利用されるメニュー 町営バス・デマンド交通 電子申請サービス 手続き検索ナビ 申請書ダウンロード ごみ出し検索 よくある質問 よくあるご質問 観光に関するよくある質問 認定こども園等に関するよくある質問 そのぎ茶に関するよくある質問 選挙に関するよくある質問 役場に関するよくある質問
東彼杵町	東彼杵町小中学校入学祝金	https://www.town.higashisonogi.lg.jp/lifescene/1/2738.html	200	15	東彼杵町小中学校入学祝金／東彼杵町 スマートフォン版を表示 本文へ 背景色変更 文字サイズ Foreign Language 目的別で探す 妊娠・出産 子育て 入園・入学 就職・退職 結婚・離婚 引っ越し・ 住まい 高齢・介護 おくやみ よく利用されるメニュー 町営バス・デマンド交通 電子申請サービス 手続き検索ナビ 申請書ダウンロード ごみ出し検索 よくある質問 よくあるご質問 観光に関するよくある質問 認定こども園等に関するよくある質問 そのぎ茶に関するよくある質問 選挙に関するよくある質問 役場に関するよくあ
東彼杵町	放課後児童クラブ	https://www.town.higashisonogi.lg.jp/lifescene/1/990.html	200	15	放課後児童クラブ／東彼杵町 スマートフォン版を表示 本文へ 背景色変更 文字サイズ Foreign Language 目的別で探す 妊娠・出産 子育て 入園・入学 就職・退職 結婚・離婚 引っ越し・ 住まい 高齢・介護 おくやみ よく利用されるメニュー 町営バス・デマンド交通 電子申請サービス 手続き検索ナビ 申請書ダウンロード ごみ出し検索 よくある質問 よくあるご質問 観光に関するよくある質問 認定こども園等に関するよくある質問 そのぎ茶に関するよくある質問 選挙に関するよくある質問 役場に関するよくある質問
東彼杵町	寄附金の使い道	https://www.town.higashisonogi.lg.jp/kurashi_tetsuzuki/furusato/696.html	200	15	寄附金の使い道／東彼杵町 スマートフォン版を表示 本文へ 背景色変更 文字サイズ Foreign Language 目的別で探す 妊娠・出産 子育て 入園・入学 就職・退職 結婚・離婚 引っ越し・ 住まい 高齢・介護 おくやみ よく利用されるメニュー 町営バス・デマンド交通 電子申請サービス 手続き検索ナビ 申請書ダウンロード ごみ出し検索 よくある質問 よくあるご質問 観光に関するよくある質問 認定こども園等に関するよくある質問 そのぎ茶に関するよくある質問 選挙に関するよくある質問 役場に関するよくある質問 よ
東彼杵町	乳児一般健康診査	https://www.town.higashisonogi.lg.jp/kosodate_kyoiku/ninshin_shussan_kenshin/2306.html	200	15	乳児一般健康診査／東彼杵町 スマートフォン版を表示 本文へ 背景色変更 文字サイズ Foreign Language 目的別で探す 妊娠・出産 子育て 入園・入学 就職・退職 結婚・離婚 引っ越し・ 住まい 高齢・介護 おくやみ よく利用されるメニュー 町営バス・デマンド交通 電子申請サービス 手続き検索ナビ 申請書ダウンロード ごみ出し検索 よくある質問 よくあるご質問 観光に関するよくある質問 認定こども園等に関するよくある質問 そのぎ茶に関するよくある質問 選挙に関するよくある質問 役場に関するよくある質問
東彼杵町	防災・消費生活相談	https://www.town.higashisonogi.lg.jp/kurashi_tetsuzuki/bosai/index.html	200	13	防災・消費生活相談／東彼杵町 スマートフォン版を表示 本文へ 背景色変更 文字サイズ Foreign Language 目的別で探す 妊娠・出産 子育て 入園・入学 就職・退職 結婚・離婚 引っ越し・ 住まい 高齢・介護 おくやみ よく利用されるメニュー 町営バス・デマンド交通 電子申請サービス 手続き検索ナビ 申請書ダウンロード ごみ出し検索 よくある質問 よくあるご質問 観光に関するよくある質問 認定こども園等に関するよくある質問 そのぎ茶に関するよくある質問 選挙に関するよくある質問 役場に関するよくある質問
東彼杵町	子育て支援	https://www.town.higashisonogi.lg.jp/kosodate_kyoiku/kosodate/index.html	200	13	子育て支援／東彼杵町 スマートフォン版を表示 本文へ 背景色変更 文字サイズ Foreign Language 目的別で探す 妊娠・出産 子育て 入園・入学 就職・退職 結婚・離婚 引っ越し・ 住まい 高齢・介護 おくやみ よく利用されるメニュー 町営バス・デマンド交通 電子申請サービス 手続き検索ナビ 申請書ダウンロード ごみ出し検索 よくある質問 よくあるご質問 観光に関するよくある質問 認定こども園等に関するよくある質問 そのぎ茶に関するよくある質問 選挙に関するよくある質問 役場に関するよくある質問 よく見
東彼杵町	保育園・幼稚園	https://www.town.higashisonogi.lg.jp/kosodate_kyoiku/hoikuen_yochien/index.html	200	13	保育園・幼稚園／東彼杵町 スマートフォン版を表示 本文へ 背景色変更 文字サイズ Foreign Language 目的別で探す 妊娠・出産 子育て 入園・入学 就職・退職 結婚・離婚 引っ越し・ 住まい 高齢・介護 おくやみ よく利用されるメニュー 町営バス・デマンド交通 電子申請サービス 手続き検索ナビ 申請書ダウンロード ごみ出し検索 よくある質問 よくあるご質問 観光に関するよくある質問 認定こども園等に関するよくある質問 そのぎ茶に関するよくある質問 選挙に関するよくある質問 役場に関するよくある質問 よ
東彼杵町	健康相談・健康づくり	https://www.town.higashisonogi.lg.jp/kenko_fukushi/kenko/index.html	200	13	健康相談・健康づくり／東彼杵町 スマートフォン版を表示 本文へ 背景色変更 文字サイズ Foreign Language 目的別で探す 妊娠・出産 子育て 入園・入学 就職・退職 結婚・離婚 引っ越し・ 住まい 高齢・介護 おくやみ よく利用されるメニュー 町営バス・デマンド交通 電子申請サービス 手続き検索ナビ 申請書ダウンロード ごみ出し検索 よくある質問 よくあるご質問 観光に関するよくある質問 認定こども園等に関するよくある質問 そのぎ茶に関するよくある質問 選挙に関するよくある質問 役場に関するよくある質
東彼杵町	国民年金	https://www.town.higashisonogi.lg.jp/kenko_fukushi/kokuminnenkin/index.html	200	13	国民年金／東彼杵町 スマートフォン版を表示 本文へ 背景色変更 文字サイズ Foreign Language 目的別で探す 妊娠・出産 子育て 入園・入学 就職・退職 結婚・離婚 引っ越し・ 住まい 高齢・介護 おくやみ よく利用されるメニュー 町営バス・デマンド交通 電子申請サービス 手続き検索ナビ 申請書ダウンロード ごみ出し検索 よくある質問 よくあるご質問 観光に関するよくある質問 認定こども園等に関するよくある質問 そのぎ茶に関するよくある質問 選挙に関するよくある質問 役場に関するよくある質問 よく見ら
東彼杵町	事業者向け情報	https://www.town.higashisonogi.lg.jp/sangyo/jigyousha_shien/index.html	200	13	事業者向け情報／東彼杵町 スマートフォン版を表示 本文へ 背景色変更 文字サイズ Foreign Language 目的別で探す 妊娠・出産 子育て 入園・入学 就職・退職 結婚・離婚 引っ越し・ 住まい 高齢・介護 おくやみ よく利用されるメニュー 町営バス・デマンド交通 電子申請サービス 手続き検索ナビ 申請書ダウンロード ごみ出し検索 よくある質問 よくあるご質問 観光に関するよくある質問 認定こども園等に関するよくある質問 そのぎ茶に関するよくある質問 選挙に関するよくある質問 役場に関するよくある質問 よ
東彼杵町	農業・林業・漁業者向け情報	https://www.town.higashisonogi.lg.jp/sangyo/nogyo_ringyo_gyogyo/index.html	200	13	農業・林業・漁業者向け情報／東彼杵町 スマートフォン版を表示 本文へ 背景色変更 文字サイズ Foreign Language 目的別で探す 妊娠・出産 子育て 入園・入学 就職・退職 結婚・離婚 引っ越し・ 住まい 高齢・介護 おくやみ よく利用されるメニュー 町営バス・デマンド交通 電子申請サービス 手続き検索ナビ 申請書ダウンロード ごみ出し検索 よくある質問 よくあるご質問 観光に関するよくある質問 認定こども園等に関するよくある質問 そのぎ茶に関するよくある質問 選挙に関するよくある質問 役場に関するよく
東彼杵町	仕事に関すること	https://www.town.higashisonogi.lg.jp/iju_teiju/shougyou_ijyuu/index.html	200	13	仕事に関すること／東彼杵町 スマートフォン版を表示 本文へ 背景色変更 文字サイズ Foreign Language 目的別で探す 妊娠・出産 子育て 入園・入学 就職・退職 結婚・離婚 引っ越し・ 住まい 高齢・介護 おくやみ よく利用されるメニュー 町営バス・デマンド交通 電子申請サービス 手続き検索ナビ 申請書ダウンロード ごみ出し検索 よくある質問 よくあるご質問 観光に関するよくある質問 認定こども園等に関するよくある質問 そのぎ茶に関するよくある質問 選挙に関するよくある質問 役場に関するよくある質問
東彼杵町	固定資産税	https://www.town.higashisonogi.lg.jp/kurashi_tetsuzuki/zeikin/koteishisanzei/index.html	200	13	固定資産税／東彼杵町 スマートフォン版を表示 本文へ 背景色変更 文字サイズ Foreign Language 目的別で探す 妊娠・出産 子育て 入園・入学 就職・退職 結婚・離婚 引っ越し・ 住まい 高齢・介護 おくやみ よく利用されるメニュー 町営バス・デマンド交通 電子申請サービス 手続き検索ナビ 申請書ダウンロード ごみ出し検索 よくある質問 よくあるご質問 観光に関するよくある質問 認定こども園等に関するよくある質問 そのぎ茶に関するよくある質問 選挙に関するよくある質問 役場に関するよくある質問 よく見
東彼杵町	上水道	https://www.town.higashisonogi.lg.jp/kurashi_tetsuzuki/sumai_suido/jyousuidou/index.html	200	13	上水道／東彼杵町 スマートフォン版を表示 本文へ 背景色変更 文字サイズ Foreign Language 目的別で探す 妊娠・出産 子育て 入園・入学 就職・退職 結婚・離婚 引っ越し・ 住まい 高齢・介護 おくやみ よく利用されるメニュー 町営バス・デマンド交通 電子申請サービス 手続き検索ナビ 申請書ダウンロード ごみ出し検索 よくある質問 よくあるご質問 観光に関するよくある質問 認定こども園等に関するよくある質問 そのぎ茶に関するよくある質問 選挙に関するよくある質問 役場に関するよくある質問 よく見られ
東彼杵町	保育所等の広域利用について	https://www.town.higashisonogi.lg.jp/kosodate_kyoiku/hoikuen_yochien/1413.html	200	13	保育所等の広域利用について／東彼杵町 スマートフォン版を表示 本文へ 背景色変更 文字サイズ Foreign Language 目的別で探す 妊娠・出産 子育て 入園・入学 就職・退職 結婚・離婚 引っ越し・ 住まい 高齢・介護 おくやみ よく利用されるメニュー 町営バス・デマンド交通 電子申請サービス 手続き検索ナビ 申請書ダウンロード ごみ出し検索 よくある質問 よくあるご質問 観光に関するよくある質問 認定こども園等に関するよくある質問 そのぎ茶に関するよくある質問 選挙に関するよくある質問 役場に関するよく
