municipalityCode,municipalityName,rescore,hasStrong,hasAmount,hasTarget,hasDeadline,title,h1,sourceUrl,snippet
"20450","山形村","58","true","true","true","true","令和８年度風食防止対策事業補助金について","令和８年度風食防止対策事業補助金について","https://www.vill.yamagata.nagano.jp/docs/335308.html","補助金について - 長野県山形村 コンテンツの本文へ移動する --> Foreign Language 文字サイズ [小] [標準] [大] ふりがなをつける ふりがなをはずす 読み上げ ブラウザガイド 防災・緊急 くらし・手続き 子育て・教育 健康・福祉 仕事・産業 スポーツ・文化 観光情報 村政情報 メニュー 防災・緊急 くらし･手続き 子育て･教育 健康･福祉 仕事･産業 スポーツ･文化 村政情報 観光情報 ホーム &rsaquo"
"20450","山形村","58","true","true","true","true","令和８年度 私立高等学校等通学者補助金について","令和８年度 私立高等学校等通学者補助金について","https://www.vill.yamagata.nagano.jp/docs/328288.html","補助金について - 長野県山形村 コンテンツの本文へ移動する --> Foreign Language 文字サイズ [小] [標準] [大] ふりがなをつける ふりがなをはずす 読み上げ ブラウザガイド 防災・緊急 くらし・手続き 子育て・教育 健康・福祉 仕事・産業 スポーツ・文化 観光情報 村政情報 メニュー 防災・緊急 くらし･手続き 子育て･教育 健康･福祉 仕事･産業 スポーツ･文化 村政情報 観光情報 ホーム &rsaquo"
"20450","山形村","58","true","true","true","true","児童手当制度改正のご案内","児童手当制度改正のご案内","https://www.vill.yamagata.nagano.jp/docs/295412.html","手当制度改正のご案内 - 長野県山形村 コンテンツの本文へ移動する --> Foreign Language 文字サイズ [小] [標準] [大] ふりがなをつける ふりがなをはずす 読み上げ ブラウザガイド 防災・緊急 くらし・手続き 子育て・教育 健康・福祉 仕事・産業 スポーツ・文化 観光情報 村政情報 メニュー 防災・緊急 くらし･手続き 子育て･教育 健康･福祉 仕事･産業 スポーツ･文化 村政情報 観光情報 ホーム &rsa"
"20450","山形村","58","true","true","true","true","児童手当","児童手当","https://www.vill.yamagata.nagano.jp/docs/2189.html","手当 - 長野県山形村 コンテンツの本文へ移動する --> Foreign Language 文字サイズ [小] [標準] [大] ふりがなをつける ふりがなをはずす 読み上げ ブラウザガイド 防災・緊急 くらし・手続き 子育て・教育 健康・福祉 仕事・産業 スポーツ・文化 観光情報 村政情報 メニュー 防災・緊急 くらし･手続き 子育て･教育 健康･福祉 仕事･産業 スポーツ･文化 村政情報 観光情報 ホーム &rsaquo; 子育て"
"20446","麻績村","53","true","true","true","true","","","https://www.vill.omi.nagano.jp/lifescene/kenko_iryo/","減免について 麻績村福祉医療費給付について 後期高齢者医療保険について ライフシーン 妊娠・出産 子育て 健康・医療 転入・転出 福祉・介護 お悔み このページの先頭へ戻る サイトマップ ホームページについて お問い合わせ リンク集 交通アクセス 麻績村役場 〒399-7701 長野県東筑摩郡麻績村麻3837番地 電話番号(代表)：0263-67-3001 ファックス番号：0263-67-3094 開庁時間：午前8時30分から午後5時1"
"20446","麻績村","53","true","true","true","true","","","https://www.vill.omi.nagano.jp/lifescene/kenko_iryo/index.html","減免について 麻績村福祉医療費給付について 後期高齢者医療保険について ライフシーン 妊娠・出産 子育て 健康・医療 転入・転出 福祉・介護 お悔み このページの先頭へ戻る サイトマップ ホームページについて お問い合わせ リンク集 交通アクセス 麻績村役場 〒399-7701 長野県東筑摩郡麻績村麻3837番地 電話番号(代表)：0263-67-3001 ファックス番号：0263-67-3094 開庁時間：午前8時30分から午後5時1"
"20446","麻績村","53","true","true","true","true","","","https://www.vill.omi.nagano.jp/kurashi/kenko_iryo/index.html","手当・補助金 健康・医療 福祉・介護 教育 安全・防災 妊娠・出産・子育て 生涯学習 暮らし・住まい 証明・手続き ライフシーン 妊娠・出産 子育て 健康・医療 転入・転出 福祉・介護 お悔み このページの先頭へ戻る サイトマップ ホームページについて お問い合わせ リンク集 交通アクセス 麻績村役場 〒399-7701 長野県東筑摩郡麻績村麻3837番地 電話番号(代表)：0263-67-3001 ファックス番号：0263-67-30"
"20446","麻績村","53","true","true","true","true","","","https://www.vill.omi.nagano.jp/jigyousha/hojokin_shien/muradukuri277.html","補助金・支援 麻績村小さな産業づくり支援事業 麻績村小さな産業づくり支援事業 更新日：2018年03月27日 事業の概要 村民の皆さまが地域資源活用型の創業により、地域活性化と地域産業振興並びに所得増加を目指し、魅力ある村づくりを推進するための経費に対して、麻績村が予算の範囲内で支援を行う制度です。 今までやりたいと思っていたもののできなかったことなどのきっかけづくりとして支援します。 村民皆さまによる、地域資源を活用した創業にぜひご利"
"20448","生坂村","53","true","true","true","true","","","https://www.village.ikusaka.nagano.jp/kyouiku/koutougatsukou_tsuugaku_shien.htm","補助金交付について 文字サイズ変更機能を利用するにはJavaScript（アクティブスクリプト）を有効にしてください。JavaScript（アクティブスクリプト） を無効のまま文字サイズを変更する場合には、ご利用のブラウザの表示メニューから文字サイズを変更してください。 ホーム 行政情報 教育委員会 生坂村高等学校通学費補助金交付について 生坂村では、高校生のＪＲ等（村営バス以外）の通学定期券への助成により、高校生がいる世帯の経済的支援"
"20448","生坂村","53","true","true","true","true","","","https://www.village.ikusaka.nagano.jp/gyousei/muradukuri/juutakuhojo.html","補助金のお知らせ 文字サイズ変更機能を利用するにはJavaScript（アクティブスクリプト）を有効にしてください。JavaScript（アクティブスクリプト） を無効のまま文字サイズを変更する場合には、ご利用のブラウザの表示メニューから文字サイズを変更してください。 ホーム 行政情報 村づくり推進室 既存住宅断熱改修事業に関する補助金のお知らせ ●古民家脱炭素リノベーション（令和６年度から） ●民家断熱改修（令和７年度から） 生坂村で"
"20448","生坂村","53","true","true","true","true","","","https://www.village.ikusaka.nagano.jp/gyousei/muradukuri/datutanso_hojo.html","補助金のお知らせ（一般住宅向け） 文字サイズ変更機能を利用するにはJavaScript（アクティブスクリプト）を有効にしてください。JavaScript（アクティブスクリプト） を無効のまま文字サイズを変更する場合には、ご利用のブラウザの表示メニューから文字サイズを変更してください。 ホーム 行政情報 村づくり推進室 令和8年度省エネ機器・木質バイオマスストーブ導入補助金のお知らせ（一般住宅向け） 令和７年度から変更となった点もあります"
"20448","生坂村","53","true","true","true","true","","","https://www.village.ikusaka.nagano.jp/gyousei/kenkoufukusi/kosodate/joseikin.htm","助成金 文字サイズ変更機能を利用するにはJavaScript（アクティブスクリプト）を有効にしてください。JavaScript（アクティブスクリプト） を無効のまま文字サイズを変更する場合には、ご利用のブラウザの表示メニューから文字サイズを変更してください。 ホーム 行政情報 健康福祉課 犀龍小太郎助成金 犀龍小太郎助成金（妊婦一般健康診査助成金・不妊治療助成金） 少子化対策と子育て支援の一助とするため不妊治療に要した医療費及び安心して"
"20448","生坂村","53","true","true","true","true","","","https://www.village.ikusaka.nagano.jp/gyousei/juuminka/kosodatesienkin.htm","支援金 文字サイズ変更機能を利用するにはJavaScript（アクティブスクリプト）を有効にしてください。JavaScript（アクティブスクリプト） を無効のまま文字サイズを変更する場合には、ご利用のブラウザの表示メニューから文字サイズを変更してください。 ホーム 暮らしの情報 住民課 健やかに産み育む子育て支援金 この支援金は、生坂村に住所のある１８歳未満のお子様のいる家庭の水道超過料金を補助するもので、生坂村独自の支援制度です。 "
"20448","生坂村","53","true","true","true","true","","","https://www.village.ikusaka.nagano.jp/gyousei/kenkoufukusi/kosodate/jutakusien.htm","補助金 文字サイズ変更機能を利用するにはJavaScript（アクティブスクリプト）を有効にしてください。JavaScript（アクティブスクリプト） を無効のまま文字サイズを変更する場合には、ご利用のブラウザの表示メニューから文字サイズを変更してください。 ホーム 行政情報 健康福祉課 ふれあい住宅支援事業補助金 ふれあい住宅支援事業補助金 高齢者と同居または子育て中の村民が住宅を新築した場合、その借入金利子の負担軽減のため補助金を交"
"20448","生坂村","53","true","true","true","true","","","https://www.village.ikusaka.nagano.jp/gyousei/kenkoufukusi/seijin/shougaisha_fukusi.htm","減免 支給要件 手帳 身体障害者手帳所持者 精神障害者保健福祉手帳所持者 療育手帳所持者 ※ 等級制限あり 所得制限 なし その他 ・障害者等が自ら運転する者 ・障害者等と生計を同じくする者が、障害者等のために運転する者 ・障害者等のみで構成される世帯の障害者等を日常的に介護する者が障害者等のために運転する者 ※ 免除台数は、一人の障害者等につき１台に限る 割引率・給付内容 自動車税：減免限度額 ４５，０００円 自動車取得税：減免限度額"
"20448","生坂村","53","true","true","true","true","","","https://www.village.ikusaka.nagano.jp/gyousei/kenkoufukusi/seijin/fukusi_iryouhi.htm","給付金として給付を受けることができます。 福祉医療費給付制度 区分 対象者 所得制限 ※２ 乳幼児及び児童 出生の日から満１８歳に達する日以降の最初の３月３１日までの方 ※１ 保険適用外となる９歳から１５歳の弱視・斜視及び先天性白内障術後の屈折矯正の治療用として用いる眼鏡及びコンタクトレンズについて支給（再給付については、前回給付から２年以上後であること） なし 障害者 障害手帳１級から３級の方 なし 療育手帳Ａ１、Ａ２、Ｂ１、Ｂ２の方"
"20452","筑北村","53","true","true","true","true","子育て","子育て","https://www.vill.chikuhoku.lg.jp/kosodate-kyoiku/kosodate/","補助金・支援制度・その他書式 筑北村カレンダー 筑北村トップページ Language 閉じる 読み上げる 子育て 2026年7月8日 おひさまにこにこ便り 2026年5月7日 筑北村立保育園への入園について 2025年9月24日 産後ケア事業のお知らせ 2025年5月20日 筑北村こども計画（第3期子ども・子育て支援事業計画）について 2025年3月26日 令和7年4月から子どもの医療費を無料化します 2024年11月14日 子どもサポ"
"20446","麻績村","48","true","true","true","true","","","https://www.vill.omi.nagano.jp/kurashi/gomi/jumin927.html","補助金について｜麻績村 文字サイズ 標準 大 背景色 白 黒 ふりがな Translate ENGLISH（英語） 汉语（中国語：簡体字） 漢語（中国語：繁体字） 한국어（韓国語） やさしい日本語 くらし 麻績村について 事業者の方へ 移住希望者の方へ 観光 サイト内を検索 組織から探す TOP くらし ゴミ・環境 麻績村住宅用太陽光発電システム設置事業補助金について 麻績村住宅用太陽光発電システム設置事業補助金について 更新日：202"
"20446","麻績村","48","true","true","true","true","","","https://www.vill.omi.nagano.jp/omimura/soneijutaku/gikaijimukyoku2509.html","無償化について 通学路の危険個所、駅前通りの横断歩道における安全対策について 塚原 利彦 議員 公共交通について 障がい者への支援等について 村長一期目の振り返りと次期に向けた政策について 清水清 刈間 利恵 議員 昨今の詐欺被害について これからの学校のあり方について 生活インフラについて 聖高原駅のエレベーター設置について 聖高原駅前の整備について 空き家バンクの状況について 麻績知名度アップの具体策は この記事へのお問い合わせ 議"
"20446","麻績村","48","true","true","true","true","","","https://www.vill.omi.nagano.jp/omimura/shisaku_keikaku/shinko159.html","補助金交付要綱 (556.9KB) この記事へのお問い合わせ 振興課 長野県東筑摩郡麻績村麻3837 電話番号 0263-67-4853 Fax番号 0263-67-3094 メール omisinko@vill.omi.nagano.jp ※対応時間：8時30分～17時15分（土,日,祝日を除く。) ※受付は24時間行っておりますが、お返事は業務時間内になることをご承知おきください。 麻績村について 情報公開 公共施設 議会 財政 村政"
"20446","麻績村","48","true","true","true","true","","","https://www.vill.omi.nagano.jp/kurashi/anzen_bosai/shinko128.html","補助金｜麻績村 文字サイズ 標準 大 背景色 白 黒 ふりがな Translate ENGLISH（英語） 汉语（中国語：簡体字） 漢語（中国語：繁体字） 한국어（韓国語） やさしい日本語 くらし 麻績村について 事業者の方へ 移住希望者の方へ 観光 サイト内を検索 組織から探す TOP くらし 安全・防災 麻績村空き家改修及び片づけ等事業補助金 麻績村空き家改修及び片づけ等事業補助金 更新日：2022年06月15日 空き家改修及び片づ"
"20446","麻績村","48","true","true","true","true","","","https://www.vill.omi.nagano.jp/kurashi/anzen_bosai/somu407.html","手当の口頭指示があった場合は、指示に従って積極的に実施してください。 救急車のサイレンが聞こえたら，出きるだけ近くに案内する人を出し，誘導してください。 救急隊が到着したら救急隊員に次のことを知らせてください。 救急隊が到着するまでの傷病者の容態変化 応急手当をした場合は、その内容 傷病者に持病がある場合は、その病名、かかりつけ病院等 事故を目撃した場合は、その状況 119番受付員から電話を通じて応急手当の口頭指導があった場合は、その指"
"20448","生坂村","48","true","true","true","true","","","https://www.village.ikusaka.nagano.jp/gyousei/muradukuri/kizuna_sienkin.htm","支援金募集 文字サイズ変更機能を利用するにはJavaScript（アクティブスクリプト）を有効にしてください。JavaScript（アクティブスクリプト） を無効のまま文字サイズを変更する場合には、ご利用のブラウザの表示メニューから文字サイズを変更してください。 ホーム 行政情報 村づくり推進室 令和8年度「生坂村絆づくり支援金」募集のお知らせ 村独自の支援金制度「絆づくり支援金」の今年度事業の募集を行います。 この支援金制度は、地区や"
"20448","生坂村","48","true","true","true","true","","","https://www.village.ikusaka.nagano.jp/gyousei/soumuka/tokuteitiikidukuri.htm","手当、時間外手当、退職手当、扶養手当を支給します。 休暇 年次有給休暇、夏季休暇、その他有給、慶弔休暇（採用期間、勤務時間等により、取得要件や日数が異なります。） 福利厚生：加入要件を満たす場合、健康保険、厚生年金保険、雇用保険、労災保険、等の適用があります。 応募方法および注意事項 応募期間 令和７年４月８日（火）～８月２９日（金）8時～17時（土・日・祝日除く）、郵送の場合、当日消印有効 注意事項 所定の応募用紙（写真添付）と必要書"
"20448","生坂村","48","true","true","true","true","","","https://www.village.ikusaka.nagano.jp/gyousei/muradukuri/inaka.htm","補助金 事 業 名 （対象経費） 対象者 補助率 （補助限度額） その他要件 （全てに該当） 空き家改修事業 （空き家の改修工事費） 購入者 賃借者 １/２ （50万円） 子育て世帯は100万円 ･空き家バンクへの登録 ･対象経費10万円以上 ･村内業者利用 空き家整備事業 （空き家の片づけ（家財等処分委託費）等） 所有者 購入者 賃借者 １/２ （20万円） ･空き家バンクへの登録 空き家解体事業 （購入した空き家の解体工事費等） 購"
"20448","生坂村","48","true","true","true","true","","","https://www.village.ikusaka.nagano.jp/gyousei/sinkouka/taisinsindan.htm","補助金】 診断結果により補強工事を実施する方には工事費の５分の４（最高１１５万円）が補助されます。（補強にかかわる工事でないと対象となりません） (注)耐震診断を行った結果で、総合評点が1.0未満の木造住宅について耐震補強工事が実施できます。(工事のついでに壁紙を替える・電気器具を替える等補強工事以外は対象になりません。) シェルターを設置したいけど・・・ 診断結果により耐震シェルター設置工事を実施する方には工事費の２分の１（最高２０万"
"20448","生坂村","48","true","true","true","true","","","https://www.village.ikusaka.nagano.jp/gyousei/sinkouka/reform.htm","補助金を交付します。 補助対象者 生坂村に住所を有する個人 納期の到来した村税を完納している者 補助を受けようとするリフォーム等について、村の他の制度による補助又は国、県等の補助を受けていない者 補助対象住宅 補助対象者が所有する、又は所有者がリフォームすることに承諾している住宅 併用住宅においては、居住部分 補助対象工事 村内の施工業者が補助対象工事の主たる業者であること 補助対象工事に要する経費が20万円以上であること 工事完了及び"
"20448","生坂村","48","true","true","true","true","","","https://www.village.ikusaka.nagano.jp/gyousei/juuminka/ningen.htm","助成金 文字サイズ変更機能を利用するにはJavaScript（アクティブスクリプト）を有効にしてください。JavaScript（アクティブスクリプト） を無効のまま文字サイズを変更する場合には、ご利用のブラウザの表示メニューから文字サイズを変更してください。 ホーム 暮らしの情報 住民課 生坂村国民健康保険・後期高齢者医療人間ドック・脳ドック助成金制度 生坂村の国民健康保険か後期高齢者医療制度（75歳以上）の被保険者が、医療機関において"
"20450","山形村","48","true","true","true","true","福祉","福祉","https://www.vill.yamagata.nagano.jp/health/welfare/","補助金 2025年8月22日 福祉バス路線図 2025年2月14日 精神障害者に対する旅客鉄道株式会社等の旅客運賃の割引について 2024年10月8日 【松本広域消防局】NET119（緊急通報システム）について 2024年8月23日 定額減税しきれないと見込まれる方への調整給付について 2024年7月22日 令和6年度新たな住民税非課税世帯等に対する物価高騰対策支援給付金（10万円）の支給について 2024年7月22日 物価高騰対応重点"
"20450","山形村","48","true","true","true","true","ふるさと応援寄附金を募集しています！","ふるさと応援寄附金を募集しています！","https://www.vill.yamagata.nagano.jp/docs/1904.html","一時金や損害保険の満期払戻金なども一時所得に該当しますのでご注意ください。 一時所得について詳しくはこちら(国税庁ホームページ) 関連リンク 総務省 ふるさと納税ポータルサイト カテゴリー 税金 税金 新着情報 募集 お問い合わせ 企画振興課 地域振興係 電話: 0263-98-5666 Fax: 0263-98-3078 リンクURL: お問い合わせはこちら Adobe Reader ピックアップ --> 目的ナビ 妊娠･出産 子育て"
"20450","山形村","48","true","true","true","true","不妊・不育症治療補助を申請される方へ","不妊・不育症治療補助を申請される方へ","https://www.vill.yamagata.nagano.jp/docs/2151.html","補助金額を除く経費であること 補助金額 治療費1組につき治療費の2分の1で20万円が上限です。 補助金は1組の夫婦につき1年度1回を限度に通算5回を限度として補助します。 例えば・・・ 不妊・不育症治療に80万円かかって、長野県助成金を30万円もらった場合 (80万円－30万円)&times;1/2＝25万円 20万円が上限なので、山形村からの補助金は20万円となります。 申請に必要な書類 申請書類（保健福祉センターに置いてあります） "
"20450","山形村","48","true","true","true","true","山形村産後ケアのご案内","山形村産後ケアのご案内","https://www.vill.yamagata.nagano.jp/docs/1938.html","減免があります。 例:1日3万円の施設を1泊2日利用した場合の自己負担額12,000円 ご利用方法 利用予定の医療機関等にお問合せ、ご相談の上、下記子育て支援課へお申し込みください。 また、申請書には医師または助産師の意見が必要です。 満床等の場合、ご希望の施設が利用できない場合があります。 各様式は下記からダウンロードできます。 様式ダウンロード 山形村産後ケア（宿泊型・通所型）利用申請書 (PDF 129KB) 山形村産後ケア利用申"
"20450","山形村","48","true","true","true","true","一時預かり事業等利用者負担軽減事業のご案内","一時預かり事業等利用者負担軽減事業のご案内","https://www.vill.yamagata.nagano.jp/docs/66178.html","補助金額 キャプション 区分 対象年齢 対象事業 補助上限額（対象事業1人あたり） 対象期間 1 満6歳未満の児童 ※1 一時預かり 事業 生活保護を受給している世帯 日額3,000円 令和8年4月1日から 令和9年3月31日まで 2 住民税非課税世帯※3 日額2,400円 3 村民税の所得割が77,101円未満の世帯※4 日額2,100円 4 村長が必要と認めた世帯 日額1,500円 5 満3歳未満の児童 ※1 一時預かり 事業等 ※"
"20450","山形村","48","true","true","true","true","おたふくかぜワクチンの任意予防接種費用助成","おたふくかぜワクチンの任意予防接種費用助成","https://www.vill.yamagata.nagano.jp/docs/otahukukazeyobousessyu.html","助成金申請書 (PDF 112KB) （ダウンロードして記入していただくか、窓口でもお渡しします） 注意事項 おたふくかぜワクチン予防接種は任意接種（予防接種法に基づかない予防接種）です。予防接種の効果及び副反応等についてご理解いただき、保護者の意思に基づき、接種を判断してください。 接種による健康被害が生じたときは、 医薬品副作用被害救済制度 ＜外部リンク＞の範囲における補償の対象となります。 カテゴリー 子育て・教育 健康・福祉 子"
"20450","山形村","48","true","true","true","true","保育料について","保育料について","https://www.vill.yamagata.nagano.jp/docs/2192.html","無償化により3歳から5歳までのお子さんの利用者負担額(保育料)は無償となりました。 ※これまで保育料の一部に含まれていた副食(おかず・おやつ等)費はお支払いいただきます。 (ただし、年収360万円未満相当世帯の子どもたちと、全ての世帯における保育所等を利用する子どものうちで第3子以降の子どもたちについては、副食の費用が免除されます。) なお、3歳未満児(0歳～2歳児)のお子さんについてはこれまで通り利用者負担額(保育料)の負担があります"
"20450","山形村","48","true","true","true","true","医療費の助成","医療費の助成","https://www.vill.yamagata.nagano.jp/docs/1992.html","手当法、国民年金法の各項目に該当する人で、申請により医療費を助成します。 ただし、生活保護を受けている場合は対象となりません。 必要なもの 身体障がい者手帳または療育手帳 マイナ保険証等 印鑑 預金口座番号 転入者は所得証明書 ●母子家庭および父子家庭医療費の助成 母子家庭 母子家庭（18歳未満の児童を扶養している場合）、および父母のない児童を養育している人は、申請により医療費を助成します。 父子家庭 母子家庭と同様ですが、18歳未満の"
"20450","山形村","48","true","true","true","true","国民年金","国民年金","https://www.vill.yamagata.nagano.jp/docs/1990.html","一時金 届出が必要なときは 裁定請求の手続き 国民年金は、すべての人に共通の「基礎年金」として支給されています。 このため、自営業の人、会社などに勤務するサラリーマンや公務員の人、サラリーマンなどの配偶者も20歳から60歳までは国民年金に強制加入となり、国外に住む人も任意加入できるしくみとなっています。 国民年金にはどんな人が加入するの 日本国内に住む20歳から60歳未満の人はすべて国民年金に強制加入が原則で、加入する人は3つのグループ"
"20450","山形村","48","true","true","true","true","国民健康保険","国民健康保険","https://www.vill.yamagata.nagano.jp/docs/1922.html","一時金 産科医療補償制度に加入している医療機関で出産した場合、子ども1人につき50万円（制度未加入の場合は48万8千円）が支払われます。 なお、原則として村の国保から直接医療機関へ出産一時金を支払いますので、役場での手続きは不要です。 葬祭費 国保の被保険者が亡くなられたときには、5万円が支給されます。 移送費 重病人の入院、転院などの移送に費用がかかった場合、必要と認められれば支給されます。 訪問看護療養費 在宅医療の必要を医師が認め"
"20450","山形村","48","true","true","true","true","子どものインフルエンザ予防接種（任意）費用の助成","子どものインフルエンザ予防接種（任意）費用の助成","https://www.vill.yamagata.nagano.jp/docs/40790.html","補助金の申請は必要はありません。 接種費用は、医療機関によって異なります。直接医療機関にお問い合わせください。 山形村内医療機関（50 音順） ●宮原医院 （0263-97-1055） ●山形協立診療所（0263-98-3933） ●横山医院（0263-98-2884） 山形村以外の医療機関で接種する場合 医療機関に事前に予約をしてください。 村指定の予診票はありません。医療機関で予診票を受け取り、記入して予防接種を受けてください。 一"
"20450","山形村","48","true","true","true","true","からだの不自由な人、生活にお困りの人","からだの不自由な人、生活にお困りの人","https://www.vill.yamagata.nagano.jp/docs/1898.html","手当 難病にり患して者に支給される手当です。 キャプション 受給対象者 申請の手続きに必要なもの 難病のうち、特定疾病に指定されているものにかかっている人（べーチット病など） 申請書、診断書または、証明書の写し、印鑑、申請者名義の貯金口座番号 からだの不自由な人に からだに障害のある人には、身体障害者手帳が交付されます。障害者として、いろいろいな援護を受けるときには、この手帳を持っていることが条件となります。 ただし、身体が不自由だと思"
"20451","朝日村","48","true","true","true","true","空き家バンク（空き家を借りたい方）","空き家バンク（空き家を借りたい方）","https://www.vill.asahi.nagano.jp/official/kurashi_tetsuzuki/jutaku_jogesuido/jyuutaku/624.html","補助金について 空き家バンクの利用について、朝日村では3つの補助（助成）金を交付しています。 空き家改修補助金 空き家バンクに登録した物件で、賃貸契約または売買契約が決まった物件の改修工事を行う場合、改修費用に対して補助金を交付します。 ・対象者：賃貸の場合は「物件の所有者」、売買の場合は「物件の購入者」 ・補助額： 限度額50万円 （さらに、下水道事業分担金の2分の1として上限17万5千円を補助） ・対象となる改修工事 水回りの修繕 "
"20452","筑北村","48","true","true","true","true","筑北村ポータルアプリ「ちくほくナビ」の運用を開始しました！","筑北村ポータルアプリ「ちくほくナビ」の運用を開始しました！","https://www.vill.chikuhoku.lg.jp/docs/3409.html","補助金・支援制度・その他書式 筑北村カレンダー 筑北村トップページ Language 閉じる 読み上げる 筑北村ポータルアプリ「ちくほくナビ」の運用を開始しました！ ツイート ページ公開日：2025年2月3日 「ちくほくナビ」で何ができるの？ 「ちくほくナビ」はスマートフォンで村のホームページのお知らせや、回覧板、施設等の電話番号の確認や、村内放送の内容の確認などができます。 あなたに合わせた情報が表示されます 本人情報を登録することで"
"20452","筑北村","48","true","true","true","true","筑北村移住サポート住宅をご利用ください","筑北村移住サポート住宅をご利用ください","https://www.vill.chikuhoku.lg.jp/docs/ijusupport-main.html","補助金・支援制度・その他書式 筑北村カレンダー 筑北村トップページ Language 閉じる 読み上げる 筑北村移住サポート住宅をご利用ください ツイート ページ公開日：2025年2月5日 ようこそ、筑北村へ。 旅行や観光だけではなく、〝暮らす〟ことでしか得られない経験や気付きを届けられる場所にしたい。 筑北村で暮らす日々の中で見つけた小さな感動を、ひとりでも多くの人に感じてもらいたい。 そんな想いで、移住希望者へ向けて筑北村移住サポー"
"20452","筑北村","48","true","true","true","true","“ほくほくちくほく”ふるさと筑北応援寄附金（ふるさと納税）","“ほくほくちくほく”ふるさと筑北応援寄附金（ふるさと納税）","https://www.vill.chikuhoku.lg.jp/furusato/","補助金・支援制度・その他書式 筑北村カレンダー 筑北村トップページ Language 閉じる 読み上げる “ほくほくちくほく”ふるさと筑北応援寄附金（ふるさと納税） ツイート ページ公開日：2026年6月2日 自然に恵まれた「安心」と「活力」のあふれるむらづくりを目指して 筑北村は、写真にあるように周囲を山々に囲まれた人口5,000人弱の小さな農山村です。村では、日本昔話のような豊かな自然とふるさとの原風景を残しつつ、将来を見据えた筑北"
"20452","筑北村","48","true","true","true","true","長野県知事選挙 期日前投票の投票立会人の募集について","長野県知事選挙 期日前投票の投票立会人の募集について","https://www.vill.chikuhoku.lg.jp/docs/5456.html","補助金・支援制度・その他書式 筑北村カレンダー 筑北村トップページ Language 閉じる 読み上げる 長野県知事選挙 期日前投票の投票立会人の募集について ツイート ページ公開日：2026年6月24日 筑北村選挙管理委員会では、令和８年８月に執行予定の長野県知事選挙の期日前投票の立会人を募集します。 立会人になることを希望される方は、お申込み前に以下のリンクから「立会人募集案内」をダウンロードして必ずお読みください。 なお、希望者が"
"20452","筑北村","48","true","true","true","true","カノンの会（大人の発達障がい当事者会）交流会 参加者募集","カノンの会（大人の発達障がい当事者会）交流会 参加者募集","https://www.vill.chikuhoku.lg.jp/docs/4993.html","補助金・支援制度・その他書式 筑北村カレンダー 筑北村トップページ Language 閉じる 読み上げる カノンの会（大人の発達障がい当事者会）交流会 参加者募集 ツイート ページ公開日：2026年6月10日 カノンの会は、「大人の発達障がい当事者会」として令和7年6月より、安曇野市で開催しています。 会では、当事者やご家族が日頃思っていること、感じていること、悩みや趣味等を自由に語り合うことにより、気持ちが安らげることを目的に開催して"
"20452","筑北村","46","true","false","true","true","補助金・支援制度・その他書式","補助金・支援制度・その他書式","https://www.vill.chikuhoku.lg.jp/download/","補助金・支援制度・その他書式 - 筑北村公式ホームページ 本文へ language 閲覧支援機能 メニュー ASSIST 閲覧支援 文字サイズ 小さく 標準 大きく ふりがな ふりがなをつける ふりがなをはずす 読み上げ 読み上げる 背景色 白 黄 青 黒 閉じる MENU メニュー 防災関係 暮らし 子育て・教育 健康・福祉 移住・定住 スポーツ・レジャー 行政情報 募集情報 補助金・支援制度・その他書式 筑北村カレンダー 筑北村トッ"
"20446","麻績村","45","true","true","true","false","","","https://www.vill.omi.nagano.jp/kurashi/teate_hojokin/index.html","手当・補助金｜麻績村 文字サイズ 標準 大 背景色 白 黒 ふりがな Translate ENGLISH（英語） 汉语（中国語：簡体字） 漢語（中国語：繁体字） 한국어（韓国語） やさしい日本語 くらし 麻績村について 事業者の方へ 移住希望者の方へ 観光 サイト内を検索 組織から探す TOP くらし 手当・補助金 手当・補助金 結婚新生活支援事業（地域少子化対策重点推進補助事業）について 麻績村子育てガイド 麻績村高齢者補聴器購入費用"
"20446","麻績村","41","true","false","true","true","","","https://www.vill.omi.nagano.jp/kurashi/fukushi_kaigo/index.html","手当 介護 麻績村高齢者補聴器購入費用助成事業について 介護保険・高齢者福祉・日常生活総合事業関係申請書 麻績村第9期介護保険事業計画・高齢者福祉計画 地域包括支援センターをご活用ください くらし 上下水道 ゴミ・環境 税・年金・保険 手当・補助金 健康・医療 福祉・介護 教育 安全・防災 妊娠・出産・子育て 生涯学習 暮らし・住まい 証明・手続き ライフシーン 妊娠・出産 子育て 健康・医療 転入・転出 福祉・介護 お悔み このページ"
"20446","麻績村","41","true","false","true","true","","","https://www.vill.omi.nagano.jp/kurashi/kurashi_sumai/index.html","補助金について 【村内に空き家をお持ちの方】空き家バンクに登録してみませんか？ 空き家等情報登録制度（空き家バンク制度） 消費生活 新型コロナウイルス感染症 人権への配慮と相談窓口について 新型コロナウイルスに便乗した悪質商法にご注意ください 聖高原駅前駐車場の利用について 『麻績村相談窓口一覧』作成しました。 ながの結婚支援ネットワークからのお知らせ 犬の飼育 くらし 上下水道 ゴミ・環境 税・年金・保険 手当・補助金 健康・医療 福"
"20446","麻績村","41","true","false","true","true","","","https://www.vill.omi.nagano.jp/kurashi/teate_hojokin/shinko766.html","手当・補助金 肥料価格高騰対策事業のご案内 肥料価格高騰対策事業のご案内 更新日：2022年12月02日 世界的な穀物需要の増加やエネルギー価格の上昇に加え、ロシアによるウクライナ侵略等の影響により、化学肥料原料の国際価格が大幅に上昇し、肥料価格が急騰しています。 国では、海外原料に依存している化学肥料の低減や堆肥等の国内資源の活用等の取り組みを行う農業者に対し、肥料コスト上昇分の一部を支援する『肥料価格高騰対策事業』を実施しています。"
"20446","麻績村","41","true","false","true","true","","","https://www.vill.omi.nagano.jp/kurashi/ninshin_shussan_kosodate/kyoiku2871.html","手当・補助金 健康・医療 福祉・介護 教育 安全・防災 妊娠・出産・子育て 生涯学習 暮らし・住まい 証明・手続き このページの先頭へ戻る サイトマップ ホームページについて お問い合わせ リンク集 交通アクセス 麻績村役場 〒399-7701 長野県東筑摩郡麻績村麻3837番地 電話番号(代表)：0263-67-3001 ファックス番号：0263-67-3094 開庁時間：午前8時30分から午後5時15分 閉庁日：土曜日・日曜日・祝日"
"20452","筑北村","41","true","false","true","true","子育て・教育","子育て・教育","https://www.vill.chikuhoku.lg.jp/kosodate-kyoiku/","補助金・支援制度・その他書式 筑北村カレンダー 筑北村トップページ Language 閉じる 読み上げる 子育て・教育 妊娠・出産 子育て 保育園 小・中学校 文化施設 公民館 助成制度 ホーム &rsaquo; 子育て・教育 〒399-7501 長野県東筑摩郡 筑北村西条4195 役場へのアクセス このホームページについて 個人情報の取り扱い ウェブアクセシビリティ お問い合わせ 筑北村役場 代表 0263-66-2111 FAX 0"
"20452","筑北村","41","true","false","true","true","健康・福祉","健康・福祉","https://www.vill.chikuhoku.lg.jp/kenko-fukushi/","補助金・支援制度・その他書式 筑北村カレンダー 筑北村トップページ Language 閉じる 読み上げる 健康・福祉 健康・医療 国民健康保険 年金 高齢者 休日・夜間診療 障がい者 ホーム &rsaquo; 健康・福祉 〒399-7501 長野県東筑摩郡 筑北村西条4195 役場へのアクセス このホームページについて 個人情報の取り扱い ウェブアクセシビリティ お問い合わせ 筑北村役場 代表 0263-66-2111 FAX 0263"
"20452","筑北村","41","true","false","true","true","移住・定住","移住・定住","https://www.vill.chikuhoku.lg.jp/ijyu-teijyu/","補助金・支援制度・その他書式 筑北村カレンダー 筑北村トップページ Language 閉じる 読み上げる 移住・定住 筑北村での暮らし 空き家バンク 移住サポート住宅 住宅関連 補助・助成制度 よくある質問（Q＆A集） ホーム &rsaquo; 移住・定住 〒399-7501 長野県東筑摩郡 筑北村西条4195 役場へのアクセス このホームページについて 個人情報の取り扱い ウェブアクセシビリティ お問い合わせ 筑北村役場 代表 026"
"20452","筑北村","41","true","false","true","true","妊娠・出産","妊娠・出産","https://www.vill.chikuhoku.lg.jp/kosodate-kyoiku/ninshin/","補助金・支援制度・その他書式 筑北村カレンダー 筑北村トップページ Language 閉じる 読み上げる 妊娠・出産 2026年5月1日 妊娠したときは 2025年9月24日 産後ケア事業のお知らせ 2022年4月11日 出生祝金について 2020年9月10日 未熟児養育医療給付制度について 2016年8月8日 松本地域出産・子育て安心ネットワーク協議会 2012年4月6日 子どもが生まれたときは ホーム &rsaquo; 子育て・教育"
"20452","筑北村","41","true","false","true","true","保育園","保育園","https://www.vill.chikuhoku.lg.jp/kosodate-kyoiku/hoikuen/","補助金・支援制度・その他書式 筑北村カレンダー 筑北村トップページ Language 閉じる 読み上げる 保育園 2026年5月7日 筑北村立保育園への入園について 2023年5月8日 筑北村コミュニティ・スクール 2021年10月29日 筑北村幼児教育・保育推進プラン ホーム &rsaquo; 子育て・教育 &rsaquo; 保育園 〒399-7501 長野県東筑摩郡 筑北村西条4195 役場へのアクセス このホームページについて 個"
"20452","筑北村","41","true","false","true","true","小・中学校","小・中学校","https://www.vill.chikuhoku.lg.jp/kosodate-kyoiku/gakko/","補助金・支援制度・その他書式 筑北村カレンダー 筑北村トップページ Language 閉じる 読み上げる 小・中学校 2025年2月26日 公立学校情報機器整備事業に係る各種計画について 2023年9月14日 村立小中学校 災害時用備蓄品配備 2023年6月15日 学校の働き方改革の取組について 2023年5月8日 筑北村コミュニティ・スクール 2022年3月1日 学力検定受検料助成事業について 2021年6月2日 筑北村就学援助費支給"
"20452","筑北村","41","true","false","true","true","文化施設","文化施設","https://www.vill.chikuhoku.lg.jp/kosodate-kyoiku/bunka/","補助金・支援制度・その他書式 筑北村カレンダー 筑北村トップページ Language 閉じる 読み上げる 文化施設 2026年5月21日 筑北村考古資料館 2017年2月16日 筑北村歴史民俗資料館 2017年2月16日 筑北村作陶場 ホーム &rsaquo; 子育て・教育 &rsaquo; 文化施設 〒399-7501 長野県東筑摩郡 筑北村西条4195 役場へのアクセス このホームページについて 個人情報の取り扱い ウェブアクセシビ"
"20452","筑北村","41","true","false","true","true","公民館","公民館","https://www.vill.chikuhoku.lg.jp/kosodate-kyoiku/kouminkan/","補助金・支援制度・その他書式 筑北村カレンダー 筑北村トップページ Language 閉じる 読み上げる 公民館 2026年5月29日 【多世代交流】6月より放課後月ようサークルが始まります 2022年3月11日 筑北村公民館 2017年2月16日 本城公民館 ホーム &rsaquo; 子育て・教育 &rsaquo; 公民館 〒399-7501 長野県東筑摩郡 筑北村西条4195 役場へのアクセス このホームページについて 個人情報の取"
"20452","筑北村","41","true","false","true","true","助成制度","助成制度","https://www.vill.chikuhoku.lg.jp/kosodate-kyoiku/josei/","補助金・支援制度・その他書式 筑北村カレンダー 筑北村トップページ Language 閉じる 読み上げる 助成制度 2026年5月22日 JR通学定期券補助金について 2024年10月17日 筑北村私立高等学校等助成金について 2022年3月1日 学力検定受検料助成事業について 2021年6月2日 筑北村就学援助費支給制度について 2012年3月1日 高校生への奨学金貸与制度について ホーム &rsaquo; 子育て・教育 &rsaqu"
"20452","筑北村","41","true","false","true","true","健康・医療","健康・医療","https://www.vill.chikuhoku.lg.jp/kenko-fukushi/kenko/","補助金・支援制度・その他書式 筑北村カレンダー 筑北村トップページ Language 閉じる 読み上げる 健康・医療 2026年6月30日 講演会「本当はこわい脂肪肝」開催のお知らせ 2026年3月30日 筑北村新型インフルエンザ等対策行動計画を改定しました 2025年6月19日 PMH（Public Medical Hub）先行実施事業について 2024年5月29日 がん患者への補整具購入助成申請について 2024年4月5日 筑北村保"
"20452","筑北村","41","true","false","true","true","国民健康保険","国民健康保険","https://www.vill.chikuhoku.lg.jp/kenko-fukushi/kokuho/","補助金・支援制度・その他書式 筑北村カレンダー 筑北村トップページ Language 閉じる 読み上げる 国民健康保険 2026年5月22日 国民健康保険 2019年2月13日 国民健康保険の加入者が交通事故に遭ったとき ホーム &rsaquo; 健康・福祉 &rsaquo; 国民健康保険 〒399-7501 長野県東筑摩郡 筑北村西条4195 役場へのアクセス このホームページについて 個人情報の取り扱い ウェブアクセシビリティ お問"
"20452","筑北村","41","true","false","true","true","年金","年金","https://www.vill.chikuhoku.lg.jp/kenko-fukushi/nenkin/","補助金・支援制度・その他書式 筑北村カレンダー 筑北村トップページ Language 閉じる 読み上げる 年金 登録情報はございません。 ホーム &rsaquo; 健康・福祉 &rsaquo; 年金 〒399-7501 長野県東筑摩郡 筑北村西条4195 役場へのアクセス このホームページについて 個人情報の取り扱い ウェブアクセシビリティ お問い合わせ 筑北村役場 代表 0263-66-2111 FAX 0263-66-3370 （総"
"20452","筑北村","41","true","false","true","true","高齢者","高齢者","https://www.vill.chikuhoku.lg.jp/kenko-fukushi/korei/","補助金・支援制度・その他書式 筑北村カレンダー 筑北村トップページ Language 閉じる 読み上げる 高齢者 2026年6月24日 介護保険に関する申請書 2026年4月2日 地区等敬老会事業補助金制度について 2025年10月17日 65歳以上の方を対象とする予防接種について ホーム &rsaquo; 健康・福祉 &rsaquo; 高齢者 〒399-7501 長野県東筑摩郡 筑北村西条4195 役場へのアクセス このホームページに"
"20452","筑北村","41","true","false","true","true","休日・夜間診療","休日・夜間診療","https://www.vill.chikuhoku.lg.jp/kenko-fukushi/shinryo/","補助金・支援制度・その他書式 筑北村カレンダー 筑北村トップページ Language 閉じる 読み上げる 休日・夜間診療 2026年7月2日 長野県救急安心センター（#7119)について 2024年2月15日 こども医療電話相談事業（#8000）について 2021年8月18日 休日・夜間の当番医 ホーム &rsaquo; 健康・福祉 &rsaquo; 休日・夜間診療 〒399-7501 長野県東筑摩郡 筑北村西条4195 役場へのアクセ"
"20452","筑北村","41","true","false","true","true","障がい者","障がい者","https://www.vill.chikuhoku.lg.jp/kenko-fukushi/shogai/","補助金・支援制度・その他書式 筑北村カレンダー 筑北村トップページ Language 閉じる 読み上げる 障がい者 筑北三村地域自立支援協議会 お知らせ 相談窓口 ホーム &rsaquo; 健康・福祉 &rsaquo; 障がい者 〒399-7501 長野県東筑摩郡 筑北村西条4195 役場へのアクセス このホームページについて 個人情報の取り扱い ウェブアクセシビリティ お問い合わせ 筑北村役場 代表 0263-66-2111 FAX "
"20452","筑北村","41","true","false","true","true","筑北村での暮らし","筑北村での暮らし","https://www.vill.chikuhoku.lg.jp/ijyu-teijyu/kurashi/","補助金・支援制度・その他書式 筑北村カレンダー 筑北村トップページ Language 閉じる 読み上げる 筑北村での暮らし 2026年4月17日 協力隊ニュース-地域だより 2025年4月22日 ちくほくのひと 2023年8月1日 ちくほくのひと（菊地克典さん、智子さん） 2023年5月31日 ちくほくのひと（前山武雄さん） 2022年8月25日 ちくほくのひと（中澤崇さん） ホーム &rsaquo; 移住・定住 &rsaquo; 筑北"
"20452","筑北村","41","true","false","true","true","空き家バンク","空き家バンク","https://www.vill.chikuhoku.lg.jp/ijyu-teijyu/akiya/","補助金・支援制度・その他書式 筑北村カレンダー 筑北村トップページ Language 閉じる 読み上げる 空き家バンク 2025年2月21日 空き家バンク新着物件 2025年1月21日 空き家バンク ホーム &rsaquo; 移住・定住 &rsaquo; 空き家バンク 〒399-7501 長野県東筑摩郡 筑北村西条4195 役場へのアクセス このホームページについて 個人情報の取り扱い ウェブアクセシビリティ お問い合わせ 筑北村役場 "
"20452","筑北村","41","true","false","true","true","移住サポート住宅","移住サポート住宅","https://www.vill.chikuhoku.lg.jp/ijyu-teijyu/support/","補助金・支援制度・その他書式 筑北村カレンダー 筑北村トップページ Language 閉じる 読み上げる 移住サポート住宅 2025年2月5日 筑北村移住サポート住宅 利用状況 2025年2月5日 筑北村移住サポート住宅をご利用ください ホーム &rsaquo; 移住・定住 &rsaquo; 移住サポート住宅 〒399-7501 長野県東筑摩郡 筑北村西条4195 役場へのアクセス このホームページについて 個人情報の取り扱い ウェブア"
"20452","筑北村","41","true","false","true","true","補助・助成制度","補助・助成制度","https://www.vill.chikuhoku.lg.jp/ijyu-teijyu/hojo-josei/","補助金・支援制度・その他書式 筑北村カレンダー 筑北村トップページ Language 閉じる 読み上げる 補助・助成制度 2017年5月11日 空き家住宅診断事業補助金制度について 2017年1月24日 老朽空き家等解体事業補助金制度について 2015年6月8日 空き家改修事業補助金制度について 2015年6月8日 空き家活用事業補助金制度について ホーム &rsaquo; 移住・定住 &rsaquo; 補助・助成制度 〒399-750"
"20452","筑北村","41","true","false","true","true","よくある質問（Q＆A集）","よくある質問（Q＆A集）","https://www.vill.chikuhoku.lg.jp/ijyu-teijyu/qa/","補助金・支援制度・その他書式 筑北村カレンダー 筑北村トップページ Language 閉じる 読み上げる よくある質問（Q＆A集） 2025年11月13日 移住Q&A ホーム &rsaquo; 移住・定住 &rsaquo; よくある質問（Q＆A集） 〒399-7501 長野県東筑摩郡 筑北村西条4195 役場へのアクセス このホームページについて 個人情報の取り扱い ウェブアクセシビリティ お問い合わせ 筑北村役場 代表 0263-66"
"20452","筑北村","41","true","false","true","true","住民福祉課","住民福祉課","https://www.vill.chikuhoku.lg.jp/download/juminfukushi/","補助金・支援制度・その他書式 筑北村カレンダー 筑北村トップページ Language 閉じる 読み上げる 住民福祉課 2026年6月24日 介護保険に関する申請書 2026年4月2日 住民税非課税世帯等エアコン設置促進事業 2026年4月2日 地区等敬老会事業補助金制度について 2025年10月7日 特定技能所属機関による村への協力確認書の提出について 2025年4月1日 地球温暖化対策事業補助金について 2025年2月4日 筑北村ごみ"
"20452","筑北村","41","true","false","true","true","教育委員会","教育委員会","https://www.vill.chikuhoku.lg.jp/download/kyoiku/","補助金・支援制度・その他書式 筑北村カレンダー 筑北村トップページ Language 閉じる 読み上げる 教育委員会 2024年10月17日 筑北村私立高等学校等助成金について 2022年3月1日 学力検定受検料助成事業について 2021年6月2日 筑北村就学援助費支給制度について 2012年3月1日 高校生への奨学金貸与制度について ホーム &rsaquo; 補助金・支援制度・その他書式 &rsaquo; 教育委員会 〒399-750"
"20448","生坂村","40","true","true","false","true","","","https://www.village.ikusaka.nagano.jp/kyouiku/index.htm","補助金交付について 学校教育 子育て支援 入学祝金・就学援助制度 公立学校情報機器整備事業に係る各種計画の公開について 学校給食費の無償化 生坂村学校給食センターの公式インスタグラム開設 生坂村の文化財 教育委員会定例会会議要旨 総合教育会議要旨 保小中一貫教育 学校の働き方改革のための取組 生坂村の偉人マンガ「加藤正治物語」公開中！ 生坂村出身の法学者であり、俳人としても活躍した加藤正治。その生き様と輝かしい功績を描いたマンガを作成し"
"20450","山形村","40","true","true","true","true","令和8年度広報やまがた","令和8年度広報やまがた","https://www.vill.yamagata.nagano.jp/docs/329335.html","補助金の支給について 合葬墓使用に関する住民説明会の開催について 遺跡発掘作業員の募集について カテゴリー 新着情報 広報やまがた お問い合わせ 企画振興課 情報政策係 電話: 0263-98-5666 Fax: 0263-98-3078 リンクURL: お問い合わせはこちら Adobe Reader ピックアップ --> 目的ナビ 妊娠･出産 子育て・教育 結婚・離婚 年金・保険 福祉・介護 死亡・葬儀 税金 引っ越し チャットボット"
"20450","山形村","40","true","true","false","true","妊娠・出産","妊娠・出産","https://www.vill.yamagata.nagano.jp/docs/2193.html","給付金事業の妊婦等包括相談支援として、母子健康手帳交付時に面談を行います。時間に余裕をもって来所していただくとともに、面談後に妊婦支援給付金（妊婦一人につき５万円）の申請をしていただきますので、妊婦さんが口座名義人になっている通帳をお持ちください。 当日の受け取りをスムーズにするために、電子母子手帳アプリの母子モからオンライン申請ができるようになりました。 妊娠届出のオンライン チラシ (PDF 937KB) 妊娠届出のオンライン申請の"
"20450","山形村","40","true","true","false","true","組合立鉢盛中学校給食調理補助員（会計年度任用職員）の募集について","組合立鉢盛中学校給食調理補助員（会計年度任用職員）の募集について","https://www.vill.yamagata.nagano.jp/docs/45299.html","手当 通勤手当 7.社会保険 労災保険 8.申込方法 下記担当までお電話のうえ、令和8年3月12日（木曜日）必着で履歴書をお送りください。 9.申込・問い合わせ 松本市・山形村・朝日村中学校組合事務局（松本市教育委員会学校教育課内） 担当:組合事務局 主任 三浦 佑太 住所:〒390-0874 松本市大手3-8-13 松本市役所大手事務所4階 電話:0263-33-9846 ※ご不明点等ございましたら、上記担当までご連絡ください。 ※直"
"20450","山形村","40","true","true","false","true","障がい者福祉制度のあらまし","障がい者福祉制度のあらまし","https://www.vill.yamagata.nagano.jp/docs/55893.html","手当等 (PDF 197KB) 障害基礎年金 障害厚生年金及び障害手当金 特別障害者手当 障害児福祉手当 重度心身障害児者介護者慰労金 特別児童扶養手当 児童扶養手当 心身障害者扶養共済 心身障害者扶養共済制度補助 特定疾患等患者福祉手当 2医療・補装具・日常生活用具 (PDF 230KB) 福祉医療費の給付 自立支援医療の給付 補装具の交付と修理 日常生活用具の給付 3障害福祉サービス (PDF 220KB) 利用の流れ サービスの内"
"20450","山形村","40","true","true","false","true","死亡から火葬までの手続き","死亡から火葬までの手続き","https://www.vill.yamagata.nagano.jp/docs/1907.html","助成金をお支払いします。 ※火葬後60日以内に、火葬の記載のある火葬許可証・火葬料の領収書・振込先のわかるものを添えて申請書を提出してください。 カテゴリー 死亡・葬儀 届出 お問い合わせ 住民課 戸籍係 電話: 0263-98-3112 Fax: 0263-98-3078 リンクURL: お問い合わせはこちら Adobe Reader ピックアップ --> 目的ナビ 妊娠･出産 子育て・教育 結婚・離婚 年金・保険 福祉・介護 死亡・"
"20451","朝日村","40","true","true","true","false","シェアサイクルサービス「HELLO CYCLING」運用再開のお知らせ","シェアサイクルサービス「HELLO CYCLING」運用再開のお知らせ","https://www.vill.asahi.nagano.jp/official/soshikikarasagasu/sangyoshinkoka/shoko_kanko/1/3996.html","支援金」を活用しています。 「西洗馬防災センター」で利用できるようになりました このたび、利用場所（ステーション）に「西洗馬防災センター」が加わりました。 村内観光やちょっとしたお出かけにも、ぜひご活用ください。 ■ 追加されたステーション 名称：西洗馬防災センター 所在地：長野県東筑摩郡朝日村大字西洗馬1419番2 利用開始日：令和8年5月1日（金曜日） サイクリングマップが完成しました つくってつながるみんなの推しマップ（サイクリン"
"20448","生坂村","37","true","true","false","false","","","https://www.village.ikusaka.nagano.jp/lifeguide/kosodate.html","助成金（インフルエンザ） （健康福祉課） 犀龍小太郎助成金（おたふくかぜワクチン） （健康福祉課） 各種母子保健事業 （健康福祉課） ぴよぴよひろば （教育委員会） ながの子育て家庭優待パスポート事業について （健康福祉課） 健やかに産み育む子育て支援金 （住民課） 学校給食費の無料化 （教育委員会） 個人情報保護について サイトポリシー 生坂村役場 〒399-7201 長野県東筑摩郡生坂村5493-2 TEL：0263-69-3111"
"20446","麻績村","36","true","false","true","true","","","https://www.vill.omi.nagano.jp/kurashi/","手当・補助金 健康・医療 福祉・介護 教育 安全・防災 妊娠・出産・子育て 生涯学習 暮らし・住まい 証明・手続き 分類で探す くらし 麻績村について 事業者の方へ 移住希望者の方へ 観光 ライフシーン 妊娠・出産 子育て 健康・医療 転入・転出 福祉・介護 お悔み このページの先頭へ戻る サイトマップ ホームページについて お問い合わせ リンク集 交通アクセス 麻績村役場 〒399-7701 長野県東筑摩郡麻績村麻3837番地 電話番"
"20446","麻績村","36","true","false","true","true","","","https://www.vill.omi.nagano.jp/jigyousha/","補助金について 2023年04月03日 入札 令和４・５・６年度麻績村入札参加資格申請の受付について 2022年12月02日 手当・補助金 肥料価格高騰対策事業のご案内 2022年08月15日 入札 令和４・５・６年度麻績村入札参加資格審査申請の変更届について 2022年05月20日 施策・計画 麻績村簡易水道事業、下水道事業の経営戦略について 2018年11月16日 証明・手続き 森林の土地を取得したときは届出をお願いします 2018"
"20446","麻績村","36","true","false","true","true","","","https://www.vill.omi.nagano.jp/kurashi/anzen_bosai/index.html","補助金 信州暮らしのマップにおける麻績村山地災害危険地区等閲覧方法について 信州くらしのマップ（森林関係） 福祉避難所について AED設置場所 麻績村避難所開設・運営マニュアルを作成しました 水害や土砂災害等の防災情報が変わりました 麻績村ブロック塀等防災対策促進事業補助金交付要綱 長野県河川砂防情報ステーション 緊急ヘリポート 火災 くらし 上下水道 ゴミ・環境 税・年金・保険 手当・補助金 健康・医療 福祉・介護 教育 安全・防災 "
"20446","麻績村","36","true","false","true","true","","","https://www.vill.omi.nagano.jp/kurashi/shomei_tetsuzuki/","減免について 戸籍証明書等の広域交付について マイナンバーカードの申請・取得について 証明 「麻績村ＰＲキャラクター『おみぽん』」の着ぐるみ使用申請について 「麻績村ＰＲキャラクター『おみぽん』」のデザイン使用申請について 新型コロナウイルス感染症の影響により収入が減少したことによる国民健康保険税の減免について 税に関する証明書の郵送請求について 森林の土地を取得したときは届出をお願いします 印鑑登録・印鑑登録証明書 入学・転校などの手"
"20446","麻績村","36","true","false","true","true","","","https://www.vill.omi.nagano.jp/omimura/johokokai/index.html","支援金事業報告 「麻績村ＰＲキャラクター『おみぽん』」の着ぐるみ使用申請について 「麻績村ＰＲキャラクター『おみぽん』」のデザイン使用申請について 『おみぽん』のプロフィール 「麻績村の教育方針に関する研究検討委員会」 の会議録について 人・農地プランについて 令和元年度 森林環境譲与税使途について AED設置場所 麻績村避難所開設・運営マニュアルを作成しました 住民基本台帳閲覧者一覧 麻績村オープンデータの公開について 松本大学と連携"
"20446","麻績村","36","true","false","true","true","","","https://www.vill.omi.nagano.jp/kurashi/gomi/index.html","補助金について 麻績村住宅用太陽光発電システム設置事業補助金について 外来植物への対応について ごみの分別五十音表 地下水の保全及びかん養に関する指針を策定しました 犬の飼育 公害防止 くらし 上下水道 ゴミ・環境 税・年金・保険 手当・補助金 健康・医療 福祉・介護 教育 安全・防災 妊娠・出産・子育て 生涯学習 暮らし・住まい 証明・手続き ライフシーン 妊娠・出産 子育て 健康・医療 転入・転出 福祉・介護 お悔み このページの先"
"20446","麻績村","36","true","false","true","true","","","https://www.vill.omi.nagano.jp/kurashi/shomei_tetsuzuki/index.html","減免について 戸籍証明書等の広域交付について マイナンバーカードの申請・取得について 証明 「麻績村ＰＲキャラクター『おみぽん』」の着ぐるみ使用申請について 「麻績村ＰＲキャラクター『おみぽん』」のデザイン使用申請について 新型コロナウイルス感染症の影響により収入が減少したことによる国民健康保険税の減免について 税に関する証明書の郵送請求について 森林の土地を取得したときは届出をお願いします 印鑑登録・印鑑登録証明書 入学・転校などの手"
"20446","麻績村","36","true","false","true","true","","","https://www.vill.omi.nagano.jp/kurashi/shomei_tetsuzuki/jumin238.html","手当・補助金 健康・医療 福祉・介護 教育 安全・防災 妊娠・出産・子育て 生涯学習 暮らし・住まい 証明・手続き このページの先頭へ戻る サイトマップ ホームページについて お問い合わせ リンク集 交通アクセス 麻績村役場 〒399-7701 長野県東筑摩郡麻績村麻3837番地 電話番号(代表)：0263-67-3001 ファックス番号：0263-67-3094 開庁時間：午前8時30分から午後5時15分 閉庁日：土曜日・日曜日・祝日"
"20446","麻績村","36","true","false","true","true","","","https://www.vill.omi.nagano.jp/kurashi/zei_nenkin_hoken/index.html","減免について 税 ふるさと麻績村応援寄付金(ふるさと納税） 令和６年度森林環境譲与税使途について 軽自動車税（種別割）の減免について 村民税・県民税・森林環境税の給与からの特別徴収について 令和５年度森林環境譲与税使途について 税金 新型コロナウイルス感染症の影響により収入が減少したことによる国民健康保険税の減免について 税に関する証明書の郵送請求について 年金・保険 麻績村子育てガイド 国民健康保険について 後期高齢者医療保険について"
"20446","麻績村","36","true","false","true","true","","","https://www.vill.omi.nagano.jp/kurashi/index.html","手当・補助金 健康・医療 福祉・介護 教育 安全・防災 妊娠・出産・子育て 生涯学習 暮らし・住まい 証明・手続き 分類で探す くらし 麻績村について 事業者の方へ 移住希望者の方へ 観光 ライフシーン 妊娠・出産 子育て 健康・医療 転入・転出 福祉・介護 お悔み このページの先頭へ戻る サイトマップ ホームページについて お問い合わせ リンク集 交通アクセス 麻績村役場 〒399-7701 長野県東筑摩郡麻績村麻3837番地 電話番"
"20446","麻績村","36","true","false","true","true","","","https://www.vill.omi.nagano.jp/jigyousha/index.html","補助金について 2023年04月03日 入札 令和４・５・６年度麻績村入札参加資格申請の受付について 2022年12月02日 手当・補助金 肥料価格高騰対策事業のご案内 2022年08月15日 入札 令和４・５・６年度麻績村入札参加資格審査申請の変更届について 2022年05月20日 施策・計画 麻績村簡易水道事業、下水道事業の経営戦略について 2018年11月16日 証明・手続き 森林の土地を取得したときは届出をお願いします 2018"
"20446","麻績村","36","true","false","true","true","","","https://www.vill.omi.nagano.jp/jigyousha/johokokai/index.html","支援金事業報告 「麻績村ＰＲキャラクター『おみぽん』」の着ぐるみ使用申請について 「麻績村ＰＲキャラクター『おみぽん』」のデザイン使用申請について 『おみぽん』のプロフィール 「麻績村の教育方針に関する研究検討委員会」 の会議録について 人・農地プランについて 令和元年度 森林環境譲与税使途について AED設置場所 麻績村避難所開設・運営マニュアルを作成しました 住民基本台帳閲覧者一覧 麻績村オープンデータの公開について 松本大学と連携"
"20446","麻績村","36","true","false","true","true","","","https://www.vill.omi.nagano.jp/jigyousha/johokokai/shinko1817.html","補助金・支援 このページの先頭へ戻る サイトマップ ホームページについて お問い合わせ リンク集 交通アクセス 麻績村役場 〒399-7701 長野県東筑摩郡麻績村麻3837番地 電話番号(代表)：0263-67-3001 ファックス番号：0263-67-3094 開庁時間：午前8時30分から午後5時15分 閉庁日：土曜日・日曜日・祝日・年末年始 Copyright &copy; Omi Village All Rights Reser"
"20446","麻績村","36","true","false","true","true","","","https://www.vill.omi.nagano.jp/omimura/soneijutaku/gikaijimukyoku2623.html","支援金について 村、道路の除雪作業について この記事へのお問い合わせ 議会事務局 長野県東筑摩郡麻績村麻3837 電話番号 0263-67-4857 Fax番号 0263-67-3094 メール omigikai@vill.omi.nagano.jp ※対応時間：8時30分～17時15分（土,日,祝日を除く。) ※受付は24時間行っておりますが、お返事は業務時間内になることをご承知おきください。 麻績村について 情報公開 公共施設 議会"
"20446","麻績村","36","true","false","true","true","","","https://www.vill.omi.nagano.jp/omimura/soneijutaku/gikaijimukyoku2193.html","補助金活用）利用状況は 終活情報登録事業について 里山整備と情報発信について コメ不足について 清水 清 議員 村内の道路改良（国・県・村）について 農業政策 地域計画について 中山間地直接支払い制度について 清水清 この記事へのお問い合わせ 議会事務局 長野県東筑摩郡麻績村麻3837 電話番号 0263-67-4857 Fax番号 0263-67-3094 メール omigikai@vill.omi.nagano.jp ※対応時間：8"
"20446","麻績村","36","true","false","true","true","","","https://www.vill.omi.nagano.jp/omimura/gikai/gikaijimukyoku1909.html","補助金について 飯森 茂孝 議員 農業振興について 福祉企業センター・山ぼうし作業場について 中学校の部活動について 塚原 利彦 議員 農業政策について 行政現場の人員体制に関して 高齢者への福祉政策について 宮下 朗 議員 学校教育の現状と今後について 村営住宅について 地球温暖化対策事業について 茂木 泰男 議員 若年農業従事者への支援について 災害時の障がい者の対応について 麻績村農産物直売施設・観光案内所について 清水清議員 飯"
"20446","麻績村","36","true","false","true","true","","","https://www.vill.omi.nagano.jp/kurashi/anzen_bosai/gikaijimukyoku1733.html","手当・補助金 健康・医療 福祉・介護 教育 安全・防災 妊娠・出産・子育て 生涯学習 暮らし・住まい 証明・手続き このページの先頭へ戻る サイトマップ ホームページについて お問い合わせ リンク集 交通アクセス 麻績村役場 〒399-7701 長野県東筑摩郡麻績村麻3837番地 電話番号(代表)：0263-67-3001 ファックス番号：0263-67-3094 開庁時間：午前8時30分から午後5時15分 閉庁日：土曜日・日曜日・祝日"
"20446","麻績村","36","true","false","true","true","","","https://www.vill.omi.nagano.jp/kurashi/zei_nenkin_hoken/zei/index.html","減免について 村民税・県民税・森林環境税の給与からの特別徴収について 令和５年度森林環境譲与税使途について 税金 新型コロナウイルス感染症の影響により収入が減少したことによる国民健康保険税の減免について 税に関する証明書の郵送請求について 税・年金・保険 税 年金・保険 ライフシーン 妊娠・出産 子育て 健康・医療 転入・転出 福祉・介護 お悔み このページの先頭へ戻る サイトマップ ホームページについて お問い合わせ リンク集 交通ア"
"20446","麻績村","36","true","false","true","true","","","https://www.vill.omi.nagano.jp/kurashi/anzen_bosai/shinko1022.html","手当・補助金 健康・医療 福祉・介護 教育 安全・防災 妊娠・出産・子育て 生涯学習 暮らし・住まい 証明・手続き このページの先頭へ戻る サイトマップ ホームページについて お問い合わせ リンク集 交通アクセス 麻績村役場 〒399-7701 長野県東筑摩郡麻績村麻3837番地 電話番号(代表)：0263-67-3001 ファックス番号：0263-67-3094 開庁時間：午前8時30分から午後5時15分 閉庁日：土曜日・日曜日・祝日"
"20446","麻績村","36","true","false","true","true","","","https://www.vill.omi.nagano.jp/kurashi/anzen_bosai/shinko368.html","手当・補助金 健康・医療 福祉・介護 教育 安全・防災 妊娠・出産・子育て 生涯学習 暮らし・住まい 証明・手続き このページの先頭へ戻る サイトマップ ホームページについて お問い合わせ リンク集 交通アクセス 麻績村役場 〒399-7701 長野県東筑摩郡麻績村麻3837番地 電話番号(代表)：0263-67-3001 ファックス番号：0263-67-3094 開庁時間：午前8時30分から午後5時15分 閉庁日：土曜日・日曜日・祝日"
"20446","麻績村","36","true","false","true","true","","","https://www.vill.omi.nagano.jp/kurashi/anzen_bosai/shinko767.html","手当・補助金 健康・医療 福祉・介護 教育 安全・防災 妊娠・出産・子育て 生涯学習 暮らし・住まい 証明・手続き このページの先頭へ戻る サイトマップ ホームページについて お問い合わせ リンク集 交通アクセス 麻績村役場 〒399-7701 長野県東筑摩郡麻績村麻3837番地 電話番号(代表)：0263-67-3001 ファックス番号：0263-67-3094 開庁時間：午前8時30分から午後5時15分 閉庁日：土曜日・日曜日・祝日"
"20446","麻績村","36","true","false","true","true","","","https://www.vill.omi.nagano.jp/kurashi/anzen_bosai/shinko118.html","手当・補助金 健康・医療 福祉・介護 教育 安全・防災 妊娠・出産・子育て 生涯学習 暮らし・住まい 証明・手続き このページの先頭へ戻る サイトマップ ホームページについて お問い合わせ リンク集 交通アクセス 麻績村役場 〒399-7701 長野県東筑摩郡麻績村麻3837番地 電話番号(代表)：0263-67-3001 ファックス番号：0263-67-3094 開庁時間：午前8時30分から午後5時15分 閉庁日：土曜日・日曜日・祝日"
"20446","麻績村","36","true","false","true","true","","","https://www.vill.omi.nagano.jp/kurashi/anzen_bosai/jumin163.html","手当・補助金 健康・医療 福祉・介護 教育 安全・防災 妊娠・出産・子育て 生涯学習 暮らし・住まい 証明・手続き このページの先頭へ戻る サイトマップ ホームページについて お問い合わせ リンク集 交通アクセス 麻績村役場 〒399-7701 長野県東筑摩郡麻績村麻3837番地 電話番号(代表)：0263-67-3001 ファックス番号：0263-67-3094 開庁時間：午前8時30分から午後5時15分 閉庁日：土曜日・日曜日・祝日"
"20446","麻績村","36","true","false","true","true","","","https://www.vill.omi.nagano.jp/kurashi/anzen_bosai/shinko467.html","補助金交付要綱｜麻績村 文字サイズ 標準 大 背景色 白 黒 ふりがな Translate ENGLISH（英語） 汉语（中国語：簡体字） 漢語（中国語：繁体字） 한국어（韓国語） やさしい日本語 くらし 麻績村について 事業者の方へ 移住希望者の方へ 観光 サイト内を検索 組織から探す TOP くらし 安全・防災 麻績村ブロック塀等防災対策促進事業補助金交付要綱 麻績村ブロック塀等防災対策促進事業補助金交付要綱 更新日：2019年05"
"20448","生坂村","36","true","false","true","true","","","https://www.village.ikusaka.nagano.jp/","補助金一部機器の申請受付終了について （村づくり推進室） 7月8日 生坂村と東洋ライス株式会社が包括連携協定を締結しました （振興課）） 6月26日 夏の農業体験ツアー参加者募集のお知らせ （観光協会） 5月18日 松塩筑木曽老人福祉施設組合施設の移管先法人を公募しています （健康福祉課） 4月8日 生坂村絆づくり支援金募集のお知らせ （村づくり推進室） 4月8日 生坂村高等学校通学費補助金交付について（教育委員会） 4月1日 令和8年"
"20448","生坂村","36","true","false","true","true","","","https://www.village.ikusaka.nagano.jp/index.html","補助金一部機器の申請受付終了について （村づくり推進室） 7月8日 生坂村と東洋ライス株式会社が包括連携協定を締結しました （振興課）） 6月26日 夏の農業体験ツアー参加者募集のお知らせ （観光協会） 5月18日 松塩筑木曽老人福祉施設組合施設の移管先法人を公募しています （健康福祉課） 4月8日 生坂村絆づくり支援金募集のお知らせ （村づくり推進室） 4月8日 生坂村高等学校通学費補助金交付について（教育委員会） 4月1日 令和8年"
"20448","生坂村","36","true","false","true","true","","","https://www.village.ikusaka.nagano.jp/sitemap.htm","助成金（健康診査・不妊治療助成） 子育て ・ 犀龍小太郎助成金（インフルエンザ） ・ 乳幼児健診 ・ 母と子の教室 ・ ２歳児半教室 ・ お誕生教室 ・ 相談・支援 ・Ｈｉｂ（ヒブ）ワクチン・小児用肺炎球菌ワクチン接種助成 ・子宮頸がんワクチン接種助成 ・ ながの子育て家庭優待パスポート事業について ・ 健やかに産み育む子育て支援金 入園・入学 ・ 生坂保育園 ・ 生坂小学校 ・ 生坂中学校 住まい・住宅 ・ 村営住宅情報 ・ 木造住宅"
"20448","生坂村","36","true","false","true","true","","","https://www.village.ikusaka.nagano.jp/gyousei/juuminka/digital.html","助成金 転入・転出 お問い合わせ 住民課 〒399-7201 長野県東筑摩郡生坂村5493-2 TEL 0263-69-3113 個人情報保護について サイトポリシー 生坂村役場 〒399-7201 長野県東筑摩郡生坂村5493-2 TEL：0263-69-3111（代） FAX：0263-69-3115 各課連絡先 Copyright c 2007 Village Ikusaka All rights reserved."
"20448","生坂村","36","true","false","true","true","","","https://www.village.ikusaka.nagano.jp/gyousei/juuminka/baby.htm","一時金 産婦さんが国民健康保険の加入者である方については国民健康保険証と印鑑、母子健康手帳、金融機関の通帳をご持参してください。 乳児一般健康診査票の交付 乳児の健康診査を医療機関で１回受診できます。福祉課で渡しています。 福祉医療給付 乳幼児及び児童（出生の日から満18歳に達する日以降の最初の3月31日まで）を対象に 医療費の支給を受けることができます。保険証、印鑑、金融機関の通帳をご持参ください。 児童手当 児童を養育されている方は"
"20448","生坂村","36","true","false","true","true","","","https://www.village.ikusaka.nagano.jp/gyousei/muradukuri/muradukurisuisinsitu.htm","補助金 空き家解体費用シミュレーター 村づくりと村の協働活動に関すること 村づくり計画 元気づくり支援金事業 絆づくり支援金事業 生坂村共通ポイント「１９３カードポイント制度」 令和５年度村政アンケート いくさか大好き隊（地域おこし協力隊員・集落支援員）の活動 生坂村では2022年4月1日現在、13名の地域おこし協力隊員（男性5名・女性8名）と、7名の集落支援員（男性）が活動しています。 活動の内容等は、広報いくさか「大好き隊通信」のペ"
"20448","生坂村","36","true","false","true","true","","","https://www.village.ikusaka.nagano.jp/kyouiku/kyouiku.htm","奨学金の貸与 生坂村に住所を有し、経済的理由により高等学校等の就学が困難な人に、学資を貸与して将来の人材を育成します。 奨学金を希望する人は、教育委員会へ申請してください。 お問い合わせ 生坂村教育委員会 〒399-7201 長野県東筑摩郡生坂村6002-1 TEL：0263-69-2087 FAX：0263-69-3390 個人情報保護について サイトポリシー 生坂村役場 〒399-7201 長野県東筑摩郡生坂村5493-2 TEL："
"20448","生坂村","36","true","false","true","true","","","https://www.village.ikusaka.nagano.jp/","補助金一部機器の申請受付終了について （村づくり推進室） 7月8日 生坂村と東洋ライス株式会社が包括連携協定を締結しました （振興課）） 6月26日 夏の農業体験ツアー参加者募集のお知らせ （観光協会） 5月18日 松塩筑木曽老人福祉施設組合施設の移管先法人を公募しています （健康福祉課） 4月8日 生坂村絆づくり支援金募集のお知らせ （村づくり推進室） 4月8日 生坂村高等学校通学費補助金交付について（教育委員会） 4月1日 令和8年"
"20450","山形村","36","true","false","true","true","長野県山形村","","https://www.vill.yamagata.nagano.jp/","補助金について 2026年6月30日 村長交際費執行状況 令和８年６月 2026年6月27日 令和8年度 館報やまがた 2026年6月26日 令和8年度広報やまがた 2026年6月25日 山形村B&G海洋センター2026シーズン営業のご案内(R8.6.25更新) もっと見る RSS イベント 2026年6月25日 山形村B&G海洋センター2026シーズン営業のご案内(R8.6.25更新) 2026年6月19日 いくじゃん！やるじゃん！で"
"20450","山形村","36","true","false","true","true","長野県山形村","","https://www.vill.yamagata.nagano.jp/index.html","補助金について 2026年6月30日 村長交際費執行状況 令和８年６月 2026年6月27日 令和8年度 館報やまがた 2026年6月26日 令和8年度広報やまがた 2026年6月25日 山形村B&G海洋センター2026シーズン営業のご案内(R8.6.25更新) もっと見る RSS イベント 2026年6月25日 山形村B&G海洋センター2026シーズン営業のご案内(R8.6.25更新) 2026年6月19日 いくじゃん！やるじゃん！で"
"20450","山形村","36","true","false","true","true","新着情報","新着情報","https://www.vill.yamagata.nagano.jp/news/news/","補助金について 2026年6月30日 村長交際費執行状況 令和８年６月 2026年6月27日 令和8年度 館報やまがた 2026年6月26日 令和8年度広報やまがた 2026年6月25日 山形村B&G海洋センター2026シーズン営業のご案内(R8.6.25更新) 2026年6月25日 山形なろう原霊園 合葬墓申請受付について 2026年6月25日 ＼熊の目撃情報も確認できます！／未来共生災害救援マップ（略称：災救マップ）を導入しました "
"20450","山形村","36","true","false","true","true","住まい・ペット","住まい・ペット","https://www.vill.yamagata.nagano.jp/life/living/","補助金について 2026年3月31日 耐震改修促進計画 2026年3月10日 空き家マッチング～空き家を探している方募集中～ 2025年12月18日 『林野火災注意報』の運用が始まりました 2024年12月16日 用水路落水のお知らせ 2022年12月31日 やまがた村生活圏巡り 2022年4月1日 空き家に関する補助金 2021年3月19日 太陽光発電設備の所有者の皆様へ 2020年2月5日 犬の飼い方 2020年2月5日 家を建てる"
"20450","山形村","36","true","false","true","true","申請","申請","https://www.vill.yamagata.nagano.jp/life/application/","補助金事業の実施について 2021年4月8日 マイナンバーカードの申請について 2020年2月20日 不妊・不育症治療補助を申請される方へ 2026年4月1日 交通災害共済について 2020年2月7日 山形新規就農者支援事業について 2020年2月3日 山形村で宅地造成・事業所開発等をされる事業者の皆さまへ 2020年2月20日 山形村で行う高齢者施策について 2022年4月20日 山形村後援名義・教育委員会後援名義の申請について 20"
"20450","山形村","36","true","false","true","true","ごみ・環境","ごみ・環境","https://www.vill.yamagata.nagano.jp/life/environment/","補助金について 2026年4月2日 令和８年度大型資源プラスチック一斉回収について（山形村村民のみ） 2026年4月2日 令和８年度小型家電一斉回収について（山形村村民のみ） 2026年4月2日 住宅用太陽光発電システム補助制度 2026年3月27日 生涯学習カレンダー 2025年12月26日 【重要】ごみ収集の年末年始休業のお知らせ 2025年12月18日 『林野火災注意報』の運用が始まりました 2025年4月18日 ごみの収集 20"
"20450","山形村","36","true","false","true","true","高齢者・介護","高齢者・介護","https://www.vill.yamagata.nagano.jp/health/nursing/","補助金 2024年3月29日 高齢者肺炎球菌予防接種について 2022年4月8日 認知症ケアパス～リーフレット版～ 2021年10月1日 子どものインフルエンザ予防接種（任意）費用の助成 2020年10月11日 高齢者のインフルエンザ予防接種 2020年8月19日 いちいくらしネットワークの協定締結について 2020年6月16日 介護保険料の改定のお知らせ（令和6年度から令和8年度） 2020年3月16日 徘徊高齢者QRコード活用見守り"
"20450","山形村","36","true","false","true","true","健康","健康","https://www.vill.yamagata.nagano.jp/health/health/","補助金 2026年2月24日 令和7年度新型コロナワクチン接種について 2025年4月15日 子宮頸がんワクチン（HPVワクチン）の償還払いにいて 2025年4月1日 子宮頸がん予防ワクチン（ＨＰＶワクチン）のキャッチアップ接種について 2024年4月1日 がん患者へのアピアランスケア助成事業 2024年3月29日 高齢者肺炎球菌予防接種について 2024年3月26日 第3期保健事業実施計画（データヘルス計画）の策定について 2023年"
"20450","山形村","36","true","false","true","true","商工業","商工業","https://www.vill.yamagata.nagano.jp/business/industry/","補助金事業の実施について 2026年5月7日 信州消防団員応援ショップ事業 2026年5月7日 消防団協力事業所表示制度について 2023年4月20日 YouTubeによる村の魅力配信事業 最後の動画配信中！ 2023年1月25日 YouTubeによる村の魅力配信事業 第19弾動画配信中！ 2023年1月16日 YouTubeによる村の魅力配信事業 第18弾動画配信中！ 2023年1月11日 YouTubeによる村の魅力配信事業 第17"
"20450","山形村","36","true","false","true","true","令和８年度保育園入所案内","令和８年度保育園入所案内","https://www.vill.yamagata.nagano.jp/docs/317498.html","給付金の支給対象期間延長手続きを厳格化する旨の通知がありました。 これまでの確認に加え、保育所等の利用申込が、速やかな職場復帰のために行われたものであると認められる必要があります。 このことを受け、令和7年4月入園から、入所保留（不承諾）となることを希望した旨の意思表示が行われた保育園利用申込は受付不可となりますので、ご注意ください。 育児休業給付金の支給対象期間延長手続きに関する詳細は、 厚生労働省ホームページ 等でご確認をお願いいた"
"20450","山形村","36","true","false","true","true","令和7年度保育園入所案内","令和7年度保育園入所案内","https://www.vill.yamagata.nagano.jp/docs/294096.html","給付金の支給対象期間延長手続きを厳格化する旨の通知がありました。 これまでの確認に加え、保育所等の利用申込が、速やかな職場復帰のために行われたものであると認められる必要があります。 このことを受け、令和7年4月入園から、入所保留（不承諾）となることを希望した旨の意思表示が行われた保育園利用申込は受付不可となりますので、ご注意ください。 育児休業給付金の支給対象期間延長手続きに関する詳細は、 厚生労働省ホームページ 等でご確認をお願いいた"
"20451","朝日村","36","true","false","true","true","申請書ダウンロード","申請書ダウンロード","https://www.vill.asahi.nagano.jp/official/benriservice/shinseishodownload/index.html","補助金 花いっぱい運動 生ごみ処理機購入補助金 新庁舎建設概要 朝日村指定給水装置工事事業者申請（新規・更新・廃止等）について 印鑑登録 戸籍謄本・抄本等の交付 住民異動(転入・転居・転出・世帯変更) 住民票等の交付 道路占用許可（掘削許可）申請 道路使用許可（通行制限）承認願 道路自営工事承認申請 朝日村へふるさと納税をご検討中の方へ 耕作目的の農地又は採草放牧地の所有権等の権利移動に伴う許可制度（3条許可） 農地等の転用（4条・5条"
"20452","筑北村","36","true","false","true","true","筑北村農業委員等の推薦及び公募の結果について","筑北村農業委員等の推薦及び公募の結果について","https://www.vill.chikuhoku.lg.jp/docs/5515.html","補助金・支援制度・その他書式 筑北村カレンダー 筑北村トップページ Language 閉じる 読み上げる 筑北村農業委員等の推薦及び公募の結果について ツイート ページ公開日：2026年7月9日 農業委員会等に関する法律（昭和26年法律第88号）第9条第2項及び同法施行規則第6条第1項第2号の規定に基づき、筑北村農業委員会委員の推薦及び応募の結果を以下のとおり公表します。 1．受付人数 （1）農業委員の推薦及び応募の結果 推薦を受けた者"
"20452","筑北村","36","true","false","true","true","講演会「本当はこわい脂肪肝」開催のお知らせ","講演会「本当はこわい脂肪肝」開催のお知らせ","https://www.vill.chikuhoku.lg.jp/docs/5489.html","補助金・支援制度・その他書式 筑北村カレンダー 筑北村トップページ Language 閉じる 読み上げる 講演会「本当はこわい脂肪肝」開催のお知らせ ツイート ページ公開日：2026年6月30日 講演会「本当はこわい脂肪肝」開催のお知らせ 脂肪肝なんて悪くならないし、たいしたことないと思っていませんか？ 最近、脂肪肝の中にも肝硬変に進行するものがあることがわかってきました。 脂肪肝についてわかってきたこと、ふだんの生活で気をつけること、"
"20452","筑北村","36","true","false","true","true","インターバル速歩教室土曜開日催参加者募集","インターバル速歩教室土曜開日催参加者募集","https://www.vill.chikuhoku.lg.jp/docs/5459.html","補助金・支援制度・その他書式 筑北村カレンダー 筑北村トップページ Language 閉じる 読み上げる インターバル速歩教室土曜開日催参加者募集 ツイート ページ公開日：2026年6月22日 インターバル速歩教室土曜日開催参加者募集 今年度は、平日の参加が難しい方にも参加できるよう、土曜日開催を設けました 生活習慣病予防や介護予防のために、インターバル速歩教室に参加してみませんか。 【こんな方におすすめ】 ☆健康診断の結果が気になる方"
"20452","筑北村","36","true","false","true","true","子ども・若者に関するお困りごと相談 麻績・筑北出張相談会のお知らせ","子ども・若者に関するお困りごと相談 麻績・筑北出張相談会のお知らせ","https://www.vill.chikuhoku.lg.jp/docs/5419.html","補助金・支援制度・その他書式 筑北村カレンダー 筑北村トップページ Language 閉じる 読み上げる 子ども・若者に関するお困りごと相談 麻績・筑北出張相談会のお知らせ ツイート ページ公開日：2026年6月18日 ☆こどもと若者に関する困りごと相談 麻績・筑北出張相談会開催☆ 子ども・若者総合相談センター（サポートネット）は、こどもと若者に関する困りごと相談を受け、お困りの状況改善を行うために、必要に応じて協議会構成メンバーと共に"
"20452","筑北村","36","true","false","true","true","ちくほくのひと","ちくほくのひと","https://www.vill.chikuhoku.lg.jp/docs/4134.html","補助金・支援制度・その他書式 筑北村カレンダー 筑北村トップページ Language 閉じる 読み上げる ちくほくのひと ツイート ページ公開日：2025年4月22日 ちくほくのひと 筑北村で活躍する人、移住した人などを紹介します。 ちくほくのひと Vol.31 世界中にここより良い場所はない。 ものづくりにも最適な筑北村 菊地克典さん、智子さん 筑北村のふるさと納税返礼品にも作品を提供している 『工房ととか』の木の器作家と陶芸作家のア"
"20452","筑北村","36","true","false","true","true","筑北村地域おこし協力隊","筑北村地域おこし協力隊","https://www.vill.chikuhoku.lg.jp/docs/4196.html","補助金・支援制度・その他書式 筑北村カレンダー 筑北村トップページ Language 閉じる 読み上げる 筑北村地域おこし協力隊 ツイート ページ公開日：2026年5月29日 地域おこし協力隊について 地域おこし協力隊とは、都市地域から過疎地域等へ拠点を移し、地域振興や地域協力活動を行うものを地方自治体が受け入れ、地域への定住・移住を図っていくことを目的とした取り組みです。 筑北村では、平成25年度より地域おこし協力隊制度を導入し、現在"
"20452","筑北村","36","true","false","true","true","役場・支所・教育委員会へのアクセス","役場・支所・教育委員会へのアクセス","https://www.vill.chikuhoku.lg.jp/docs/377.html","補助金・支援制度・その他書式 筑北村カレンダー 筑北村トップページ Language 閉じる 読み上げる 役場・支所・教育委員会へのアクセス ツイート ページ公開日：2012年4月6日 筑北村役場 〒399-7501 長野県東筑摩郡筑北村西条4195 電話 0263-66-2111 FAX 0263-66-3370 （総務課・企画財政課・住民福祉課・議会事務局（選挙管理委員会、監査委員事務局）・会計室） FAX 0263-66-3010"
"20452","筑北村","36","true","false","true","true","住宅","住宅","https://www.vill.chikuhoku.lg.jp/kurashi/jyutaku/","補助金・支援制度・その他書式 筑北村カレンダー 筑北村トップページ Language 閉じる 読み上げる 住宅 2026年4月24日 木造住宅耐震補強補助事業補助金について 2024年4月15日 雨水貯留施設設置補助金について 2022年4月1日 筑北村耐震改修促進計画(第Ⅲ期)の公表ついて 2020年7月31日 ブロック塀等防災対策促進事業補助金について 2019年11月28日 災害危険住宅移転事業補助金について 2018年6月27日"
"20452","筑北村","36","true","false","true","true","農林業振興","農林業振興","https://www.vill.chikuhoku.lg.jp/gyosei/norin/","補助金・支援制度・その他書式 筑北村カレンダー 筑北村トップページ Language 閉じる 読み上げる 農林業振興 2026年5月1日 筑北村鳥獣被害防止計画について 2026年4月6日 有害獣防除対策事業補助金について 2026年4月1日 筑北村森林整備計画の公表について 2026年3月25日 地域計画について 2025年5月27日 農林水産省「モデル事例集」（ファームめぶき）について 2025年2月5日 松くい虫被害対策事業補助金"
"20452","筑北村","36","true","false","true","true","農業委員会","農業委員会","https://www.vill.chikuhoku.lg.jp/gyosei/nogyo/","補助金・支援制度・その他書式 筑北村カレンダー 筑北村トップページ Language 閉じる 読み上げる 農業委員会 2026年7月9日 筑北村農業委員等の推薦及び公募の結果について 2026年4月7日 農作業標準賃金について 2022年11月14日 農地等の利用状況報告書について 2020年11月7日 農業委員および農地利用最適化推進委員について ホーム &rsaquo; 行政情報 &rsaquo; 農業委員会 〒399-7501 長"
"20452","筑北村","36","true","false","true","true","住宅関連","住宅関連","https://www.vill.chikuhoku.lg.jp/boshu/jitaku/","補助金・支援制度・その他書式 筑北村カレンダー 筑北村トップページ Language 閉じる 読み上げる 住宅関連 村営住宅 公営住宅 特定公共賃貸住宅 物件情報一覧 ホーム &rsaquo; 募集情報 &rsaquo; 住宅関連 〒399-7501 長野県東筑摩郡 筑北村西条4195 役場へのアクセス このホームページについて 個人情報の取り扱い ウェブアクセシビリティ お問い合わせ 筑北村役場 代表 0263-66-2111 FAX"
"20452","筑北村","36","true","false","true","true","総務課","総務課","https://www.vill.chikuhoku.lg.jp/download/somu/","補助金・支援制度・その他書式 筑北村カレンダー 筑北村トップページ Language 閉じる 読み上げる 総務課 2026年5月22日 JR通学定期券補助金について 2026年4月1日 自転車用ヘルメット購入費補助金について 2024年4月15日 雨水貯留施設設置補助金について 2022年9月27日 行政財産使用許可申請について 2022年8月22日 防災ラジオ 村政情報放送における従業員募集やイベント・行事等の放送について 2022年"
"20452","筑北村","36","true","false","true","true","企画財政課","企画財政課","https://www.vill.chikuhoku.lg.jp/download/kikakuzaisei/","補助金・支援制度・その他書式 筑北村カレンダー 筑北村トップページ Language 閉じる 読み上げる 企画財政課 2026年4月1日 筑北村協働事業支援金について 2025年3月3日 令和7・8・9年度入札参加資格審査申請の随時受付について 2022年3月23日 Uターン促進住宅改修等事業補助金制度について 2017年5月11日 空き家住宅診断事業補助金制度について 2017年1月24日 老朽空き家等解体事業補助金制度について 20"
"20452","筑北村","36","true","false","true","true","建設課","建設課","https://www.vill.chikuhoku.lg.jp/download/kensetsu/","補助金・支援制度・その他書式 筑北村カレンダー 筑北村トップページ Language 閉じる 読み上げる 建設課 2026年4月24日 木造住宅耐震補強補助事業補助金について 2026年4月8日 道路・河川愛護活動補助金の単価改正のお知らせ 2026年4月8日 道路愛護活動について 2026年4月8日 河川愛護活動について 2020年7月31日 ブロック塀等防災対策促進事業補助金について 2019年11月28日 災害危険住宅移転事業補助"
"20452","筑北村","36","true","false","true","true","産業課","産業課","https://www.vill.chikuhoku.lg.jp/download/sangyo/","補助金・支援制度・その他書式 筑北村カレンダー 筑北村トップページ Language 閉じる 読み上げる 産業課 2026年4月6日 有害獣防除対策事業補助金について 2025年2月5日 松くい虫被害対策事業補助金について 2025年2月5日 木質バイオマスの熱利用推進事業補助金について 2017年7月27日 皆さんが行う農業用水路等の修繕支援について ホーム &rsaquo; 補助金・支援制度・その他書式 &rsaquo; 産業課 〒"
"20452","筑北村","36","true","false","true","true","その他","その他","https://www.vill.chikuhoku.lg.jp/download/sonota/","補助金・支援制度・その他書式 筑北村カレンダー 筑北村トップページ Language 閉じる 読み上げる その他 登録情報はございません。 ホーム &rsaquo; 補助金・支援制度・その他書式 &rsaquo; その他 〒399-7501 長野県東筑摩郡 筑北村西条4195 役場へのアクセス このホームページについて 個人情報の取り扱い ウェブアクセシビリティ お問い合わせ 筑北村役場 代表 0263-66-2111 FAX 0263"
"20452","筑北村","36","true","false","true","true","農業振興地域計画変更申請締切","農業振興地域計画変更申請締切","https://www.vill.chikuhoku.lg.jp/zz_event_schedule/5202.html","補助金・支援制度・その他書式 筑北村カレンダー 筑北村トップページ Language 閉じる 読み上げる 農業振興地域計画変更申請締切 ツイート ページ公開日：2026年4月23日 Adobe Reader この情報は役に立ちましたか？ お寄せいただいた評価は運営の参考といたします。 このページの内容は役に立ちましたか？ ※必須入力 役に立った どちらともいえない 役に立たなかった このページの内容は分かりやすかったですか？ ※必須入力"
"20452","筑北村","36","true","false","true","true","筑北村移住サポート住宅 利用状況","筑北村移住サポート住宅 利用状況","https://www.vill.chikuhoku.lg.jp/docs/support-calender.html","補助金・支援制度・その他書式 筑北村カレンダー 筑北村トップページ Language 閉じる 読み上げる 筑北村移住サポート住宅 利用状況 ツイート ページ公開日：2025年2月5日 移住サポート住宅 利用状況 こちらで利用状況をご確認のうえ、利用希望日の3ヶ月前から14日前までにお申し込みください。 状況によりカレンダーの更新が間に合わない場合があります。確実な空き状況は電話またはメールでお問い合わせください。 施設の詳細については関"
"20446","麻績村","33","true","false","true","false","","","https://www.vill.omi.nagano.jp/lifescene/kosodate/","手当・補助金 結婚新生活支援事業（地域少子化対策重点推進補助事業）について 麻績村子育てガイド 妊婦のための支援給付金 高等学校等通学費の助成について 出産祝金・育児支援金 児童手当 児童扶養手当 特別児童扶養手当 ながの子育て家庭優待パスポート事業 ライフシーン 妊娠・出産 子育て 健康・医療 転入・転出 福祉・介護 お悔み このページの先頭へ戻る サイトマップ ホームページについて お問い合わせ リンク集 交通アクセス 麻績村役場 "
"20446","麻績村","33","true","false","true","false","","","https://www.vill.omi.nagano.jp/lifescene/kosodate/index.html","手当・補助金 結婚新生活支援事業（地域少子化対策重点推進補助事業）について 麻績村子育てガイド 妊婦のための支援給付金 高等学校等通学費の助成について 出産祝金・育児支援金 児童手当 児童扶養手当 特別児童扶養手当 ながの子育て家庭優待パスポート事業 ライフシーン 妊娠・出産 子育て 健康・医療 転入・転出 福祉・介護 お悔み このページの先頭へ戻る サイトマップ ホームページについて お問い合わせ リンク集 交通アクセス 麻績村役場 "
"20446","麻績村","33","true","false","true","false","","","https://www.vill.omi.nagano.jp/kurashi/kyoiku/index.html","手当・補助金 健康・医療 福祉・介護 教育 安全・防災 妊娠・出産・子育て 生涯学習 暮らし・住まい 証明・手続き ライフシーン 妊娠・出産 子育て 健康・医療 転入・転出 福祉・介護 お悔み このページの先頭へ戻る サイトマップ ホームページについて お問い合わせ リンク集 交通アクセス 麻績村役場 〒399-7701 長野県東筑摩郡麻績村麻3837番地 電話番号(代表)：0263-67-3001 ファックス番号：0263-67-30"
"20446","麻績村","33","true","false","true","false","","","https://www.vill.omi.nagano.jp/kurashi/ninshin_shussan_kosodate/index.html","給付金 長野県結婚・出産・子育て応援サイト チアフルながの 令和6年9月麻績村定例議会一般質問 病後児保育 出産祝金・育児支援金 母子手帳アプリ「おみっ子すくすくナビ by 母子モ」 麻績村子育て世代包括支援センター 児童扶養手当 ながの子育て家庭優待パスポート事業 くらし 上下水道 ゴミ・環境 税・年金・保険 手当・補助金 健康・医療 福祉・介護 教育 安全・防災 妊娠・出産・子育て 生涯学習 暮らし・住まい 証明・手続き ライフシー"
"20446","麻績村","33","true","false","true","false","","","https://www.vill.omi.nagano.jp/jigyousha/hojokin_shien/index.html","補助金・支援｜麻績村 文字サイズ 標準 大 背景色 白 黒 ふりがな Translate ENGLISH（英語） 汉语（中国語：簡体字） 漢語（中国語：繁体字） 한국어（韓国語） やさしい日本語 くらし 麻績村について 事業者の方へ 移住希望者の方へ 観光 サイト内を検索 組織から探す TOP 事業者の方へ 補助金・支援 補助金・支援 麻績村住宅用太陽光発電システム設置事業補助金について 肥料価格高騰対策事業のご案内 麻績村小さな産業づ"
"20448","生坂村","33","true","false","false","true","","","https://www.village.ikusaka.nagano.jp/lifeguide/kenkou.html","助成金制度 健康相談 身体のこと、こころのこと、栄養のこと、 福祉サービスのことについて、介護保険についてのご相談は、平日8:30～17:00まで随時受けつけております。お気軽にご相談ください。 個人情報保護について サイトポリシー 生坂村役場 〒399-7201 長野県東筑摩郡生坂村5493-2 TEL：0263-69-3111（代） FAX：0263-69-3115 各課連絡先 Copyright c 2007 Village Ik"
"20448","生坂村","33","false","true","true","true","","","https://www.village.ikusaka.nagano.jp/gyousei/kenkoufukusi/kosodate/iwaikin.htm","長野県生坂村 出産祝金 文字サイズ変更機能を利用するにはJavaScript（アクティブスクリプト）を有効にしてください。JavaScript（アクティブスクリプト） を無効のまま文字サイズを変更する場合には、ご利用のブラウザの表示メニューから文字サイズを変更してください。 ホーム 行政情報 健康福祉課 出産祝金 出産祝金 出産を祝い保護者の出生児育成の一助とするため出産祝金を支給します。 （対象者） 出生児を現に養育する父又は母で次の"
"20448","生坂村","33","false","true","true","true","","","https://www.village.ikusaka.nagano.jp/gyousei/kenkoufukusi/kosodate/yutaipassport.htm","長野県生坂村 ながの子育て家庭優待パスポート事業 文字サイズ変更機能を利用するにはJavaScript（アクティブスクリプト）を有効にしてください。JavaScript（アクティブスクリプト） を無効のまま文字サイズを変更する場合には、ご利用のブラウザの表示メニューから文字サイズを変更してください。 ホーム 行政情報 健康福祉課 ながの子育て家庭優待パスポート事業について ながの子育て家庭優待パスポート事業 ～ 地域のみんなで子どもと子"
"20448","生坂村","33","false","true","true","true","","","https://www.village.ikusaka.nagano.jp/gyousei/kenkoufukusi/seijin/fukusi.htm","長野県生坂村 福祉サービス一覧 文字サイズ変更機能を利用するにはJavaScript（アクティブスクリプト）を有効にしてください。JavaScript（アクティブスクリプト） を無効のまま文字サイズを変更する場合には、ご利用のブラウザの表示メニューから文字サイズを変更してください。 ホーム 行政情報 健康福祉課 福祉サービス一覧 窓口：健康管理センター （TEL：0263-69-3500 FAX：0263-69-3505） 事業名 対象"
"20451","朝日村","33","true","false","true","false","引越し・住まい","引越し・住まい","https://www.vill.asahi.nagano.jp/official/lifescenekarasagasu/hikkoshi_sumai/index.html","補助金 住宅等の耐震関係補助金について ライフシーンから探す 長野県朝日村 法人番号 4000020204510 〒390-1188 長野県東筑摩郡朝日村大字古見1555番地1 電話番号： 0263-99-2001 ファクス番号：0263-99-2745 開庁時間：午前8時30分から午後5時15分 開庁日：月曜日から金曜日（土曜日・日曜日・祝日・年末年始を除く） アクセス お問い合わせ サイトマップ 個人情報の取り扱いについて 著作権・"
"20448","生坂村","32","true","true","false","false","","","https://www.village.ikusaka.nagano.jp/gyousei/juuminka/juuminka.htm","補助金交付について 地球温暖化防止対策設備設置費補助金交付について 家庭用コンポスト容器購入補助制度 犬猫の避妊去勢手術補助金交付について 生坂村は、さくらねこ無料不妊手術事業に参加しています 健やかに産み育む子育て支援金 ２歳未満の乳幼児に対するもえるごみ専用指定袋交付事業 国民健康保険・後期高齢者医療人間ドック助成金制度 結婚祝い金 結婚新生活支援事業補助金交付について 法定相続情報証明制度 自筆証書遺言書保管制度 やまなみ荘運営委"
"20446","麻績村","28","false","true","true","true","","","https://www.vill.omi.nagano.jp/","麻績村 文字サイズ 標準 大 背景色 白 黒 ふりがな Translate ENGLISH（英語） 汉语（中国語：簡体字） 漢語（中国語：繁体字） 한국어（韓国語） やさしい日本語 くらし 麻績村について 事業者の方へ 移住希望者の方へ 観光 キーワードから探す キーワード よく検索される言葉 聖高原 観光 子育て 移住定住 アクセス 注目情報 ライフシーン 妊娠・出産 子育て 健康・医療 転入・転出 福祉・介護 お悔み よく見られてい"
"20446","麻績村","28","false","true","true","true","麻績村 移住定住サイト","麻績村 移住定住サイト","https://www.vill.omi.nagano.jp/iju/","麻績村 移住定住サイト 麻績村 移住定住 サイト 麻績村を知る 住まい くらし 移住サポート 地域おこし協力隊 お知らせ ふりがな Translate ENGLISH（英語） 汉语（中国語：簡体字） 漢語（中国語：繁体字） 한국어（韓国語） やさしい日本語 麻績村公式サイト サイト内検索 お知らせ 一覧を見る 2026.07.06 イベント 麻績そよごマルクトの出店者募集をおこないます 2025.06.01 イベント [ 終了 ]【6/"
"20446","麻績村","28","false","true","true","true","麻績村 移住定住サイト","麻績村 移住定住サイト","https://www.vill.omi.nagano.jp/iju/","麻績村 移住定住サイト 麻績村 移住定住 サイト 麻績村を知る 住まい くらし 移住サポート 地域おこし協力隊 お知らせ ふりがな Translate ENGLISH（英語） 汉语（中国語：簡体字） 漢語（中国語：繁体字） 한국어（韓国語） やさしい日本語 麻績村公式サイト サイト内検索 お知らせ 一覧を見る 2026.07.06 イベント 麻績そよごマルクトの出店者募集をおこないます 2025.06.01 イベント [ 終了 ]【6/"
"20446","麻績村","28","true","false","true","false","","","https://www.vill.omi.nagano.jp/lifescene/tennyu_tenshutsu/","手当 入学・転校などの手続き ライフシーン 妊娠・出産 子育て 健康・医療 転入・転出 福祉・介護 お悔み このページの先頭へ戻る サイトマップ ホームページについて お問い合わせ リンク集 交通アクセス 麻績村役場 〒399-7701 長野県東筑摩郡麻績村麻3837番地 電話番号(代表)：0263-67-3001 ファックス番号：0263-67-3094 開庁時間：午前8時30分から午後5時15分 閉庁日：土曜日・日曜日・祝日・年末年"
"20446","麻績村","28","false","true","true","true","","","https://www.vill.omi.nagano.jp/kurashi/zei_nenkin_hoken/zei/somu410.html","税金｜麻績村 文字サイズ 標準 大 背景色 白 黒 ふりがな Translate ENGLISH（英語） 汉语（中国語：簡体字） 漢語（中国語：繁体字） 한국어（韓国語） やさしい日本語 くらし 麻績村について 事業者の方へ 移住希望者の方へ 観光 サイト内を検索 組織から探す TOP くらし 税・年金・保険 税 税金 税金 更新日：2024年04月15日 村税の納期 国、都道府県、市町村などでは、わたくしたちが豊かで健康な暮らしができ"
"20446","麻績村","28","false","true","true","true","","","https://www.vill.omi.nagano.jp/kurashi/zei_nenkin_hoken/nenkin_hoken/jumin239.html","国民年金｜麻績村 文字サイズ 標準 大 背景色 白 黒 ふりがな Translate ENGLISH（英語） 汉语（中国語：簡体字） 漢語（中国語：繁体字） 한국어（韓国語） やさしい日本語 くらし 麻績村について 事業者の方へ 移住希望者の方へ 観光 サイト内を検索 組織から探す TOP くらし 税・年金・保険 年金・保険 国民年金 国民年金 更新日：2015年11月24日 人生の「もしも」を支えるセーフティーネット 「年金なんて若い"
"20446","麻績村","28","false","true","true","true","麻績村 移住定住サイト","麻績村 移住定住サイト","https://www.vill.omi.nagano.jp/iju/index.html","麻績村 移住定住サイト 麻績村 移住定住 サイト 麻績村を知る 住まい くらし 移住サポート 地域おこし協力隊 お知らせ ふりがな Translate ENGLISH（英語） 汉语（中国語：簡体字） 漢語（中国語：繁体字） 한국어（韓国語） やさしい日本語 麻績村公式サイト サイト内検索 お知らせ 一覧を見る 2026.07.06 イベント 麻績そよごマルクトの出店者募集をおこないます 2025.06.01 イベント [ 終了 ]【6/"
"20446","麻績村","28","false","true","true","true","麻績村 移住定住サイト","麻績村 移住定住サイト","https://www.vill.omi.nagano.jp/iju/news/event/muradukuri211.html","麻績そよごマルクトの出店者募集をおこないます｜麻績村 移住定住サイト 麻績村 移住定住 サイト 麻績村を知る 住まい くらし 移住サポート 地域おこし協力隊 お知らせ ふりがな Translate ENGLISH（英語） 汉语（中国語：簡体字） 漢語（中国語：繁体字） 한국어（韓国語） やさしい日本語 麻績村公式サイト サイト内検索 ホーム お知らせ イベント 麻績そよごマルクトの出店者募集をおこないます 麻績そよごマルクトの出店者募集"
"20446","麻績村","28","false","true","true","true","","","https://www.vill.omi.nagano.jp/list_information.html","お知らせ｜麻績村 文字サイズ 標準 大 背景色 白 黒 ふりがな Translate ENGLISH（英語） 汉语（中国語：簡体字） 漢語（中国語：繁体字） 한국어（韓国語） やさしい日本語 くらし 麻績村について 事業者の方へ 移住希望者の方へ 観光 サイト内を検索 組織から探す TOP お知らせ お知らせ 2026年07月13日 麻績村について 館報おみ 2026年07月10日 観光サイト ７月１８日(土) 聖博物館 プチイベント開"
"20446","麻績村","28","true","false","true","false","","","https://www.vill.omi.nagano.jp/sitemap.html","手当・補助金 健康・医療 福祉・介護 教育 安全・防災 妊娠・出産・子育て 生涯学習 暮らし・住まい 証明・手続き 麻績村について 情報公開 公共施設 議会 財政 村政運営 施策・計画 選挙 麻績村概要 村長のページ 事業者の方へ 入札 情報公開 補助金・支援 おみ図書館 おみ図書館のご案内 ご利用方法 長野県市町村史誌目次情報データーベース 図書館便り 蔵書紹介 新着図書 文化財 文化財一覧 地図から探す 年表から探す 重要文化財・無"
"20446","麻績村","28","false","true","true","true","","","https://www.vill.omi.nagano.jp/index.html","麻績村 文字サイズ 標準 大 背景色 白 黒 ふりがな Translate ENGLISH（英語） 汉语（中国語：簡体字） 漢語（中国語：繁体字） 한국어（韓国語） やさしい日本語 くらし 麻績村について 事業者の方へ 移住希望者の方へ 観光 キーワードから探す キーワード よく検索される言葉 聖高原 観光 子育て 移住定住 アクセス 注目情報 ライフシーン 妊娠・出産 子育て 健康・医療 転入・転出 福祉・介護 お悔み よく見られてい"
"20446","麻績村","28","false","true","true","true","","","https://www.vill.omi.nagano.jp/","麻績村 文字サイズ 標準 大 背景色 白 黒 ふりがな Translate ENGLISH（英語） 汉语（中国語：簡体字） 漢語（中国語：繁体字） 한국어（韓国語） やさしい日本語 くらし 麻績村について 事業者の方へ 移住希望者の方へ 観光 キーワードから探す キーワード よく検索される言葉 聖高原 観光 子育て 移住定住 アクセス 注目情報 ライフシーン 妊娠・出産 子育て 健康・医療 転入・転出 福祉・介護 お悔み よく見られてい"
"20446","麻績村","28","true","false","true","false","","","https://www.vill.omi.nagano.jp/lifescene/tennyu_tenshutsu/index.html","手当 入学・転校などの手続き ライフシーン 妊娠・出産 子育て 健康・医療 転入・転出 福祉・介護 お悔み このページの先頭へ戻る サイトマップ ホームページについて お問い合わせ リンク集 交通アクセス 麻績村役場 〒399-7701 長野県東筑摩郡麻績村麻3837番地 電話番号(代表)：0263-67-3001 ファックス番号：0263-67-3094 開庁時間：午前8時30分から午後5時15分 閉庁日：土曜日・日曜日・祝日・年末年"
"20446","麻績村","28","false","true","true","true","麻績村 移住定住サイト","麻績村 移住定住サイト","https://www.vill.omi.nagano.jp/iju/support.html","移住サポート｜麻績村 移住定住サイト 麻績村 移住定住 サイト 麻績村を知る 住まい くらし 移住サポート 地域おこし協力隊 お知らせ ふりがな Translate ENGLISH（英語） 汉语（中国語：簡体字） 漢語（中国語：繁体字） 한국어（韓国語） やさしい日本語 麻績村公式サイト サイト内検索 ホーム 移住サポート 移住サポート 移住全般に関する情報 移住総合情報： 長野県総合移住ポータルサイト「楽園信州」麻績村ページ 移住相談"
"20446","麻績村","28","false","true","true","true","麻績村 移住定住サイト","麻績村 移住定住サイト","https://www.vill.omi.nagano.jp/iju/news/","お知らせ一覧｜麻績村 移住定住サイト 麻績村 移住定住 サイト 麻績村を知る 住まい くらし 移住サポート 地域おこし協力隊 お知らせ ふりがな Translate ENGLISH（英語） 汉语（中国語：簡体字） 漢語（中国語：繁体字） 한국어（韓国語） やさしい日本語 麻績村公式サイト サイト内検索 ホーム お知らせ一覧 お知らせ お知らせ一覧 2026.07.06 イベント 麻績そよごマルクトの出店者募集をおこないます 2025.0"
"20446","麻績村","28","false","true","true","true","麻績村 移住定住サイト","麻績村 移住定住サイト","https://www.vill.omi.nagano.jp/iju/news/event/index.html","イベント｜麻績村 移住定住サイト 麻績村 移住定住 サイト 麻績村を知る 住まい くらし 移住サポート 地域おこし協力隊 お知らせ ふりがな Translate ENGLISH（英語） 汉语（中国語：簡体字） 漢語（中国語：繁体字） 한국어（韓国語） やさしい日本語 麻績村公式サイト サイト内検索 ホーム お知らせ イベント お知らせ イベント一覧 2026.07.06 イベント 麻績そよごマルクトの出店者募集をおこないます 2025."
"20446","麻績村","28","false","true","true","true","麻績村 移住定住サイト","麻績村 移住定住サイト","https://www.vill.omi.nagano.jp/iju/news/event/muradukuri141.html","[ 終了 ]【6/7 東京】出張移住相談デスク開催！【個別相談形式&時間自由】｜麻績村 移住定住サイト 麻績村 移住定住 サイト 麻績村を知る 住まい くらし 移住サポート 地域おこし協力隊 お知らせ ふりがな Translate ENGLISH（英語） 汉语（中国語：簡体字） 漢語（中国語：繁体字） 한국어（韓国語） やさしい日本語 麻績村公式サイト サイト内検索 ホーム お知らせ イベント [ 終了 ]【6/7 東京】出張移住相談デ"
"20446","麻績村","28","false","true","true","true","麻績村 移住定住サイト","麻績村 移住定住サイト","https://www.vill.omi.nagano.jp/iju/news/event/muradukuri132.html","[ 終了 ]【1/18 東京】北陸新幹線沿線5県合同移住フェア｜麻績村 移住定住サイト 麻績村 移住定住 サイト 麻績村を知る 住まい くらし 移住サポート 地域おこし協力隊 お知らせ ふりがな Translate ENGLISH（英語） 汉语（中国語：簡体字） 漢語（中国語：繁体字） 한국어（韓国語） やさしい日本語 麻績村公式サイト サイト内検索 ホーム お知らせ イベント [ 終了 ]【1/18 東京】北陸新幹線沿線5県合同移住フ"
"20448","生坂村","28","false","true","true","true","","","https://www.village.ikusaka.nagano.jp/gyousei/soumuka/kigyoubanfurusatonuzei.html","長野県生坂村企業版ふるさと納税寄附のご案内 文字サイズ変更機能を利用するにはJavaScript（アクティブスクリプト）を有効にしてください。JavaScript（アクティブスクリプト） を無効のまま文字サイズを変更する場合には、ご利用のブラウザの表示メニューから文字サイズを変更してください。 ホーム 行政情報 総務課 生坂村企業版ふるさと納税寄附のご案内 企業版ふるさと納税制度とは 企業版ふるさと納税は、国が認定した地域再生計画に位置"
"20448","生坂村","28","false","true","true","true","","","https://www.village.ikusaka.nagano.jp/kurasi/bus.htm","長野県生坂村 村営バス 文字サイズ変更機能を利用するにはJavaScript（アクティブスクリプト）を有効にしてください。JavaScript（アクティブスクリプト） を無効のまま文字サイズを変更する場合には、ご利用のブラウザの表示メニューから文字サイズを変更してください。 ホーム 暮らしの情報 村営バス ①時刻表 ②生坂村版 地域交通トリセツ ③デマンドバス利用例 ④あづみんの利用の仕方 ⑤生坂村地域公共交通協議会 村営バスをご利用さ"
"20448","生坂村","28","false","true","true","true","","","https://www.village.ikusaka.nagano.jp/sontyousitu/sontyousitu_top.htm","長野県生坂村 村長室 文字サイズ変更機能を利用するにはJavaScript（アクティブスクリプト）を有効にしてください。JavaScript（アクティブスクリプト） を無効のまま文字サイズを変更する場合には、ご利用のブラウザの表示メニューから文字サイズを変更してください。 ホーム 行政情報 ようこそ村長室へ ①村長あいさつ ②村長からのメッセージ ③村長月間スケジュール ④あなたの声を村政に（村長ホットライン） 村長あいさつ 生坂村は、"
"20448","生坂村","28","false","true","true","true","","","https://www.village.ikusaka.nagano.jp/kyouiku/nanohana/index.html","長野県生坂村 子育て支援センターなのはな 文字サイズ変更機能を利用するにはJavaScript（アクティブスクリプト）を有効にしてください。JavaScript（アクティブスクリプト） を無効のまま文字サイズを変更する場合には、ご利用のブラウザの表示メニューから文字サイズを変更してください。 ホーム 教育委員会 生涯学習施設たんぽぽ 子育て支援センターなのはな 親子の触れ合い、親同士・子ども同士の交流を図るとともに、子育てに関する様々な"
"20448","生坂村","28","false","true","true","true","","","https://www.village.ikusaka.nagano.jp/gyousei/muradukuri/daisukitai.htm","長野県生坂村 生坂大好き隊 文字サイズ変更機能を利用するにはJavaScript（アクティブスクリプト）を有効にしてください。JavaScript（アクティブスクリプト） を無効のまま文字サイズを変更する場合には、ご利用のブラウザの表示メニューから文字サイズを変更してください。 ホーム 行政情報 村づくり推進室 地域おこし協力隊員（いくさか大好き隊員）募集 人の笑顔を見ることが好きな方の応募をお待ちしています！ 日本の中心、長野県のほぼ"
"20448","生坂村","28","true","false","true","false","","","https://www.village.ikusaka.nagano.jp/gyousei/sinkouka/hatikunokai.htm","支援金を３年間いただき開催しました。 このセミナー終了後の修了生は、女性及び男性の任意団体として活動を始め、現在では村の活性化に大きな成果を上げています。 そのセミナーの一つとして生坂の特産である筍(ハチク)を利用し、いわゆるメンマ風の歯ごたえを出すために村内の家庭で行っている保存方法を女性セミナーで取り上げ研究開発をし、その結果大型乾燥機を使うことで保存性を向上させ商品としての販売の可能性が出てきました。 そして県の支援金をいただき環"
"20448","生坂村","28","false","true","true","true","","","https://www.village.ikusaka.nagano.jp/kyouiku/nyugakuiwaikin.htm","長野県生坂村 入学祝金・就学援助制度 文字サイズ変更機能を利用するにはJavaScript（アクティブスクリプト）を有効にしてください。JavaScript（アクティブスクリプト） を無効のまま文字サイズを変更する場合には、ご利用のブラウザの表示メニューから文字サイズを変更してください。 ホーム 行政情報 教育委員会 入学祝金・就学援助制度 児童生徒の小学校、中学校及び高等学校への入学を祝し、入学祝金を支給します。 また、学用品等の費用"
"20448","生坂村","28","false","true","true","true","","","https://www.village.ikusaka.nagano.jp/gyousei/sinkouka/soneijutakutop.htm","長野県生坂村 村営住宅 文字サイズ変更機能を利用するにはJavaScript（アクティブスクリプト）を有効にしてください。JavaScript（アクティブスクリプト） を無効のまま文字サイズを変更する場合には、ご利用のブラウザの表示メニューから文字サイズを変更してください。 ホーム 行政情報 振興課 若者定住促進住宅 入居者募集について 現在建設中の「卒塔坂（そっとうざか）住宅」と「上生坂上手（わで）団地」の入居者を次のとおり募集します"
"20450","山形村","28","true","false","false","true","子育て・教育","子育て・教育","https://www.vill.yamagata.nagano.jp/target-navi/childcare-and-education/","補助金について 2026年4月28日 やまがた未来塾 2026年4月3日 一時預かり事業等利用者負担軽減事業のご案内 2026年4月1日 【お知らせ】子育て支援係の窓口が変わります 2026年4月1日 山形村子育て応援アプリ 2026年4月1日 離乳食教室 2026年4月1日 子どもの予防接種について 2026年3月3日 ふれあいドーム 使用中止（休館）のお知らせ 2026年2月20日 組合立鉢盛中学校給食調理補助員（会計年度任用職員）"
"20450","山形村","28","false","true","true","true","山形村B&amp;G海洋センター2026シーズン営業のご案内(R8.6.25更新)","山形村B&amp;G海洋センター2026シーズン営業のご案内(R8.6.25更新)","https://www.vill.yamagata.nagano.jp/docs/333366.html","山形村B&G海洋センター2026シーズン営業のご案内(R8.6.25更新) - 長野県山形村 コンテンツの本文へ移動する --> Foreign Language 文字サイズ [小] [標準] [大] ふりがなをつける ふりがなをはずす 読み上げ ブラウザガイド 防災・緊急 くらし・手続き 子育て・教育 健康・福祉 仕事・産業 スポーツ・文化 観光情報 村政情報 メニュー 防災・緊急 くらし･手続き 子育て･教育 健康･福祉 仕事･産業"
"20450","山形村","28","true","false","false","true","令和8年度青少年育成運動事業【U-Protect Myself Project】一緒にテレビCMつくりませんか？","令和8年度青少年育成運動事業【U-Protect Myself Project】一緒にテレビCMつくりませんか？","https://www.vill.yamagata.nagano.jp/docs/313227.html","支援金&rdquo;を活用して実施します。 カテゴリー 子育て・教育 子育て お知らせ 新着情報 募集 お問い合わせ 子育て支援課 子育て支援係 電話: 0263-88-5702 Fax: 0263-88-5712 リンクURL: お問い合わせはこちら Adobe Reader ピックアップ --> 目的ナビ 妊娠･出産 子育て・教育 結婚・離婚 年金・保険 福祉・介護 死亡・葬儀 税金 引っ越し チャットボット ぼくをクリック！ ぼく"
"20450","山形村","28","true","false","false","true","支援制度","支援制度","https://www.vill.yamagata.nagano.jp/life/support/","補助金について 2022年10月3日 障がい者福祉制度のあらまし 2022年4月1日 空き家に関する補助金 2020年2月19日 特別支援教育就学奨励費について 2020年2月19日 就学援助制度について メニュー 申請 証明 窓口・相談 ごみ・環境 公共交通 住まい・ペット 届出 道路 支援制度 税金 上下水道 目的ナビ 妊娠･出産 子育て・教育 結婚・離婚 年金・保険 福祉・介護 死亡・葬儀 税金 引っ越し チャットボット ぼくをク"
"20450","山形村","28","true","false","false","true","妊娠・出産","妊娠・出産","https://www.vill.yamagata.nagano.jp/childcare/pregnancy/","給付金事業（旧出産・子育て応援給付金事業） 2022年6月2日 やまがたきずなメールの配信がはじまりました 2020年2月21日 松本・大北地域出産・子育て安心ネットワーク協議会Webサイト 2020年2月20日 不妊・不育症治療補助を申請される方へ 2020年2月10日 山形村産後ケアのご案内 メニュー 子育て 妊娠・出産 教育・学校 目的ナビ 妊娠･出産 子育て・教育 結婚・離婚 年金・保険 福祉・介護 死亡・葬儀 税金 引っ越し "
"20450","山形村","28","true","false","false","true","子育て","子育て","https://www.vill.yamagata.nagano.jp/childcare/childcare/","手当制度改正のご案内 2024年3月19日 山形村保育施設等重大事故検証委員会からの報告書を公表します 2023年4月4日 妊婦支援給付金事業（旧出産・子育て応援給付金事業） 2022年6月2日 やまがたきずなメールの配信がはじまりました 2021年6月1日 児童手当 2020年9月28日 保育園入園のご案内 2020年2月21日 保育料について 2020年2月21日 山形保育園 2020年2月21日 病後児保育事業のご案内 2020年"
"20450","山形村","28","true","false","false","true","教育・学校","教育・学校","https://www.vill.yamagata.nagano.jp/childcare/schools/","補助金について 2026年6月19日 いくじゃん！やるじゃん！できたじゃん！公民館講座 2026年4月28日 やまがた未来塾 2026年4月22日 山形村図書館からのお知らせ 2026年4月6日 山形小学校しだれ桜ライトアップ 2026年4月2日 公民館講座～令和７年度事業紹介～ 2026年3月3日 ふれあいドーム 使用中止（休館）のお知らせ 2026年2月20日 組合立鉢盛中学校給食調理補助員（会計年度任用職員）の募集について 202"
"20450","山形村","28","true","false","false","true","農林業","農林業","https://www.vill.yamagata.nagano.jp/business/agriculture/","補助金について 2026年6月25日 ＼熊の目撃情報も確認できます！／未来共生災害救援マップ（略称：災救マップ）を導入しました 2026年6月8日 認定農業者について 2026年5月21日 農振除外（農用地区域からの除外）申込みの受付について 2026年4月17日 農産加工室の利用について 2026年4月17日 松くい虫被害防除対策事業補助金について 2025年12月22日 農振除外（農用地区域からの除外）の受付時期変更について 202"
"20450","山形村","28","true","false","false","true","補助・助成","補助・助成","https://www.vill.yamagata.nagano.jp/government/support/","補助金について 2026年6月22日 令和８年度 私立高等学校等通学者補助金について 2026年6月8日 認定農業者について 2026年4月17日 松くい虫被害防除対策事業補助金について 2026年4月2日 家庭ごみ減量機器購入費補助金について 2026年4月2日 住宅用太陽光発電システム補助制度 2022年10月3日 障がい者福祉制度のあらまし 2022年4月1日 空き家に関する補助金 2022年4月1日 【令和７年11月30日をもっ"
"20450","山形村","28","false","true","true","true","戸籍証明書の広域交付","戸籍証明書の広域交付","https://www.vill.yamagata.nagano.jp/docs/287942.html","戸籍証明書の広域交付 - 長野県山形村 コンテンツの本文へ移動する --> Foreign Language 文字サイズ [小] [標準] [大] ふりがなをつける ふりがなをはずす 読み上げ ブラウザガイド 防災・緊急 くらし・手続き 子育て・教育 健康・福祉 仕事・産業 スポーツ・文化 観光情報 村政情報 メニュー 防災・緊急 くらし･手続き 子育て･教育 健康･福祉 仕事･産業 スポーツ･文化 村政情報 観光情報 ホーム &rsa"
"20450","山形村","28","false","true","true","true","戸籍および住民票の証明の交付について","戸籍および住民票の証明の交付について","https://www.vill.yamagata.nagano.jp/docs/1974.html","戸籍および住民票の証明の交付について - 長野県山形村 コンテンツの本文へ移動する --> Foreign Language 文字サイズ [小] [標準] [大] ふりがなをつける ふりがなをはずす 読み上げ ブラウザガイド 防災・緊急 くらし・手続き 子育て・教育 健康・福祉 仕事・産業 スポーツ・文化 観光情報 村政情報 メニュー 防災・緊急 くらし･手続き 子育て･教育 健康･福祉 仕事･産業 スポーツ･文化 村政情報 観光情報 "
"20450","山形村","28","false","true","true","true","一時預かり事業について","一時預かり事業について","https://www.vill.yamagata.nagano.jp/docs/ichijihoiku.html","一時預かり事業について - 長野県山形村 コンテンツの本文へ移動する --> Foreign Language 文字サイズ [小] [標準] [大] ふりがなをつける ふりがなをはずす 読み上げ ブラウザガイド 防災・緊急 くらし・手続き 子育て・教育 健康・福祉 仕事・産業 スポーツ・文化 観光情報 村政情報 メニュー 防災・緊急 くらし･手続き 子育て･教育 健康･福祉 仕事･産業 スポーツ･文化 村政情報 観光情報 ホーム &rs"
"20450","山形村","28","false","true","true","true","やまがた未来塾","やまがた未来塾","https://www.vill.yamagata.nagano.jp/docs/329238.html","やまがた未来塾 - 長野県山形村 コンテンツの本文へ移動する --> Foreign Language 文字サイズ [小] [標準] [大] ふりがなをつける ふりがなをはずす 読み上げ ブラウザガイド 防災・緊急 くらし・手続き 子育て・教育 健康・福祉 仕事・産業 スポーツ・文化 観光情報 村政情報 メニュー 防災・緊急 くらし･手続き 子育て･教育 健康･福祉 仕事･産業 スポーツ･文化 村政情報 観光情報 ホーム &rsaquo"
"20450","山形村","28","false","true","true","true","子どもの予防接種について","子どもの予防接種について","https://www.vill.yamagata.nagano.jp/docs/11262.html","子どもの予防接種について - 長野県山形村 コンテンツの本文へ移動する --> Foreign Language 文字サイズ [小] [標準] [大] ふりがなをつける ふりがなをはずす 読み上げ ブラウザガイド 防災・緊急 くらし・手続き 子育て・教育 健康・福祉 仕事・産業 スポーツ・文化 観光情報 村政情報 メニュー 防災・緊急 くらし･手続き 子育て･教育 健康･福祉 仕事･産業 スポーツ･文化 村政情報 観光情報 ホーム &r"
"20450","山形村","28","false","true","true","true","山形村ファミリーサポートセンターについて","山形村ファミリーサポートセンターについて","https://www.vill.yamagata.nagano.jp/docs/315286.html","山形村ファミリーサポートセンターについて - 長野県山形村 コンテンツの本文へ移動する --> Foreign Language 文字サイズ [小] [標準] [大] ふりがなをつける ふりがなをはずす 読み上げ ブラウザガイド 防災・緊急 くらし・手続き 子育て・教育 健康・福祉 仕事・産業 スポーツ・文化 観光情報 村政情報 メニュー 防災・緊急 くらし･手続き 子育て･教育 健康･福祉 仕事･産業 スポーツ･文化 村政情報 観光情"
"20450","山形村","28","true","false","false","true","公立学校情報機器整備事業に係る各種計画の公開について","公立学校情報機器整備事業に係る各種計画の公開について","https://www.vill.yamagata.nagano.jp/docs/306688.html","補助金を活用する際には、各種計画を作成し公開することを定めています。 当該要領に基づき、この各種計画を作成しましたので以下のとおり公開します。 ・ 【山形村】端末整備・更新計画 (PDF 101KB) ・ 【山形村】改 ネットワーク整備計画 (PDF 119KB) ・ 【山形村】校務DX計画 (PDF 252KB) ・ 【山形村】１人１台端末の利活用に係る計画 (PDF 127KB) カテゴリー 子育て・教育 教育・学校 施策・事業 子"
"20450","山形村","28","false","true","true","true","山形保育園","山形保育園","https://www.vill.yamagata.nagano.jp/docs/2190.html","山形保育園 - 長野県山形村 コンテンツの本文へ移動する --> Foreign Language 文字サイズ [小] [標準] [大] ふりがなをつける ふりがなをはずす 読み上げ ブラウザガイド 防災・緊急 くらし・手続き 子育て・教育 健康・福祉 仕事・産業 スポーツ・文化 観光情報 村政情報 メニュー 防災・緊急 くらし･手続き 子育て･教育 健康･福祉 仕事･産業 スポーツ･文化 村政情報 観光情報 ホーム &rsaquo; "
"20450","山形村","28","false","true","true","true","病後児保育事業のご案内","病後児保育事業のご案内","https://www.vill.yamagata.nagano.jp/docs/2187.html","病後児保育事業のご案内 - 長野県山形村 コンテンツの本文へ移動する --> Foreign Language 文字サイズ [小] [標準] [大] ふりがなをつける ふりがなをはずす 読み上げ ブラウザガイド 防災・緊急 くらし・手続き 子育て・教育 健康・福祉 仕事・産業 スポーツ・文化 観光情報 村政情報 メニュー 防災・緊急 くらし･手続き 子育て･教育 健康･福祉 仕事･産業 スポーツ･文化 村政情報 観光情報 ホーム &rs"
"20450","山形村","28","false","true","true","true","病児保育事業のご案内","病児保育事業のご案内","https://www.vill.yamagata.nagano.jp/docs/47706.html","病児保育事業のご案内 - 長野県山形村 コンテンツの本文へ移動する --> Foreign Language 文字サイズ [小] [標準] [大] ふりがなをつける ふりがなをはずす 読み上げ ブラウザガイド 防災・緊急 くらし・手続き 子育て・教育 健康・福祉 仕事・産業 スポーツ・文化 観光情報 村政情報 メニュー 防災・緊急 くらし･手続き 子育て･教育 健康･福祉 仕事･産業 スポーツ･文化 村政情報 観光情報 ホーム &rsa"
"20450","山形村","28","false","true","true","true","ふれあい児童館事業","ふれあい児童館事業","https://www.vill.yamagata.nagano.jp/docs/2183.html","ふれあい児童館事業 - 長野県山形村 コンテンツの本文へ移動する --> Foreign Language 文字サイズ [小] [標準] [大] ふりがなをつける ふりがなをはずす 読み上げ ブラウザガイド 防災・緊急 くらし・手続き 子育て・教育 健康・福祉 仕事・産業 スポーツ・文化 観光情報 村政情報 メニュー 防災・緊急 くらし･手続き 子育て･教育 健康･福祉 仕事･産業 スポーツ･文化 村政情報 観光情報 ホーム &rsaq"
"20450","山形村","28","false","true","true","true","後期高齢者医療制度について","後期高齢者医療制度について","https://www.vill.yamagata.nagano.jp/docs/5160.html","後期高齢者医療制度について - 長野県山形村 コンテンツの本文へ移動する --> Foreign Language 文字サイズ [小] [標準] [大] ふりがなをつける ふりがなをはずす 読み上げ ブラウザガイド 防災・緊急 くらし・手続き 子育て・教育 健康・福祉 仕事・産業 スポーツ・文化 観光情報 村政情報 メニュー 防災・緊急 くらし･手続き 子育て･教育 健康･福祉 仕事･産業 スポーツ･文化 村政情報 観光情報 ホーム &"
"20450","山形村","28","false","true","true","true","高齢者のインフルエンザ予防接種","高齢者のインフルエンザ予防接種","https://www.vill.yamagata.nagano.jp/docs/22780.html","高齢者のインフルエンザ予防接種 - 長野県山形村 コンテンツの本文へ移動する --> Foreign Language 文字サイズ [小] [標準] [大] ふりがなをつける ふりがなをはずす 読み上げ ブラウザガイド 防災・緊急 くらし・手続き 子育て・教育 健康・福祉 仕事・産業 スポーツ・文化 観光情報 村政情報 メニュー 防災・緊急 くらし･手続き 子育て･教育 健康･福祉 仕事･産業 スポーツ･文化 村政情報 観光情報 ホーム"
"20450","山形村","28","false","true","true","true","介護保険料の改定のお知らせ（令和6年度から令和8年度）","介護保険料の改定のお知らせ（令和6年度から令和8年度）","https://www.vill.yamagata.nagano.jp/docs/1944.html","介護保険料の改定のお知らせ（令和6年度から令和8年度） - 長野県山形村 コンテンツの本文へ移動する --> Foreign Language 文字サイズ [小] [標準] [大] ふりがなをつける ふりがなをはずす 読み上げ ブラウザガイド 防災・緊急 くらし・手続き 子育て・教育 健康・福祉 仕事・産業 スポーツ・文化 観光情報 村政情報 メニュー 防災・緊急 くらし･手続き 子育て･教育 健康･福祉 仕事･産業 スポーツ･文化 村"
"20450","山形村","28","false","true","true","true","山形村で行う高齢者施策について","山形村で行う高齢者施策について","https://www.vill.yamagata.nagano.jp/docs/2158.html","山形村で行う高齢者施策について - 長野県山形村 コンテンツの本文へ移動する --> Foreign Language 文字サイズ [小] [標準] [大] ふりがなをつける ふりがなをはずす 読み上げ ブラウザガイド 防災・緊急 くらし・手続き 子育て・教育 健康・福祉 仕事・産業 スポーツ・文化 観光情報 村政情報 メニュー 防災・緊急 くらし･手続き 子育て･教育 健康･福祉 仕事･産業 スポーツ･文化 村政情報 観光情報 ホーム"
"20450","山形村","28","false","true","true","true","ヘルプマーク・ヘルプカードについて","ヘルプマーク・ヘルプカードについて","https://www.vill.yamagata.nagano.jp/docs/1942.html","ヘルプマーク・ヘルプカードについて - 長野県山形村 コンテンツの本文へ移動する --> Foreign Language 文字サイズ [小] [標準] [大] ふりがなをつける ふりがなをはずす 読み上げ ブラウザガイド 防災・緊急 くらし・手続き 子育て・教育 健康・福祉 仕事・産業 スポーツ・文化 観光情報 村政情報 メニュー 防災・緊急 くらし･手続き 子育て･教育 健康･福祉 仕事･産業 スポーツ･文化 村政情報 観光情報 ホ"
"20450","山形村","28","false","true","true","true","村営霊園（なろう原霊園）使用者募集のお知らせ","村営霊園（なろう原霊園）使用者募集のお知らせ","https://www.vill.yamagata.nagano.jp/docs/1906.html","村営霊園（なろう原霊園）使用者募集のお知らせ - 長野県山形村 コンテンツの本文へ移動する --> Foreign Language 文字サイズ [小] [標準] [大] ふりがなをつける ふりがなをはずす 読み上げ ブラウザガイド 防災・緊急 くらし・手続き 子育て・教育 健康・福祉 仕事・産業 スポーツ・文化 観光情報 村政情報 メニュー 防災・緊急 くらし･手続き 子育て･教育 健康･福祉 仕事･産業 スポーツ･文化 村政情報 観"
"20450","山形村","28","false","true","true","true","督促手数料徴収廃止について","督促手数料徴収廃止について","https://www.vill.yamagata.nagano.jp/docs/305152.html","督促手数料徴収廃止について - 長野県山形村 コンテンツの本文へ移動する --> Foreign Language 文字サイズ [小] [標準] [大] ふりがなをつける ふりがなをはずす 読み上げ ブラウザガイド 防災・緊急 くらし・手続き 子育て・教育 健康・福祉 仕事・産業 スポーツ・文化 観光情報 村政情報 メニュー 防災・緊急 くらし･手続き 子育て･教育 健康･福祉 仕事･産業 スポーツ･文化 村政情報 観光情報 ホーム &"
"20450","山形村","28","false","true","true","true","税金等がコンビニ・スマホ決済アプリで納付できます","税金等がコンビニ・スマホ決済アプリで納付できます","https://www.vill.yamagata.nagano.jp/docs/conveninofu.html","税金等がコンビニ・スマホ決済アプリで納付できます - 長野県山形村 コンテンツの本文へ移動する --> Foreign Language 文字サイズ [小] [標準] [大] ふりがなをつける ふりがなをはずす 読み上げ ブラウザガイド 防災・緊急 くらし・手続き 子育て・教育 健康・福祉 仕事・産業 スポーツ・文化 観光情報 村政情報 メニュー 防災・緊急 くらし･手続き 子育て･教育 健康･福祉 仕事･産業 スポーツ･文化 村政情報"
"20451","朝日村","28","true","false","true","false","事業者・農林商工業者の方へ","事業者・農林商工業者の方へ","https://www.vill.asahi.nagano.jp/official/jigyosha_norinshokogyoshanokatahe/index.html","補助金・融資制度 入札・契約情報 行政サイト 長野県朝日村 法人番号 4000020204510 〒390-1188 長野県東筑摩郡朝日村大字古見1555番地1 電話番号： 0263-99-2001 ファクス番号：0263-99-2745 開庁時間：午前8時30分から午後5時15分 開庁日：月曜日から金曜日（土曜日・日曜日・祝日・年末年始を除く） アクセス お問い合わせ サイトマップ 個人情報の取り扱いについて 著作権・リンクについて "
"20451","朝日村","28","false","true","true","true","企業版ふるさと納税（地方創生応援税制）はじめました","企業版ふるさと納税（地方創生応援税制）はじめました","https://www.vill.asahi.nagano.jp/official/soshikikarasagasu/kikakuzaisei/kikakutanto/4/4889.html","企業版ふるさと納税（地方創生応援税制）はじめました／朝日村公式ウェブサイト スマートフォン版を表示 本文へ 文字サイズ 背景色変更 Select Language English 中文（繁体） 中文（簡体） &#54620;&#44397;&#50612; Deutsch Go Select your language 検索 キーワード検索 ページID検索 検索 組織から探す 検索メニューを閉じる 特設サイト一覧 特設サイト一覧を閉じる"
"20451","朝日村","28","false","true","true","true","村内全世帯へのおこめ券配付について","村内全世帯へのおこめ券配付について","https://www.vill.asahi.nagano.jp/official/soshikikarasagasu/kikakuzaisei/kikakutanto/4/4901.html","村内全世帯へのおこめ券配付について／朝日村公式ウェブサイト スマートフォン版を表示 本文へ 文字サイズ 背景色変更 Select Language English 中文（繁体） 中文（簡体） &#54620;&#44397;&#50612; Deutsch Go Select your language 検索 キーワード検索 ページID検索 検索 組織から探す 検索メニューを閉じる 特設サイト一覧 特設サイト一覧を閉じる くらし・手続き"
"20451","朝日村","28","false","true","true","true","朝日村生活支援商品券を配付します","朝日村生活支援商品券を配付します","https://www.vill.asahi.nagano.jp/official/soshikikarasagasu/sangyoshinkoka/shoko_kanko/4/3993.html","朝日村生活支援商品券を配付します／朝日村公式ウェブサイト スマートフォン版を表示 本文へ 文字サイズ 背景色変更 Select Language English 中文（繁体） 中文（簡体） &#54620;&#44397;&#50612; Deutsch Go Select your language 検索 キーワード検索 ページID検索 検索 組織から探す 検索メニューを閉じる 特設サイト一覧 特設サイト一覧を閉じる くらし・手続き "
"20452","筑北村","28","true","false","true","true","筑北村公式ホームページ","","https://www.vill.chikuhoku.lg.jp/","補助金・支援制度・その他書式 筑北村カレンダー 筑北村トップページ Language 閉じる 読み上げる --> 停止 再生 アクセス 観光 ふるさと納税 防災関係 暮らし 子育て・教育 健康・福祉 移住・定住 スポーツ・レジャー 行政情報 募集情報 補助金・支援制度・その他書式 筑北村カレンダー 新着情報 2026年7月10日 夏まつり筑北2026開催のお知らせ 2026年7月9日 令和９年４月１日採用予定の一般職職員採用試験について"
"20452","筑北村","28","true","false","true","true","筑北村カレンダー","筑北村カレンダー","https://www.vill.chikuhoku.lg.jp/calendar/","補助金・支援制度・その他書式 筑北村カレンダー 筑北村トップページ Language 閉じる 読み上げる 筑北村カレンダー 2026年 7月 リスト形式 表形式 icsファイル 6月 8月 2026年7月 日 曜日 月 曜日 火 曜日 水 曜日 木 曜日 金 曜日 土 曜日 28 29 30 農業振興地域計画変更申請締切 1 可燃物 2 資源物 缶類 3 4 資源物 新聞・ペットボトル 5 6 7 8 可燃物 9 不燃物 金属類 10 "
"20452","筑北村","28","true","false","true","true","松塩筑木曽老人福祉施設組合から特別養護老人ホーム3施設の移管先の公募について","松塩筑木曽老人福祉施設組合から特別養護老人ホーム3施設の移管先の公募について","https://www.vill.chikuhoku.lg.jp/docs/5268.html","補助金・支援制度・その他書式 筑北村カレンダー 筑北村トップページ Language 閉じる 読み上げる 松塩筑木曽老人福祉施設組合から特別養護老人ホーム3施設の移管先の公募について ツイート ページ公開日：2026年5月11日 松塩筑木曽老人福祉施設組合では、特別養護老人ホームのサービス提供の継続を目指し、所管施設のうち3施設（四賀福寿荘、岡田の里及びなんてんの里）について、民間事業者への移管を進めており、移管先法人の公募を実施いたし"
"20452","筑北村","28","true","false","true","true","観光課","観光課","https://www.vill.chikuhoku.lg.jp/download/kanko/","補助金・支援制度・その他書式 筑北村カレンダー 筑北村トップページ Language 閉じる 読み上げる 観光課 登録情報はございません。 ホーム &rsaquo; 補助金・支援制度・その他書式 &rsaquo; 観光課 〒399-7501 長野県東筑摩郡 筑北村西条4195 役場へのアクセス このホームページについて 個人情報の取り扱い ウェブアクセシビリティ お問い合わせ 筑北村役場 代表 0263-66-2111 FAX 0263"
"20452","筑北村","28","true","false","true","true","筑北村カレンダー","筑北村カレンダー","https://www.vill.chikuhoku.lg.jp/calendar/202607/table.html","補助金・支援制度・その他書式 筑北村カレンダー 筑北村トップページ Language 閉じる 読み上げる 筑北村カレンダー 2026年 7月 リスト形式 表形式 icsファイル 6月 8月 2026年7月 日 曜日 月 曜日 火 曜日 水 曜日 木 曜日 金 曜日 土 曜日 28 29 30 農業振興地域計画変更申請締切 1 可燃物 2 資源物 缶類 3 4 資源物 新聞・ペットボトル 5 6 7 8 可燃物 9 不燃物 金属類 10 "
"20452","筑北村","28","true","false","true","true","筑北村カレンダー","筑北村カレンダー","https://www.vill.chikuhoku.lg.jp/calendar/202606/index.html","補助金・支援制度・その他書式 筑北村カレンダー 筑北村トップページ Language 閉じる 読み上げる 筑北村カレンダー 2026年 6月 リスト形式 表形式 icsファイル 5月 7月 2026年6月 日 曜日 月 曜日 火 曜日 水 曜日 木 曜日 金 曜日 土 曜日 31 1 2 3 可燃物 4 資源物 缶類 5 6 資源物 新聞・ペットボトル 7 8 9 10 口座再振替日 可燃物 11 不燃物 ガラス・陶器・その他くず・灰 "
"20452","筑北村","28","false","true","true","true","ちくほく村 ～手しごとと火と暮らし～","ちくほく村 ～手しごとと火と暮らし～","https://www.vill.chikuhoku.lg.jp/kanko/event/5439.html","ちくほく村 ～手しごとと火と暮らし～ - 筑北村公式ホームページ 筑北村観光情報 長野県筑北村地域おこし協力隊 Language 閲覧支援 --> 筑北村ホームページ ASSIST 閲覧支援 外国語 Foreign Language 文字サイズ 小さく 標準 大きく ふりがな ふりがなをつける ふりがなをはずす 読み上げ 読み上げる 閉じる MENU メニュー イベント 癒やす(温泉・宿泊) 観る・体験する 食べる・買う モデルコース "
