slug	organization	title	maxAmount	url	evidence
okayama-official-005-001-2026	鏡野町	鏡野町 チャイルドシート購入補助金	限度額は20,000円	https://www.town.kagamino.lg.jp/site/kosodatesien/1877.html	チャイルドシート購入補助金（電子申請できます） - 鏡野町の子育て支援 - 鏡野町公式ホームページ ページの先頭です。 メニューを飛ばして本文へ Kagamino Pickup メニュー 検索 Top JavaScriptが無効のため、文字の大きさ・背景色を変更する機能を使用できません。 本文へ Foreign language 文字サイズ 標準 拡大 背景色 白 黒 青 ページを 一時保存する メニュー くらし 子育て 医療・福祉 町
okayama-official-005-002-2026	鏡野町	鏡野町 おむつ購入費等助成	1人につき月額4,000円	https://www.town.kagamino.lg.jp/site/kosodatesien/5794.html	おむつ購入費等助成（電子申請できます） - 鏡野町の子育て支援 - 鏡野町公式ホームページ ページの先頭です。 メニューを飛ばして本文へ Kagamino Pickup メニュー 検索 Top JavaScriptが無効のため、文字の大きさ・背景色を変更する機能を使用できません。 本文へ Foreign language 文字サイズ 標準 拡大 背景色 白 黒 青 ページを 一時保存する メニュー くらし 子育て 医療・福祉 町政情報
okayama-official-005-003-2026	鏡野町	鏡野町 鏡野町こうのとり支援事業	公式ページ記載の補助率・上限額または支援内容に従う	https://www.town.kagamino.lg.jp/site/kosodatesien/1002.html	鏡野町こうのとり支援事業 - 鏡野町の子育て支援 - 鏡野町公式ホームページ ページの先頭です。 メニューを飛ばして本文へ Kagamino Pickup メニュー 検索 Top JavaScriptが無効のため、文字の大きさ・背景色を変更する機能を使用できません。 本文へ Foreign language 文字サイズ 標準 拡大 背景色 白 黒 青 ページを 一時保存する メニュー くらし 子育て 医療・福祉 町政情報 しごとの情報
okayama-official-005-004-2026	鏡野町	鏡野町 児童手当	支給額対象児童と支給額対象児童支給額（1人当たり月額）3歳未満第1子・第2子15,000円	https://www.town.kagamino.lg.jp/site/kosodatesien/1828.html	児童手当 - 鏡野町の子育て支援 - 鏡野町公式ホームページ ページの先頭です。 メニューを飛ばして本文へ Kagamino Pickup メニュー 検索 Top JavaScriptが無効のため、文字の大きさ・背景色を変更する機能を使用できません。 本文へ Foreign language 文字サイズ 標準 拡大 背景色 白 黒 青 ページを 一時保存する メニュー くらし 子育て 医療・福祉 町政情報 しごとの情報 観光情報 とじる
okayama-official-005-005-2026	鏡野町	鏡野町 家庭用生ごみ処理機等購入費助成金	上限60,000円	https://www.town.kagamino.lg.jp/soshiki/1/1077.html	家庭用生ごみ処理機等購入費助成金 - 鏡野町公式ホームページ ページの先頭です。 メニューを飛ばして本文へ Kagamino Pickup メニュー 検索 Top JavaScriptが無効のため、文字の大きさ・背景色を変更する機能を使用できません。 本文へ Foreign language 文字サイズ 標準 拡大 背景色 白 黒 青 ページを 一時保存する メニュー くらし 子育て 医療・福祉 町政情報 しごとの情報 観光情報 とじる
okayama-official-005-006-2026	鏡野町	鏡野町 高校生通学助成制度	公式ページ記載の補助率・上限額または支援内容に従う	https://www.town.kagamino.lg.jp/soshiki/22/1019.html	高校生通学助成制度 - 鏡野町公式ホームページ ページの先頭です。 メニューを飛ばして本文へ Kagamino Pickup メニュー 検索 Top JavaScriptが無効のため、文字の大きさ・背景色を変更する機能を使用できません。 本文へ Foreign language 文字サイズ 標準 拡大 背景色 白 黒 青 ページを 一時保存する メニュー くらし 子育て 医療・福祉 町政情報 しごとの情報 観光情報 とじる 検索 何をお
okayama-official-005-007-2026	鏡野町	鏡野町 鏡野町定住促進空き家改修事業補助金	公式ページ記載の補助率・上限額または支援内容に従う	https://www.town.kagamino.lg.jp/soshiki/22/1122.html	鏡野町定住促進空き家改修事業補助金 - 鏡野町公式ホームページ ページの先頭です。 メニューを飛ばして本文へ Kagamino Pickup メニュー 検索 Top JavaScriptが無効のため、文字の大きさ・背景色を変更する機能を使用できません。 本文へ Foreign language 文字サイズ 標準 拡大 背景色 白 黒 青 ページを 一時保存する メニュー くらし 子育て 医療・福祉 町政情報 しごとの情報 観光情報 とじ
okayama-official-005-008-2026	鏡野町	鏡野町 鏡野町同窓会等支援事業補助金	上限15万円	https://www.town.kagamino.lg.jp/soshiki/22/11726.html	鏡野町同窓会等支援事業補助金のお知らせ - 鏡野町公式ホームページ ページの先頭です。 メニューを飛ばして本文へ Kagamino Pickup メニュー 検索 Top JavaScriptが無効のため、文字の大きさ・背景色を変更する機能を使用できません。 本文へ Foreign language 文字サイズ 標準 拡大 背景色 白 黒 青 ページを 一時保存する メニュー くらし 子育て 医療・福祉 町政情報 しごとの情報 観光情報
okayama-official-005-009-2026	鏡野町	鏡野町 移住・定住支援	公式ページ記載の補助率・上限額または支援内容に従う	https://www.town.kagamino.lg.jp/soshiki/22/2143.html	移住・定住支援 - 鏡野町公式ホームページ ページの先頭です。 メニューを飛ばして本文へ Kagamino Pickup メニュー 検索 Top JavaScriptが無効のため、文字の大きさ・背景色を変更する機能を使用できません。 本文へ Foreign language 文字サイズ 標準 拡大 背景色 白 黒 青 ページを 一時保存する メニュー くらし 子育て 医療・福祉 町政情報 しごとの情報 観光情報 とじる 検索 何をお探し
okayama-official-005-010-2026	鏡野町	鏡野町 障害に関する医療費の助成	上限表1所得区分条件外来のみ入院を含む場合一定以上町民税の課税所得が145万円	https://www.town.kagamino.lg.jp/soshiki/25/1846.html	障害に関する医療費の助成 - 鏡野町公式ホームページ ページの先頭です。 メニューを飛ばして本文へ Kagamino Pickup メニュー 検索 Top JavaScriptが無効のため、文字の大きさ・背景色を変更する機能を使用できません。 本文へ Foreign language 文字サイズ 標準 拡大 背景色 白 黒 青 ページを 一時保存する メニュー くらし 子育て 医療・福祉 町政情報 しごとの情報 観光情報 とじる 検索
okayama-official-005-011-2026	鏡野町	鏡野町 障害に関する手当	1人につき月額58,450円	https://www.town.kagamino.lg.jp/soshiki/25/1850.html	障害に関する手当 - 鏡野町公式ホームページ ページの先頭です。 メニューを飛ばして本文へ Kagamino Pickup メニュー 検索 Top JavaScriptが無効のため、文字の大きさ・背景色を変更する機能を使用できません。 本文へ Foreign language 文字サイズ 標準 拡大 背景色 白 黒 青 ページを 一時保存する メニュー くらし 子育て 医療・福祉 町政情報 しごとの情報 観光情報 とじる 検索 何をお探
okayama-official-005-012-2026	鏡野町	鏡野町 日常生活の援助、各種助成等	公式ページ記載の補助率・上限額または支援内容に従う	https://www.town.kagamino.lg.jp/soshiki/25/1852.html	日常生活の援助、各種助成等 - 鏡野町公式ホームページ ページの先頭です。 メニューを飛ばして本文へ Kagamino Pickup メニュー 検索 Top JavaScriptが無効のため、文字の大きさ・背景色を変更する機能を使用できません。 本文へ Foreign language 文字サイズ 標準 拡大 背景色 白 黒 青 ページを 一時保存する メニュー くらし 子育て 医療・福祉 町政情報 しごとの情報 観光情報 とじる 検索
okayama-official-005-013-2026	鏡野町	鏡野町 地域生活支援事業	公式ページ記載の補助率・上限額または支援内容に従う	https://www.town.kagamino.lg.jp/soshiki/25/1845.html	地域生活支援事業 - 鏡野町公式ホームページ ページの先頭です。 メニューを飛ばして本文へ Kagamino Pickup メニュー 検索 Top JavaScriptが無効のため、文字の大きさ・背景色を変更する機能を使用できません。 本文へ Foreign language 文字サイズ 標準 拡大 背景色 白 黒 青 ページを 一時保存する メニュー くらし 子育て 医療・福祉 町政情報 しごとの情報 観光情報 とじる 検索 何をお探
okayama-official-005-014-2026	鏡野町	鏡野町 妊婦のための支援給付	公式ページ記載の補助率・上限額または支援内容に従う	https://www.town.kagamino.lg.jp/soshiki/26/1628.html	妊婦のための支援給付のご案内 - 鏡野町公式ホームページ ページの先頭です。 メニューを飛ばして本文へ Kagamino Pickup メニュー 検索 Top JavaScriptが無効のため、文字の大きさ・背景色を変更する機能を使用できません。 本文へ Foreign language 文字サイズ 標準 拡大 背景色 白 黒 青 ページを 一時保存する メニュー くらし 子育て 医療・福祉 町政情報 しごとの情報 観光情報 とじる 検
okayama-official-005-015-2026	鏡野町	鏡野町 子育て世帯訪問支援事業	1人）利用料金利用後、事業者に直接お支払いください所得区分1時間当たり生活保護世帯無料市町村民税非課税世帯市町村民税の所得割合算額が77,101円	https://www.town.kagamino.lg.jp/soshiki/26/1646.html	子育て世帯訪問支援事業（家事・育児サポート） - 鏡野町公式ホームページ ページの先頭です。 メニューを飛ばして本文へ Kagamino Pickup メニュー 検索 Top JavaScriptが無効のため、文字の大きさ・背景色を変更する機能を使用できません。 本文へ Foreign language 文字サイズ 標準 拡大 背景色 白 黒 青 ページを 一時保存する メニュー くらし 子育て 医療・福祉 町政情報 しごとの情報 観光
okayama-official-005-016-2026	鏡野町	鏡野町 児童扶養手当	月額48,050円	https://www.town.kagamino.lg.jp/soshiki/26/1830.html	児童扶養手当 - 鏡野町公式ホームページ ページの先頭です。 メニューを飛ばして本文へ Kagamino Pickup メニュー 検索 Top JavaScriptが無効のため、文字の大きさ・背景色を変更する機能を使用できません。 本文へ Foreign language 文字サイズ 標準 拡大 背景色 白 黒 青 ページを 一時保存する メニュー くらし 子育て 医療・福祉 町政情報 しごとの情報 観光情報 とじる 検索 何をお探しで
okayama-official-005-017-2026	鏡野町	鏡野町 ひとり親家庭等の医療費助成	上限額＞所得区分判定基準負担上限月額外来入院又は合算一定以上市町村民税課税所得額が145万円	https://www.town.kagamino.lg.jp/soshiki/26/1831.html	ひとり親家庭等の医療費助成 - 鏡野町公式ホームページ ページの先頭です。 メニューを飛ばして本文へ Kagamino Pickup メニュー 検索 Top JavaScriptが無効のため、文字の大きさ・背景色を変更する機能を使用できません。 本文へ Foreign language 文字サイズ 標準 拡大 背景色 白 黒 青 ページを 一時保存する メニュー くらし 子育て 医療・福祉 町政情報 しごとの情報 観光情報 とじる 検索
okayama-official-005-018-2026	鏡野町	鏡野町 ひとり親支援制度	公式ページ記載の補助率・上限額または支援内容に従う	https://www.town.kagamino.lg.jp/soshiki/26/5477.html	ひとり親支援制度 - 鏡野町公式ホームページ ページの先頭です。 メニューを飛ばして本文へ Kagamino Pickup メニュー 検索 Top JavaScriptが無効のため、文字の大きさ・背景色を変更する機能を使用できません。 本文へ Foreign language 文字サイズ 標準 拡大 背景色 白 黒 青 ページを 一時保存する メニュー くらし 子育て 医療・福祉 町政情報 しごとの情報 観光情報 とじる 検索 何をお探
okayama-official-005-019-2026	鏡野町	鏡野町 鏡野町住宅リフォーム事業費補助金	補助金上限額】20万円	https://www.town.kagamino.lg.jp/soshiki/4/2154.html	鏡野町住宅リフォーム事業費補助金 - 鏡野町公式ホームページ ページの先頭です。 メニューを飛ばして本文へ Kagamino Pickup メニュー 検索 Top JavaScriptが無効のため、文字の大きさ・背景色を変更する機能を使用できません。 本文へ Foreign language 文字サイズ 標準 拡大 背景色 白 黒 青 ページを 一時保存する メニュー くらし 子育て 医療・福祉 町政情報 しごとの情報 観光情報 とじる
okayama-official-005-020-2026	鏡野町	鏡野町 紙おむつ処理用ごみ袋支給	公式ページ記載の補助率・上限額または支援内容に従う	https://www.town.kagamino.lg.jp/site/kosodatesien/8361.html	紙おむつ処理用ごみ袋支給（電子申請できます） - 鏡野町の子育て支援 - 鏡野町公式ホームページ ページの先頭です。 メニューを飛ばして本文へ Kagamino Pickup メニュー 検索 Top JavaScriptが無効のため、文字の大きさ・背景色を変更する機能を使用できません。 本文へ Foreign language 文字サイズ 標準 拡大 背景色 白 黒 青 ページを 一時保存する メニュー くらし 子育て 医療・福祉 町政
okayama-official-005-021-2026	鏡野町	鏡野町 新卒者等ふるさと就職奨励金	1人につき100,000円	https://www.town.kagamino.lg.jp/soshiki/22/2145.html	新卒者等ふるさと就職奨励金のお知らせについて - 鏡野町公式ホームページ ページの先頭です。 メニューを飛ばして本文へ Kagamino Pickup メニュー 検索 Top JavaScriptが無効のため、文字の大きさ・背景色を変更する機能を使用できません。 本文へ Foreign language 文字サイズ 標準 拡大 背景色 白 黒 青 ページを 一時保存する メニュー くらし 子育て 医療・福祉 町政情報 しごとの情報 観光
okayama-official-005-022-2026	鏡野町	鏡野町 グループホーム家賃軽減	公式ページ記載の補助率・上限額または支援内容に従う	https://www.town.kagamino.lg.jp/soshiki/25/2116.html	グループホーム家賃軽減 - 鏡野町公式ホームページ ページの先頭です。 メニューを飛ばして本文へ Kagamino Pickup メニュー 検索 Top JavaScriptが無効のため、文字の大きさ・背景色を変更する機能を使用できません。 本文へ Foreign language 文字サイズ 標準 拡大 背景色 白 黒 青 ページを 一時保存する メニュー くらし 子育て 医療・福祉 町政情報 しごとの情報 観光情報 とじる 検索 何
okayama-official-005-023-2026	勝央町	勝央町 勝央町省エネ促進事業補助金	補助金額表2ZEH一律20万円	https://www.town.shoo.lg.jp/soshiki/16/7358.html	令和8年度勝央町省エネ促進事業補助金について - 勝央町ホームページ（環境班） ページの先頭です。 メニューを飛ばして本文へ 当サイトはJavaScriptを使用したコンテンツや機能を提供しています。ご利用の際はJavaScriptを有効にしてください。 ホーム 検索 メニュー 情報をさがす # × 暮らし・手続き 防災・減災 安心・安全 住民票・戸籍 町税・料 保険・年金 ごみ・生活環境・水道・下水道 健康・福祉 大人の健康・予防 高
okayama-official-005-024-2026	勝央町	勝央町 勝央町縁結び同窓会応援事業補助金	補助金額出席人数&times;2,000円	https://www.town.shoo.lg.jp/site/iju/1340.html	同窓会の開催を応援します！～勝央町縁結び同窓会応援事業補助金～ - 移住定住特設サイト - 勝央町ホームページ（元気なまち推進室） ページの先頭です。 メニューを飛ばして本文へ 当サイトはJavaScriptを使用したコンテンツや機能を提供しています。ご利用の際はJavaScriptを有効にしてください。 ホーム 検索 メニュー 情報をさがす # × 暮らし・手続き 防災・減災 安心・安全 住民票・戸籍 町税・料 保険・年金 ごみ・生活
okayama-official-005-025-2026	勝央町	勝央町 結婚新生活支援事業補助金	補助金額次の1と2を合算した額婚姻に伴う住居費(物件の賃料1月分のみ※最大5万円	https://www.town.shoo.lg.jp/site/iju/1343.html	新婚さんの新生活を支援します！ - 移住定住特設サイト - 勝央町ホームページ（元気なまち推進室） ページの先頭です。 メニューを飛ばして本文へ 当サイトはJavaScriptを使用したコンテンツや機能を提供しています。ご利用の際はJavaScriptを有効にしてください。 ホーム 検索 メニュー 情報をさがす # × 暮らし・手続き 防災・減災 安心・安全 住民票・戸籍 町税・料 保険・年金 ごみ・生活環境・水道・下水道 健康・福祉
okayama-official-005-026-2026	勝央町	勝央町 ご結婚された方への祝金	公式ページ記載の補助率・上限額または支援内容に従う	https://www.town.shoo.lg.jp/site/iju/1342.html	ご結婚された方に祝金を支給します！ - 移住定住特設サイト - 勝央町ホームページ（元気なまち推進室） ページの先頭です。 メニューを飛ばして本文へ 当サイトはJavaScriptを使用したコンテンツや機能を提供しています。ご利用の際はJavaScriptを有効にしてください。 ホーム 検索 メニュー 情報をさがす # × 暮らし・手続き 防災・減災 安心・安全 住民票・戸籍 町税・料 保険・年金 ごみ・生活環境・水道・下水道 健康・福
okayama-official-005-027-2026	勝央町	勝央町 未就園児子育て給付金	支給額対象児童一人あたり10,000円	https://www.town.shoo.lg.jp/site/kosodate/1215.html	未就園児子育て給付金について - 子育て支援 - 勝央町ホームページ（こども未来室） ページの先頭です。 メニューを飛ばして本文へ 当サイトはJavaScriptを使用したコンテンツや機能を提供しています。ご利用の際はJavaScriptを有効にしてください。 ホーム 検索 メニュー 情報をさがす # × 暮らし・手続き 防災・減災 安心・安全 住民票・戸籍 町税・料 保険・年金 ごみ・生活環境・水道・下水道 健康・福祉 大人の健康・予
okayama-official-005-028-2026	勝央町	勝央町 妊婦等支援給付金	1人につき5万円	https://www.town.shoo.lg.jp/site/kosodate/1221.html	妊婦等支援給付金について - 子育て支援 - 勝央町ホームページ（こども未来室） ページの先頭です。 メニューを飛ばして本文へ 当サイトはJavaScriptを使用したコンテンツや機能を提供しています。ご利用の際はJavaScriptを有効にしてください。 ホーム 検索 メニュー 情報をさがす # × 暮らし・手続き 防災・減災 安心・安全 住民票・戸籍 町税・料 保険・年金 ごみ・生活環境・水道・下水道 健康・福祉 大人の健康・予防
okayama-official-005-029-2026	勝央町	勝央町 風しんの抗体検査・予防接種の助成	上限金額麻しん風しん混合ワクチン10,290円	https://www.town.shoo.lg.jp/site/kosodate/1235.html	風しんの抗体検査・予防接種の助成 - 子育て支援 - 勝央町ホームページ（こども未来室） ページの先頭です。 メニューを飛ばして本文へ 当サイトはJavaScriptを使用したコンテンツや機能を提供しています。ご利用の際はJavaScriptを有効にしてください。 ホーム 検索 メニュー 情報をさがす # × 暮らし・手続き 防災・減災 安心・安全 住民票・戸籍 町税・料 保険・年金 ごみ・生活環境・水道・下水道 健康・福祉 大人の健康
okayama-official-005-030-2026	勝央町	勝央町 勝央町不育治療費助成制度	1人当たりの上限を1年度30万円	https://www.town.shoo.lg.jp/site/kosodate/1246.html	勝央町不育治療費助成制度のご案内 - 子育て支援 - 勝央町ホームページ（こども未来室） ページの先頭です。 メニューを飛ばして本文へ 当サイトはJavaScriptを使用したコンテンツや機能を提供しています。ご利用の際はJavaScriptを有効にしてください。 ホーム 検索 メニュー 情報をさがす # × 暮らし・手続き 防災・減災 安心・安全 住民票・戸籍 町税・料 保険・年金 ごみ・生活環境・水道・下水道 健康・福祉 大人の健康
okayama-official-005-031-2026	勝央町	勝央町 勝央町不妊治療費助成金事業	上限額および助成上限回数】区分助成金額助成回数保険診療自己負担額（夫婦の両方が治療を受けた場合はその合計額）※上限10万円	https://www.town.shoo.lg.jp/site/kosodate/6216.html	勝央町不妊治療費助成金事業のご案内 - 子育て支援 - 勝央町ホームページ（こども未来室） ページの先頭です。 メニューを飛ばして本文へ 当サイトはJavaScriptを使用したコンテンツや機能を提供しています。ご利用の際はJavaScriptを有効にしてください。 ホーム 検索 メニュー 情報をさがす # × 暮らし・手続き 防災・減災 安心・安全 住民票・戸籍 町税・料 保険・年金 ごみ・生活環境・水道・下水道 健康・福祉 大人の健
okayama-official-005-032-2026	勝央町	勝央町 母子・父子・寡婦福祉資金貸付制度	公式ページ記載の貸付額・貸付条件に従う	https://www.town.shoo.lg.jp/site/navi/1508.html	母子・父子・寡婦福祉資金貸付制度について - 申請・手続きナビ - 勝央町ホームページ（医療班） ページの先頭です。 メニューを飛ばして本文へ 当サイトはJavaScriptを使用したコンテンツや機能を提供しています。ご利用の際はJavaScriptを有効にしてください。 ホーム 検索 メニュー 情報をさがす # × 暮らし・手続き 防災・減災 安心・安全 住民票・戸籍 町税・料 保険・年金 ごみ・生活環境・水道・下水道 健康・福祉 大
okayama-official-005-033-2026	勝央町	勝央町 児童扶養手当	月額児童1人目全部支給48,050円	https://www.town.shoo.lg.jp/site/navi/1521.html	児童扶養手当 - 申請・手続きナビ - 勝央町ホームページ（医療班） ページの先頭です。 メニューを飛ばして本文へ 当サイトはJavaScriptを使用したコンテンツや機能を提供しています。ご利用の際はJavaScriptを有効にしてください。 ホーム 検索 メニュー 情報をさがす # × 暮らし・手続き 防災・減災 安心・安全 住民票・戸籍 町税・料 保険・年金 ごみ・生活環境・水道・下水道 健康・福祉 大人の健康・予防 高齢者・介護
okayama-official-005-034-2026	勝央町	勝央町 ひとり親家庭等医療費助成制度	医療費の自己負担分等を助成	https://www.town.shoo.lg.jp/site/navi/1526.html	ひとり親家庭等医療費助成制度 - 申請・手続きナビ - 勝央町ホームページ（医療班） ページの先頭です。 メニューを飛ばして本文へ 当サイトはJavaScriptを使用したコンテンツや機能を提供しています。ご利用の際はJavaScriptを有効にしてください。 ホーム 検索 メニュー 情報をさがす # × 暮らし・手続き 防災・減災 安心・安全 住民票・戸籍 町税・料 保険・年金 ごみ・生活環境・水道・下水道 健康・福祉 大人の健康・予
okayama-official-005-035-2026	勝央町	勝央町 乳幼児及び児童生徒等医療費助成制度	医療費の自己負担分等を助成	https://www.town.shoo.lg.jp/site/navi/1527.html	乳幼児及び児童生徒等医療費助成制度 - 申請・手続きナビ - 勝央町ホームページ（医療班） ページの先頭です。 メニューを飛ばして本文へ 当サイトはJavaScriptを使用したコンテンツや機能を提供しています。ご利用の際はJavaScriptを有効にしてください。 ホーム 検索 メニュー 情報をさがす # × 暮らし・手続き 防災・減災 安心・安全 住民票・戸籍 町税・料 保険・年金 ごみ・生活環境・水道・下水道 健康・福祉 大人の健
okayama-official-005-036-2026	勝央町	勝央町 障害者医療費助成制度	限度額扶養者数0人1人2人3人4人限度額1,695,000円	https://www.town.shoo.lg.jp/site/navi/1529.html	障害者医療費助成制度 - 申請・手続きナビ - 勝央町ホームページ（医療班） ページの先頭です。 メニューを飛ばして本文へ 当サイトはJavaScriptを使用したコンテンツや機能を提供しています。ご利用の際はJavaScriptを有効にしてください。 ホーム 検索 メニュー 情報をさがす # × 暮らし・手続き 防災・減災 安心・安全 住民票・戸籍 町税・料 保険・年金 ごみ・生活環境・水道・下水道 健康・福祉 大人の健康・予防 高齢
okayama-official-005-037-2026	勝央町	勝央町 児童手当の制度改正	支給額を3万円	https://www.town.shoo.lg.jp/soshiki/8/1511.html	令和6年10月から児童手当の制度が改正されます。 - 勝央町ホームページ（医療班） ページの先頭です。 メニューを飛ばして本文へ 当サイトはJavaScriptを使用したコンテンツや機能を提供しています。ご利用の際はJavaScriptを有効にしてください。 ホーム 検索 メニュー 情報をさがす # × 暮らし・手続き 防災・減災 安心・安全 住民票・戸籍 町税・料 保険・年金 ごみ・生活環境・水道・下水道 健康・福祉 大人の健康・予防
okayama-official-005-038-2026	奈義町	奈義町 子ども医療費の高校生入院費まで無料化	医療費の自己負担分等を助成	https://www.town.nagi.okayama.jp/gyousei/kosodate_kyouiku_bunka/ninshin_shussan_kosodate/kosodate/koukoumade_muryouka.html	奈義町／子ども医療費の高校生入院費まで無料化 このサイトではJavaScriptを使用したコンテンツ・機能を提供しています。JavaScriptを有効にするとご利用いただけます。 HOME 子育て・教育・文化 子育て・教育・文化 妊娠・出産・子育て 教育 文化 移住・定住 イベント情報 イベント情報 年間イベント イベントカレンダー 町政 町政 町の紹介 町の方針・計画 広報なぎ 行政・財政情報 町議会 選挙 広告募集 くらしの情報 く
okayama-official-005-039-2026	奈義町	奈義町 奈義町結婚新生活応援事業補助金	上限金額住居費用及び引越し費用の合計・夫婦ともに29歳以下の世帯：上限60万円	https://www.town.nagi.okayama.jp/gyousei/kurashi/sumai/hojo_shien/kekkon_shinseikatsu.html	奈義町／奈義町結婚新生活応援事業補助金 このサイトではJavaScriptを使用したコンテンツ・機能を提供しています。JavaScriptを有効にするとご利用いただけます。 HOME 子育て・教育・文化 子育て・教育・文化 妊娠・出産・子育て 教育 文化 移住・定住 イベント情報 イベント情報 年間イベント イベントカレンダー 町政 町政 町の紹介 町の方針・計画 広報なぎ 行政・財政情報 町議会 選挙 広告募集 くらしの情報 くらしの
okayama-official-005-040-2026	奈義町	奈義町 地球温暖化対策設備導入補助金	補助金額定置型蓄電池&hellip;補助対象経費の10分の1以内とし、上限額は20万円	https://www.town.nagi.okayama.jp/gyousei/chikyuuonndannka.html	奈義町／地球温暖化対策設備導入補助金 このサイトではJavaScriptを使用したコンテンツ・機能を提供しています。JavaScriptを有効にするとご利用いただけます。 HOME 子育て・教育・文化 子育て・教育・文化 妊娠・出産・子育て 教育 文化 移住・定住 イベント情報 イベント情報 年間イベント イベントカレンダー 町政 町政 町の紹介 町の方針・計画 広報なぎ 行政・財政情報 町議会 選挙 広告募集 くらしの情報 くらしの情
okayama-official-005-041-2026	奈義町	奈義町 不妊治療助成事業	上限20万円	https://www.town.nagi.okayama.jp/gyousei/hoken_hunin.html	奈義町／不妊治療助成事業 このサイトではJavaScriptを使用したコンテンツ・機能を提供しています。JavaScriptを有効にするとご利用いただけます。 HOME 子育て・教育・文化 子育て・教育・文化 妊娠・出産・子育て 教育 文化 移住・定住 イベント情報 イベント情報 年間イベント イベントカレンダー 町政 町政 町の紹介 町の方針・計画 広報なぎ 行政・財政情報 町議会 選挙 広告募集 くらしの情報 くらしの情報 防災・消
okayama-official-005-042-2026	奈義町	奈義町 ひとり親家庭等医療費助成	医療費の自己負担分等を助成	https://www.town.nagi.okayama.jp/gyousei/kosodate_kyouiku_bunka/ninshin_shussan_kosodate/hitorioya/hitorioya_iryouhijosei.html	奈義町／ひとり親家庭等医療費助成 このサイトではJavaScriptを使用したコンテンツ・機能を提供しています。JavaScriptを有効にするとご利用いただけます。 HOME 子育て・教育・文化 子育て・教育・文化 妊娠・出産・子育て 教育 文化 移住・定住 イベント情報 イベント情報 年間イベント イベントカレンダー 町政 町政 町の紹介 町の方針・計画 広報なぎ 行政・財政情報 町議会 選挙 広告募集 くらしの情報 くらしの情報
okayama-official-005-043-2026	奈義町	奈義町 児童扶養手当	支給額子の人数令和6年度（11月〜）令和7年度（4月〜）子1人の場合全部支給月額45,500円	https://www.town.nagi.okayama.jp/gyousei/kosodate_kyouiku_bunka/ninshin_shussan_kosodate/hitorioya/jidoufuyouteate.html	奈義町／児童扶養手当 このサイトではJavaScriptを使用したコンテンツ・機能を提供しています。JavaScriptを有効にするとご利用いただけます。 HOME 子育て・教育・文化 子育て・教育・文化 妊娠・出産・子育て 教育 文化 移住・定住 イベント情報 イベント情報 年間イベント イベントカレンダー 町政 町政 町の紹介 町の方針・計画 広報なぎ 行政・財政情報 町議会 選挙 広告募集 くらしの情報 くらしの情報 防災・消防
okayama-official-005-044-2026	奈義町	奈義町 児童手当	支給額児童の年齢児童手当の額（1人当たり月額）3歳未満15,000円	https://www.town.nagi.okayama.jp/gyousei/kosodate_kyouiku_bunka/ninshin_shussan_kosodate/kosodate/jidouteate.html	奈義町／児童手当 このサイトではJavaScriptを使用したコンテンツ・機能を提供しています。JavaScriptを有効にするとご利用いただけます。 HOME 子育て・教育・文化 子育て・教育・文化 妊娠・出産・子育て 教育 文化 移住・定住 イベント情報 イベント情報 年間イベント イベントカレンダー 町政 町政 町の紹介 町の方針・計画 広報なぎ 行政・財政情報 町議会 選挙 広告募集 くらしの情報 くらしの情報 防災・消防 手続
okayama-official-005-045-2026	奈義町	奈義町 乳幼児及び児童生徒医療費助成	医療費の自己負担分等を助成	https://www.town.nagi.okayama.jp/gyousei/kosodate_kyouiku_bunka/ninshin_shussan_kosodate/kosodate/nyuyouji_josei.html	奈義町／乳幼児及び児童生徒医療費助成 このサイトではJavaScriptを使用したコンテンツ・機能を提供しています。JavaScriptを有効にするとご利用いただけます。 HOME 子育て・教育・文化 子育て・教育・文化 妊娠・出産・子育て 教育 文化 移住・定住 イベント情報 イベント情報 年間イベント イベントカレンダー 町政 町政 町の紹介 町の方針・計画 広報なぎ 行政・財政情報 町議会 選挙 広告募集 くらしの情報 くらしの情
okayama-official-005-046-2026	奈義町	奈義町 高等学校等就学支援金支給事業	1人に年額240,000円	https://www.town.nagi.okayama.jp/gyousei/kosodate_kyouiku_bunka/ninshin_shussan_kosodate/kosodate/shugakushienkin.html	奈義町／高等学校等就学支援金支給事業 このサイトではJavaScriptを使用したコンテンツ・機能を提供しています。JavaScriptを有効にするとご利用いただけます。 HOME 子育て・教育・文化 子育て・教育・文化 妊娠・出産・子育て 教育 文化 移住・定住 イベント情報 イベント情報 年間イベント イベントカレンダー 町政 町政 町の紹介 町の方針・計画 広報なぎ 行政・財政情報 町議会 選挙 広告募集 くらしの情報 くらしの情
okayama-official-005-047-2026	奈義町	奈義町 在宅育児支援手当	月額15,000円	https://www.town.nagi.okayama.jp/gyousei/kosodate_kyouiku_bunka/ninshin_shussan_kosodate/kosodate/zaikakuikuji_shienkin.html	奈義町／在宅育児支援手当 このサイトではJavaScriptを使用したコンテンツ・機能を提供しています。JavaScriptを有効にするとご利用いただけます。 HOME 子育て・教育・文化 子育て・教育・文化 妊娠・出産・子育て 教育 文化 移住・定住 イベント情報 イベント情報 年間イベント イベントカレンダー 町政 町政 町の紹介 町の方針・計画 広報なぎ 行政・財政情報 町議会 選挙 広告募集 くらしの情報 くらしの情報 防災・消
okayama-official-005-048-2026	奈義町	奈義町 不育治療支援事業	助成額は、専門医療機関証明書に記載されている金額の範囲内で1年間（年度）で、300,000円	https://www.town.nagi.okayama.jp/gyousei/kosodate_kyouiku_bunka/ninshin_shussan_kosodate/ninshin_shussan/huiku.html	奈義町／不育治療支援事業 このサイトではJavaScriptを使用したコンテンツ・機能を提供しています。JavaScriptを有効にするとご利用いただけます。 HOME 子育て・教育・文化 子育て・教育・文化 妊娠・出産・子育て 教育 文化 移住・定住 イベント情報 イベント情報 年間イベント イベントカレンダー 町政 町政 町の紹介 町の方針・計画 広報なぎ 行政・財政情報 町議会 選挙 広告募集 くらしの情報 くらしの情報 防災・消
okayama-official-005-049-2026	奈義町	奈義町 高齢者補聴器購入の補助	助成額・補聴器購入費用の1/2以内上限50,000円	https://www.town.nagi.okayama.jp/gyousei/kurashi/fukushi/shougaisha/hotyoukihozyo.html	奈義町／高齢者補聴器購入の補助 このサイトではJavaScriptを使用したコンテンツ・機能を提供しています。JavaScriptを有効にするとご利用いただけます。 HOME 子育て・教育・文化 子育て・教育・文化 妊娠・出産・子育て 教育 文化 移住・定住 イベント情報 イベント情報 年間イベント イベントカレンダー 町政 町政 町の紹介 町の方針・計画 広報なぎ 行政・財政情報 町議会 選挙 広告募集 くらしの情報 くらしの情報 防
okayama-official-005-050-2026	奈義町	奈義町 障害者医療費助成	医療費の自己負担分等を助成	https://www.town.nagi.okayama.jp/gyousei/kurashi/fukushi/shougaisha/shougaisha_iryou_josei.html	奈義町／障害者医療費助成 このサイトではJavaScriptを使用したコンテンツ・機能を提供しています。JavaScriptを有効にするとご利用いただけます。 HOME 子育て・教育・文化 子育て・教育・文化 妊娠・出産・子育て 教育 文化 移住・定住 イベント情報 イベント情報 年間イベント イベントカレンダー 町政 町政 町の紹介 町の方針・計画 広報なぎ 行政・財政情報 町議会 選挙 広告募集 くらしの情報 くらしの情報 防災・消
okayama-official-005-051-2026	奈義町	奈義町 障害者の手当て	月額：障害が重度（1級）の場合は56,800円	https://www.town.nagi.okayama.jp/gyousei/kurashi/fukushi/shougaisha/shougaisha_teate.html	奈義町／障害者の手当て このサイトではJavaScriptを使用したコンテンツ・機能を提供しています。JavaScriptを有効にするとご利用いただけます。 HOME 子育て・教育・文化 子育て・教育・文化 妊娠・出産・子育て 教育 文化 移住・定住 イベント情報 イベント情報 年間イベント イベントカレンダー 町政 町政 町の紹介 町の方針・計画 広報なぎ 行政・財政情報 町議会 選挙 広告募集 くらしの情報 くらしの情報 防災・消防
okayama-official-005-052-2026	奈義町	奈義町 がん治療によるウィッグ等購入助成	助成額等・上限50,000円	https://www.town.nagi.okayama.jp/gyousei/kurashi/kenkou_iryou/hojo_shien/appearance.html	奈義町／がん治療によるウィッグ等（アピアランスケア用品）の購入助成 このサイトではJavaScriptを使用したコンテンツ・機能を提供しています。JavaScriptを有効にするとご利用いただけます。 HOME 子育て・教育・文化 子育て・教育・文化 妊娠・出産・子育て 教育 文化 移住・定住 イベント情報 イベント情報 年間イベント イベントカレンダー 町政 町政 町の紹介 町の方針・計画 広報なぎ 行政・財政情報 町議会 選挙 広告
okayama-official-005-053-2026	奈義町	奈義町 奈義町空家対策事業補助金	上限１００万円	https://www.town.nagi.okayama.jp/gyousei/kurashi/sumai/hojo_shien/akiya_katsuyoujigyou.html	奈義町／空家の有効利用について このサイトではJavaScriptを使用したコンテンツ・機能を提供しています。JavaScriptを有効にするとご利用いただけます。 HOME 子育て・教育・文化 子育て・教育・文化 妊娠・出産・子育て 教育 文化 移住・定住 イベント情報 イベント情報 年間イベント イベントカレンダー 町政 町政 町の紹介 町の方針・計画 広報なぎ 行政・財政情報 町議会 選挙 広告募集 くらしの情報 くらしの情報 防
okayama-official-005-054-2026	奈義町	奈義町 民間賃貸住宅建設助成事業補助金	公式ページ記載の補助率・上限額または支援内容に従う	https://www.town.nagi.okayama.jp/gyousei/kurashi/sumai/hojo_shien/index.html	奈義町／住まいに関する補助・支援 このサイトではJavaScriptを使用したコンテンツ・機能を提供しています。JavaScriptを有効にするとご利用いただけます。 HOME 子育て・教育・文化 子育て・教育・文化 妊娠・出産・子育て 教育 文化 移住・定住 イベント情報 イベント情報 年間イベント イベントカレンダー 町政 町政 町の紹介 町の方針・計画 広報なぎ 行政・財政情報 町議会 選挙 広告募集 くらしの情報 くらしの情報
okayama-official-005-055-2026	奈義町	奈義町 高齢者の予防接種助成	公式ページ記載の補助率・上限額または支援内容に従う	https://www.town.nagi.okayama.jp/gyousei/yobousessyu.html	奈義町／高齢者の予防接種助成について このサイトではJavaScriptを使用したコンテンツ・機能を提供しています。JavaScriptを有効にするとご利用いただけます。 HOME 子育て・教育・文化 子育て・教育・文化 妊娠・出産・子育て 教育 文化 移住・定住 イベント情報 イベント情報 年間イベント イベントカレンダー 町政 町政 町の紹介 町の方針・計画 広報なぎ 行政・財政情報 町議会 選挙 広告募集 くらしの情報 くらしの情
okayama-official-005-056-2026	奈義町	奈義町 出産祝金	支給額対象児童一人につき一律10万円	https://www.town.nagi.okayama.jp/gyousei/kosodate_kyouiku_bunka/ninshin_shussan_kosodate/ninshin_shussan/syussan_iwaikin.html	奈義町／出産祝金 このサイトではJavaScriptを使用したコンテンツ・機能を提供しています。JavaScriptを有効にするとご利用いただけます。 HOME 子育て・教育・文化 子育て・教育・文化 妊娠・出産・子育て 教育 文化 移住・定住 イベント情報 イベント情報 年間イベント イベントカレンダー 町政 町政 町の紹介 町の方針・計画 広報なぎ 行政・財政情報 町議会 選挙 広告募集 くらしの情報 くらしの情報 防災・消防 手続
okayama-official-005-057-2026	西粟倉村	西粟倉村 低炭素なむらづくり推進施設設置補助金	公式ページ記載の補助率・上限額または支援内容に従う	https://www.vill.nishiawakura.okayama.jp/wp/%e4%bd%8e%e7%82%ad%e7%b4%a0%e3%81%aa%e3%82%80%e3%82%89%e3%81%a5%e3%81%8f%e3%82%8a%e6%8e%a8%e9%80%b2%e6%96%bd%e8%a8%ad%e8%a8%ad%e7%bd%ae%e8%a3%9c%e5%8a%a9%e9%87%91%e3%81%ae%e5%88%b6%e5%ba%a6/	低炭素なむらづくり推進施設設置補助金の制度 &#8211; 西粟倉村役場 文字の大きさ 背景白黒 音声読み上げ サイトマップ 視察申込 お問い合わせ 暮らし・手続き 子育て Iターン・Uターン 公共施設 防災・救急 行政 ソーシャルメディア サイトマップ 視察申込 お問い合わせ トップページ > 暮らし・手続き > 生活・環境 > 低炭素なむらづくり推進施設設置補助金の制度 トップページ > 一覧・環境モデル都市 > 低炭素なむらづくり
okayama-official-005-058-2026	西粟倉村	西粟倉村 ひとり親家庭等医療費	月額1,000円	https://www.vill.nishiawakura.okayama.jp/wp/%e3%81%b2%e3%81%a8%e3%82%8a%e8%a6%aa%e5%ae%b6%e5%ba%ad%e7%ad%89%e5%8c%bb%e7%99%82%e8%b2%bb/	ひとり親家庭等医療費 &#8211; 西粟倉村役場 文字の大きさ 背景白黒 音声読み上げ サイトマップ 視察申込 お問い合わせ 暮らし・手続き 子育て Iターン・Uターン 公共施設 防災・救急 行政 ソーシャルメディア サイトマップ 視察申込 お問い合わせ トップページ > 子育て > 子どもの健康・福祉 > ひとり親家庭等医療費 トップページ > 暮らし・手続き > 健康・福祉・医療 > ひとり親家庭等医療費 ひとり親家庭等医療費 西
okayama-official-005-059-2026	西粟倉村	西粟倉村 西粟倉村タクシー利用補助事業	公式ページ記載の補助率・上限額または支援内容に従う	https://www.vill.nishiawakura.okayama.jp/wp/%e3%82%bf%e3%82%af%e3%82%b7%e3%83%bc%e5%88%a9%e7%94%a8%e8%a3%9c%e5%8a%a9%e4%ba%8b%e6%a5%ad-2/	西粟倉村タクシー利用補助事業 &#8211; 西粟倉村役場 文字の大きさ 背景白黒 音声読み上げ サイトマップ 視察申込 お問い合わせ 暮らし・手続き 子育て Iターン・Uターン 公共施設 防災・救急 行政 ソーシャルメディア サイトマップ 視察申込 お問い合わせ トップページ > 暮らし・手続き > 生活・環境 > 西粟倉村タクシー利用補助事業 トップページ > 暮らし・手続き > 西粟倉村タクシー利用補助事業 西粟倉村タクシー利用補
okayama-official-005-060-2026	西粟倉村	西粟倉村 チャイルドシート助成	1人につき上限を10,000円	https://www.vill.nishiawakura.okayama.jp/wp/%e3%83%81%e3%83%a3%e3%82%a4%e3%83%ab%e3%83%89%e3%82%b7%e3%83%bc%e3%83%88%e5%8a%a9%e6%88%90/	チャイルドシート助成 &#8211; 西粟倉村役場 文字の大きさ 背景白黒 音声読み上げ サイトマップ 視察申込 お問い合わせ 暮らし・手続き 子育て Iターン・Uターン 公共施設 防災・救急 行政 ソーシャルメディア サイトマップ 視察申込 お問い合わせ トップページ > 子育て > 子育てを支える取り組み > チャイルドシート助成 トップページ > 暮らし・手続き > 生活・環境 > チャイルドシート助成 トップページ > 暮らし・
okayama-official-005-061-2026	西粟倉村	西粟倉村 不妊・不育治療費助成	２０万円を限度	https://www.vill.nishiawakura.okayama.jp/wp/%e4%b8%8d%e5%a6%8a%e3%83%bb%e4%b8%8d%e8%82%b2%e6%b2%bb%e7%99%82%e8%b2%bb%e5%8a%a9%e6%88%90/	不妊・不育治療費助成 &#8211; 西粟倉村役場 文字の大きさ 背景白黒 音声読み上げ サイトマップ 視察申込 お問い合わせ 暮らし・手続き 子育て Iターン・Uターン 公共施設 防災・救急 行政 ソーシャルメディア サイトマップ 視察申込 お問い合わせ トップページ > 暮らし・手続き > 健康・福祉・医療 > 不妊・不育治療費助成 不妊・不育治療費助成 １．不妊治療費助成 不妊治療を受けられたご夫婦に対し、不妊治療費の助成を行って
okayama-official-005-062-2026	西粟倉村	西粟倉村 児童手当	支給額3歳未満15,000円	https://www.vill.nishiawakura.okayama.jp/wp/%e5%85%90%e7%ab%a5%e6%89%8b%e5%bd%93-2/	児童手当 &#8211; 西粟倉村役場 文字の大きさ 背景白黒 音声読み上げ サイトマップ 視察申込 お問い合わせ 暮らし・手続き 子育て Iターン・Uターン 公共施設 防災・救急 行政 ソーシャルメディア サイトマップ 視察申込 お問い合わせ トップページ > 子育て > 子どもの健康・福祉 > 児童手当 児童手当 0歳から高校生年代までの児童を養育している方に支給 児童手当 ・支給額 3歳未満 15,000円（第3子以降は30,00
okayama-official-005-063-2026	西粟倉村	西粟倉村 児童扶養手当	月額（令和8年度）全部支給48,050円	https://www.vill.nishiawakura.okayama.jp/wp/%e5%85%90%e7%ab%a5%e6%89%b6%e9%a4%8a%e6%89%8b%e5%bd%93/	児童扶養手当 &#8211; 西粟倉村役場 文字の大きさ 背景白黒 音声読み上げ サイトマップ 視察申込 お問い合わせ 暮らし・手続き 子育て Iターン・Uターン 公共施設 防災・救急 行政 ソーシャルメディア サイトマップ 視察申込 お問い合わせ トップページ > 子育て > 子どもの健康・福祉 > 児童扶養手当 トップページ > 暮らし・手続き > 健康・福祉・医療 > 児童扶養手当 児童扶養手当 １．児童扶養手当 児童扶養手当とは
okayama-official-005-064-2026	西粟倉村	西粟倉村 子ども医療費	医療費の自己負担分等を助成	https://www.vill.nishiawakura.okayama.jp/wp/%e5%b0%8f%e5%85%90%e5%8c%bb%e7%99%82%e8%b2%bb%e3%83%bb%e5%85%90%e7%ab%a5%e7%94%9f%e5%be%92%e5%8c%bb%e7%99%82%e8%b2%bb/	子ども医療費 &#8211; 西粟倉村役場 文字の大きさ 背景白黒 音声読み上げ サイトマップ 視察申込 お問い合わせ 暮らし・手続き 子育て Iターン・Uターン 公共施設 防災・救急 行政 ソーシャルメディア サイトマップ 視察申込 お問い合わせ トップページ > 子育て > 子どもの健康・福祉 > 子ども医療費 トップページ > 暮らし・手続き > 健康・福祉・医療 > 子ども医療費 子ども医療費 西粟倉村では、子育て支援政策の充実
okayama-official-005-065-2026	西粟倉村	西粟倉村 障害者医療費	月額1,000～44,400円	https://www.vill.nishiawakura.okayama.jp/wp/%e5%bf%83%e8%ba%ab%e9%9a%9c%e5%ae%b3%e8%80%85%e5%8c%bb%e7%99%82%e8%b2%bb/	障害者医療費 &#8211; 西粟倉村役場 文字の大きさ 背景白黒 音声読み上げ サイトマップ 視察申込 お問い合わせ 暮らし・手続き 子育て Iターン・Uターン 公共施設 防災・救急 行政 ソーシャルメディア サイトマップ 視察申込 お問い合わせ トップページ > 暮らし・手続き > 健康・福祉・医療 > 障害者医療費 障害者医療費 障害者医療費公費負担制度について 西粟倉村では、障害のある方が安心して治療が受けられるよう医療費の負担
okayama-official-005-066-2026	西粟倉村	西粟倉村 村単独獣害防護柵設置補助金	公式ページ記載の補助率・上限額または支援内容に従う	https://www.vill.nishiawakura.okayama.jp/wp/%e6%9d%91%e5%8d%98%e7%8b%ac%e7%8d%a3%e5%ae%b3%e9%98%b2%e8%ad%b7%e6%9f%b5%e8%a8%ad%e7%bd%ae%e8%a3%9c%e5%8a%a9%e9%87%91%e3%83%bb%e7%94%b3%e8%ab%8b%e6%a7%98%e5%bc%8f/	村単独獣害防護柵設置補助金 &#8211; 西粟倉村役場 文字の大きさ 背景白黒 音声読み上げ サイトマップ 視察申込 お問い合わせ 暮らし・手続き 子育て Iターン・Uターン 公共施設 防災・救急 行政 ソーシャルメディア サイトマップ 視察申込 お問い合わせ トップページ > 暮らし・手続き > 産業 > 村単独獣害防護柵設置補助金 村単独獣害防護柵設置補助金 村単独獣害防護柵設置補助金(pdf) 申請様式(pdf) サイトマップ
okayama-official-005-067-2026	西粟倉村	西粟倉村 特別児童扶養手当	月額（令和8年度）1級58,450円	https://www.vill.nishiawakura.okayama.jp/wp/%e7%89%b9%e5%88%a5%e5%85%90%e7%ab%a5%e6%89%b6%e9%a4%8a%e6%89%8b%e5%bd%93/	特別児童扶養手当 &#8211; 西粟倉村役場 文字の大きさ 背景白黒 音声読み上げ サイトマップ 視察申込 お問い合わせ 暮らし・手続き 子育て Iターン・Uターン 公共施設 防災・救急 行政 ソーシャルメディア サイトマップ 視察申込 お問い合わせ トップページ > 子育て > 子どもの健康・福祉 > 特別児童扶養手当 トップページ > 暮らし・手続き > 健康・福祉・医療 > 特別児童扶養手当 特別児童扶養手当 ■ 特別児童扶養手
okayama-official-005-068-2026	西粟倉村	西粟倉村 生ゴミ処理機・コンポスト容器設置助成	5,000円を限度	https://www.vill.nishiawakura.okayama.jp/wp/%e7%94%9f%e3%82%b4%e3%83%9f%e5%87%a6%e7%90%86%e6%a9%9f%e3%83%bb%e3%82%b3%e3%83%b3%e3%83%9d%e3%82%b9%e3%83%88%e5%ae%b9%e5%99%a8%e8%a8%ad%e7%bd%ae%e5%8a%a9%e6%88%90/	生ゴミ処理機・コンポスト容器設置助成 &#8211; 西粟倉村役場 文字の大きさ 背景白黒 音声読み上げ サイトマップ 視察申込 お問い合わせ 暮らし・手続き 子育て Iターン・Uターン 公共施設 防災・救急 行政 ソーシャルメディア サイトマップ 視察申込 お問い合わせ トップページ > 暮らし・手続き > 生活・環境 > 生ゴミ処理機・コンポスト容器設置助成 生ゴミ処理機・コンポスト容器設置助成 1．目的と内容 西粟倉村内の各所帯か
okayama-official-005-069-2026	西粟倉村	西粟倉村 空き家活用補助制度	最大１４５万円	https://www.vill.nishiawakura.okayama.jp/wp/%e7%a9%ba%e3%81%8d%e5%ae%b6%e6%b4%bb%e7%94%a8%e8%a3%9c%e5%8a%a9%e5%88%b6%e5%ba%a6/	空き家活用補助制度 &#8211; 西粟倉村役場 文字の大きさ 背景白黒 音声読み上げ サイトマップ 視察申込 お問い合わせ 暮らし・手続き 子育て Iターン・Uターン 公共施設 防災・救急 行政 ソーシャルメディア サイトマップ 視察申込 お問い合わせ トップページ > 暮らし・手続き > 生活・環境 > 空き家活用補助制度 空き家活用補助制度 西粟倉村に空き家をお持ちのみなさん。空き家の活用、考えてみませんか？ 空家等対策特別措置法
okayama-official-005-070-2026	西粟倉村	西粟倉村 西粟倉村自動車急発進防止装置整備費補助制度	補助額１５万円	https://www.vill.nishiawakura.okayama.jp/wp/%e8%87%aa%e5%8b%95%e8%bb%8a%e6%80%a5%e7%99%ba%e9%80%b2%e9%98%b2%e6%ad%a2%e8%a3%85%e7%bd%ae%e6%95%b4%e5%82%99%e8%b2%bb%e8%a3%9c%e5%8a%a9%e5%88%b6%e5%ba%a6/	西粟倉村自動車急発進防止装置整備費補助制度 &#8211; 西粟倉村役場 文字の大きさ 背景白黒 音声読み上げ サイトマップ 視察申込 お問い合わせ 暮らし・手続き 子育て Iターン・Uターン 公共施設 防災・救急 行政 ソーシャルメディア サイトマップ 視察申込 お問い合わせ トップページ > 暮らし・手続き > 生活・環境 > 西粟倉村自動車急発進防止装置整備費補助制度 トップページ > 暮らし・手続き > 西粟倉村自動車急発進防止
okayama-official-005-071-2026	西粟倉村	西粟倉村 高等学校等就学支援金支給事業	公式ページ記載の給付額・支援額に従う	https://www.vill.nishiawakura.okayama.jp/wp/%e9%ab%98%e7%ad%89%e5%ad%a6%e6%a0%a1%e7%ad%89%e5%b0%b1%e5%ad%a6%e6%94%af%e6%8f%b4%e9%87%91%e6%94%af%e7%b5%a6%e4%ba%8b%e6%a5%ad/	高等学校等就学支援金支給事業 &#8211; 西粟倉村役場 文字の大きさ 背景白黒 音声読み上げ サイトマップ 視察申込 お問い合わせ 暮らし・手続き 子育て Iターン・Uターン 公共施設 防災・救急 行政 ソーシャルメディア サイトマップ 視察申込 お問い合わせ トップページ > 子育て > 子育てを支える取り組み > 高等学校等就学支援金支給事業 トップページ > 暮らし・手続き > 子育て・教育 > 高等学校等就学支援金支給事業
okayama-official-005-072-2026	西粟倉村	西粟倉村 高校等の就学助成	年額２４万円	https://www.vill.nishiawakura.okayama.jp/wp/%ef%bc%91%ef%bc%90%ef%bc%8e%e9%ab%98%e6%a0%a1%e7%ad%89%e3%81%ae%e5%b0%b1%e5%ad%a6%e5%8a%a9%e6%88%90%e3%81%ab%e3%81%a4%e3%81%84%e3%81%a6/	高校等の就学助成について &#8211; 西粟倉村役場 文字の大きさ 背景白黒 音声読み上げ サイトマップ 視察申込 お問い合わせ 暮らし・手続き 子育て Iターン・Uターン 公共施設 防災・救急 行政 ソーシャルメディア サイトマップ 視察申込 お問い合わせ トップページ > 子育て > 子育て応援ガイドブック > 高校等の就学助成について 高校等の就学助成について 高等学校等就学支援金 西粟倉村の子育て支援の一貫として、平成２５年度
okayama-official-005-073-2026	西粟倉村	西粟倉村 老朽危険空き家除却補助制度	補助金額対象工事補助金額補助上限除却工事工事費用の1/2150万円	https://www.vill.nishiawakura.okayama.jp/wp/jokyakuhojo/	老朽危険空き家除却補助制度 &#8211; 西粟倉村役場 文字の大きさ 背景白黒 音声読み上げ サイトマップ 視察申込 お問い合わせ 暮らし・手続き 子育て Iターン・Uターン 公共施設 防災・救急 行政 ソーシャルメディア サイトマップ 視察申込 お問い合わせ トップページ > 暮らし・手続き > 生活・環境 > 老朽危険空き家除却補助制度 老朽危険空き家除却補助制度 西粟倉村老朽危険空き家除却事業補助制度 近年、人口の減少や既存の住
okayama-official-005-074-2026	西粟倉村	西粟倉村 定額減税しきれないと見込まれる方への給付金	公式ページ記載の給付額・支援額に従う	https://www.vill.nishiawakura.okayama.jp/wp/r6teigakukyufu/	定額減税しきれないと見込まれる方への給付金 &#8211; 西粟倉村役場 文字の大きさ 背景白黒 音声読み上げ サイトマップ 視察申込 お問い合わせ 暮らし・手続き 子育て Iターン・Uターン 公共施設 防災・救急 行政 ソーシャルメディア サイトマップ 視察申込 お問い合わせ トップページ > 暮らし・手続き > 届出・証明 > 定額減税しきれないと見込まれる方への給付金 トップページ > 暮らし・手続き > 定額減税しきれないと見込
okayama-official-005-075-2026	久米南町	久米南町 不妊治療費の助成	上限１０万円	https://www.town.kumenan.lg.jp/syusssan-kosodate/funintiryouhijosei.html	久米南町／不妊治療費の助成 --> このサイトではJavaScriptを使用したコンテンツ・機能を提供しています。JavaScriptを有効にするとご利用いただけます。 たくさんの 笑顔と元気 久米南町 岡山県久米郡 久米南町ウェブサイト 文字サイズ 縮小 標準 拡大 背景色変更 標準 黄 青 黒 よく検索されるキーワード： 住民票 観光 イベント ホーム くらしの 情報 観光 ・ イベント ビジネス ・ 産業 町政 移住の ススメ ホ
okayama-official-005-076-2026	久米南町	久米南町 ひとり親家庭等医療費助成	医療費の自己負担分等を助成	https://www.town.kumenan.lg.jp/living/childcare/hitorioya/iryouhi_josei.html	久米南町／医療費助成 --> このサイトではJavaScriptを使用したコンテンツ・機能を提供しています。JavaScriptを有効にするとご利用いただけます。 たくさんの 笑顔と元気 久米南町 岡山県久米郡 久米南町ウェブサイト 文字サイズ 縮小 標準 拡大 背景色変更 標準 黄 青 黒 よく検索されるキーワード： 住民票 観光 イベント ホーム くらしの 情報 観光 ・ イベント ビジネス ・ 産業 町政 移住の ススメ ホーム
okayama-official-005-077-2026	久米南町	久米南町 子どもの医療費	医療費の自己負担分等を助成	https://www.town.kumenan.lg.jp/living/childcare/kosodate/nyuuyouji-iryou.html	久米南町／子どもの医療費 --> このサイトではJavaScriptを使用したコンテンツ・機能を提供しています。JavaScriptを有効にするとご利用いただけます。 たくさんの 笑顔と元気 久米南町 岡山県久米郡 久米南町ウェブサイト 文字サイズ 縮小 標準 拡大 背景色変更 標準 黄 青 黒 よく検索されるキーワード： 住民票 観光 イベント ホーム くらしの 情報 観光 ・ イベント ビジネス ・ 産業 町政 移住の ススメ ホー
okayama-official-005-078-2026	久米南町	久米南町 不育治療費の助成	公式ページ記載の補助率・上限額または支援内容に従う	https://www.town.kumenan.lg.jp/living/childcare/ninshin/fuiki_tiryou.html	久米南町／不育治療費の助成 --> このサイトではJavaScriptを使用したコンテンツ・機能を提供しています。JavaScriptを有効にするとご利用いただけます。 たくさんの 笑顔と元気 久米南町 岡山県久米郡 久米南町ウェブサイト 文字サイズ 縮小 標準 拡大 背景色変更 標準 黄 青 黒 よく検索されるキーワード： 住民票 観光 イベント ホーム くらしの 情報 観光 ・ イベント ビジネス ・ 産業 町政 移住の ススメ ホ
okayama-official-005-079-2026	久米南町	久米南町 母子家庭・寡婦世帯への資金貸付	公式ページ記載の貸付額・貸付条件に従う	https://www.town.kumenan.lg.jp/living/childcare/hitorioya/kashitsuke.html	久米南町／母子家庭・寡婦世帯への資金貸付 --> このサイトではJavaScriptを使用したコンテンツ・機能を提供しています。JavaScriptを有効にするとご利用いただけます。 たくさんの 笑顔と元気 久米南町 岡山県久米郡 久米南町ウェブサイト 文字サイズ 縮小 標準 拡大 背景色変更 標準 黄 青 黒 よく検索されるキーワード： 住民票 観光 イベント ホーム くらしの 情報 観光 ・ イベント ビジネス ・ 産業 町政 移住
okayama-official-005-080-2026	久米南町	久米南町 児童扶養手当	所得・対象区分に応じて手当等を支給	https://www.town.kumenan.lg.jp/living/childcare/hitorioya/jidoufuyouteate.html	久米南町／児童扶養手当 --> このサイトではJavaScriptを使用したコンテンツ・機能を提供しています。JavaScriptを有効にするとご利用いただけます。 たくさんの 笑顔と元気 久米南町 岡山県久米郡 久米南町ウェブサイト 文字サイズ 縮小 標準 拡大 背景色変更 標準 黄 青 黒 よく検索されるキーワード： 住民票 観光 イベント ホーム くらしの 情報 観光 ・ イベント ビジネス ・ 産業 町政 移住の ススメ ホーム
okayama-official-005-081-2026	久米南町	久米南町 妊婦のための支援給付	公式ページ記載の補助率・上限額または支援内容に従う	https://www.town.kumenan.lg.jp/living/childcare/ninshin/ninpunotamenoshienkyufu.html	久米南町／妊婦のための支援給付 --> このサイトではJavaScriptを使用したコンテンツ・機能を提供しています。JavaScriptを有効にするとご利用いただけます。 たくさんの 笑顔と元気 久米南町 岡山県久米郡 久米南町ウェブサイト 文字サイズ 縮小 標準 拡大 背景色変更 標準 黄 青 黒 よく検索されるキーワード： 住民票 観光 イベント ホーム くらしの 情報 観光 ・ イベント ビジネス ・ 産業 町政 移住の ススメ
okayama-official-005-082-2026	久米南町	久米南町 自動車運転免許取得費・自動車改造費助成事業	助成額費用の2/3以内（上限額10万円	https://www.town.kumenan.lg.jp/living/fukushi/syougaisya-fukushi/untenmenkyo-kaizouhijyosei.html	久米南町／自動車運転免許取得費・自動車改造費助成事業について --> このサイトではJavaScriptを使用したコンテンツ・機能を提供しています。JavaScriptを有効にするとご利用いただけます。 たくさんの 笑顔と元気 久米南町 岡山県久米郡 久米南町ウェブサイト 文字サイズ 縮小 標準 拡大 背景色変更 標準 黄 青 黒 よく検索されるキーワード： 住民票 観光 イベント ホーム くらしの 情報 観光 ・ イベント ビジネス
okayama-official-005-083-2026	久米南町	久米南町 特別児童扶養手当	月額）令和８年度（月額）１級５６，８００円	https://www.town.kumenan.lg.jp/living/childcare/kosodate/tokubetujidouhuyouteate.html	久米南町／特別児童扶養手当 --> このサイトではJavaScriptを使用したコンテンツ・機能を提供しています。JavaScriptを有効にするとご利用いただけます。 たくさんの 笑顔と元気 久米南町 岡山県久米郡 久米南町ウェブサイト 文字サイズ 縮小 標準 拡大 背景色変更 標準 黄 青 黒 よく検索されるキーワード： 住民票 観光 イベント ホーム くらしの 情報 観光 ・ イベント ビジネス ・ 産業 町政 移住の ススメ ホ
okayama-official-005-084-2026	久米南町	久米南町 父子家庭への支援	公式ページ記載の補助率・上限額または支援内容に従う	https://www.town.kumenan.lg.jp/living/childcare/hitorioya/fushikatei.html	久米南町／父子家庭への支援 --> このサイトではJavaScriptを使用したコンテンツ・機能を提供しています。JavaScriptを有効にするとご利用いただけます。 たくさんの 笑顔と元気 久米南町 岡山県久米郡 久米南町ウェブサイト 文字サイズ 縮小 標準 拡大 背景色変更 標準 黄 青 黒 よく検索されるキーワード： 住民票 観光 イベント ホーム くらしの 情報 観光 ・ イベント ビジネス ・ 産業 町政 移住の ススメ ホ
okayama-official-005-085-2026	久米南町	久米南町 児童手当	月額10,000円	https://www.town.kumenan.lg.jp/living/childcare/kosodate/jidouteate.html	久米南町／児童手当 --> このサイトではJavaScriptを使用したコンテンツ・機能を提供しています。JavaScriptを有効にするとご利用いただけます。 たくさんの 笑顔と元気 久米南町 岡山県久米郡 久米南町ウェブサイト 文字サイズ 縮小 標準 拡大 背景色変更 標準 黄 青 黒 よく検索されるキーワード： 住民票 観光 イベント ホーム くらしの 情報 観光 ・ イベント ビジネス ・ 産業 町政 移住の ススメ ホーム &
okayama-official-005-086-2026	久米南町	久米南町 出産・子育て応援事業	支給額妊婦１人あたり５万円	https://www.town.kumenan.lg.jp/living/childcare/syussan/dandan-sukusuku.html	久米南町／出産・子育て応援事業 --> このサイトではJavaScriptを使用したコンテンツ・機能を提供しています。JavaScriptを有効にするとご利用いただけます。 たくさんの 笑顔と元気 久米南町 岡山県久米郡 久米南町ウェブサイト 文字サイズ 縮小 標準 拡大 背景色変更 標準 黄 青 黒 よく検索されるキーワード： 住民票 観光 イベント ホーム くらしの 情報 観光 ・ イベント ビジネス ・ 産業 町政 移住の ススメ
okayama-official-005-087-2026	久米南町	久米南町 障害者医療費	医療費の自己負担分等を助成	https://www.town.kumenan.lg.jp/living/fukushi/syougaisya-fukushi/juusin.html	久米南町／障害者医療費 --> このサイトではJavaScriptを使用したコンテンツ・機能を提供しています。JavaScriptを有効にするとご利用いただけます。 たくさんの 笑顔と元気 久米南町 岡山県久米郡 久米南町ウェブサイト 文字サイズ 縮小 標準 拡大 背景色変更 標準 黄 青 黒 よく検索されるキーワード： 住民票 観光 イベント ホーム くらしの 情報 観光 ・ イベント ビジネス ・ 産業 町政 移住の ススメ ホーム
okayama-official-005-088-2026	久米南町	久米南町 特別障害者手当・障害児福祉手当	所得・対象区分に応じて手当等を支給	https://www.town.kumenan.lg.jp/living/fukushi/syougaisya-fukushi/tokubetusyougaisyateate.html	久米南町／特別障害者手当・障害児福祉手当 --> このサイトではJavaScriptを使用したコンテンツ・機能を提供しています。JavaScriptを有効にするとご利用いただけます。 たくさんの 笑顔と元気 久米南町 岡山県久米郡 久米南町ウェブサイト 文字サイズ 縮小 標準 拡大 背景色変更 標準 黄 青 黒 よく検索されるキーワード： 住民票 観光 イベント ホーム くらしの 情報 観光 ・ イベント ビジネス ・ 産業 町政 移住
okayama-official-005-089-2026	久米南町	久米南町 空き家流動化促進事業補助金	補助金額】対象経費の4割(上限20万円	https://www.town.kumenan.lg.jp/living/house/hojo/akiya-reform.html	久米南町／空き家流動化促進事業補助金 --> このサイトではJavaScriptを使用したコンテンツ・機能を提供しています。JavaScriptを有効にするとご利用いただけます。 たくさんの 笑顔と元気 久米南町 岡山県久米郡 久米南町ウェブサイト 文字サイズ 縮小 標準 拡大 背景色変更 標準 黄 青 黒 よく検索されるキーワード： 住民票 観光 イベント ホーム くらしの 情報 観光 ・ イベント ビジネス ・ 産業 町政 移住の
okayama-official-005-090-2026	久米南町	久米南町 久米南町移住支援金	最大100万円	https://www.town.kumenan.lg.jp/living/house/hojo/ijuusienkin.html	久米南町／久米南町移住支援事業・マッチング支援事業における移住支援金 --> このサイトではJavaScriptを使用したコンテンツ・機能を提供しています。JavaScriptを有効にするとご利用いただけます。 たくさんの 笑顔と元気 久米南町 岡山県久米郡 久米南町ウェブサイト 文字サイズ 縮小 標準 拡大 背景色変更 標準 黄 青 黒 よく検索されるキーワード： 住民票 観光 イベント ホーム くらしの 情報 観光 ・ イベント ビ
okayama-official-005-091-2026	久米南町	久米南町 久米南町賃貸住宅建築促進事業助成金	上限500万円	https://www.town.kumenan.lg.jp/living/house/hojo/minakanjyutakujyosei.html	久米南町／久米南町賃貸住宅建築促進事業助成金 --> このサイトではJavaScriptを使用したコンテンツ・機能を提供しています。JavaScriptを有効にするとご利用いただけます。 たくさんの 笑顔と元気 久米南町 岡山県久米郡 久米南町ウェブサイト 文字サイズ 縮小 標準 拡大 背景色変更 標準 黄 青 黒 よく検索されるキーワード： 住民票 観光 イベント ホーム くらしの 情報 観光 ・ イベント ビジネス ・ 産業 町政
okayama-official-005-092-2026	久米南町	久米南町 結婚新生活支援事業	上限６０万円	https://www.town.kumenan.lg.jp/living/house/hojo/sinkon.html	久米南町／結婚新生活支援事業 --> このサイトではJavaScriptを使用したコンテンツ・機能を提供しています。JavaScriptを有効にするとご利用いただけます。 たくさんの 笑顔と元気 久米南町 岡山県久米郡 久米南町ウェブサイト 文字サイズ 縮小 標準 拡大 背景色変更 標準 黄 青 黒 よく検索されるキーワード： 住民票 観光 イベント ホーム くらしの 情報 観光 ・ イベント ビジネス ・ 産業 町政 移住の ススメ
okayama-official-005-093-2026	久米南町	久米南町 木造耐震診断補助・耐震改修補助事業	80,000円を補助	https://www.town.kumenan.lg.jp/living/house/hojo/taishin.html	久米南町／木造耐震診断補助・耐震改修補助事業 --> このサイトではJavaScriptを使用したコンテンツ・機能を提供しています。JavaScriptを有効にするとご利用いただけます。 たくさんの 笑顔と元気 久米南町 岡山県久米郡 久米南町ウェブサイト 文字サイズ 縮小 標準 拡大 背景色変更 標準 黄 青 黒 よく検索されるキーワード： 住民票 観光 イベント ホーム くらしの 情報 観光 ・ イベント ビジネス ・ 産業 町政
okayama-official-005-094-2026	久米南町	久米南町 若者住宅補助金	公式ページ記載の補助率・上限額または支援内容に従う	https://www.town.kumenan.lg.jp/living/house/hojo/wakamonojutakuhojokin.html	久米南町／若者住宅補助金 --> このサイトではJavaScriptを使用したコンテンツ・機能を提供しています。JavaScriptを有効にするとご利用いただけます。 たくさんの 笑顔と元気 久米南町 岡山県久米郡 久米南町ウェブサイト 文字サイズ 縮小 標準 拡大 背景色変更 標準 黄 青 黒 よく検索されるキーワード： 住民票 観光 イベント ホーム くらしの 情報 観光 ・ イベント ビジネス ・ 産業 町政 移住の ススメ ホー
okayama-official-005-095-2026	久米南町	久米南町 民間賃貸住宅家賃助成制度（経営者）	公式ページ記載の補助率・上限額または支援内容に従う	https://www.town.kumenan.lg.jp/living/house/hojo/yachin-josei-owner.html	久米南町／民間賃貸住宅家賃助成制度（経営者） --> このサイトではJavaScriptを使用したコンテンツ・機能を提供しています。JavaScriptを有効にするとご利用いただけます。 たくさんの 笑顔と元気 久米南町 岡山県久米郡 久米南町ウェブサイト 文字サイズ 縮小 標準 拡大 背景色変更 標準 黄 青 黒 よく検索されるキーワード： 住民票 観光 イベント ホーム くらしの 情報 観光 ・ イベント ビジネス ・ 産業 町政
okayama-official-005-096-2026	久米南町	久米南町 民間賃貸住宅家賃助成制度（利用者）	月額家賃の10分の4(勤務先から支払われる住宅手当等を差し引きます)で、15,000円	https://www.town.kumenan.lg.jp/living/house/hojo/yachin-josei-user.html	久米南町／民間賃貸住宅家賃助成制度（利用者） --> このサイトではJavaScriptを使用したコンテンツ・機能を提供しています。JavaScriptを有効にするとご利用いただけます。 たくさんの 笑顔と元気 久米南町 岡山県久米郡 久米南町ウェブサイト 文字サイズ 縮小 標準 拡大 背景色変更 標準 黄 青 黒 よく検索されるキーワード： 住民票 観光 イベント ホーム くらしの 情報 観光 ・ イベント ビジネス ・ 産業 町政
okayama-official-005-097-2026	久米南町	久米南町 町営分譲宅地の助成制度	50万円を助成	https://www.town.kumenan.lg.jp/living/house/takuchi/takuchi-top.html	久米南町／町営分譲宅地の助成制度 --> このサイトではJavaScriptを使用したコンテンツ・機能を提供しています。JavaScriptを有効にするとご利用いただけます。 たくさんの 笑顔と元気 久米南町 岡山県久米郡 久米南町ウェブサイト 文字サイズ 縮小 標準 拡大 背景色変更 標準 黄 青 黒 よく検索されるキーワード： 住民票 観光 イベント ホーム くらしの 情報 観光 ・ イベント ビジネス ・ 産業 町政 移住の スス
okayama-official-005-098-2026	久米南町	久米南町 すこやかエンゼル祝金	公式ページ記載の補助率・上限額または支援内容に従う	https://www.town.kumenan.lg.jp/living/childcare/syussan/sukoyakaennzeru.html	久米南町／すこやかエンゼル祝金 --> このサイトではJavaScriptを使用したコンテンツ・機能を提供しています。JavaScriptを有効にするとご利用いただけます。 たくさんの 笑顔と元気 久米南町 岡山県久米郡 久米南町ウェブサイト 文字サイズ 縮小 標準 拡大 背景色変更 標準 黄 青 黒 よく検索されるキーワード： 住民票 観光 イベント ホーム くらしの 情報 観光 ・ イベント ビジネス ・ 産業 町政 移住の ススメ
