rescore	score	organization	title	url	evidence
51	30	うるま市	年金生活者支援給付金	https://www.city.uruma.lg.jp/1006005000/contents/17349.html	年金生活者支援給付金 | うるま市公式ホームページ 本文へスキップします。 うるま市 緊急情報 緊急情報 防災一口メモ 緊急情報一覧 緊急情報RSS Foreign Language 語句で検索 IDで検索 語句で検索 IDで検索 新着情報 ホーム 便利メニュー 閉じる 手続きナビ 検索メニュー 閉じる 防災・安全 暮らし・手続き 子育て・教育 健康・医療・福祉 観光・文化・スポーツ まちづくり・環境 産業・しごと 市政情報 トップ > 暮らし・手続き > 保険・年金 > 年金 > 年金生活者支援給付金 ポスト LINEで送る ページID：2897 更新日：2026年6月5日 ここから本文です。 目次 年金生活者支援給付金 年金生活者支援給付金は、公的年金等の収入や所得が一定基準額以下の年金受給者の生活を支援す
38	21	うるま市	マイナンバーカードの申請補助サービスを実施しております	https://www.city.uruma.lg.jp/1006005000/contents/p000045.html	マイナンバーカードの申請補助サービスを実施しております | うるま市公式ホームページ 本文へスキップします。 うるま市 緊急情報 緊急情報 防災一口メモ 緊急情報一覧 緊急情報RSS Foreign Language 語句で検索 IDで検索 語句で検索 IDで検索 新着情報 ホーム 便利メニュー 閉じる 手続きナビ 検索メニュー 閉じる 防災・安全 暮らし・手続き 子育て・教育 健康・医療・福祉 観光・文化・スポーツ まちづくり・環境 産業・しごと 市政情報 トップ > 暮らし・手続き > 届出・証明 > マイナンバー（社会保障・税番号） > マイナンバーカード > マイナンバーカードの申請補助サービスを実施しております ポスト LINEで送る ページID：1968 更新日：2026年2月2日 ここから本文です
37	30	うるま市	マイナンバーカード（個人番号カード）の受取方法	https://www.city.uruma.lg.jp/1006005000/contents/p000046.html	マイナンバーカード（個人番号カード）の受取方法 | うるま市公式ホームページ 本文へスキップします。 うるま市 緊急情報 緊急情報 防災一口メモ 緊急情報一覧 緊急情報RSS Foreign Language 語句で検索 IDで検索 語句で検索 IDで検索 新着情報 ホーム 便利メニュー 閉じる 手続きナビ 検索メニュー 閉じる 防災・安全 暮らし・手続き 子育て・教育 健康・医療・福祉 観光・文化・スポーツ まちづくり・環境 産業・しごと 市政情報 トップ > 暮らし・手続き > 届出・証明 > マイナンバー（社会保障・税番号） > マイナンバーカード > マイナンバーカード（個人番号カード）の受取方法 ポスト LINEで送る ページID：1969 更新日：2026年2月2日 ここから本文です。 目次 マイナ
30	22	うるま市	ひとり親家庭支援	https://www.city.uruma.lg.jp/kosodatekyouiku/kosodate/hitorioya/index.html	ひとり親家庭支援 | うるま市公式ホームページ 本文へスキップします。 うるま市 緊急情報 緊急情報 防災一口メモ 緊急情報一覧 緊急情報RSS Foreign Language 語句で検索 IDで検索 語句で検索 IDで検索 新着情報 ホーム 便利メニュー 閉じる 手続きナビ 検索メニュー 閉じる 防災・安全 暮らし・手続き 子育て・教育 健康・医療・福祉 観光・文化・スポーツ まちづくり・環境 産業・しごと 市政情報 トップ > 子育て・教育 > 子育て > ひとり親家庭支援 ページID：126 ここから本文です。 ひとり親家庭支援 離婚後の子の養育に関する民法等の改正について ひとり親家庭の皆さんへご案内 児童扶養手当 母子家庭等自立支援事業 ひとり親家庭生活支援事業 母子父子寡婦福祉資金貸付制度について
27	20	うるま市	個人住民税の公的年金からの特別徴収	https://www.city.uruma.lg.jp/1003002000/contents/s0001-2-2-3.html	個人住民税の特別徴収（公的年金） | うるま市公式ホームページ 本文へスキップします。 うるま市 緊急情報 緊急情報 防災一口メモ 緊急情報一覧 緊急情報RSS Foreign Language 語句で検索 IDで検索 語句で検索 IDで検索 新着情報 ホーム 便利メニュー 閉じる 手続きナビ 検索メニュー 閉じる 防災・安全 暮らし・手続き 子育て・教育 健康・医療・福祉 観光・文化・スポーツ まちづくり・環境 産業・しごと 市政情報 トップ > 暮らし・手続き > 税金 > 個人住民税の課税・手続き > 個人住民税の課税について > 徴収方法について > 個人住民税の特別徴収（公的年金） ポスト LINEで送る ページID：6093 更新日：2025年12月19日 ここから本文です。 個人住民税の公的年金か
26	19	うるま市	産業・しごと	https://www.city.uruma.lg.jp/sangyoushigoto/index.html	産業・しごと | うるま市公式ホームページ 本文へスキップします。 うるま市 緊急情報 緊急情報 防災一口メモ 緊急情報一覧 緊急情報RSS Foreign Language 語句で検索 IDで検索 語句で検索 IDで検索 新着情報 ホーム 便利メニュー 閉じる 手続きナビ 検索メニュー 閉じる 防災・安全 暮らし・手続き 子育て・教育 健康・医療・福祉 観光・文化・スポーツ まちづくり・環境 産業・しごと 市政情報 トップ > 産業・しごと ページID：14 ここから本文です。 産業・しごと 新着情報 2026年7月17日 社会人経験者推薦入試のご案内 2026年7月17日 事業主推薦制度のご案内 2026年7月17日 県外輸送費補助事業が始まりました！ 2026年7月16日 令和8年度高規格救急自動車購入事
23	16	うるま市	年金に関するお知らせ	https://www.city.uruma.lg.jp/1006005000/contents/p000056.html	年金に関するお知らせ | うるま市公式ホームページ 本文へスキップします。 うるま市 緊急情報 緊急情報 防災一口メモ 緊急情報一覧 緊急情報RSS Foreign Language 語句で検索 IDで検索 語句で検索 IDで検索 新着情報 ホーム 便利メニュー 閉じる 手続きナビ 検索メニュー 閉じる 防災・安全 暮らし・手続き 子育て・教育 健康・医療・福祉 観光・文化・スポーツ まちづくり・環境 産業・しごと 市政情報 トップ > 暮らし・手続き > 保険・年金 > 年金 > 年金に関するお知らせ ポスト LINEで送る ページID：6098 更新日：2023年7月28日 ここから本文です。 目次 年金に関するお知らせ 【注意喚起】メール等による国民年金保険料未払い請求・督促詐欺に注意！ 令和5年3月22
23	16	うるま市	国民年金相談のご案内	https://www.city.uruma.lg.jp/1006005000/contents/470.html	国民年金相談のご案内 | うるま市公式ホームページ 本文へスキップします。 うるま市 緊急情報 緊急情報 防災一口メモ 緊急情報一覧 緊急情報RSS Foreign Language 語句で検索 IDで検索 語句で検索 IDで検索 新着情報 ホーム 便利メニュー 閉じる 手続きナビ 検索メニュー 閉じる 防災・安全 暮らし・手続き 子育て・教育 健康・医療・福祉 観光・文化・スポーツ まちづくり・環境 産業・しごと 市政情報 トップ > 暮らし・手続き > 保険・年金 > 年金 > 国民年金相談のご案内 ポスト LINEで送る ページID：1903 更新日：2023年4月5日 ここから本文です。 目次 国民年金相談のご案内 市役所窓口で国民年金相談をするとき 【本人が来所する場合】 基礎年金番号通知書（年金手帳
15	22	うるま市	事業者一覧	https://www.city.uruma.lg.jp/jigyosha/index.html	事業者一覧 | うるま市公式ホームページ 本文へスキップします。 うるま市 緊急情報 緊急情報 防災一口メモ 緊急情報一覧 緊急情報RSS Foreign Language 語句で検索 IDで検索 語句で検索 IDで検索 新着情報 ホーム 便利メニュー 閉じる 手続きナビ 検索メニュー 閉じる 防災・安全 暮らし・手続き 子育て・教育 健康・医療・福祉 観光・文化・スポーツ まちづくり・環境 産業・しごと 市政情報 トップ > 事業者一覧 ポスト LINEで送る ページID：3081 ここから本文です。 事業者一覧 2026年7月17日 社会人経験者推薦入試のご案内 2026年7月17日 事業主推薦制度のご案内 2026年7月16日 令和8年度高規格救急自動車購入事業（車両及び車両装備）に係る制限付き一般競争入
56	30	沖縄市	水道料金の減免について	https://www.city.okinawa.okinawa.jp/k055/kurashi/jougesuidou/jousuidou/ryoukin/41250.html	水道料金の減免について | 沖縄市役所 本文へスキップします。 沖縄市 OKINAWA CITY 国際文化観光都市 緊急情報 Foreign Language サイト内検索 メニュー サイト内検索 検索方法 アクセスの多いページ 閉じる 緊急情報 緊急情報一覧 緊急情報RSS 文字サイズ・色合い変更 音声読み上げ やさしい日本語 分類から検索 安心・安全 暮らし・手続き 子育て･教育 健康・医療・福祉 スポーツ・文化 地域・環境 産業・事業者 市政情報 手続きから検索 開く 転入 （市外からの引越し） 転居 （市内での引越し） 転出 （市外への引越し） 婚姻 妊娠・子育て 出生 離婚 就職・退職 マイナンバー おくやみ 目的から検索 開く イベント情報 施設案内 よくある質問 相談窓口 申請書 ダウンロード 組
53	30	沖縄市	障害者手帳をお持ちの方のNHK受信料減免制度について	https://www.city.okinawa.okinawa.jp/k019/faq/2806/2899.html	障害者手帳をお持ちの方のNHK受信料減免制度について | 沖縄市役所 本文へスキップします。 沖縄市 OKINAWA CITY 国際文化観光都市 緊急情報 Foreign Language サイト内検索 メニュー サイト内検索 検索方法 アクセスの多いページ 閉じる 緊急情報 緊急情報一覧 緊急情報RSS 文字サイズ・色合い変更 音声読み上げ やさしい日本語 分類から検索 安心・安全 暮らし・手続き 子育て･教育 健康・医療・福祉 スポーツ・文化 地域・環境 産業・事業者 市政情報 手続きから検索 開く 転入 （市外からの引越し） 転居 （市内での引越し） 転出 （市外への引越し） 婚姻 妊娠・子育て 出生 離婚 就職・退職 マイナンバー おくやみ 目的から検索 開く イベント情報 施設案内 よくある質問 相談
51	30	沖縄市	心身障害者扶養共済年金の給付申請について	https://www.city.okinawa.okinawa.jp/k019/faq/2806/2905.html	心身障害者扶養共済年金の給付申請について | 沖縄市役所 本文へスキップします。 沖縄市 OKINAWA CITY 国際文化観光都市 緊急情報 Foreign Language サイト内検索 メニュー サイト内検索 検索方法 アクセスの多いページ 閉じる 緊急情報 緊急情報一覧 緊急情報RSS 文字サイズ・色合い変更 音声読み上げ やさしい日本語 分類から検索 安心・安全 暮らし・手続き 子育て･教育 健康・医療・福祉 スポーツ・文化 地域・環境 産業・事業者 市政情報 手続きから検索 開く 転入 （市外からの引越し） 転居 （市内での引越し） 転出 （市外への引越し） 婚姻 妊娠・子育て 出生 離婚 就職・退職 マイナンバー おくやみ 目的から検索 開く イベント情報 施設案内 よくある質問 相談窓口 申請書
51	30	沖縄市	障がいのある人のための日常生活用具や補装具の給付について（一部用具について、電子申請受付開始！）	https://www.city.okinawa.okinawa.jp/k019/faq/2806/2916.html	障がいのある人のための日常生活用具や補装具などの給付について | 沖縄市役所 本文へスキップします。 沖縄市 OKINAWA CITY 国際文化観光都市 緊急情報 Foreign Language サイト内検索 メニュー サイト内検索 検索方法 アクセスの多いページ 閉じる 緊急情報 緊急情報一覧 緊急情報RSS 文字サイズ・色合い変更 音声読み上げ やさしい日本語 分類から検索 安心・安全 暮らし・手続き 子育て･教育 健康・医療・福祉 スポーツ・文化 地域・環境 産業・事業者 市政情報 手続きから検索 開く 転入 （市外からの引越し） 転居 （市内での引越し） 転出 （市外への引越し） 婚姻 妊娠・子育て 出生 離婚 就職・退職 マイナンバー おくやみ 目的から検索 開く イベント情報 施設案内 よくある質
51	30	沖縄市	障がい者交通費助成制度について	https://www.city.okinawa.okinawa.jp/k019/faq/2806/2929.html	障がい者交通費助成制度について | 沖縄市役所 本文へスキップします。 沖縄市 OKINAWA CITY 国際文化観光都市 緊急情報 Foreign Language サイト内検索 メニュー サイト内検索 検索方法 アクセスの多いページ 閉じる 緊急情報 緊急情報一覧 緊急情報RSS 文字サイズ・色合い変更 音声読み上げ やさしい日本語 分類から検索 安心・安全 暮らし・手続き 子育て･教育 健康・医療・福祉 スポーツ・文化 地域・環境 産業・事業者 市政情報 手続きから検索 開く 転入 （市外からの引越し） 転居 （市内での引越し） 転出 （市外への引越し） 婚姻 妊娠・子育て 出生 離婚 就職・退職 マイナンバー おくやみ 目的から検索 開く イベント情報 施設案内 よくある質問 相談窓口 申請書 ダウンロ
49	28	沖縄市	国保:出産費資金の貸付について知りたい	https://www.city.okinawa.okinawa.jp/k024/faq/2646/2724.html	国保:出産費資金の貸付について知りたい | 沖縄市役所 本文へスキップします。 沖縄市 OKINAWA CITY 国際文化観光都市 緊急情報 Foreign Language サイト内検索 メニュー サイト内検索 検索方法 アクセスの多いページ 閉じる 緊急情報 緊急情報一覧 緊急情報RSS 文字サイズ・色合い変更 音声読み上げ やさしい日本語 分類から検索 安心・安全 暮らし・手続き 子育て･教育 健康・医療・福祉 スポーツ・文化 地域・環境 産業・事業者 市政情報 手続きから検索 開く 転入 （市外からの引越し） 転居 （市内での引越し） 転出 （市外への引越し） 婚姻 妊娠・子育て 出生 離婚 就職・退職 マイナンバー おくやみ 目的から検索 開く イベント情報 施設案内 よくある質問 相談窓口 申請書
49	26	沖縄市	国保:医療費を全額支払ったときの払い戻し給付について知りたい	https://www.city.okinawa.okinawa.jp/k024/faq/2646/2722.html	国保:医療費を全額支払ったときの払い戻し給付について知りたい | 沖縄市役所 本文へスキップします。 沖縄市 OKINAWA CITY 国際文化観光都市 緊急情報 Foreign Language サイト内検索 メニュー サイト内検索 検索方法 アクセスの多いページ 閉じる 緊急情報 緊急情報一覧 緊急情報RSS 文字サイズ・色合い変更 音声読み上げ やさしい日本語 分類から検索 安心・安全 暮らし・手続き 子育て･教育 健康・医療・福祉 スポーツ・文化 地域・環境 産業・事業者 市政情報 手続きから検索 開く 転入 （市外からの引越し） 転居 （市内での引越し） 転出 （市外への引越し） 婚姻 妊娠・子育て 出生 離婚 就職・退職 マイナンバー おくやみ 目的から検索 開く イベント情報 施設案内 よくある質
48	30	沖縄市	重度の障がいのある人のための医療費助成について知りたい	https://www.city.okinawa.okinawa.jp/k019/faq/2806/2934.html	重度の障がいのある人のための医療費助成について知りたい | 沖縄市役所 本文へスキップします。 沖縄市 OKINAWA CITY 国際文化観光都市 緊急情報 Foreign Language サイト内検索 メニュー サイト内検索 検索方法 アクセスの多いページ 閉じる 緊急情報 緊急情報一覧 緊急情報RSS 文字サイズ・色合い変更 音声読み上げ やさしい日本語 分類から検索 安心・安全 暮らし・手続き 子育て･教育 健康・医療・福祉 スポーツ・文化 地域・環境 産業・事業者 市政情報 手続きから検索 開く 転入 （市外からの引越し） 転居 （市内での引越し） 転出 （市外への引越し） 婚姻 妊娠・子育て 出生 離婚 就職・退職 マイナンバー おくやみ 目的から検索 開く イベント情報 施設案内 よくある質問 相
41	30	沖縄市	心身障害者扶養共済の各種変更手続きについて	https://www.city.okinawa.okinawa.jp/k019/faq/2806/2907.html	心身障害者扶養共済の各種変更手続きについて | 沖縄市役所 本文へスキップします。 沖縄市 OKINAWA CITY 国際文化観光都市 緊急情報 Foreign Language サイト内検索 メニュー サイト内検索 検索方法 アクセスの多いページ 閉じる 緊急情報 緊急情報一覧 緊急情報RSS 文字サイズ・色合い変更 音声読み上げ やさしい日本語 分類から検索 安心・安全 暮らし・手続き 子育て･教育 健康・医療・福祉 スポーツ・文化 地域・環境 産業・事業者 市政情報 手続きから検索 開く 転入 （市外からの引越し） 転居 （市内での引越し） 転出 （市外への引越し） 婚姻 妊娠・子育て 出生 離婚 就職・退職 マイナンバー おくやみ 目的から検索 開く イベント情報 施設案内 よくある質問 相談窓口 申請
41	30	沖縄市	沖縄アリーナ竣工	https://www.city.okinawa.okinawa.jp/k009/shiseijouhou/shisaku/sports/arena/3877039354.html	沖縄アリーナ竣工 | 沖縄市役所 本文へスキップします。 沖縄市 OKINAWA CITY 国際文化観光都市 緊急情報 Foreign Language サイト内検索 メニュー サイト内検索 検索方法 アクセスの多いページ 閉じる 緊急情報 緊急情報一覧 緊急情報RSS 文字サイズ・色合い変更 音声読み上げ やさしい日本語 分類から検索 安心・安全 暮らし・手続き 子育て･教育 健康・医療・福祉 スポーツ・文化 地域・環境 産業・事業者 市政情報 手続きから検索 開く 転入 （市外からの引越し） 転居 （市内での引越し） 転出 （市外への引越し） 婚姻 妊娠・子育て 出生 離婚 就職・退職 マイナンバー おくやみ 目的から検索 開く イベント情報 施設案内 よくある質問 相談窓口 申請書 ダウンロード 組織情報
41	18	沖縄市	国保:保険証による医療費の自己負担割合について知りたい	https://www.city.okinawa.okinawa.jp/k024/faq/2646/2713.html	国保:保険証による医療費の自己負担割合について知りたい | 沖縄市役所 本文へスキップします。 沖縄市 OKINAWA CITY 国際文化観光都市 緊急情報 Foreign Language サイト内検索 メニュー サイト内検索 検索方法 アクセスの多いページ 閉じる 緊急情報 緊急情報一覧 緊急情報RSS 文字サイズ・色合い変更 音声読み上げ やさしい日本語 分類から検索 安心・安全 暮らし・手続き 子育て･教育 健康・医療・福祉 スポーツ・文化 地域・環境 産業・事業者 市政情報 手続きから検索 開く 転入 （市外からの引越し） 転居 （市内での引越し） 転出 （市外への引越し） 婚姻 妊娠・子育て 出生 離婚 就職・退職 マイナンバー おくやみ 目的から検索 開く イベント情報 施設案内 よくある質問 相
39	28	沖縄市	観光スポーツ振興課	https://www.city.okinawa.okinawa.jp/k030/shiseijouhou/gaiyou/soshikiannai/organize/988/991.html	観光スポーツ振興課 | 沖縄市役所 本文へスキップします。 沖縄市 OKINAWA CITY 国際文化観光都市 緊急情報 Foreign Language サイト内検索 メニュー サイト内検索 検索方法 アクセスの多いページ 閉じる 緊急情報 緊急情報一覧 緊急情報RSS 文字サイズ・色合い変更 音声読み上げ やさしい日本語 分類から検索 安心・安全 暮らし・手続き 子育て･教育 健康・医療・福祉 スポーツ・文化 地域・環境 産業・事業者 市政情報 手続きから検索 開く 転入 （市外からの引越し） 転居 （市内での引越し） 転出 （市外への引越し） 婚姻 妊娠・子育て 出生 離婚 就職・退職 マイナンバー おくやみ 目的から検索 開く イベント情報 施設案内 よくある質問 相談窓口 申請書 ダウンロード 組織情
39	28	沖縄市	防災危機管理室	https://www.city.okinawa.okinawa.jp/k002-001/shiseijouhou/gaiyou/soshikiannai/organize/770/958.html	防災課 | 沖縄市役所 本文へスキップします。 沖縄市 OKINAWA CITY 国際文化観光都市 緊急情報 Foreign Language サイト内検索 メニュー サイト内検索 検索方法 アクセスの多いページ 閉じる 緊急情報 緊急情報一覧 緊急情報RSS 文字サイズ・色合い変更 音声読み上げ やさしい日本語 分類から検索 安心・安全 暮らし・手続き 子育て･教育 健康・医療・福祉 スポーツ・文化 地域・環境 産業・事業者 市政情報 手続きから検索 開く 転入 （市外からの引越し） 転居 （市内での引越し） 転出 （市外への引越し） 婚姻 妊娠・子育て 出生 離婚 就職・退職 マイナンバー おくやみ 目的から検索 開く イベント情報 施設案内 よくある質問 相談窓口 申請書 ダウンロード 組織情報 閉じる
39	28	沖縄市	心身障害者扶養共済の加入申込みについて	https://www.city.okinawa.okinawa.jp/k019/faq/2806/2918.html	心身障害者扶養共済の加入申込みについて | 沖縄市役所 本文へスキップします。 沖縄市 OKINAWA CITY 国際文化観光都市 緊急情報 Foreign Language サイト内検索 メニュー サイト内検索 検索方法 アクセスの多いページ 閉じる 緊急情報 緊急情報一覧 緊急情報RSS 文字サイズ・色合い変更 音声読み上げ やさしい日本語 分類から検索 安心・安全 暮らし・手続き 子育て･教育 健康・医療・福祉 スポーツ・文化 地域・環境 産業・事業者 市政情報 手続きから検索 開く 転入 （市外からの引越し） 転居 （市内での引越し） 転出 （市外への引越し） 婚姻 妊娠・子育て 出生 離婚 就職・退職 マイナンバー おくやみ 目的から検索 開く イベント情報 施設案内 よくある質問 相談窓口 申請書
39	18	沖縄市	国民健康保険の医療費通知について知りたい	https://www.city.okinawa.okinawa.jp/k024/faq/2646/2706.html	国民健康保険の医療費通知について知りたい | 沖縄市役所 本文へスキップします。 沖縄市 OKINAWA CITY 国際文化観光都市 緊急情報 Foreign Language サイト内検索 メニュー サイト内検索 検索方法 アクセスの多いページ 閉じる 緊急情報 緊急情報一覧 緊急情報RSS 文字サイズ・色合い変更 音声読み上げ やさしい日本語 分類から検索 安心・安全 暮らし・手続き 子育て･教育 健康・医療・福祉 スポーツ・文化 地域・環境 産業・事業者 市政情報 手続きから検索 開く 転入 （市外からの引越し） 転居 （市内での引越し） 転出 （市外への引越し） 婚姻 妊娠・子育て 出生 離婚 就職・退職 マイナンバー おくやみ 目的から検索 開く イベント情報 施設案内 よくある質問 相談窓口 申請書
37	26	沖縄市	心身障害者扶養共済制度 掛金の減額について	https://www.city.okinawa.okinawa.jp/k019/faq/2806/2901.html	心身障害者扶養共済制度 掛金の減額について | 沖縄市役所 本文へスキップします。 沖縄市 OKINAWA CITY 国際文化観光都市 緊急情報 Foreign Language サイト内検索 メニュー サイト内検索 検索方法 アクセスの多いページ 閉じる 緊急情報 緊急情報一覧 緊急情報RSS 文字サイズ・色合い変更 音声読み上げ やさしい日本語 分類から検索 安心・安全 暮らし・手続き 子育て･教育 健康・医療・福祉 スポーツ・文化 地域・環境 産業・事業者 市政情報 手続きから検索 開く 転入 （市外からの引越し） 転居 （市内での引越し） 転出 （市外への引越し） 婚姻 妊娠・子育て 出生 離婚 就職・退職 マイナンバー おくやみ 目的から検索 開く イベント情報 施設案内 よくある質問 相談窓口 申請
37	26	沖縄市	身体障害者手帳の交付について知りたい	https://www.city.okinawa.okinawa.jp/k019/faq/2806/2928.html	身体障害者手帳の交付について知りたい | 沖縄市役所 本文へスキップします。 沖縄市 OKINAWA CITY 国際文化観光都市 緊急情報 Foreign Language サイト内検索 メニュー サイト内検索 検索方法 アクセスの多いページ 閉じる 緊急情報 緊急情報一覧 緊急情報RSS 文字サイズ・色合い変更 音声読み上げ やさしい日本語 分類から検索 安心・安全 暮らし・手続き 子育て･教育 健康・医療・福祉 スポーツ・文化 地域・環境 産業・事業者 市政情報 手続きから検索 開く 転入 （市外からの引越し） 転居 （市内での引越し） 転出 （市外への引越し） 婚姻 妊娠・子育て 出生 離婚 就職・退職 マイナンバー おくやみ 目的から検索 開く イベント情報 施設案内 よくある質問 相談窓口 申請書 ダ
36	28	沖縄市	心身障害者扶養共済に係る加入者・障がいのある方の死亡について	https://www.city.okinawa.okinawa.jp/k019/faq/2806/2902.html	心身障害者扶養共済に係る加入者・障がいのある方の死亡について | 沖縄市役所 本文へスキップします。 沖縄市 OKINAWA CITY 国際文化観光都市 緊急情報 Foreign Language サイト内検索 メニュー サイト内検索 検索方法 アクセスの多いページ 閉じる 緊急情報 緊急情報一覧 緊急情報RSS 文字サイズ・色合い変更 音声読み上げ やさしい日本語 分類から検索 安心・安全 暮らし・手続き 子育て･教育 健康・医療・福祉 スポーツ・文化 地域・環境 産業・事業者 市政情報 手続きから検索 開く 転入 （市外からの引越し） 転居 （市内での引越し） 転出 （市外への引越し） 婚姻 妊娠・子育て 出生 離婚 就職・退職 マイナンバー おくやみ 目的から検索 開く イベント情報 施設案内 よくある質
36	28	沖縄市	聴覚や言語に障がいのある人のための制度について知りたい	https://www.city.okinawa.okinawa.jp/k019/faq/2806/2904.html	聴覚や言語に障がいのある人のための制度について知りたい | 沖縄市役所 本文へスキップします。 沖縄市 OKINAWA CITY 国際文化観光都市 緊急情報 Foreign Language サイト内検索 メニュー サイト内検索 検索方法 アクセスの多いページ 閉じる 緊急情報 緊急情報一覧 緊急情報RSS 文字サイズ・色合い変更 音声読み上げ やさしい日本語 分類から検索 安心・安全 暮らし・手続き 子育て･教育 健康・医療・福祉 スポーツ・文化 地域・環境 産業・事業者 市政情報 手続きから検索 開く 転入 （市外からの引越し） 転居 （市内での引越し） 転出 （市外への引越し） 婚姻 妊娠・子育て 出生 離婚 就職・退職 マイナンバー おくやみ 目的から検索 開く イベント情報 施設案内 よくある質問 相
36	28	沖縄市	障がい者福祉サービス利用の手続きの流れについて知りたい	https://www.city.okinawa.okinawa.jp/k019/faq/2806/2931.html	障がい者福祉サービス利用の手続きの流れについて知りたい | 沖縄市役所 本文へスキップします。 沖縄市 OKINAWA CITY 国際文化観光都市 緊急情報 Foreign Language サイト内検索 メニュー サイト内検索 検索方法 アクセスの多いページ 閉じる 緊急情報 緊急情報一覧 緊急情報RSS 文字サイズ・色合い変更 音声読み上げ やさしい日本語 分類から検索 安心・安全 暮らし・手続き 子育て･教育 健康・医療・福祉 スポーツ・文化 地域・環境 産業・事業者 市政情報 手続きから検索 開く 転入 （市外からの引越し） 転居 （市内での引越し） 転出 （市外への引越し） 婚姻 妊娠・子育て 出生 離婚 就職・退職 マイナンバー おくやみ 目的から検索 開く イベント情報 施設案内 よくある質問 相
36	28	沖縄市	障がいのある人のための職業訓練・就労支援について知りたい	https://www.city.okinawa.okinawa.jp/k019/faq/2806/2894.html	障がいのある人のための職業訓練・就労支援について知りたい | 沖縄市役所 本文へスキップします。 沖縄市 OKINAWA CITY 国際文化観光都市 緊急情報 Foreign Language サイト内検索 メニュー サイト内検索 検索方法 アクセスの多いページ 閉じる 緊急情報 緊急情報一覧 緊急情報RSS 文字サイズ・色合い変更 音声読み上げ やさしい日本語 分類から検索 安心・安全 暮らし・手続き 子育て･教育 健康・医療・福祉 スポーツ・文化 地域・環境 産業・事業者 市政情報 手続きから検索 開く 転入 （市外からの引越し） 転居 （市内での引越し） 転出 （市外への引越し） 婚姻 妊娠・子育て 出生 離婚 就職・退職 マイナンバー おくやみ 目的から検索 開く イベント情報 施設案内 よくある質問
36	25	沖縄市	こども家庭課	https://www.city.okinawa.okinawa.jp/k028/shiseijouhou/gaiyou/soshikiannai/organize/983/986.html	こども家庭課 | 沖縄市役所 本文へスキップします。 沖縄市 OKINAWA CITY 国際文化観光都市 緊急情報 Foreign Language サイト内検索 メニュー サイト内検索 検索方法 アクセスの多いページ 閉じる 緊急情報 緊急情報一覧 緊急情報RSS 文字サイズ・色合い変更 音声読み上げ やさしい日本語 分類から検索 安心・安全 暮らし・手続き 子育て･教育 健康・医療・福祉 スポーツ・文化 地域・環境 産業・事業者 市政情報 手続きから検索 開く 転入 （市外からの引越し） 転居 （市内での引越し） 転出 （市外への引越し） 婚姻 妊娠・子育て 出生 離婚 就職・退職 マイナンバー おくやみ 目的から検索 開く イベント情報 施設案内 よくある質問 相談窓口 申請書 ダウンロード 組織情報 閉
36	25	沖縄市	障がい福祉課	https://www.city.okinawa.okinawa.jp/k019/shiseijouhou/gaiyou/soshikiannai/organize/976/978.html	障がい福祉課 | 沖縄市役所 本文へスキップします。 沖縄市 OKINAWA CITY 国際文化観光都市 緊急情報 Foreign Language サイト内検索 メニュー サイト内検索 検索方法 アクセスの多いページ 閉じる 緊急情報 緊急情報一覧 緊急情報RSS 文字サイズ・色合い変更 音声読み上げ やさしい日本語 分類から検索 安心・安全 暮らし・手続き 子育て･教育 健康・医療・福祉 スポーツ・文化 地域・環境 産業・事業者 市政情報 手続きから検索 開く 転入 （市外からの引越し） 転居 （市内での引越し） 転出 （市外への引越し） 婚姻 妊娠・子育て 出生 離婚 就職・退職 マイナンバー おくやみ 目的から検索 開く イベント情報 施設案内 よくある質問 相談窓口 申請書 ダウンロード 組織情報 閉
34	26	沖縄市	心身に障がいのある方の高速道路割引制度について	https://www.city.okinawa.okinawa.jp/k019/faq/2806/2908.html	心身に障がいのある方の高速道路割引制度について | 沖縄市役所 本文へスキップします。 沖縄市 OKINAWA CITY 国際文化観光都市 緊急情報 Foreign Language サイト内検索 メニュー サイト内検索 検索方法 アクセスの多いページ 閉じる 緊急情報 緊急情報一覧 緊急情報RSS 文字サイズ・色合い変更 音声読み上げ やさしい日本語 分類から検索 安心・安全 暮らし・手続き 子育て･教育 健康・医療・福祉 スポーツ・文化 地域・環境 産業・事業者 市政情報 手続きから検索 開く 転入 （市外からの引越し） 転居 （市内での引越し） 転出 （市外への引越し） 婚姻 妊娠・子育て 出生 離婚 就職・退職 マイナンバー おくやみ 目的から検索 開く イベント情報 施設案内 よくある質問 相談窓口
34	26	沖縄市	精神障がいのある方の障害者手帳及び自立支援医療受給者証について	https://www.city.okinawa.okinawa.jp/k019/faq/2806/2807.html	精神障がいのある方の障害者手帳及び自立支援医療受給者証について | 沖縄市役所 本文へスキップします。 沖縄市 OKINAWA CITY 国際文化観光都市 緊急情報 Foreign Language サイト内検索 メニュー サイト内検索 検索方法 アクセスの多いページ 閉じる 緊急情報 緊急情報一覧 緊急情報RSS 文字サイズ・色合い変更 音声読み上げ やさしい日本語 分類から検索 安心・安全 暮らし・手続き 子育て･教育 健康・医療・福祉 スポーツ・文化 地域・環境 産業・事業者 市政情報 手続きから検索 開く 転入 （市外からの引越し） 転居 （市内での引越し） 転出 （市外への引越し） 婚姻 妊娠・子育て 出生 離婚 就職・退職 マイナンバー おくやみ 目的から検索 開く イベント情報 施設案内 よくある
34	23	沖縄市	こども相談・健康課	https://www.city.okinawa.okinawa.jp/k029/shiseijouhou/gaiyou/soshikiannai/organize/983/987.html	こども相談・健康課 | 沖縄市役所 本文へスキップします。 沖縄市 OKINAWA CITY 国際文化観光都市 緊急情報 Foreign Language サイト内検索 メニュー サイト内検索 検索方法 アクセスの多いページ 閉じる 緊急情報 緊急情報一覧 緊急情報RSS 文字サイズ・色合い変更 音声読み上げ やさしい日本語 分類から検索 安心・安全 暮らし・手続き 子育て･教育 健康・医療・福祉 スポーツ・文化 地域・環境 産業・事業者 市政情報 手続きから検索 開く 転入 （市外からの引越し） 転居 （市内での引越し） 転出 （市外への引越し） 婚姻 妊娠・子育て 出生 離婚 就職・退職 マイナンバー おくやみ 目的から検索 開く イベント情報 施設案内 よくある質問 相談窓口 申請書 ダウンロード 組織情
34	23	沖縄市	政策企画課	https://www.city.okinawa.okinawa.jp/k010/shiseijouhou/gaiyou/soshikiannai/organize/965/967.html	政策企画課 | 沖縄市役所 本文へスキップします。 沖縄市 OKINAWA CITY 国際文化観光都市 緊急情報 Foreign Language サイト内検索 メニュー サイト内検索 検索方法 アクセスの多いページ 閉じる 緊急情報 緊急情報一覧 緊急情報RSS 文字サイズ・色合い変更 音声読み上げ やさしい日本語 分類から検索 安心・安全 暮らし・手続き 子育て･教育 健康・医療・福祉 スポーツ・文化 地域・環境 産業・事業者 市政情報 手続きから検索 開く 転入 （市外からの引越し） 転居 （市内での引越し） 転出 （市外への引越し） 婚姻 妊娠・子育て 出生 離婚 就職・退職 マイナンバー おくやみ 目的から検索 開く イベント情報 施設案内 よくある質問 相談窓口 申請書 ダウンロード 組織情報 閉じ
34	18	沖縄市	国保:限度額適用認定証について	https://www.city.okinawa.okinawa.jp/k024/faq/2646/2711.html	国保:限度額適用認定証について | 沖縄市役所 本文へスキップします。 沖縄市 OKINAWA CITY 国際文化観光都市 緊急情報 Foreign Language サイト内検索 メニュー サイト内検索 検索方法 アクセスの多いページ 閉じる 緊急情報 緊急情報一覧 緊急情報RSS 文字サイズ・色合い変更 音声読み上げ やさしい日本語 分類から検索 安心・安全 暮らし・手続き 子育て･教育 健康・医療・福祉 スポーツ・文化 地域・環境 産業・事業者 市政情報 手続きから検索 開く 転入 （市外からの引越し） 転居 （市内での引越し） 転出 （市外への引越し） 婚姻 妊娠・子育て 出生 離婚 就職・退職 マイナンバー おくやみ 目的から検索 開く イベント情報 施設案内 よくある質問 相談窓口 申請書 ダウンロ
33	22	沖縄市	料金課	https://www.city.okinawa.okinawa.jp/k055/shiseijouhou/gaiyou/soshikiannai/organize/26274/34196.html	料金課 | 沖縄市役所 本文へスキップします。 沖縄市 OKINAWA CITY 国際文化観光都市 緊急情報 Foreign Language サイト内検索 メニュー サイト内検索 検索方法 アクセスの多いページ 閉じる 緊急情報 緊急情報一覧 緊急情報RSS 文字サイズ・色合い変更 音声読み上げ やさしい日本語 分類から検索 安心・安全 暮らし・手続き 子育て･教育 健康・医療・福祉 スポーツ・文化 地域・環境 産業・事業者 市政情報 手続きから検索 開く 転入 （市外からの引越し） 転居 （市内での引越し） 転出 （市外への引越し） 婚姻 妊娠・子育て 出生 離婚 就職・退職 マイナンバー おくやみ 目的から検索 開く イベント情報 施設案内 よくある質問 相談窓口 申請書 ダウンロード 組織情報 閉じる
32	24	沖縄市	駐車禁止除外区域指定車の標章(ステッカー)が欲しい	https://www.city.okinawa.okinawa.jp/k019/faq/2806/2900.html	駐車禁止除外区域指定車の標章(ステッカー)が欲しい | 沖縄市役所 本文へスキップします。 沖縄市 OKINAWA CITY 国際文化観光都市 緊急情報 Foreign Language サイト内検索 メニュー サイト内検索 検索方法 アクセスの多いページ 閉じる 緊急情報 緊急情報一覧 緊急情報RSS 文字サイズ・色合い変更 音声読み上げ やさしい日本語 分類から検索 安心・安全 暮らし・手続き 子育て･教育 健康・医療・福祉 スポーツ・文化 地域・環境 産業・事業者 市政情報 手続きから検索 開く 転入 （市外からの引越し） 転居 （市内での引越し） 転出 （市外への引越し） 婚姻 妊娠・子育て 出生 離婚 就職・退職 マイナンバー おくやみ 目的から検索 開く イベント情報 施設案内 よくある質問 相談窓
32	24	沖縄市	障がいのある人のための訪問サービスについて知りたい	https://www.city.okinawa.okinawa.jp/k019/faq/2806/2914.html	障がいのある人のための訪問サービスについて知りたい | 沖縄市役所 本文へスキップします。 沖縄市 OKINAWA CITY 国際文化観光都市 緊急情報 Foreign Language サイト内検索 メニュー サイト内検索 検索方法 アクセスの多いページ 閉じる 緊急情報 緊急情報一覧 緊急情報RSS 文字サイズ・色合い変更 音声読み上げ やさしい日本語 分類から検索 安心・安全 暮らし・手続き 子育て･教育 健康・医療・福祉 スポーツ・文化 地域・環境 産業・事業者 市政情報 手続きから検索 開く 転入 （市外からの引越し） 転居 （市内での引越し） 転出 （市外への引越し） 婚姻 妊娠・子育て 出生 離婚 就職・退職 マイナンバー おくやみ 目的から検索 開く イベント情報 施設案内 よくある質問 相談窓
32	21	沖縄市	保育・幼稚園課	https://www.city.okinawa.okinawa.jp/k027/shiseijouhou/gaiyou/soshikiannai/organize/983/985.html	保育・幼稚園課 | 沖縄市役所 本文へスキップします。 沖縄市 OKINAWA CITY 国際文化観光都市 緊急情報 Foreign Language サイト内検索 メニュー サイト内検索 検索方法 アクセスの多いページ 閉じる 緊急情報 緊急情報一覧 緊急情報RSS 文字サイズ・色合い変更 音声読み上げ やさしい日本語 分類から検索 安心・安全 暮らし・手続き 子育て･教育 健康・医療・福祉 スポーツ・文化 地域・環境 産業・事業者 市政情報 手続きから検索 開く 転入 （市外からの引越し） 転居 （市内での引越し） 転出 （市外への引越し） 婚姻 妊娠・子育て 出生 離婚 就職・退職 マイナンバー おくやみ 目的から検索 開く イベント情報 施設案内 よくある質問 相談窓口 申請書 ダウンロード 組織情報
32	21	沖縄市	基地政策課	https://www.city.okinawa.okinawa.jp/k012-001/shiseijouhou/gaiyou/soshikiannai/organize/965/969.html	基地政策課 | 沖縄市役所 本文へスキップします。 沖縄市 OKINAWA CITY 国際文化観光都市 緊急情報 Foreign Language サイト内検索 メニュー サイト内検索 検索方法 アクセスの多いページ 閉じる 緊急情報 緊急情報一覧 緊急情報RSS 文字サイズ・色合い変更 音声読み上げ やさしい日本語 分類から検索 安心・安全 暮らし・手続き 子育て･教育 健康・医療・福祉 スポーツ・文化 地域・環境 産業・事業者 市政情報 手続きから検索 開く 転入 （市外からの引越し） 転居 （市内での引越し） 転出 （市外への引越し） 婚姻 妊娠・子育て 出生 離婚 就職・退職 マイナンバー おくやみ 目的から検索 開く イベント情報 施設案内 よくある質問 相談窓口 申請書 ダウンロード 組織情報 閉じ
31	20	沖縄市	市民課	https://www.city.okinawa.okinawa.jp/k016/shiseijouhou/gaiyou/soshikiannai/organize/971/974.html	市民課 | 沖縄市役所 本文へスキップします。 沖縄市 OKINAWA CITY 国際文化観光都市 緊急情報 Foreign Language サイト内検索 メニュー サイト内検索 検索方法 アクセスの多いページ 閉じる 緊急情報 緊急情報一覧 緊急情報RSS 文字サイズ・色合い変更 音声読み上げ やさしい日本語 分類から検索 安心・安全 暮らし・手続き 子育て･教育 健康・医療・福祉 スポーツ・文化 地域・環境 産業・事業者 市政情報 手続きから検索 開く 転入 （市外からの引越し） 転居 （市内での引越し） 転出 （市外への引越し） 婚姻 妊娠・子育て 出生 離婚 就職・退職 マイナンバー おくやみ 目的から検索 開く イベント情報 施設案内 よくある質問 相談窓口 申請書 ダウンロード 組織情報 閉じる
31	20	沖縄市	財政課	https://www.city.okinawa.okinawa.jp/k011/shiseijouhou/gaiyou/soshikiannai/organize/965/968.html	財政課 | 沖縄市役所 本文へスキップします。 沖縄市 OKINAWA CITY 国際文化観光都市 緊急情報 Foreign Language サイト内検索 メニュー サイト内検索 検索方法 アクセスの多いページ 閉じる 緊急情報 緊急情報一覧 緊急情報RSS 文字サイズ・色合い変更 音声読み上げ やさしい日本語 分類から検索 安心・安全 暮らし・手続き 子育て･教育 健康・医療・福祉 スポーツ・文化 地域・環境 産業・事業者 市政情報 手続きから検索 開く 転入 （市外からの引越し） 転居 （市内での引越し） 転出 （市外への引越し） 婚姻 妊娠・子育て 出生 離婚 就職・退職 マイナンバー おくやみ 目的から検索 開く イベント情報 施設案内 よくある質問 相談窓口 申請書 ダウンロード 組織情報 閉じる
30	23	沖縄市	市政へのお問い合わせメール	https://www.city.okinawa.okinawa.jp/k003/otoiawase.html	市政へのお問い合わせメール | 沖縄市役所 本文へスキップします。 沖縄市 OKINAWA CITY 国際文化観光都市 緊急情報 Foreign Language サイト内検索 メニュー サイト内検索 検索方法 アクセスの多いページ 閉じる 緊急情報 緊急情報一覧 緊急情報RSS 文字サイズ・色合い変更 音声読み上げ やさしい日本語 分類から検索 安心・安全 暮らし・手続き 子育て･教育 健康・医療・福祉 スポーツ・文化 地域・環境 産業・事業者 市政情報 手続きから検索 開く 転入 （市外からの引越し） 転居 （市内での引越し） 転出 （市外への引越し） 婚姻 妊娠・子育て 出生 離婚 就職・退職 マイナンバー おくやみ 目的から検索 開く イベント情報 施設案内 よくある質問 相談窓口 申請書 ダウンロード
30	19	沖縄市	道路課	https://www.city.okinawa.okinawa.jp/k039/shiseijouhou/gaiyou/soshikiannai/organize/994/998.html	道路課 | 沖縄市役所 本文へスキップします。 沖縄市 OKINAWA CITY 国際文化観光都市 緊急情報 Foreign Language サイト内検索 メニュー サイト内検索 検索方法 アクセスの多いページ 閉じる 緊急情報 緊急情報一覧 緊急情報RSS 文字サイズ・色合い変更 音声読み上げ やさしい日本語 分類から検索 安心・安全 暮らし・手続き 子育て･教育 健康・医療・福祉 スポーツ・文化 地域・環境 産業・事業者 市政情報 手続きから検索 開く 転入 （市外からの引越し） 転居 （市内での引越し） 転出 （市外への引越し） 婚姻 妊娠・子育て 出生 離婚 就職・退職 マイナンバー おくやみ 目的から検索 開く イベント情報 施設案内 よくある質問 相談窓口 申請書 ダウンロード 組織情報 閉じる
30	19	沖縄市	企業誘致課	https://www.city.okinawa.okinawa.jp/k032/shiseijouhou/gaiyou/soshikiannai/organize/988/993.html	企業誘致課 | 沖縄市役所 本文へスキップします。 沖縄市 OKINAWA CITY 国際文化観光都市 緊急情報 Foreign Language サイト内検索 メニュー サイト内検索 検索方法 アクセスの多いページ 閉じる 緊急情報 緊急情報一覧 緊急情報RSS 文字サイズ・色合い変更 音声読み上げ やさしい日本語 分類から検索 安心・安全 暮らし・手続き 子育て･教育 健康・医療・福祉 スポーツ・文化 地域・環境 産業・事業者 市政情報 手続きから検索 開く 転入 （市外からの引越し） 転居 （市内での引越し） 転出 （市外への引越し） 婚姻 妊娠・子育て 出生 離婚 就職・退職 マイナンバー おくやみ 目的から検索 開く イベント情報 施設案内 よくある質問 相談窓口 申請書 ダウンロード 組織情報 閉じ
30	19	沖縄市	農林水産課	https://www.city.okinawa.okinawa.jp/k033/shiseijouhou/gaiyou/soshikiannai/organize/988/992.html	農林水産課 | 沖縄市役所 本文へスキップします。 沖縄市 OKINAWA CITY 国際文化観光都市 緊急情報 Foreign Language サイト内検索 メニュー サイト内検索 検索方法 アクセスの多いページ 閉じる 緊急情報 緊急情報一覧 緊急情報RSS 文字サイズ・色合い変更 音声読み上げ やさしい日本語 分類から検索 安心・安全 暮らし・手続き 子育て･教育 健康・医療・福祉 スポーツ・文化 地域・環境 産業・事業者 市政情報 手続きから検索 開く 転入 （市外からの引越し） 転居 （市内での引越し） 転出 （市外への引越し） 婚姻 妊娠・子育て 出生 離婚 就職・退職 マイナンバー おくやみ 目的から検索 開く イベント情報 施設案内 よくある質問 相談窓口 申請書 ダウンロード 組織情報 閉じ
30	19	沖縄市	商工振興課	https://www.city.okinawa.okinawa.jp/k031/shiseijouhou/gaiyou/soshikiannai/organize/988/989.html	商工振興課 | 沖縄市役所 本文へスキップします。 沖縄市 OKINAWA CITY 国際文化観光都市 緊急情報 Foreign Language サイト内検索 メニュー サイト内検索 検索方法 アクセスの多いページ 閉じる 緊急情報 緊急情報一覧 緊急情報RSS 文字サイズ・色合い変更 音声読み上げ やさしい日本語 分類から検索 安心・安全 暮らし・手続き 子育て･教育 健康・医療・福祉 スポーツ・文化 地域・環境 産業・事業者 市政情報 手続きから検索 開く 転入 （市外からの引越し） 転居 （市内での引越し） 転出 （市外への引越し） 婚姻 妊娠・子育て 出生 離婚 就職・退職 マイナンバー おくやみ 目的から検索 開く イベント情報 施設案内 よくある質問 相談窓口 申請書 ダウンロード 組織情報 閉じ
30	19	沖縄市	農業委員会事務局	https://www.city.okinawa.okinawa.jp/k049/shiseijouhou/gaiyou/soshikiannai/organize/1026.html	農業委員会事務局 | 沖縄市役所 本文へスキップします。 沖縄市 OKINAWA CITY 国際文化観光都市 緊急情報 Foreign Language サイト内検索 メニュー サイト内検索 検索方法 アクセスの多いページ 閉じる 緊急情報 緊急情報一覧 緊急情報RSS 文字サイズ・色合い変更 音声読み上げ やさしい日本語 分類から検索 安心・安全 暮らし・手続き 子育て･教育 健康・医療・福祉 スポーツ・文化 地域・環境 産業・事業者 市政情報 手続きから検索 開く 転入 （市外からの引越し） 転居 （市内での引越し） 転出 （市外への引越し） 婚姻 妊娠・子育て 出生 離婚 就職・退職 マイナンバー おくやみ 目的から検索 開く イベント情報 施設案内 よくある質問 相談窓口 申請書 ダウンロード 組織情報
29	25	沖縄市	「第三期沖縄市子ども・子育て支援事業計画」に関する計画書の公表について	https://www.city.okinawa.okinawa.jp/k026/shiseijouhou/shisaku/kosodate/3554535555.html	「第三期沖縄市子ども・子育て支援事業計画」に関する計画書の公表について | 沖縄市役所 本文へスキップします。 沖縄市 OKINAWA CITY 国際文化観光都市 緊急情報 Foreign Language サイト内検索 メニュー サイト内検索 検索方法 アクセスの多いページ 閉じる 緊急情報 緊急情報一覧 緊急情報RSS 文字サイズ・色合い変更 音声読み上げ やさしい日本語 分類から検索 安心・安全 暮らし・手続き 子育て･教育 健康・医療・福祉 スポーツ・文化 地域・環境 産業・事業者 市政情報 手続きから検索 開く 転入 （市外からの引越し） 転居 （市内での引越し） 転出 （市外への引越し） 婚姻 妊娠・子育て 出生 離婚 就職・退職 マイナンバー おくやみ 目的から検索 開く イベント情報 施設案内
29	18	沖縄市	支払証明書について	https://www.city.okinawa.okinawa.jp/k055/kurashi/jougesuidou/jousuidou/ryoukin/41283.html	支払証明書について | 沖縄市役所 本文へスキップします。 沖縄市 OKINAWA CITY 国際文化観光都市 緊急情報 Foreign Language サイト内検索 メニュー サイト内検索 検索方法 アクセスの多いページ 閉じる 緊急情報 緊急情報一覧 緊急情報RSS 文字サイズ・色合い変更 音声読み上げ やさしい日本語 分類から検索 安心・安全 暮らし・手続き 子育て･教育 健康・医療・福祉 スポーツ・文化 地域・環境 産業・事業者 市政情報 手続きから検索 開く 転入 （市外からの引越し） 転居 （市内での引越し） 転出 （市外への引越し） 婚姻 妊娠・子育て 出生 離婚 就職・退職 マイナンバー おくやみ 目的から検索 開く イベント情報 施設案内 よくある質問 相談窓口 申請書 ダウンロード 組織情
29	18	沖縄市	国保:保険証の更新と返却について	https://www.city.okinawa.okinawa.jp/k024/faq/2646/2721.html	国保:保険証の更新と返却について | 沖縄市役所 本文へスキップします。 沖縄市 OKINAWA CITY 国際文化観光都市 緊急情報 Foreign Language サイト内検索 メニュー サイト内検索 検索方法 アクセスの多いページ 閉じる 緊急情報 緊急情報一覧 緊急情報RSS 文字サイズ・色合い変更 音声読み上げ やさしい日本語 分類から検索 安心・安全 暮らし・手続き 子育て･教育 健康・医療・福祉 スポーツ・文化 地域・環境 産業・事業者 市政情報 手続きから検索 開く 転入 （市外からの引越し） 転居 （市内での引越し） 転出 （市外への引越し） 婚姻 妊娠・子育て 出生 離婚 就職・退職 マイナンバー おくやみ 目的から検索 開く イベント情報 施設案内 よくある質問 相談窓口 申請書 ダウン
29	18	沖縄市	非課税所得にはどのようなものがありますか	https://www.city.okinawa.okinawa.jp/k006/faq/2644/3029.html	非課税所得にはどのようなものがありますか | 沖縄市役所 本文へスキップします。 沖縄市 OKINAWA CITY 国際文化観光都市 緊急情報 Foreign Language サイト内検索 メニュー サイト内検索 検索方法 アクセスの多いページ 閉じる 緊急情報 緊急情報一覧 緊急情報RSS 文字サイズ・色合い変更 音声読み上げ やさしい日本語 分類から検索 安心・安全 暮らし・手続き 子育て･教育 健康・医療・福祉 スポーツ・文化 地域・環境 産業・事業者 市政情報 手続きから検索 開く 転入 （市外からの引越し） 転居 （市内での引越し） 転出 （市外への引越し） 婚姻 妊娠・子育て 出生 離婚 就職・退職 マイナンバー おくやみ 目的から検索 開く イベント情報 施設案内 よくある質問 相談窓口 申請書
29	18	沖縄市	国保:既に納付したのに督促状がきたが?	https://www.city.okinawa.okinawa.jp/k024/faq/2646/2703.html	国保:既に納付したのに督促状がきたが? | 沖縄市役所 本文へスキップします。 沖縄市 OKINAWA CITY 国際文化観光都市 緊急情報 Foreign Language サイト内検索 メニュー サイト内検索 検索方法 アクセスの多いページ 閉じる 緊急情報 緊急情報一覧 緊急情報RSS 文字サイズ・色合い変更 音声読み上げ やさしい日本語 分類から検索 安心・安全 暮らし・手続き 子育て･教育 健康・医療・福祉 スポーツ・文化 地域・環境 産業・事業者 市政情報 手続きから検索 開く 転入 （市外からの引越し） 転居 （市内での引越し） 転出 （市外への引越し） 婚姻 妊娠・子育て 出生 離婚 就職・退職 マイナンバー おくやみ 目的から検索 開く イベント情報 施設案内 よくある質問 相談窓口 申請書
29	18	沖縄市	退職者医療制度について知りたい	https://www.city.okinawa.okinawa.jp/k024/faq/2646/2715.html	退職者医療制度について知りたい | 沖縄市役所 本文へスキップします。 沖縄市 OKINAWA CITY 国際文化観光都市 緊急情報 Foreign Language サイト内検索 メニュー サイト内検索 検索方法 アクセスの多いページ 閉じる 緊急情報 緊急情報一覧 緊急情報RSS 文字サイズ・色合い変更 音声読み上げ やさしい日本語 分類から検索 安心・安全 暮らし・手続き 子育て･教育 健康・医療・福祉 スポーツ・文化 地域・環境 産業・事業者 市政情報 手続きから検索 開く 転入 （市外からの引越し） 転居 （市内での引越し） 転出 （市外への引越し） 婚姻 妊娠・子育て 出生 離婚 就職・退職 マイナンバー おくやみ 目的から検索 開く イベント情報 施設案内 よくある質問 相談窓口 申請書 ダウンロ
29	18	沖縄市	国民健康保険の脱退手続きについて知りたい	https://www.city.okinawa.okinawa.jp/k024/faq/2646/2717.html	国民健康保険の脱退手続きについて知りたい | 沖縄市役所 本文へスキップします。 沖縄市 OKINAWA CITY 国際文化観光都市 緊急情報 Foreign Language サイト内検索 メニュー サイト内検索 検索方法 アクセスの多いページ 閉じる 緊急情報 緊急情報一覧 緊急情報RSS 文字サイズ・色合い変更 音声読み上げ やさしい日本語 分類から検索 安心・安全 暮らし・手続き 子育て･教育 健康・医療・福祉 スポーツ・文化 地域・環境 産業・事業者 市政情報 手続きから検索 開く 転入 （市外からの引越し） 転居 （市内での引越し） 転出 （市外への引越し） 婚姻 妊娠・子育て 出生 離婚 就職・退職 マイナンバー おくやみ 目的から検索 開く イベント情報 施設案内 よくある質問 相談窓口 申請書
28	17	沖縄市	国民健康保険課	https://www.city.okinawa.okinawa.jp/k024-001/shiseijouhou/gaiyou/soshikiannai/organize/976/981.html	国民健康保険課 | 沖縄市役所 本文へスキップします。 沖縄市 OKINAWA CITY 国際文化観光都市 緊急情報 Foreign Language サイト内検索 メニュー サイト内検索 検索方法 アクセスの多いページ 閉じる 緊急情報 緊急情報一覧 緊急情報RSS 文字サイズ・色合い変更 音声読み上げ やさしい日本語 分類から検索 安心・安全 暮らし・手続き 子育て･教育 健康・医療・福祉 スポーツ・文化 地域・環境 産業・事業者 市政情報 手続きから検索 開く 転入 （市外からの引越し） 転居 （市内での引越し） 転出 （市外への引越し） 婚姻 妊娠・子育て 出生 離婚 就職・退職 マイナンバー おくやみ 目的から検索 開く イベント情報 施設案内 よくある質問 相談窓口 申請書 ダウンロード 組織情報
28	17	沖縄市	介護保険課	https://www.city.okinawa.okinawa.jp/k020/shiseijouhou/gaiyou/soshikiannai/organize/976/979.html	介護保険課 | 沖縄市役所 本文へスキップします。 沖縄市 OKINAWA CITY 国際文化観光都市 緊急情報 Foreign Language サイト内検索 メニュー サイト内検索 検索方法 アクセスの多いページ 閉じる 緊急情報 緊急情報一覧 緊急情報RSS 文字サイズ・色合い変更 音声読み上げ やさしい日本語 分類から検索 安心・安全 暮らし・手続き 子育て･教育 健康・医療・福祉 スポーツ・文化 地域・環境 産業・事業者 市政情報 手続きから検索 開く 転入 （市外からの引越し） 転居 （市内での引越し） 転出 （市外への引越し） 婚姻 妊娠・子育て 出生 離婚 就職・退職 マイナンバー おくやみ 目的から検索 開く イベント情報 施設案内 よくある質問 相談窓口 申請書 ダウンロード 組織情報 閉じ
28	17	沖縄市	工務課	https://www.city.okinawa.okinawa.jp/k056/shiseijouhou/gaiyou/soshikiannai/organize/26274/34198.html	工務課 | 沖縄市役所 本文へスキップします。 沖縄市 OKINAWA CITY 国際文化観光都市 緊急情報 Foreign Language サイト内検索 メニュー サイト内検索 検索方法 アクセスの多いページ 閉じる 緊急情報 緊急情報一覧 緊急情報RSS 文字サイズ・色合い変更 音声読み上げ やさしい日本語 分類から検索 安心・安全 暮らし・手続き 子育て･教育 健康・医療・福祉 スポーツ・文化 地域・環境 産業・事業者 市政情報 手続きから検索 開く 転入 （市外からの引越し） 転居 （市内での引越し） 転出 （市外への引越し） 婚姻 妊娠・子育て 出生 離婚 就職・退職 マイナンバー おくやみ 目的から検索 開く イベント情報 施設案内 よくある質問 相談窓口 申請書 ダウンロード 組織情報 閉じる
28	17	沖縄市	市民生活課	https://www.city.okinawa.okinawa.jp/k014/shiseijouhou/gaiyou/soshikiannai/organize/971/972.html	市民生活課 | 沖縄市役所 本文へスキップします。 沖縄市 OKINAWA CITY 国際文化観光都市 緊急情報 Foreign Language サイト内検索 メニュー サイト内検索 検索方法 アクセスの多いページ 閉じる 緊急情報 緊急情報一覧 緊急情報RSS 文字サイズ・色合い変更 音声読み上げ やさしい日本語 分類から検索 安心・安全 暮らし・手続き 子育て･教育 健康・医療・福祉 スポーツ・文化 地域・環境 産業・事業者 市政情報 手続きから検索 開く 転入 （市外からの引越し） 転居 （市内での引越し） 転出 （市外への引越し） 婚姻 妊娠・子育て 出生 離婚 就職・退職 マイナンバー おくやみ 目的から検索 開く イベント情報 施設案内 よくある質問 相談窓口 申請書 ダウンロード 組織情報 閉じ
28	17	沖縄市	プロジェクト推進室プロジェクト推進担当	https://www.city.okinawa.okinawa.jp/k009/shiseijouhou/gaiyou/soshikiannai/organize/965/966.html	プロジェクト推進室 プロジェクト推進担当 | 沖縄市役所 本文へスキップします。 沖縄市 OKINAWA CITY 国際文化観光都市 緊急情報 Foreign Language サイト内検索 メニュー サイト内検索 検索方法 アクセスの多いページ 閉じる 緊急情報 緊急情報一覧 緊急情報RSS 文字サイズ・色合い変更 音声読み上げ やさしい日本語 分類から検索 安心・安全 暮らし・手続き 子育て･教育 健康・医療・福祉 スポーツ・文化 地域・環境 産業・事業者 市政情報 手続きから検索 開く 転入 （市外からの引越し） 転居 （市内での引越し） 転出 （市外への引越し） 婚姻 妊娠・子育て 出生 離婚 就職・退職 マイナンバー おくやみ 目的から検索 開く イベント情報 施設案内 よくある質問 相談窓口 申請書
28	17	沖縄市	資産税課	https://www.city.okinawa.okinawa.jp/k007/shiseijouhou/gaiyou/soshikiannai/organize/770/963.html	資産税課 | 沖縄市役所 本文へスキップします。 沖縄市 OKINAWA CITY 国際文化観光都市 緊急情報 Foreign Language サイト内検索 メニュー サイト内検索 検索方法 アクセスの多いページ 閉じる 緊急情報 緊急情報一覧 緊急情報RSS 文字サイズ・色合い変更 音声読み上げ やさしい日本語 分類から検索 安心・安全 暮らし・手続き 子育て･教育 健康・医療・福祉 スポーツ・文化 地域・環境 産業・事業者 市政情報 手続きから検索 開く 転入 （市外からの引越し） 転居 （市内での引越し） 転出 （市外への引越し） 婚姻 妊娠・子育て 出生 離婚 就職・退職 マイナンバー おくやみ 目的から検索 開く イベント情報 施設案内 よくある質問 相談窓口 申請書 ダウンロード 組織情報 閉じる
27	16	沖縄市	固定資産税の土地の路線価を知りたい	https://www.city.okinawa.okinawa.jp/k007/faq/2644/2862.html	固定資産税の土地の路線価を知りたい | 沖縄市役所 本文へスキップします。 沖縄市 OKINAWA CITY 国際文化観光都市 緊急情報 Foreign Language サイト内検索 メニュー サイト内検索 検索方法 アクセスの多いページ 閉じる 緊急情報 緊急情報一覧 緊急情報RSS 文字サイズ・色合い変更 音声読み上げ やさしい日本語 分類から検索 安心・安全 暮らし・手続き 子育て･教育 健康・医療・福祉 スポーツ・文化 地域・環境 産業・事業者 市政情報 手続きから検索 開く 転入 （市外からの引越し） 転居 （市内での引越し） 転出 （市外への引越し） 婚姻 妊娠・子育て 出生 離婚 就職・退職 マイナンバー おくやみ 目的から検索 開く イベント情報 施設案内 よくある質問 相談窓口 申請書 ダウ
27	16	沖縄市	固定資産税:家屋の評価はどのようにするのか	https://www.city.okinawa.okinawa.jp/k007/faq/2644/2868.html	固定資産税:家屋の評価はどのようにするのか | 沖縄市役所 本文へスキップします。 沖縄市 OKINAWA CITY 国際文化観光都市 緊急情報 Foreign Language サイト内検索 メニュー サイト内検索 検索方法 アクセスの多いページ 閉じる 緊急情報 緊急情報一覧 緊急情報RSS 文字サイズ・色合い変更 音声読み上げ やさしい日本語 分類から検索 安心・安全 暮らし・手続き 子育て･教育 健康・医療・福祉 スポーツ・文化 地域・環境 産業・事業者 市政情報 手続きから検索 開く 転入 （市外からの引越し） 転居 （市内での引越し） 転出 （市外への引越し） 婚姻 妊娠・子育て 出生 離婚 就職・退職 マイナンバー おくやみ 目的から検索 開く イベント情報 施設案内 よくある質問 相談窓口 申請
27	16	沖縄市	固定資産税:土地の評価はどのようにするのか	https://www.city.okinawa.okinawa.jp/k007/faq/2644/2871.html	固定資産税:土地の評価はどのようにするのか | 沖縄市役所 本文へスキップします。 沖縄市 OKINAWA CITY 国際文化観光都市 緊急情報 Foreign Language サイト内検索 メニュー サイト内検索 検索方法 アクセスの多いページ 閉じる 緊急情報 緊急情報一覧 緊急情報RSS 文字サイズ・色合い変更 音声読み上げ やさしい日本語 分類から検索 安心・安全 暮らし・手続き 子育て･教育 健康・医療・福祉 スポーツ・文化 地域・環境 産業・事業者 市政情報 手続きから検索 開く 転入 （市外からの引越し） 転居 （市内での引越し） 転出 （市外への引越し） 婚姻 妊娠・子育て 出生 離婚 就職・退職 マイナンバー おくやみ 目的から検索 開く イベント情報 施設案内 よくある質問 相談窓口 申請
27	16	沖縄市	固定資産税（土地）住宅用地について	https://www.city.okinawa.okinawa.jp/k007/faq/2644/2977.html	固定資産税（土地）住宅用地について | 沖縄市役所 本文へスキップします。 沖縄市 OKINAWA CITY 国際文化観光都市 緊急情報 Foreign Language サイト内検索 メニュー サイト内検索 検索方法 アクセスの多いページ 閉じる 緊急情報 緊急情報一覧 緊急情報RSS 文字サイズ・色合い変更 音声読み上げ やさしい日本語 分類から検索 安心・安全 暮らし・手続き 子育て･教育 健康・医療・福祉 スポーツ・文化 地域・環境 産業・事業者 市政情報 手続きから検索 開く 転入 （市外からの引越し） 転居 （市内での引越し） 転出 （市外への引越し） 婚姻 妊娠・子育て 出生 離婚 就職・退職 マイナンバー おくやみ 目的から検索 開く イベント情報 施設案内 よくある質問 相談窓口 申請書 ダウ
26	18	沖縄市	アパート等の管理者の皆さまへ 特例制度（連合専用）のお知らせ	https://www.city.okinawa.okinawa.jp/k055/kurashi/jougesuidou/jousuidou/ryoukin/41288.html	アパート等の管理者の皆さまへ 特例制度（連合専用）のお知らせ | 沖縄市役所 本文へスキップします。 沖縄市 OKINAWA CITY 国際文化観光都市 緊急情報 Foreign Language サイト内検索 メニュー サイト内検索 検索方法 アクセスの多いページ 閉じる 緊急情報 緊急情報一覧 緊急情報RSS 文字サイズ・色合い変更 音声読み上げ やさしい日本語 分類から検索 安心・安全 暮らし・手続き 子育て･教育 健康・医療・福祉 スポーツ・文化 地域・環境 産業・事業者 市政情報 手続きから検索 開く 転入 （市外からの引越し） 転居 （市内での引越し） 転出 （市外への引越し） 婚姻 妊娠・子育て 出生 離婚 就職・退職 マイナンバー おくやみ 目的から検索 開く イベント情報 施設案内 よくある質
26	18	沖縄市	職場の健康保険を脱退して、国民健康保険に加入するとき、手続きをする前に病院にかかった場合はどうなりますか?	https://www.city.okinawa.okinawa.jp/k024/faq/2646/2719.html	職場の健康保険を脱退して、国民健康保険に加入するとき、手続きをする前に病院にかかった場合はどうなりますか? | 沖縄市役所 本文へスキップします。 沖縄市 OKINAWA CITY 国際文化観光都市 緊急情報 Foreign Language サイト内検索 メニュー サイト内検索 検索方法 アクセスの多いページ 閉じる 緊急情報 緊急情報一覧 緊急情報RSS 文字サイズ・色合い変更 音声読み上げ やさしい日本語 分類から検索 安心・安全 暮らし・手続き 子育て･教育 健康・医療・福祉 スポーツ・文化 地域・環境 産業・事業者 市政情報 手続きから検索 開く 転入 （市外からの引越し） 転居 （市内での引越し） 転出 （市外への引越し） 婚姻 妊娠・子育て 出生 離婚 就職・退職 マイナンバー おくやみ 目的から
26	18	沖縄市	国民健康保険が使えない診療はどのようなものですか	https://www.city.okinawa.okinawa.jp/k024/faq/2646/2705.html	国民健康保険が使えない診療はどのようなものですか | 沖縄市役所 本文へスキップします。 沖縄市 OKINAWA CITY 国際文化観光都市 緊急情報 Foreign Language サイト内検索 メニュー サイト内検索 検索方法 アクセスの多いページ 閉じる 緊急情報 緊急情報一覧 緊急情報RSS 文字サイズ・色合い変更 音声読み上げ やさしい日本語 分類から検索 安心・安全 暮らし・手続き 子育て･教育 健康・医療・福祉 スポーツ・文化 地域・環境 産業・事業者 市政情報 手続きから検索 開く 転入 （市外からの引越し） 転居 （市内での引越し） 転出 （市外への引越し） 婚姻 妊娠・子育て 出生 離婚 就職・退職 マイナンバー おくやみ 目的から検索 開く イベント情報 施設案内 よくある質問 相談窓口
26	18	沖縄市	交通事故にあったとき、国保で治療が受けられますか	https://www.city.okinawa.okinawa.jp/k024/faq/2646/2707.html	交通事故にあったとき、国保で治療が受けられますか | 沖縄市役所 本文へスキップします。 沖縄市 OKINAWA CITY 国際文化観光都市 緊急情報 Foreign Language サイト内検索 メニュー サイト内検索 検索方法 アクセスの多いページ 閉じる 緊急情報 緊急情報一覧 緊急情報RSS 文字サイズ・色合い変更 音声読み上げ やさしい日本語 分類から検索 安心・安全 暮らし・手続き 子育て･教育 健康・医療・福祉 スポーツ・文化 地域・環境 産業・事業者 市政情報 手続きから検索 開く 転入 （市外からの引越し） 転居 （市内での引越し） 転出 （市外への引越し） 婚姻 妊娠・子育て 出生 離婚 就職・退職 マイナンバー おくやみ 目的から検索 開く イベント情報 施設案内 よくある質問 相談窓口
26	18	沖縄市	国民健康保険証を紛失したので再発行して欲しい	https://www.city.okinawa.okinawa.jp/k024/faq/2646/2710.html	国民健康保険証を紛失したので再発行して欲しい | 沖縄市役所 本文へスキップします。 沖縄市 OKINAWA CITY 国際文化観光都市 緊急情報 Foreign Language サイト内検索 メニュー サイト内検索 検索方法 アクセスの多いページ 閉じる 緊急情報 緊急情報一覧 緊急情報RSS 文字サイズ・色合い変更 音声読み上げ やさしい日本語 分類から検索 安心・安全 暮らし・手続き 子育て･教育 健康・医療・福祉 スポーツ・文化 地域・環境 産業・事業者 市政情報 手続きから検索 開く 転入 （市外からの引越し） 転居 （市内での引越し） 転出 （市外への引越し） 婚姻 妊娠・子育て 出生 離婚 就職・退職 マイナンバー おくやみ 目的から検索 開く イベント情報 施設案内 よくある質問 相談窓口 申
26	18	沖縄市	国民健康保険に加入できないのはどのような人ですか	https://www.city.okinawa.okinawa.jp/k024/faq/2646/2716.html	国民健康保険に加入できないのはどのような人ですか | 沖縄市役所 本文へスキップします。 沖縄市 OKINAWA CITY 国際文化観光都市 緊急情報 Foreign Language サイト内検索 メニュー サイト内検索 検索方法 アクセスの多いページ 閉じる 緊急情報 緊急情報一覧 緊急情報RSS 文字サイズ・色合い変更 音声読み上げ やさしい日本語 分類から検索 安心・安全 暮らし・手続き 子育て･教育 健康・医療・福祉 スポーツ・文化 地域・環境 産業・事業者 市政情報 手続きから検索 開く 転入 （市外からの引越し） 転居 （市内での引越し） 転出 （市外への引越し） 婚姻 妊娠・子育て 出生 離婚 就職・退職 マイナンバー おくやみ 目的から検索 開く イベント情報 施設案内 よくある質問 相談窓口
25	18	沖縄市	保育料シミュレーション	https://www.city.okinawa.okinawa.jp/k026/kosodate/kosodateshien/kodomo/simulation.html	保育料シミュレーション | 沖縄市役所 本文へスキップします。 沖縄市 OKINAWA CITY 国際文化観光都市 緊急情報 Foreign Language サイト内検索 メニュー サイト内検索 検索方法 アクセスの多いページ 閉じる 緊急情報 緊急情報一覧 緊急情報RSS 文字サイズ・色合い変更 音声読み上げ やさしい日本語 分類から検索 安心・安全 暮らし・手続き 子育て･教育 健康・医療・福祉 スポーツ・文化 地域・環境 産業・事業者 市政情報 手続きから検索 開く 転入 （市外からの引越し） 転居 （市内での引越し） 転出 （市外への引越し） 婚姻 妊娠・子育て 出生 離婚 就職・退職 マイナンバー おくやみ 目的から検索 開く イベント情報 施設案内 よくある質問 相談窓口 申請書 ダウンロード 組
24	16	沖縄市	税金:交通費は年収に含まれないと聞いたのですが?	https://www.city.okinawa.okinawa.jp/k006/faq/2644/3040.html	税金:交通費は年収に含まれないと聞いたのですが? | 沖縄市役所 本文へスキップします。 沖縄市 OKINAWA CITY 国際文化観光都市 緊急情報 Foreign Language サイト内検索 メニュー サイト内検索 検索方法 アクセスの多いページ 閉じる 緊急情報 緊急情報一覧 緊急情報RSS 文字サイズ・色合い変更 音声読み上げ やさしい日本語 分類から検索 安心・安全 暮らし・手続き 子育て･教育 健康・医療・福祉 スポーツ・文化 地域・環境 産業・事業者 市政情報 手続きから検索 開く 転入 （市外からの引越し） 転居 （市内での引越し） 転出 （市外への引越し） 婚姻 妊娠・子育て 出生 離婚 就職・退職 マイナンバー おくやみ 目的から検索 開く イベント情報 施設案内 よくある質問 相談窓口
24	16	沖縄市	固定資産税:家屋が古くなったのに評価額が下がらないのはなぜか	https://www.city.okinawa.okinawa.jp/k007/faq/2644/2869.html	固定資産税:家屋が古くなったのに評価額が下がらないのはなぜか | 沖縄市役所 本文へスキップします。 沖縄市 OKINAWA CITY 国際文化観光都市 緊急情報 Foreign Language サイト内検索 メニュー サイト内検索 検索方法 アクセスの多いページ 閉じる 緊急情報 緊急情報一覧 緊急情報RSS 文字サイズ・色合い変更 音声読み上げ やさしい日本語 分類から検索 安心・安全 暮らし・手続き 子育て･教育 健康・医療・福祉 スポーツ・文化 地域・環境 産業・事業者 市政情報 手続きから検索 開く 転入 （市外からの引越し） 転居 （市内での引越し） 転出 （市外への引越し） 婚姻 妊娠・子育て 出生 離婚 就職・退職 マイナンバー おくやみ 目的から検索 開く イベント情報 施設案内 よくある質
24	16	沖縄市	個人住民税が給与から差し引かれるしくみについて知りたい	https://www.city.okinawa.okinawa.jp/k006/faq/2644/3051.html	個人住民税が給与から差し引かれるしくみについて知りたい | 沖縄市役所 本文へスキップします。 沖縄市 OKINAWA CITY 国際文化観光都市 緊急情報 Foreign Language サイト内検索 メニュー サイト内検索 検索方法 アクセスの多いページ 閉じる 緊急情報 緊急情報一覧 緊急情報RSS 文字サイズ・色合い変更 音声読み上げ やさしい日本語 分類から検索 安心・安全 暮らし・手続き 子育て･教育 健康・医療・福祉 スポーツ・文化 地域・環境 産業・事業者 市政情報 手続きから検索 開く 転入 （市外からの引越し） 転居 （市内での引越し） 転出 （市外への引越し） 婚姻 妊娠・子育て 出生 離婚 就職・退職 マイナンバー おくやみ 目的から検索 開く イベント情報 施設案内 よくある質問 相
24	16	沖縄市	沖縄市情報公開・個人情報保護審査会の答申について	https://www.city.okinawa.okinawa.jp/k001/shiseijouhou/jouhoukokai/32799.html	沖縄市情報公開・個人情報保護審査会の答申について | 沖縄市役所 本文へスキップします。 沖縄市 OKINAWA CITY 国際文化観光都市 緊急情報 Foreign Language サイト内検索 メニュー サイト内検索 検索方法 アクセスの多いページ 閉じる 緊急情報 緊急情報一覧 緊急情報RSS 文字サイズ・色合い変更 音声読み上げ やさしい日本語 分類から検索 安心・安全 暮らし・手続き 子育て･教育 健康・医療・福祉 スポーツ・文化 地域・環境 産業・事業者 市政情報 手続きから検索 開く 転入 （市外からの引越し） 転居 （市内での引越し） 転出 （市外への引越し） 婚姻 妊娠・子育て 出生 離婚 就職・退職 マイナンバー おくやみ 目的から検索 開く イベント情報 施設案内 よくある質問 相談窓口
21	24	沖縄市	自閉症者の支援を行っている施設を知りたい	https://www.city.okinawa.okinawa.jp/k019/faq/2806/2898.html	自閉症者の支援を行っている施設を知りたい | 沖縄市役所 本文へスキップします。 沖縄市 OKINAWA CITY 国際文化観光都市 緊急情報 Foreign Language サイト内検索 メニュー サイト内検索 検索方法 アクセスの多いページ 閉じる 緊急情報 緊急情報一覧 緊急情報RSS 文字サイズ・色合い変更 音声読み上げ やさしい日本語 分類から検索 安心・安全 暮らし・手続き 子育て･教育 健康・医療・福祉 スポーツ・文化 地域・環境 産業・事業者 市政情報 手続きから検索 開く 転入 （市外からの引越し） 転居 （市内での引越し） 転出 （市外への引越し） 婚姻 妊娠・子育て 出生 離婚 就職・退職 マイナンバー おくやみ 目的から検索 開く イベント情報 施設案内 よくある質問 相談窓口 申請書
19	25	沖縄市	沖縄市障害者相談支援事業委託のプロポーザルについて	https://www.city.okinawa.okinawa.jp/k019/sangyou/nyusatsukeiyaku/nyusatsujouhou/proposal/19091.html	沖縄市障害者相談支援事業委託のプロポーザルについて | 沖縄市役所 本文へスキップします。 沖縄市 OKINAWA CITY 国際文化観光都市 緊急情報 Foreign Language サイト内検索 メニュー サイト内検索 検索方法 アクセスの多いページ 閉じる 緊急情報 緊急情報一覧 緊急情報RSS 文字サイズ・色合い変更 音声読み上げ やさしい日本語 分類から検索 安心・安全 暮らし・手続き 子育て･教育 健康・医療・福祉 スポーツ・文化 地域・環境 産業・事業者 市政情報 手続きから検索 開く 転入 （市外からの引越し） 転居 （市内での引越し） 転出 （市外への引越し） 婚姻 妊娠・子育て 出生 離婚 就職・退職 マイナンバー おくやみ 目的から検索 開く イベント情報 施設案内 よくある質問 相談窓
18	24	沖縄市	在宅障がい児や障がい者の施設への短期入所について知りたい	https://www.city.okinawa.okinawa.jp/k019/faq/2806/2903.html	在宅障がい児や障がい者の施設への短期入所について知りたい | 沖縄市役所 本文へスキップします。 沖縄市 OKINAWA CITY 国際文化観光都市 緊急情報 Foreign Language サイト内検索 メニュー サイト内検索 検索方法 アクセスの多いページ 閉じる 緊急情報 緊急情報一覧 緊急情報RSS 文字サイズ・色合い変更 音声読み上げ やさしい日本語 分類から検索 安心・安全 暮らし・手続き 子育て･教育 健康・医療・福祉 スポーツ・文化 地域・環境 産業・事業者 市政情報 手続きから検索 開く 転入 （市外からの引越し） 転居 （市内での引越し） 転出 （市外への引越し） 婚姻 妊娠・子育て 出生 離婚 就職・退職 マイナンバー おくやみ 目的から検索 開く イベント情報 施設案内 よくある質問
14	17	沖縄市	施設課	https://www.city.okinawa.okinawa.jp/k060/shiseijouhou/gaiyou/soshikiannai/organize/1010/1012.html	施設課 | 沖縄市役所 本文へスキップします。 沖縄市 OKINAWA CITY 国際文化観光都市 緊急情報 Foreign Language サイト内検索 メニュー サイト内検索 検索方法 アクセスの多いページ 閉じる 緊急情報 緊急情報一覧 緊急情報RSS 文字サイズ・色合い変更 音声読み上げ やさしい日本語 分類から検索 安心・安全 暮らし・手続き 子育て･教育 健康・医療・福祉 スポーツ・文化 地域・環境 産業・事業者 市政情報 手続きから検索 開く 転入 （市外からの引越し） 転居 （市内での引越し） 転出 （市外への引越し） 婚姻 妊娠・子育て 出生 離婚 就職・退職 マイナンバー おくやみ 目的から検索 開く イベント情報 施設案内 よくある質問 相談窓口 申請書 ダウンロード 組織情報 閉じる
14	17	沖縄市	監査委員事務局	https://www.city.okinawa.okinawa.jp/k048-001/shiseijouhou/gaiyou/soshikiannai/organize/1025.html	監査委員事務局 | 沖縄市役所 本文へスキップします。 沖縄市 OKINAWA CITY 国際文化観光都市 緊急情報 Foreign Language サイト内検索 メニュー サイト内検索 検索方法 アクセスの多いページ 閉じる 緊急情報 緊急情報一覧 緊急情報RSS 文字サイズ・色合い変更 音声読み上げ やさしい日本語 分類から検索 安心・安全 暮らし・手続き 子育て･教育 健康・医療・福祉 スポーツ・文化 地域・環境 産業・事業者 市政情報 手続きから検索 開く 転入 （市外からの引越し） 転居 （市内での引越し） 転出 （市外への引越し） 婚姻 妊娠・子育て 出生 離婚 就職・退職 マイナンバー おくやみ 目的から検索 開く イベント情報 施設案内 よくある質問 相談窓口 申請書 ダウンロード 組織情報
0	16	沖縄市	地方自治法施行令第167条の2第1項第3号の規定による随意契約の契約後公表	https://www.city.okinawa.okinawa.jp/k005/sangyou/nyusatsukeiyaku/40859.html	地方自治法施行令第167条の2第1項第3号の規定による随意契約の契約後公表 | 沖縄市役所 本文へスキップします。 沖縄市 OKINAWA CITY 国際文化観光都市 緊急情報 Foreign Language サイト内検索 メニュー サイト内検索 検索方法 アクセスの多いページ 閉じる 緊急情報 緊急情報一覧 緊急情報RSS 文字サイズ・色合い変更 音声読み上げ やさしい日本語 分類から検索 安心・安全 暮らし・手続き 子育て･教育 健康・医療・福祉 スポーツ・文化 地域・環境 産業・事業者 市政情報 手続きから検索 開く 転入 （市外からの引越し） 転居 （市内での引越し） 転出 （市外への引越し） 婚姻 妊娠・子育て 出生 離婚 就職・退職 マイナンバー おくやみ 目的から検索 開く イベント情報 施設案
45	30	糸満市	各種お問い合わせ先	https://www.city.itoman.lg.jp/soshiki/5/35774.html	各種お問い合わせ先 - 糸満市ホームページ ページの先頭です。 メニューを飛ばして本文へ メニュー --> 閲覧補助 ホーム 検索 メニュー 本文へ Foreign language 文字サイズ・背景色変更 文字サイズ 標準 拡大 背景色 白 黒 青 閉じる ふりがな やさしい日本語 キーワード検索 Googleカスタム検索 検索対象 すべて ページ PDF ページID検索 キーワード検索 Googleカスタム検索 検索対象 すべて ページ PDF 分類でさがす 組織でさがす カレンダーでさがす 地図でさがす 申請・届け出でさがす 注目ワード マイナンバーカード 子育て支援 暮らし・手続き 健康・福祉 子育て・教育 産業・しごと 市政 現在地 トップページ > 組織でさがす > 企画部 > 秘書防災課 > 各種
43	28	糸満市	外国語への対応	https://www.city.itoman.lg.jp/site/userguide/5.html	外国語への対応 - はじめての方へ - 糸満市ホームページ ページの先頭です。 メニューを飛ばして本文へ メニュー --> 閲覧補助 ホーム 検索 メニュー 本文へ Foreign language 文字サイズ・背景色変更 文字サイズ 標準 拡大 背景色 白 黒 青 閉じる ふりがな やさしい日本語 キーワード検索 Googleカスタム検索 検索対象 すべて ページ PDF ページID検索 キーワード検索 Googleカスタム検索 検索対象 すべて ページ PDF 分類でさがす 組織でさがす カレンダーでさがす 地図でさがす 申請・届け出でさがす 注目ワード マイナンバーカード 子育て支援 暮らし・手続き 健康・福祉 子育て・教育 産業・しごと 市政 現在地 トップページ > はじめての方へ > 外国語への対応
42	25	糸満市	助成・手当	https://www.city.itoman.lg.jp/life/sub/3/	助成・手当 - 糸満市ホームページ ページの先頭です。 メニューを飛ばして本文へ メニュー --> 閲覧補助 ホーム 検索 メニュー 本文へ Foreign language 文字サイズ・背景色変更 文字サイズ 標準 拡大 背景色 白 黒 青 閉じる ふりがな やさしい日本語 キーワード検索 Googleカスタム検索 検索対象 すべて ページ PDF ページID検索 キーワード検索 Googleカスタム検索 検索対象 すべて ページ PDF 分類でさがす 組織でさがす カレンダーでさがす 地図でさがす 申請・届け出でさがす 注目ワード マイナンバーカード 子育て支援 暮らし・手続き 健康・福祉 子育て・教育 産業・しごと 市政 現在地 トップページ > 助成・手当 本文 助成・手当 新着情報 2026年7月16
42	25	糸満市	子育て手当	https://www.city.itoman.lg.jp/life/4/12/65/	子育て手当 - 糸満市ホームページ ページの先頭です。 メニューを飛ばして本文へ メニュー --> 閲覧補助 ホーム 検索 メニュー 本文へ Foreign language 文字サイズ・背景色変更 文字サイズ 標準 拡大 背景色 白 黒 青 閉じる ふりがな やさしい日本語 キーワード検索 Googleカスタム検索 検索対象 すべて ページ PDF ページID検索 キーワード検索 Googleカスタム検索 検索対象 すべて ページ PDF 分類でさがす 組織でさがす カレンダーでさがす 地図でさがす 申請・届け出でさがす 注目ワード マイナンバーカード 子育て支援 暮らし・手続き 健康・福祉 子育て・教育 産業・しごと 市政 現在地 トップページ > 分類でさがす > 子育て・教育 > 子育て > 子育て手当
42	25	糸満市	教育費の支援制度	https://www.city.itoman.lg.jp/life/4/14/77/	教育費の支援制度 - 糸満市ホームページ ページの先頭です。 メニューを飛ばして本文へ メニュー --> 閲覧補助 ホーム 検索 メニュー 本文へ Foreign language 文字サイズ・背景色変更 文字サイズ 標準 拡大 背景色 白 黒 青 閉じる ふりがな やさしい日本語 キーワード検索 Googleカスタム検索 検索対象 すべて ページ PDF ページID検索 キーワード検索 Googleカスタム検索 検索対象 すべて ページ PDF 分類でさがす 組織でさがす カレンダーでさがす 地図でさがす 申請・届け出でさがす 注目ワード マイナンバーカード 子育て支援 暮らし・手続き 健康・福祉 子育て・教育 産業・しごと 市政 現在地 トップページ > 分類でさがす > 子育て・教育 > 教育・育成 >
41	30	糸満市	高齢者福祉	https://www.city.itoman.lg.jp/life/3/10/59/	高齢者福祉 - 糸満市ホームページ ページの先頭です。 メニューを飛ばして本文へ メニュー --> 閲覧補助 ホーム 検索 メニュー 本文へ Foreign language 文字サイズ・背景色変更 文字サイズ 標準 拡大 背景色 白 黒 青 閉じる ふりがな やさしい日本語 キーワード検索 Googleカスタム検索 検索対象 すべて ページ PDF ページID検索 キーワード検索 Googleカスタム検索 検索対象 すべて ページ PDF 分類でさがす 組織でさがす カレンダーでさがす 地図でさがす 申請・届け出でさがす 注目ワード マイナンバーカード 子育て支援 暮らし・手続き 健康・福祉 子育て・教育 産業・しごと 市政 現在地 トップページ > 分類でさがす > 健康・福祉 > 福祉 > 高齢者福祉 本
41	30	糸満市	保険・年金	https://www.city.itoman.lg.jp/life/2/4/	保険・年金 - 糸満市ホームページ ページの先頭です。 メニューを飛ばして本文へ メニュー --> 閲覧補助 ホーム 検索 メニュー 本文へ Foreign language 文字サイズ・背景色変更 文字サイズ 標準 拡大 背景色 白 黒 青 閉じる ふりがな やさしい日本語 キーワード検索 Googleカスタム検索 検索対象 すべて ページ PDF ページID検索 キーワード検索 Googleカスタム検索 検索対象 すべて ページ PDF 分類でさがす 組織でさがす カレンダーでさがす 地図でさがす 申請・届け出でさがす 注目ワード マイナンバーカード 子育て支援 暮らし・手続き 健康・福祉 子育て・教育 産業・しごと 市政 現在地 トップページ > 分類でさがす > 暮らし・手続き > 保険・年金 本文 保
41	30	糸満市	国民健康保険	https://www.city.itoman.lg.jp/life/2/4/23/	国民健康保険 - 糸満市ホームページ ページの先頭です。 メニューを飛ばして本文へ メニュー --> 閲覧補助 ホーム 検索 メニュー 本文へ Foreign language 文字サイズ・背景色変更 文字サイズ 標準 拡大 背景色 白 黒 青 閉じる ふりがな やさしい日本語 キーワード検索 Googleカスタム検索 検索対象 すべて ページ PDF ページID検索 キーワード検索 Googleカスタム検索 検索対象 すべて ページ PDF 分類でさがす 組織でさがす カレンダーでさがす 地図でさがす 申請・届け出でさがす 注目ワード マイナンバーカード 子育て支援 暮らし・手続き 健康・福祉 子育て・教育 産業・しごと 市政 現在地 トップページ > 分類でさがす > 暮らし・手続き > 保険・年金 > 国
41	30	糸満市	介護保険	https://www.city.itoman.lg.jp/life/2/4/24/	介護保険 - 糸満市ホームページ ページの先頭です。 メニューを飛ばして本文へ メニュー --> 閲覧補助 ホーム 検索 メニュー 本文へ Foreign language 文字サイズ・背景色変更 文字サイズ 標準 拡大 背景色 白 黒 青 閉じる ふりがな やさしい日本語 キーワード検索 Googleカスタム検索 検索対象 すべて ページ PDF ページID検索 キーワード検索 Googleカスタム検索 検索対象 すべて ページ PDF 分類でさがす 組織でさがす カレンダーでさがす 地図でさがす 申請・届け出でさがす 注目ワード マイナンバーカード 子育て支援 暮らし・手続き 健康・福祉 子育て・教育 産業・しごと 市政 現在地 トップページ > 分類でさがす > 暮らし・手続き > 保険・年金 > 介護保
41	30	糸満市	上水道・下水道・農業集落排水	https://www.city.itoman.lg.jp/life/2/6/34/	上水道・下水道・農業集落排水 - 糸満市ホームページ ページの先頭です。 メニューを飛ばして本文へ メニュー --> 閲覧補助 ホーム 検索 メニュー 本文へ Foreign language 文字サイズ・背景色変更 文字サイズ 標準 拡大 背景色 白 黒 青 閉じる ふりがな やさしい日本語 キーワード検索 Googleカスタム検索 検索対象 すべて ページ PDF ページID検索 キーワード検索 Googleカスタム検索 検索対象 すべて ページ PDF 分類でさがす 組織でさがす カレンダーでさがす 地図でさがす 申請・届け出でさがす 注目ワード マイナンバーカード 子育て支援 暮らし・手続き 健康・福祉 子育て・教育 産業・しごと 市政 現在地 トップページ > 分類でさがす > 暮らし・手続き > 住
41	30	糸満市	福祉	https://www.city.itoman.lg.jp/life/3/10/	福祉 - 糸満市ホームページ ページの先頭です。 メニューを飛ばして本文へ メニュー --> 閲覧補助 ホーム 検索 メニュー 本文へ Foreign language 文字サイズ・背景色変更 文字サイズ 標準 拡大 背景色 白 黒 青 閉じる ふりがな やさしい日本語 キーワード検索 Googleカスタム検索 検索対象 すべて ページ PDF ページID検索 キーワード検索 Googleカスタム検索 検索対象 すべて ページ PDF 分類でさがす 組織でさがす カレンダーでさがす 地図でさがす 申請・届け出でさがす 注目ワード マイナンバーカード 子育て支援 暮らし・手続き 健康・福祉 子育て・教育 産業・しごと 市政 現在地 トップページ > 分類でさがす > 健康・福祉 > 福祉 本文 福祉 ページID：
41	30	糸満市	経営支援	https://www.city.itoman.lg.jp/life/5/17/88/	経営支援 - 糸満市ホームページ ページの先頭です。 メニューを飛ばして本文へ メニュー --> 閲覧補助 ホーム 検索 メニュー 本文へ Foreign language 文字サイズ・背景色変更 文字サイズ 標準 拡大 背景色 白 黒 青 閉じる ふりがな やさしい日本語 キーワード検索 Googleカスタム検索 検索対象 すべて ページ PDF ページID検索 キーワード検索 Googleカスタム検索 検索対象 すべて ページ PDF 分類でさがす 組織でさがす カレンダーでさがす 地図でさがす 申請・届け出でさがす 注目ワード マイナンバーカード 子育て支援 暮らし・手続き 健康・福祉 子育て・教育 産業・しごと 市政 現在地 トップページ > 分類でさがす > 産業・しごと > 産業・支援 > 経営支援
36	25	糸満市	子育て	https://www.city.itoman.lg.jp/life/4/12/	子育て - 糸満市ホームページ ページの先頭です。 メニューを飛ばして本文へ メニュー --> 閲覧補助 ホーム 検索 メニュー 本文へ Foreign language 文字サイズ・背景色変更 文字サイズ 標準 拡大 背景色 白 黒 青 閉じる ふりがな やさしい日本語 キーワード検索 Googleカスタム検索 検索対象 すべて ページ PDF ページID検索 キーワード検索 Googleカスタム検索 検索対象 すべて ページ PDF 分類でさがす 組織でさがす カレンダーでさがす 地図でさがす 申請・届け出でさがす 注目ワード マイナンバーカード 子育て支援 暮らし・手続き 健康・福祉 子育て・教育 産業・しごと 市政 現在地 トップページ > 分類でさがす > 子育て・教育 > 子育て 本文 子育て ペー
36	25	糸満市	障害福祉	https://www.city.itoman.lg.jp/life/3/10/60/	障害福祉 - 糸満市ホームページ ページの先頭です。 メニューを飛ばして本文へ メニュー --> 閲覧補助 ホーム 検索 メニュー 本文へ Foreign language 文字サイズ・背景色変更 文字サイズ 標準 拡大 背景色 白 黒 青 閉じる ふりがな やさしい日本語 キーワード検索 Googleカスタム検索 検索対象 すべて ページ PDF ページID検索 キーワード検索 Googleカスタム検索 検索対象 すべて ページ PDF 分類でさがす 組織でさがす カレンダーでさがす 地図でさがす 申請・届け出でさがす 注目ワード マイナンバーカード 子育て支援 暮らし・手続き 健康・福祉 子育て・教育 産業・しごと 市政 現在地 トップページ > 分類でさがす > 健康・福祉 > 福祉 > 障害福祉 本文
36	25	糸満市	乳幼児・小児医療	https://www.city.itoman.lg.jp/life/4/12/66/	乳幼児・小児医療 - 糸満市ホームページ ページの先頭です。 メニューを飛ばして本文へ メニュー --> 閲覧補助 ホーム 検索 メニュー 本文へ Foreign language 文字サイズ・背景色変更 文字サイズ 標準 拡大 背景色 白 黒 青 閉じる ふりがな やさしい日本語 キーワード検索 Googleカスタム検索 検索対象 すべて ページ PDF ページID検索 キーワード検索 Googleカスタム検索 検索対象 すべて ページ PDF 分類でさがす 組織でさがす カレンダーでさがす 地図でさがす 申請・届け出でさがす 注目ワード マイナンバーカード 子育て支援 暮らし・手続き 健康・福祉 子育て・教育 産業・しごと 市政 現在地 トップページ > 分類でさがす > 子育て・教育 > 子育て > 乳幼
36	25	糸満市	ひとり親家庭支援	https://www.city.itoman.lg.jp/life/4/12/68/	ひとり親家庭支援 - 糸満市ホームページ ページの先頭です。 メニューを飛ばして本文へ メニュー --> 閲覧補助 ホーム 検索 メニュー 本文へ Foreign language 文字サイズ・背景色変更 文字サイズ 標準 拡大 背景色 白 黒 青 閉じる ふりがな やさしい日本語 キーワード検索 Googleカスタム検索 検索対象 すべて ページ PDF ページID検索 キーワード検索 Googleカスタム検索 検索対象 すべて ページ PDF 分類でさがす 組織でさがす カレンダーでさがす 地図でさがす 申請・届け出でさがす 注目ワード マイナンバーカード 子育て支援 暮らし・手続き 健康・福祉 子育て・教育 産業・しごと 市政 現在地 トップページ > 分類でさがす > 子育て・教育 > 子育て > ひと
36	19	糸満市	奨学金	https://www.city.itoman.lg.jp/life/4/14/219/	奨学金 - 糸満市ホームページ ページの先頭です。 メニューを飛ばして本文へ メニュー --> 閲覧補助 ホーム 検索 メニュー 本文へ Foreign language 文字サイズ・背景色変更 文字サイズ 標準 拡大 背景色 白 黒 青 閉じる ふりがな やさしい日本語 キーワード検索 Googleカスタム検索 検索対象 すべて ページ PDF ページID検索 キーワード検索 Googleカスタム検索 検索対象 すべて ページ PDF 分類でさがす 組織でさがす カレンダーでさがす 地図でさがす 申請・届け出でさがす 注目ワード マイナンバーカード 子育て支援 暮らし・手続き 健康・福祉 子育て・教育 産業・しごと 市政 現在地 トップページ > 分類でさがす > 子育て・教育 > 教育・育成 > 奨学金 本
35	24	糸満市	届出・申請	https://www.city.itoman.lg.jp/life/sub/1/	届出・申請 - 糸満市ホームページ ページの先頭です。 メニューを飛ばして本文へ メニュー --> 閲覧補助 ホーム 検索 メニュー 本文へ Foreign language 文字サイズ・背景色変更 文字サイズ 標準 拡大 背景色 白 黒 青 閉じる ふりがな やさしい日本語 キーワード検索 Googleカスタム検索 検索対象 すべて ページ PDF ページID検索 キーワード検索 Googleカスタム検索 検索対象 すべて ページ PDF 分類でさがす 組織でさがす カレンダーでさがす 地図でさがす 申請・届け出でさがす 注目ワード マイナンバーカード 子育て支援 暮らし・手続き 健康・福祉 子育て・教育 産業・しごと 市政 現在地 トップページ > 届出・申請 本文 届出・申請 新着情報 2026年7月14
35	24	糸満市	国民年金	https://www.city.itoman.lg.jp/life/2/4/21/	国民年金 - 糸満市ホームページ ページの先頭です。 メニューを飛ばして本文へ メニュー --> 閲覧補助 ホーム 検索 メニュー 本文へ Foreign language 文字サイズ・背景色変更 文字サイズ 標準 拡大 背景色 白 黒 青 閉じる ふりがな やさしい日本語 キーワード検索 Googleカスタム検索 検索対象 すべて ページ PDF ページID検索 キーワード検索 Googleカスタム検索 検索対象 すべて ページ PDF 分類でさがす 組織でさがす カレンダーでさがす 地図でさがす 申請・届け出でさがす 注目ワード マイナンバーカード 子育て支援 暮らし・手続き 健康・福祉 子育て・教育 産業・しごと 市政 現在地 トップページ > 分類でさがす > 暮らし・手続き > 保険・年金 > 国民年
35	24	糸満市	ペット・動物愛護	https://www.city.itoman.lg.jp/life/2/7/48/	ペット・動物愛護 - 糸満市ホームページ ページの先頭です。 メニューを飛ばして本文へ メニュー --> 閲覧補助 ホーム 検索 メニュー 本文へ Foreign language 文字サイズ・背景色変更 文字サイズ 標準 拡大 背景色 白 黒 青 閉じる ふりがな やさしい日本語 キーワード検索 Googleカスタム検索 検索対象 すべて ページ PDF ページID検索 キーワード検索 Googleカスタム検索 検索対象 すべて ページ PDF 分類でさがす 組織でさがす カレンダーでさがす 地図でさがす 申請・届け出でさがす 注目ワード マイナンバーカード 子育て支援 暮らし・手続き 健康・福祉 子育て・教育 産業・しごと 市政 現在地 トップページ > 分類でさがす > 暮らし・手続き > 環境・衛生 >
35	20	糸満市	マイナンバーカードの交付について	https://www.city.itoman.lg.jp/soshiki/12/1511.html	マイナンバーカードの交付について - 糸満市ホームページ ページの先頭です。 メニューを飛ばして本文へ メニュー --> 閲覧補助 ホーム 検索 メニュー 本文へ Foreign language 文字サイズ・背景色変更 文字サイズ 標準 拡大 背景色 白 黒 青 閉じる ふりがな やさしい日本語 キーワード検索 Googleカスタム検索 検索対象 すべて ページ PDF ページID検索 キーワード検索 Googleカスタム検索 検索対象 すべて ページ PDF 分類でさがす 組織でさがす カレンダーでさがす 地図でさがす 申請・届け出でさがす 注目ワード マイナンバーカード 子育て支援 暮らし・手続き 健康・福祉 子育て・教育 産業・しごと 市政 現在地 トップページ > 組織でさがす > 市民健康部 > 市
34	23	糸満市	援護	https://www.city.itoman.lg.jp/life/3/10/61/	援護 - 糸満市ホームページ ページの先頭です。 メニューを飛ばして本文へ メニュー --> 閲覧補助 ホーム 検索 メニュー 本文へ Foreign language 文字サイズ・背景色変更 文字サイズ 標準 拡大 背景色 白 黒 青 閉じる ふりがな やさしい日本語 キーワード検索 Googleカスタム検索 検索対象 すべて ページ PDF ページID検索 キーワード検索 Googleカスタム検索 検索対象 すべて ページ PDF 分類でさがす 組織でさがす カレンダーでさがす 地図でさがす 申請・届け出でさがす 注目ワード マイナンバーカード 子育て支援 暮らし・手続き 健康・福祉 子育て・教育 産業・しごと 市政 現在地 トップページ > 分類でさがす > 健康・福祉 > 福祉 > 援護 本文 援護 ペ
33	18	糸満市	令和8年台風第9号の被災事業者に対する中小企業セーフティネット資金の運用について	https://www.city.itoman.lg.jp/soshiki/20/38293.html	令和8年台風第9号の被災事業者に対する中小企業セーフティネット資金の運用について - 糸満市ホームページ ページの先頭です。 メニューを飛ばして本文へ メニュー --> 閲覧補助 ホーム 検索 メニュー 本文へ Foreign language 文字サイズ・背景色変更 文字サイズ 標準 拡大 背景色 白 黒 青 閉じる ふりがな やさしい日本語 キーワード検索 Googleカスタム検索 検索対象 すべて ページ PDF ページID検索 キーワード検索 Googleカスタム検索 検索対象 すべて ページ PDF 分類でさがす 組織でさがす カレンダーでさがす 地図でさがす 申請・届け出でさがす 注目ワード マイナンバーカード 子育て支援 暮らし・手続き 健康・福祉 子育て・教育 産業・しごと 市政 現在地 トップ
33	18	糸満市	糸満市の広告事業について	https://www.city.itoman.lg.jp/site/userguide/2848.html	糸満市の広告事業について - はじめての方へ - 糸満市ホームページ ページの先頭です。 メニューを飛ばして本文へ メニュー --> 閲覧補助 ホーム 検索 メニュー 本文へ Foreign language 文字サイズ・背景色変更 文字サイズ 標準 拡大 背景色 白 黒 青 閉じる ふりがな やさしい日本語 キーワード検索 Googleカスタム検索 検索対象 すべて ページ PDF ページID検索 キーワード検索 Googleカスタム検索 検索対象 すべて ページ PDF 分類でさがす 組織でさがす カレンダーでさがす 地図でさがす 申請・届け出でさがす 注目ワード マイナンバーカード 子育て支援 暮らし・手続き 健康・福祉 子育て・教育 産業・しごと 市政 現在地 トップページ > はじめての方へ > 糸満
31	30	糸満市	令和8年度 糸満市会計年度任用職員の募集について	https://www.city.itoman.lg.jp/soshiki/2/33988.html	令和8年度 糸満市会計年度任用職員の募集について - 糸満市ホームページ ページの先頭です。 メニューを飛ばして本文へ メニュー --> 閲覧補助 ホーム 検索 メニュー 本文へ Foreign language 文字サイズ・背景色変更 文字サイズ 標準 拡大 背景色 白 黒 青 閉じる ふりがな やさしい日本語 キーワード検索 Googleカスタム検索 検索対象 すべて ページ PDF ページID検索 キーワード検索 Googleカスタム検索 検索対象 すべて ページ PDF 分類でさがす 組織でさがす カレンダーでさがす 地図でさがす 申請・届け出でさがす 注目ワード マイナンバーカード 子育て支援 暮らし・手続き 健康・福祉 子育て・教育 産業・しごと 市政 現在地 トップページ > 分類でさがす > 市
31	20	糸満市	個人市民税	https://www.city.itoman.lg.jp/life/2/3/14/	個人市民税 - 糸満市ホームページ ページの先頭です。 メニューを飛ばして本文へ メニュー --> 閲覧補助 ホーム 検索 メニュー 本文へ Foreign language 文字サイズ・背景色変更 文字サイズ 標準 拡大 背景色 白 黒 青 閉じる ふりがな やさしい日本語 キーワード検索 Googleカスタム検索 検索対象 すべて ページ PDF ページID検索 キーワード検索 Googleカスタム検索 検索対象 すべて ページ PDF 分類でさがす 組織でさがす カレンダーでさがす 地図でさがす 申請・届け出でさがす 注目ワード マイナンバーカード 子育て支援 暮らし・手続き 健康・福祉 子育て・教育 産業・しごと 市政 現在地 トップページ > 分類でさがす > 暮らし・手続き > 税金・公金 > 個人
31	20	糸満市	住まい・インフラ	https://www.city.itoman.lg.jp/life/2/6/	住まい・インフラ - 糸満市ホームページ ページの先頭です。 メニューを飛ばして本文へ メニュー --> 閲覧補助 ホーム 検索 メニュー 本文へ Foreign language 文字サイズ・背景色変更 文字サイズ 標準 拡大 背景色 白 黒 青 閉じる ふりがな やさしい日本語 キーワード検索 Googleカスタム検索 検索対象 すべて ページ PDF ページID検索 キーワード検索 Googleカスタム検索 検索対象 すべて ページ PDF 分類でさがす 組織でさがす カレンダーでさがす 地図でさがす 申請・届け出でさがす 注目ワード マイナンバーカード 子育て支援 暮らし・手続き 健康・福祉 子育て・教育 産業・しごと 市政 現在地 トップページ > 分類でさがす > 暮らし・手続き > 住まい・インフ
31	16	糸満市	夏休み工作教室のお知らせ（中央図書館）	https://www.city.itoman.lg.jp/soshiki/35/38318.html	夏休み工作教室のお知らせ（中央図書館） - 糸満市ホームページ ページの先頭です。 メニューを飛ばして本文へ メニュー --> 閲覧補助 ホーム 検索 メニュー 本文へ Foreign language 文字サイズ・背景色変更 文字サイズ 標準 拡大 背景色 白 黒 青 閉じる ふりがな やさしい日本語 キーワード検索 Googleカスタム検索 検索対象 すべて ページ PDF ページID検索 キーワード検索 Googleカスタム検索 検索対象 すべて ページ PDF 分類でさがす 組織でさがす カレンダーでさがす 地図でさがす 申請・届け出でさがす 注目ワード マイナンバーカード 子育て支援 暮らし・手続き 健康・福祉 子育て・教育 産業・しごと 市政 現在地 トップページ > 組織でさがす > 教育委員会教
31	16	糸満市	西崎エリア（運動公園等）の魅力向上に向けた取組について	https://www.city.itoman.lg.jp/soshiki/22/38241.html	西崎エリア（運動公園等）の魅力向上に向けた取組について - 糸満市ホームページ ページの先頭です。 メニューを飛ばして本文へ メニュー --> 閲覧補助 ホーム 検索 メニュー 本文へ Foreign language 文字サイズ・背景色変更 文字サイズ 標準 拡大 背景色 白 黒 青 閉じる ふりがな やさしい日本語 キーワード検索 Googleカスタム検索 検索対象 すべて ページ PDF ページID検索 キーワード検索 Googleカスタム検索 検索対象 すべて ページ PDF 分類でさがす 組織でさがす カレンダーでさがす 地図でさがす 申請・届け出でさがす 注目ワード マイナンバーカード 子育て支援 暮らし・手続き 健康・福祉 子育て・教育 産業・しごと 市政 現在地 トップページ > 組織でさがす
31	16	糸満市	『子どもげきじょう』（中央図書館）	https://www.city.itoman.lg.jp/soshiki/35/16747.html	『子どもげきじょう』（中央図書館） - 糸満市ホームページ ページの先頭です。 メニューを飛ばして本文へ メニュー --> 閲覧補助 ホーム 検索 メニュー 本文へ Foreign language 文字サイズ・背景色変更 文字サイズ 標準 拡大 背景色 白 黒 青 閉じる ふりがな やさしい日本語 キーワード検索 Googleカスタム検索 検索対象 すべて ページ PDF ページID検索 キーワード検索 Googleカスタム検索 検索対象 すべて ページ PDF 分類でさがす 組織でさがす カレンダーでさがす 地図でさがす 申請・届け出でさがす 注目ワード マイナンバーカード 子育て支援 暮らし・手続き 健康・福祉 子育て・教育 産業・しごと 市政 現在地 トップページ > 組織でさがす > 教育委員会教育機
31	16	糸満市	8	https://www.city.itoman.lg.jp/soshiki/20/38301.html	8/18(火）シルバー派遣事業説明会のご案内 - 糸満市ホームページ ページの先頭です。 メニューを飛ばして本文へ メニュー --> 閲覧補助 ホーム 検索 メニュー 本文へ Foreign language 文字サイズ・背景色変更 文字サイズ 標準 拡大 背景色 白 黒 青 閉じる ふりがな やさしい日本語 キーワード検索 Googleカスタム検索 検索対象 すべて ページ PDF ページID検索 キーワード検索 Googleカスタム検索 検索対象 すべて ページ PDF 分類でさがす 組織でさがす カレンダーでさがす 地図でさがす 申請・届け出でさがす 注目ワード マイナンバーカード 子育て支援 暮らし・手続き 健康・福祉 子育て・教育 産業・しごと 市政 現在地 トップページ > 組織でさがす > 経済部
31	16	糸満市	令和8年度沖縄県優良県産品推奨事業の製品募集について	https://www.city.itoman.lg.jp/soshiki/20/38278.html	令和8年度沖縄県優良県産品推奨事業の製品募集について - 糸満市ホームページ ページの先頭です。 メニューを飛ばして本文へ メニュー --> 閲覧補助 ホーム 検索 メニュー 本文へ Foreign language 文字サイズ・背景色変更 文字サイズ 標準 拡大 背景色 白 黒 青 閉じる ふりがな やさしい日本語 キーワード検索 Googleカスタム検索 検索対象 すべて ページ PDF ページID検索 キーワード検索 Googleカスタム検索 検索対象 すべて ページ PDF 分類でさがす 組織でさがす カレンダーでさがす 地図でさがす 申請・届け出でさがす 注目ワード マイナンバーカード 子育て支援 暮らし・手続き 健康・福祉 子育て・教育 産業・しごと 市政 現在地 トップページ > 分類でさがす >
31	16	糸満市	【商品券取扱店舗向け】ポスター画像の活用について	https://www.city.itoman.lg.jp/site/shouhinken/38319.html	【商品券取扱店舗向け】ポスター画像の活用について - いとまん商品券 - 糸満市ホームページ ページの先頭です。 メニューを飛ばして本文へ メニュー --> 閲覧補助 ホーム 検索 メニュー 本文へ Foreign language 文字サイズ・背景色変更 文字サイズ 標準 拡大 背景色 白 黒 青 閉じる ふりがな やさしい日本語 キーワード検索 Googleカスタム検索 検索対象 すべて ページ PDF ページID検索 キーワード検索 Googleカスタム検索 検索対象 すべて ページ PDF 分類でさがす 組織でさがす カレンダーでさがす 地図でさがす 申請・届け出でさがす 注目ワード マイナンバーカード 子育て支援 暮らし・手続き 健康・福祉 子育て・教育 産業・しごと 市政 現在地 トップページ >
31	16	糸満市	「糸満市ふるさと応援寄附金（ふるさと納税）」について	https://www.city.itoman.lg.jp/soshiki/7/1451.html	「糸満市ふるさと応援寄附金（ふるさと納税）」について - 糸満市ホームページ ページの先頭です。 メニューを飛ばして本文へ メニュー --> 閲覧補助 ホーム 検索 メニュー 本文へ Foreign language 文字サイズ・背景色変更 文字サイズ 標準 拡大 背景色 白 黒 青 閉じる ふりがな やさしい日本語 キーワード検索 Googleカスタム検索 検索対象 すべて ページ PDF ページID検索 キーワード検索 Googleカスタム検索 検索対象 すべて ページ PDF 分類でさがす 組織でさがす カレンダーでさがす 地図でさがす 申請・届け出でさがす 注目ワード マイナンバーカード 子育て支援 暮らし・手続き 健康・福祉 子育て・教育 産業・しごと 市政 現在地 トップページ > 分類でさがす >
30	19	糸満市	子育て・教育	https://www.city.itoman.lg.jp/life/4/	子育て・教育 - 糸満市ホームページ ページの先頭です。 メニューを飛ばして本文へ メニュー --> 閲覧補助 ホーム 検索 メニュー 本文へ Foreign language 文字サイズ・背景色変更 文字サイズ 標準 拡大 背景色 白 黒 青 閉じる ふりがな やさしい日本語 キーワード検索 Googleカスタム検索 検索対象 すべて ページ PDF ページID検索 キーワード検索 Googleカスタム検索 検索対象 すべて ページ PDF 分類でさがす 組織でさがす カレンダーでさがす 地図でさがす 申請・届け出でさがす 注目ワード マイナンバーカード 子育て支援 暮らし・手続き 健康・福祉 子育て・教育 産業・しごと 市政 現在地 トップページ > 分類でさがす > 子育て・教育 本文 子育て・教育 ペー
30	19	糸満市	教育・育成	https://www.city.itoman.lg.jp/life/4/14/	教育・育成 - 糸満市ホームページ ページの先頭です。 メニューを飛ばして本文へ メニュー --> 閲覧補助 ホーム 検索 メニュー 本文へ Foreign language 文字サイズ・背景色変更 文字サイズ 標準 拡大 背景色 白 黒 青 閉じる ふりがな やさしい日本語 キーワード検索 Googleカスタム検索 検索対象 すべて ページ PDF ページID検索 キーワード検索 Googleカスタム検索 検索対象 すべて ページ PDF 分類でさがす 組織でさがす カレンダーでさがす 地図でさがす 申請・届け出でさがす 注目ワード マイナンバーカード 子育て支援 暮らし・手続き 健康・福祉 子育て・教育 産業・しごと 市政 現在地 トップページ > 分類でさがす > 子育て・教育 > 教育・育成 本文 教育
30	19	糸満市	健康相談・啓発	https://www.city.itoman.lg.jp/life/3/9/54/	健康相談・啓発 - 糸満市ホームページ ページの先頭です。 メニューを飛ばして本文へ メニュー --> 閲覧補助 ホーム 検索 メニュー 本文へ Foreign language 文字サイズ・背景色変更 文字サイズ 標準 拡大 背景色 白 黒 青 閉じる ふりがな やさしい日本語 キーワード検索 Googleカスタム検索 検索対象 すべて ページ PDF ページID検索 キーワード検索 Googleカスタム検索 検索対象 すべて ページ PDF 分類でさがす 組織でさがす カレンダーでさがす 地図でさがす 申請・届け出でさがす 注目ワード マイナンバーカード 子育て支援 暮らし・手続き 健康・福祉 子育て・教育 産業・しごと 市政 現在地 トップページ > 分類でさがす > 健康・福祉 > 健康・予防 > 健康
28	17	糸満市	暮らし・手続き	https://www.city.itoman.lg.jp/life/2/	暮らし・手続き - 糸満市ホームページ ページの先頭です。 メニューを飛ばして本文へ メニュー --> 閲覧補助 ホーム 検索 メニュー 本文へ Foreign language 文字サイズ・背景色変更 文字サイズ 標準 拡大 背景色 白 黒 青 閉じる ふりがな やさしい日本語 キーワード検索 Googleカスタム検索 検索対象 すべて ページ PDF ページID検索 キーワード検索 Googleカスタム検索 検索対象 すべて ページ PDF 分類でさがす 組織でさがす カレンダーでさがす 地図でさがす 申請・届け出でさがす 注目ワード マイナンバーカード 子育て支援 暮らし・手続き 健康・福祉 子育て・教育 産業・しごと 市政 現在地 トップページ > 分類でさがす > 暮らし・手続き 本文 暮らし・手続き
28	17	糸満市	健康・福祉	https://www.city.itoman.lg.jp/life/3/	健康・福祉 - 糸満市ホームページ ページの先頭です。 メニューを飛ばして本文へ メニュー --> 閲覧補助 ホーム 検索 メニュー 本文へ Foreign language 文字サイズ・背景色変更 文字サイズ 標準 拡大 背景色 白 黒 青 閉じる ふりがな やさしい日本語 キーワード検索 Googleカスタム検索 検索対象 すべて ページ PDF ページID検索 キーワード検索 Googleカスタム検索 検索対象 すべて ページ PDF 分類でさがす 組織でさがす カレンダーでさがす 地図でさがす 申請・届け出でさがす 注目ワード マイナンバーカード 子育て支援 暮らし・手続き 健康・福祉 子育て・教育 産業・しごと 市政 現在地 トップページ > 分類でさがす > 健康・福祉 本文 健康・福祉 ページID
28	17	糸満市	募集	https://www.city.itoman.lg.jp/soshiki/list7-1.html	募集 - 糸満市ホームページ ページの先頭です。 メニューを飛ばして本文へ メニュー --> 閲覧補助 ホーム 検索 メニュー 本文へ Foreign language 文字サイズ・背景色変更 文字サイズ 標準 拡大 背景色 白 黒 青 閉じる ふりがな やさしい日本語 キーワード検索 Googleカスタム検索 検索対象 すべて ページ PDF ページID検索 キーワード検索 Googleカスタム検索 検索対象 すべて ページ PDF 分類でさがす 組織でさがす カレンダーでさがす 地図でさがす 申請・届け出でさがす 注目ワード マイナンバーカード 子育て支援 暮らし・手続き 健康・福祉 子育て・教育 産業・しごと 市政 現在地 トップページ > 募集 本文 募集 2026年7月16日更新 8/18(火）シルバ
27	16	糸満市	スポーツ事業	https://www.city.itoman.lg.jp/life/3/11/63/	スポーツ事業 - 糸満市ホームページ ページの先頭です。 メニューを飛ばして本文へ メニュー --> 閲覧補助 ホーム 検索 メニュー 本文へ Foreign language 文字サイズ・背景色変更 文字サイズ 標準 拡大 背景色 白 黒 青 閉じる ふりがな やさしい日本語 キーワード検索 Googleカスタム検索 検索対象 すべて ページ PDF ページID検索 キーワード検索 Googleカスタム検索 検索対象 すべて ページ PDF 分類でさがす 組織でさがす カレンダーでさがす 地図でさがす 申請・届け出でさがす 注目ワード マイナンバーカード 子育て支援 暮らし・手続き 健康・福祉 子育て・教育 産業・しごと 市政 現在地 トップページ > 分類でさがす > 健康・福祉 > スポーツ > スポーツ
22	25	糸満市	人事・職員募集	https://www.city.itoman.lg.jp/life/6/23/125/	人事・職員募集 - 糸満市ホームページ ページの先頭です。 メニューを飛ばして本文へ メニュー --> 閲覧補助 ホーム 検索 メニュー 本文へ Foreign language 文字サイズ・背景色変更 文字サイズ 標準 拡大 背景色 白 黒 青 閉じる ふりがな やさしい日本語 キーワード検索 Googleカスタム検索 検索対象 すべて ページ PDF ページID検索 キーワード検索 Googleカスタム検索 検索対象 すべて ページ PDF 分類でさがす 組織でさがす カレンダーでさがす 地図でさがす 申請・届け出でさがす 注目ワード マイナンバーカード 子育て支援 暮らし・手続き 健康・福祉 子育て・教育 産業・しごと 市政 現在地 トップページ > 分類でさがす > 市政 > 行政計画・施策 > 人事・
21	16	糸満市	【募集終了】 夏休み親子料理教室 参加者募集！	https://www.city.itoman.lg.jp/soshiki/10/37006.html	【募集終了】 夏休み親子料理教室 参加者募集！ - 糸満市ホームページ ページの先頭です。 メニューを飛ばして本文へ メニュー --> 閲覧補助 ホーム 検索 メニュー 本文へ Foreign language 文字サイズ・背景色変更 文字サイズ 標準 拡大 背景色 白 黒 青 閉じる ふりがな やさしい日本語 キーワード検索 Googleカスタム検索 検索対象 すべて ページ PDF ページID検索 キーワード検索 Googleカスタム検索 検索対象 すべて ページ PDF 分類でさがす 組織でさがす カレンダーでさがす 地図でさがす 申請・届け出でさがす 注目ワード マイナンバーカード 子育て支援 暮らし・手続き 健康・福祉 子育て・教育 産業・しごと 市政 現在地 トップページ > 組織でさがす > 市民
19	18	糸満市	西崎エリア施設魅力向上事業の事業者の募集	https://www.city.itoman.lg.jp/soshiki/22/37496.html	西崎エリア施設魅力向上事業の事業者の募集 - 糸満市ホームページ ページの先頭です。 メニューを飛ばして本文へ メニュー --> 閲覧補助 ホーム 検索 メニュー 本文へ Foreign language 文字サイズ・背景色変更 文字サイズ 標準 拡大 背景色 白 黒 青 閉じる ふりがな やさしい日本語 キーワード検索 Googleカスタム検索 検索対象 すべて ページ PDF ページID検索 キーワード検索 Googleカスタム検索 検索対象 すべて ページ PDF 分類でさがす 組織でさがす カレンダーでさがす 地図でさがす 申請・届け出でさがす 注目ワード マイナンバーカード 子育て支援 暮らし・手続き 健康・福祉 子育て・教育 産業・しごと 市政 現在地 トップページ > 分類でさがす > 産業・しご
18	21	糸満市	行政計画・施策	https://www.city.itoman.lg.jp/life/6/23/	行政計画・施策 - 糸満市ホームページ ページの先頭です。 メニューを飛ばして本文へ メニュー --> 閲覧補助 ホーム 検索 メニュー 本文へ Foreign language 文字サイズ・背景色変更 文字サイズ 標準 拡大 背景色 白 黒 青 閉じる ふりがな やさしい日本語 キーワード検索 Googleカスタム検索 検索対象 すべて ページ PDF ページID検索 キーワード検索 Googleカスタム検索 検索対象 すべて ページ PDF 分類でさがす 組織でさがす カレンダーでさがす 地図でさがす 申請・届け出でさがす 注目ワード マイナンバーカード 子育て支援 暮らし・手続き 健康・福祉 子育て・教育 産業・しごと 市政 現在地 トップページ > 分類でさがす > 市政 > 行政計画・施策 本文 行政
16	19	糸満市	市政に関する計画	https://www.city.itoman.lg.jp/life/6/23/119/	市政に関する計画 - 糸満市ホームページ ページの先頭です。 メニューを飛ばして本文へ メニュー --> 閲覧補助 ホーム 検索 メニュー 本文へ Foreign language 文字サイズ・背景色変更 文字サイズ 標準 拡大 背景色 白 黒 青 閉じる ふりがな やさしい日本語 キーワード検索 Googleカスタム検索 検索対象 すべて ページ PDF ページID検索 キーワード検索 Googleカスタム検索 検索対象 すべて ページ PDF 分類でさがす 組織でさがす カレンダーでさがす 地図でさがす 申請・届け出でさがす 注目ワード マイナンバーカード 子育て支援 暮らし・手続き 健康・福祉 子育て・教育 産業・しごと 市政 現在地 トップページ > 分類でさがす > 市政 > 行政計画・施策 > 市政
51	30	豊見城市	令和8年度豊見城市若者就業支援事業	https://www.city.tomigusuku.lg.jp/bosyu/9837.html	令和8年度豊見城市若者就業支援事業／豊見城市役所 公式ホームページ スマートフォン版を表示 本文へ 閲覧支援 Foreign Language English 中文（簡体） 中文（繁体） 翻訳 くらし・手続き 医療・健康・福祉 子育て・教育 観光・文化 ・スポーツ しごと・産業 行政情報 くらし・手続き 医療・健康・福祉 子育て・教育 観光・文化・スポーツ しごと・産業 行政情報 Foreign Language English 中文（簡体） 中文（繁体） 翻訳 PC版で表示する メニューを閉じる 現在の位置 ホーム （新着情報欄）募集 令和8年度豊見城市若者就業支援事業 令和8年度豊見城市若者就業支援事業 更新日：2026年07月01日 第169期青年隊への入隊に関する支援について 豊見城市では、一般社団法人
47	30	豊見城市	【沖縄県からのお知らせ】ちゅらっとターン交通費補助金について	https://www.city.tomigusuku.lg.jp/bosyu/9896.html	【沖縄県からのお知らせ】ちゅらっとターン交通費補助金について／豊見城市役所 公式ホームページ スマートフォン版を表示 本文へ 閲覧支援 Foreign Language English 中文（簡体） 中文（繁体） 翻訳 くらし・手続き 医療・健康・福祉 子育て・教育 観光・文化 ・スポーツ しごと・産業 行政情報 くらし・手続き 医療・健康・福祉 子育て・教育 観光・文化・スポーツ しごと・産業 行政情報 Foreign Language English 中文（簡体） 中文（繁体） 翻訳 PC版で表示する メニューを閉じる 現在の位置 ホーム （新着情報欄）募集 【沖縄県からのお知らせ】ちゅらっとターン交通費補助金について 【沖縄県からのお知らせ】ちゅらっとターン交通費補助金について 更新日：2026年06月2
37	30	豊見城市	申請書ダウンロード	https://www.city.tomigusuku.lg.jp/soshiki/15/1002/gyomuannai/1/1026.html	申請書ダウンロード／豊見城市役所 公式ホームページ スマートフォン版を表示 本文へ 閲覧支援 Foreign Language English 中文（簡体） 中文（繁体） 翻訳 くらし・手続き 医療・健康・福祉 子育て・教育 観光・文化 ・スポーツ しごと・産業 行政情報 くらし・手続き 医療・健康・福祉 子育て・教育 観光・文化・スポーツ しごと・産業 行政情報 Foreign Language English 中文（簡体） 中文（繁体） 翻訳 PC版で表示する メニューを閉じる 現在の位置 ホーム 組織から探す 総務部 秘書広報課 業務案内 申請書ダウンロード 申請書ダウンロード 申請書ダウンロード 更新日：2026年06月15日 法人各種届(Excelファイル:25.9KB) 特別徴収税額通知受取方法変更
37	30	豊見城市	新型コロナウイルス感染症関連情報	https://www.city.tomigusuku.lg.jp/iryo_kenko_fukushi/corona/1/3864.html	新型コロナウイルス感染症関連情報／豊見城市役所 公式ホームページ スマートフォン版を表示 本文へ 閲覧支援 Foreign Language English 中文（簡体） 中文（繁体） 翻訳 くらし・手続き 医療・健康・福祉 子育て・教育 観光・文化 ・スポーツ しごと・産業 行政情報 くらし・手続き 医療・健康・福祉 子育て・教育 観光・文化・スポーツ しごと・産業 行政情報 Foreign Language English 中文（簡体） 中文（繁体） 翻訳 PC版で表示する メニューを閉じる 現在の位置 ホーム 医療・健康・福祉 新型コロナウイルス感染症 市の感染症対策 新型コロナウイルス感染症関連情報 新型コロナウイルス感染症関連情報 更新日：2024年11月18日 新着情報 豊見城市新型コロナウイルス感
35	24	豊見城市	「のりのりチケット」のご案内！	https://www.city.tomigusuku.lg.jp/event_lecture/9802.html	「のりのりチケット」のご案内！／豊見城市役所 公式ホームページ スマートフォン版を表示 本文へ 閲覧支援 Foreign Language English 中文（簡体） 中文（繁体） 翻訳 くらし・手続き 医療・健康・福祉 子育て・教育 観光・文化 ・スポーツ しごと・産業 行政情報 くらし・手続き 医療・健康・福祉 子育て・教育 観光・文化・スポーツ しごと・産業 行政情報 Foreign Language English 中文（簡体） 中文（繁体） 翻訳 PC版で表示する メニューを閉じる 現在の位置 ホーム （新着情報欄）イベント・講座 「のりのりチケット」のご案内！ 「のりのりチケット」のご案内！ 更新日：2026年07月01日 豊見城市では、買物や通院等の外出機会を増やすことを目的にタクシー運賃助成事
30	22	豊見城市	豊見城市地域商品券事業（アゴマゴ商品券）について	https://www.city.tomigusuku.lg.jp/kurashi_tetsuzuki/service_madoguchi/4/7_1/9570.html	豊見城市地域商品券事業（アゴマゴ商品券）について／豊見城市役所 公式ホームページ スマートフォン版を表示 本文へ 閲覧支援 Foreign Language English 中文（簡体） 中文（繁体） 翻訳 くらし・手続き 医療・健康・福祉 子育て・教育 観光・文化 ・スポーツ しごと・産業 行政情報 くらし・手続き 医療・健康・福祉 子育て・教育 観光・文化・スポーツ しごと・産業 行政情報 Foreign Language English 中文（簡体） 中文（繁体） 翻訳 PC版で表示する メニューを閉じる 現在の位置 ホーム くらし・手続き くらしのサービス・窓口 補助金・助成金・給付金 暮らし・健康・福祉 豊見城市地域商品券事業（アゴマゴ商品券）について 豊見城市地域商品券事業（アゴマゴ商品券）について
26	16	豊見城市	補助金・助成金・給付金	https://www.city.tomigusuku.lg.jp/kurashi_tetsuzuki/service_madoguchi/4/index.html	補助金・助成金・給付金／豊見城市役所 公式ホームページ スマートフォン版を表示 本文へ 閲覧支援 Foreign Language English 中文（簡体） 中文（繁体） 翻訳 くらし・手続き 医療・健康・福祉 子育て・教育 観光・文化 ・スポーツ しごと・産業 行政情報 くらし・手続き 医療・健康・福祉 子育て・教育 観光・文化・スポーツ しごと・産業 行政情報 Foreign Language English 中文（簡体） 中文（繁体） 翻訳 PC版で表示する メニューを閉じる 現在の位置 ホーム くらし・手続き くらしのサービス・窓口 補助金・助成金・給付金 補助金・助成金・給付金 子育て・教育 暮らし・健康・福祉 生活・環境・安全 その他 くらしのサービス・窓口 豊見城市役所 〒901-0292 沖
15	22	豊見城市	豊見城市各種オンライン申請手続き一覧	https://www.city.tomigusuku.lg.jp/kurashi_tetsuzuki/service_madoguchi/8180.html	豊見城市各種オンライン申請手続き一覧／豊見城市役所 公式ホームページ スマートフォン版を表示 本文へ 閲覧支援 Foreign Language English 中文（簡体） 中文（繁体） 翻訳 くらし・手続き 医療・健康・福祉 子育て・教育 観光・文化 ・スポーツ しごと・産業 行政情報 くらし・手続き 医療・健康・福祉 子育て・教育 観光・文化・スポーツ しごと・産業 行政情報 Foreign Language English 中文（簡体） 中文（繁体） 翻訳 PC版で表示する メニューを閉じる 現在の位置 ホーム くらし・手続き くらしのサービス・窓口 豊見城市各種オンライン申請手続き一覧 豊見城市各種オンライン申請手続き一覧 更新日：2026年03月24日 豊見城市情報通信技術を活用した行政の推進に関す
41	30	名護市	名護市役所 NAGO CITY OFFICIAL WEB SITE	https://www.city.nago.okinawa.jp/category/guide/kosodate/	出産・子育て | 名護市役所 本文へ移動 文字の大きさ 小 中 大 背景色 黒 青 白 音声読み上げ ふりがな 名護市役所 NAGO CITY OFFICIAL WEB SITE お知らせ 名護市概要 救急･消防･防災 まちづくり アクセス 各施設紹介 組織一覧 各種申請・証明 名護市例規集 TOP カテゴリ 暮らしのガイド 出産・子育て 出産・子育て 【重要】父母の離婚後の子の養育に関するルールが改正されました 名護市子ども・子育て支援事業計画 名護市新生児聴覚検査費用助成金事業について 妊娠・出産 妊婦のための支援給付について 令和8年度 プレパパママ交流会について（産前・産後サポート事業） 産後ケア事業について 名護市新生児聴覚検査費用助成金事業について 助産施設入所措置制度について 名護市不妊治療通院に
40	25	名護市	名護市役所 NAGO CITY OFFICIAL WEB SITE	https://www.city.nago.okinawa.jp/articles/2026071500018/	【県融資制度】令和8年台風第9号の被災事業者に対する中小企業セーフティーネット資金の適用について | 名護市役所 本文へ移動 文字の大きさ 小 中 大 背景色 黒 青 白 音声読み上げ ふりがな 名護市役所 NAGO CITY OFFICIAL WEB SITE お知らせ 名護市概要 救急･消防･防災 まちづくり アクセス 各施設紹介 組織一覧 各種申請・証明 名護市例規集 TOP お知らせカテゴリ お知らせ一覧 新着 TOP 組織一覧 地域経済部 商工・企業誘致課 【県融資制度】令和8年台風第9号の被災事業者に対する中小企業セーフティーネット資金の適用について 公開日 2026.07.16 更新日 2026.07.16 令和8年 台風第9号が中小企業セーフティーネット資金の対象災害に認定されました。 沖縄県で
37	30	名護市	名護市役所 NAGO CITY OFFICIAL WEB SITE	https://www.city.nago.okinawa.jp/category/guide/kosodate/hoikuen/	保育園 | 名護市役所 本文へ移動 文字の大きさ 小 中 大 背景色 黒 青 白 音声読み上げ ふりがな 名護市役所 NAGO CITY OFFICIAL WEB SITE お知らせ 名護市概要 救急･消防･防災 まちづくり アクセス 各施設紹介 組織一覧 各種申請・証明 名護市例規集 TOP カテゴリ 暮らしのガイド 出産・子育て 保育園 保育園 名護市保育士等継続応援給付事業助成金 【再提出フォーム】保育・幼稚園課 オンライン申請に関する追加資料の提出について 名護市こども誰でも通園制度 名護市病児保育事業（アイビス名護保育園） 名護市病児保育事業（育ちのクリニック 病児保育ばんび） 名護市県外保育士誘致支援事業補助金 令和８年度 保育園関係の現況届について 特定保育施設等の新規利用申込・異動申込について
36	30	名護市	名護市役所 NAGO CITY OFFICIAL WEB SITE	https://www.city.nago.okinawa.jp/category/guide/kosodate/kosodate/	子育て | 名護市役所 本文へ移動 文字の大きさ 小 中 大 背景色 黒 青 白 音声読み上げ ふりがな 名護市役所 NAGO CITY OFFICIAL WEB SITE お知らせ 名護市概要 救急･消防･防災 まちづくり アクセス 各施設紹介 組織一覧 各種申請・証明 名護市例規集 TOP カテゴリ 暮らしのガイド 出産・子育て 子育て 子育て 名護市こどもの家事業 こども医療費助成における受給者証が使用できなかった場合の申請について（領収書申請） 【受付終了】名護市子育て世帯物価高騰対応重点支援給付金（1.5万円）について 多世代交流施設 ただいま整備中！ 名護市子ども・子育て支援事業計画 名護市立東江幼稚園にて預かり保育を伴う複数年保育を開始します 名護市地域子育て支援拠点センターについて アレルギーに
36	30	名護市	名護市役所 NAGO CITY OFFICIAL WEB SITE	https://www.city.nago.okinawa.jp/category/guide/kosodate/teate/	手当・補助 | 名護市役所 本文へ移動 文字の大きさ 小 中 大 背景色 黒 青 白 音声読み上げ ふりがな 名護市役所 NAGO CITY OFFICIAL WEB SITE お知らせ 名護市概要 救急･消防･防災 まちづくり アクセス 各施設紹介 組織一覧 各種申請・証明 名護市例規集 TOP カテゴリ 暮らしのガイド 出産・子育て 手当・補助 手当・補助 【受付終了】名護市子育て世帯物価高騰対応重点支援給付金（1.5万円）について 名護市新生児聴覚検査費用助成金事業について 【！重要！】令和６年10月からの児童手当制度の変更について 児童扶養手当について 児童手当について 市民のひろば 各施設紹介 名護市の紹介 暮らしのガイド 出産・子育て 教育環境 健康・スポーツ 高齢･介護･障がい者 税金・保険 ごみ
36	25	名護市	名護市役所 NAGO CITY OFFICIAL WEB SITE	https://www.city.nago.okinawa.jp/soshiki/kodomokateibu/kosodate/	子育て支援課 | 名護市役所 本文へ移動 文字の大きさ 小 中 大 背景色 黒 青 白 音声読み上げ ふりがな 名護市役所 NAGO CITY OFFICIAL WEB SITE お知らせ 名護市概要 救急･消防･防災 まちづくり アクセス 各施設紹介 組織一覧 各種申請・証明 名護市例規集 TOP 組織一覧 こども家庭部 子育て支援課 子育て支援課 新着情報 2026.07.13 名護市子育て短期支援事業について ( 子育て支援課 ) 2026.07.13 名護市養育支援訪問事業について ( 子育て支援課 ) 2026.06.01 名護市児童センターだよりといいっこ広場だよりを更新しました（6月号） ( 子育て支援課 ) 2026.04.28 沖縄県ひとり親暮らし応援事業 ( 子育て支援課 ) 2026.04
35	28	名護市	名護市役所 NAGO CITY OFFICIAL WEB SITE	https://www.city.nago.okinawa.jp/category/guide/zeikin/	税金・保険 | 名護市役所 本文へ移動 文字の大きさ 小 中 大 背景色 黒 青 白 音声読み上げ ふりがな 名護市役所 NAGO CITY OFFICIAL WEB SITE お知らせ 名護市概要 救急･消防･防災 まちづくり アクセス 各施設紹介 組織一覧 各種申請・証明 名護市例規集 TOP カテゴリ 暮らしのガイド 税金・保険 税金・保険 適格請求書等保存方式（インボイス制度） 適格請求書発行事業者登録のお知らせ 市民税・軽自動車税 軽自動車税の納期限変更について 新基準原付について 特定小型原動機付自転車の標識交付を開始します 令和８年度（令和７年分） 給与支払報告書の提出について 税務の各種証明申請書等 個人市民税 市税の証明等について 市税概要 eLTAX（地方税の電子申告サービス）導入のお知らせ
34	23	名護市	名護市役所 NAGO CITY OFFICIAL WEB SITE	https://www.city.nago.okinawa.jp/category/guide/sangyou/	産業・ビジネス | 名護市役所 本文へ移動 文字の大きさ 小 中 大 背景色 黒 青 白 音声読み上げ ふりがな 名護市役所 NAGO CITY OFFICIAL WEB SITE お知らせ 名護市概要 救急･消防･防災 まちづくり アクセス 各施設紹介 組織一覧 各種申請・証明 名護市例規集 TOP カテゴリ 暮らしのガイド 産業・ビジネス 産業・ビジネス 中小企業融資支援 スマートシティ 金融IT国際みらい都市 基本構想・コンセプト 情報通信産業特別地区 特区ができるまで 情報通信産業振興地域 経済金融活性化特別地区の企業数・雇用者数・事業認定 経済金融活性化特別地区 産業支援 第２次名護市中小企業・小規模企業振興ビジョン（令和４年３月策定） （5月1日更新）令和8年度名護市中小企業・小規模企業振興事業補助
34	23	名護市	名護市役所 NAGO CITY OFFICIAL WEB SITE	https://www.city.nago.okinawa.jp/category/guide/kyoiku/school/	市内小中学校 | 名護市役所 本文へ移動 文字の大きさ 小 中 大 背景色 黒 青 白 音声読み上げ ふりがな 名護市役所 NAGO CITY OFFICIAL WEB SITE お知らせ 名護市概要 救急･消防･防災 まちづくり アクセス 各施設紹介 組織一覧 各種申請・証明 名護市例規集 TOP カテゴリ 暮らしのガイド 教育環境 市内小中学校 市内小中学校 名護市立小中学校への通話録音装置の導入について 市立小中学校児童生徒の在籍数（令和８年5月1日現在） 令和８年度小中一貫教育校「緑風学園」、「屋我地ひるぎ学園」小規模特認校児童生徒募集について 令和５年度 名護市立幼稚園、小学校、中学校一覧 令和３年度 特定防衛施設周辺整備調整交付金事業の実績の公表について 令和２年度 特定防衛施設周辺整備調整交付金事
34	19	名護市	名護市役所 NAGO CITY OFFICIAL WEB SITE	https://www.city.nago.okinawa.jp/articles/2026071600039/	令和８年度名護市地域商業グロウアップ支援事業者を募集します | 名護市役所 本文へ移動 文字の大きさ 小 中 大 背景色 黒 青 白 音声読み上げ ふりがな 名護市役所 NAGO CITY OFFICIAL WEB SITE お知らせ 名護市概要 救急･消防･防災 まちづくり アクセス 各施設紹介 組織一覧 各種申請・証明 名護市例規集 TOP お知らせカテゴリ お知らせ一覧 新着 TOP お知らせカテゴリ お知らせ一覧 募集 TOP 組織一覧 地域経済部 商工・企業誘致課 令和８年度名護市地域商業グロウアップ支援事業者を募集します 公開日 2026.07.17 更新日 2026.07.17 名護市地域商業グロウアップ支援事業では、県内外での物産展・商談会への参加、プロモーション、商品のブラッシュアップを専門家
32	21	名護市	名護市役所 NAGO CITY OFFICIAL WEB SITE	https://www.city.nago.okinawa.jp/category/guide/kosodate/ninshin/	妊娠・出産 | 名護市役所 本文へ移動 文字の大きさ 小 中 大 背景色 黒 青 白 音声読み上げ ふりがな 名護市役所 NAGO CITY OFFICIAL WEB SITE お知らせ 名護市概要 救急･消防･防災 まちづくり アクセス 各施設紹介 組織一覧 各種申請・証明 名護市例規集 TOP カテゴリ 暮らしのガイド 出産・子育て 妊娠・出産 妊娠・出産 妊婦のための支援給付について 令和8年度 プレパパママ交流会について（産前・産後サポート事業） 産後ケア事業について 名護市新生児聴覚検査費用助成金事業について 助産施設入所措置制度について 名護市不妊治療通院にかかる交通費助成金事業について 新生児訪問とすくすくベイビー訪問 出産育児一時金について（国民健康保険の給付） 妊娠中の方への新型コロナウイルス
32	21	名護市	名護市役所 NAGO CITY OFFICIAL WEB SITE	https://www.city.nago.okinawa.jp/category/guide/kosodate/support/	サポート事業 | 名護市役所 本文へ移動 文字の大きさ 小 中 大 背景色 黒 青 白 音声読み上げ ふりがな 名護市役所 NAGO CITY OFFICIAL WEB SITE お知らせ 名護市概要 救急･消防･防災 まちづくり アクセス 各施設紹介 組織一覧 各種申請・証明 名護市例規集 TOP カテゴリ 暮らしのガイド 出産・子育て サポート事業 サポート事業 養育費のことでお困りの方へ（離婚前後家庭支援事業） 母子家庭等自立支援教育訓練給付金事業 名護市ファミリー・サポート・センター ひとり親家庭等日常生活支援事業 母子・父子・寡婦福祉資金貸付 母子家庭等高等職業訓練促進給付金事業 母子及び父子家庭等医療費助成について 市民のひろば 各施設紹介 名護市の紹介 暮らしのガイド 出産・子育て 教育環境 健康
32	21	名護市	名護市役所 NAGO CITY OFFICIAL WEB SITE	https://www.city.nago.okinawa.jp/category/guide/kourei/shougaishahukushi/	障がい者福祉 | 名護市役所 本文へ移動 文字の大きさ 小 中 大 背景色 黒 青 白 音声読み上げ ふりがな 名護市役所 NAGO CITY OFFICIAL WEB SITE お知らせ 名護市概要 救急･消防･防災 まちづくり アクセス 各施設紹介 組織一覧 各種申請・証明 名護市例規集 TOP カテゴリ 暮らしのガイド 高齢・介護・障がい者 障がい者福祉 障がい者福祉 障害児通所支援事業所等一覧表 障害者差別解消法(障害を理由とする差別の解消の推進に関する法律) 「手話」を学んでみよう！（手話教室などの参加申込ページ） 「電話リレーサービス」が公共インフラとして開始されました！ 障害福祉サービス事業所情報について（リンクのご案内） 医療的ケア児と家族の育児・療育サポートガイドについて 軽度・中等度難聴児補
32	17	名護市	名護市役所 NAGO CITY OFFICIAL WEB SITE	https://www.city.nago.okinawa.jp/articles/	お知らせ一覧 | 名護市役所 本文へ移動 文字の大きさ 小 中 大 背景色 黒 青 白 音声読み上げ ふりがな 名護市役所 NAGO CITY OFFICIAL WEB SITE お知らせ 名護市概要 救急･消防･防災 まちづくり アクセス 各施設紹介 組織一覧 各種申請・証明 名護市例規集 TOP お知らせ一覧 お知らせ一覧 2026.07.18 2026.07.18 【８月の開館カレンダー】 ( 博物館 ) 2026.07.17 2026.07.17 令和８年度名護市地域商業グロウアップ支援事業者を募集します ( 商工・企業誘致課 ) 2026.07.17 名護博物館企画展「名護・やんばるの沖縄戦」のお知らせ ( 博物館 ) 2026.07.16 2026.07.16 「スパ ジャングリア」地元割のお知らせ
30	28	名護市	名護市役所 NAGO CITY OFFICIAL WEB SITE	https://www.city.nago.okinawa.jp/category/guide/sodan/	相談窓口 | 名護市役所 本文へ移動 文字の大きさ 小 中 大 背景色 黒 青 白 音声読み上げ ふりがな 名護市役所 NAGO CITY OFFICIAL WEB SITE お知らせ 名護市概要 救急･消防･防災 まちづくり アクセス 各施設紹介 組織一覧 各種申請・証明 名護市例規集 TOP カテゴリ 暮らしのガイド 相談窓口 相談窓口 法律相談 無料法律相談 納税相談 国保税、よくある質問 行政相談 無料行政相談について 消費生活 無料消費生活相談 無料消費生活相談 不動産無料相談 生活困窮 物価高対応子育て応援手当に関するよくある質問 【受付終了】物価高対応子育て応援手当について 【受付終了】名護市定額減税補足給付金（不足額給付）について 名護市定額減税補足給付金（不足額給付）についてよくある質問 令和
30	19	名護市	名護市役所 NAGO CITY OFFICIAL WEB SITE	https://www.city.nago.okinawa.jp/category/guide/sangyou/sangyou/	産業（農畜林水産） | 名護市役所 本文へ移動 文字の大きさ 小 中 大 背景色 黒 青 白 音声読み上げ ふりがな 名護市役所 NAGO CITY OFFICIAL WEB SITE お知らせ 名護市概要 救急･消防･防災 まちづくり アクセス 各施設紹介 組織一覧 各種申請・証明 名護市例規集 TOP カテゴリ 暮らしのガイド 産業・ビジネス 産業（農畜林水産） 産業（農畜林水産） 多面的機能発揮事業に関する計画の概要 令和７年度 特定防衛施設周辺整備調整交付金事業について 名護市森林整備計画について 農業経営改善計画（認定農業者）制度について 名護市農畜産物生産奨励事業補助金について 名護市優良種畜導入事業補助金について 「農業経営基盤の強化の促進に関する基本的な構想」について 台風接近中の災害対策につい
29	26	名護市	名護市役所 NAGO CITY OFFICIAL WEB SITE	https://www.city.nago.okinawa.jp/category/guide/sumai/	住まい・環境 | 名護市役所 本文へ移動 文字の大きさ 小 中 大 背景色 黒 青 白 音声読み上げ ふりがな 名護市役所 NAGO CITY OFFICIAL WEB SITE お知らせ 名護市概要 救急･消防･防災 まちづくり アクセス 各施設紹介 組織一覧 各種申請・証明 名護市例規集 TOP カテゴリ 暮らしのガイド 住まい・環境 住まい・環境 お客さま用 騒音・振動・悪臭について 名護市都市計画図について 土地・建物の適正管理に関する相談について 野焼きについて 上水道・下水道 【注意喚起】 水道担当部局を騙ったフィッシング詐欺メールについて 令和６年度上下水道事業統計年報 水道料金及び下水道使用料のクレジットカード継続払いについて 決算の状況 節水へのご協力について 名護市上下水道事業のインボイス制
28	17	名護市	名護市役所 NAGO CITY OFFICIAL WEB SITE	https://www.city.nago.okinawa.jp/category/guide/kyoiku/shien/	支援制度 | 名護市役所 本文へ移動 文字の大きさ 小 中 大 背景色 黒 青 白 音声読み上げ ふりがな 名護市役所 NAGO CITY OFFICIAL WEB SITE お知らせ 名護市概要 救急･消防･防災 まちづくり アクセス 各施設紹介 組織一覧 各種申請・証明 名護市例規集 TOP カテゴリ 暮らしのガイド 教育環境 支援制度 支援制度 児童生徒の県外派遣等補助金について（令和７年４月～） 令和８年度新入学児童生徒の学用品費の入学前支給について 教育相談室 特別支援教育就学奨励制度について 令和８年度就学援助制度（要保護・準要保護）について 令和２年度新入学児童生徒学用品費の入学前支給について 市民のひろば 各施設紹介 名護市の紹介 暮らしのガイド 出産・子育て 教育環境 健康・スポーツ 高齢･介
23	16	名護市	名護市役所 NAGO CITY OFFICIAL WEB SITE	https://www.city.nago.okinawa.jp/category/guide/kourei/kourei-kaigo/	高齢・介護 | 名護市役所 本文へ移動 文字の大きさ 小 中 大 背景色 黒 青 白 音声読み上げ ふりがな 名護市役所 NAGO CITY OFFICIAL WEB SITE お知らせ 名護市概要 救急･消防･防災 まちづくり アクセス 各施設紹介 組織一覧 各種申請・証明 名護市例規集 TOP カテゴリ 暮らしのガイド 高齢・介護・障がい者 高齢・介護 高齢・介護 第三者行為（交通事故等）で介護が必要となった方へ 住宅改修について 成年後見制度について 介護予防に関する相談窓口や教室等について 認知症に関する相談窓口や取り組みについて 在宅医療・介護連携推進事業について 生活支援体制整備推進事業について 地域の高齢者相談窓口「地域包括支援センター」について 介護保険主治医意見書に係る情報提供シートについて
