松江市	1	135	松江市不妊治療費助成制度（一般不妊治療）	https://www.city.matsue.lg.jp/kosodate_kyoiku/ninshin_shussan/1/6780.html
松江市	2	135	松江市不妊治療費助成制度（生殖補助医療・先進医療）	https://www.city.matsue.lg.jp/kosodate_kyoiku/ninshin_shussan/1/6783.html
松江市	3	135	流産・死産等をされた方へ（妊婦等包括支援事業・妊婦のための支援給付事業）	https://www.city.matsue.lg.jp/kosodate_kyoiku/ninshin_shussan/1/23726.html
松江市	4	135	こどもの医療費助成	https://www.city.matsue.lg.jp/kosodate_kyoiku/ninshin_shussan/4_1/13685.html
松江市	5	121	ふるさと奨学金(制度概要)	https://www.city.matsue.lg.jp/kosodate_kyoiku/kyoikuiinkai/8/6101.html
松江市	6	120	低所得の妊婦に対する初回産科受診料支援事業	https://www.city.matsue.lg.jp/kosodate_kyoiku/ninshin_shussan/support/16693.html
松江市	7	120	流産・死産等をされた方へ（妊婦等包括支援事業・妊婦のための支援給付事業）	https://www.city.matsue.lg.jp/kosodate_kyoiku/ninshin_shussan/support/23727.html
松江市	8	120	妊婦等包括相談支援事業・妊婦のための支援給付事業	https://www.city.matsue.lg.jp/kosodate_kyoiku/ninshin_shussan/12479.html
松江市	9	118	原子力発電施設等周辺地域企業立地支援給付金（F補助金）	https://www.city.matsue.lg.jp/sangyo_business/sangyoshinko/5/4/7537.html
松江市	10	115	「物価高対応子育て応援手当」	https://www.city.matsue.lg.jp/soshikikarasagasu/kosodatebu_kosodatekyuhuka/teate/24730.html
松江市	11	113	各種補助金の案内	https://www.city.matsue.lg.jp/gyoseijoho/hojyokin/index.html
松江市	12	98	こどもの医療費助成	https://www.city.matsue.lg.jp/kosodate_kyoiku/ninshin_shussan/14395.html
松江市	13	88	病児・病後児保育	https://www.city.matsue.lg.jp/kosodate_kyoiku/kosodateshien/5_1/8/12035.html
松江市	14	85	島根県男性不妊検査費助成事業	https://www.city.matsue.lg.jp/kosodate_kyoiku/ninshin_shussan/1/6790.html
松江市	15	82	こちら	https://www.city.matsue.lg.jp/soshikikarasagasu/shimimbu_shiminka/koseki_juminhyo_inkantoroku/4/3035.html
松江市	16	76	道路	https://www.city.matsue.lg.jp/sangyo_business/kaihatsu_toshikeikaku/4/6373.html
松江市	17	74	松江市まちづくりのための市民アンケート	https://www.city.matsue.lg.jp/gyoseijoho/kakushukeikaku/10/9941.html
松江市	18	70	松江市不育症検査費助成	https://www.city.matsue.lg.jp/kosodate_kyoiku/ninshin_shussan/1/6782.html
松江市	19	70	母子健康手帳	https://www.city.matsue.lg.jp/kosodate_kyoiku/ninshin_shussan/2/6761.html
松江市	20	70	乳幼児健診	https://www.city.matsue.lg.jp/kosodate_kyoiku/ninshin_shussan/4_1/14433.html
松江市	21	69	夏休みこども向け手話教室	https://www.city.matsue.lg.jp/event/25998.html
松江市	22	62	産婦健診	https://www.city.matsue.lg.jp/kosodate_kyoiku/ninshin_shussan/4_1/6724.html
松江市	23	62	赤ちゃん訪問	https://www.city.matsue.lg.jp/kosodate_kyoiku/ninshin_shussan/4_1/15098.html
松江市	24	58	第54回松江市民美術展	https://www.city.matsue.lg.jp/event/19793.html
浜田市	1	157	手すき和紙研修滞在支援補助金・石州半紙後継者育成支援事業補助金	https://www.city.hamada.shimane.jp/www/contents/1780980422237/index.html
浜田市	2	155	令和８年度 浜田市萩・石見空港利用促進補助金	https://www.city.hamada.shimane.jp/www/contents/1772084909254/index.html
浜田市	3	155	令和８年度 浜田市再生可能エネルギー設備導入支援事業補助金の募集について	https://www.city.hamada.shimane.jp/www/contents/1743399049220/index.html
浜田市	4	155	浜田市日本遺産石見神楽保存・継承支援事業補助金 令和6年度概要報告	https://www.city.hamada.shimane.jp/www/contents/1769132585893/index.html
浜田市	5	155	浜田市日本遺産石見神楽保存・継承支援事業補助金 令和5年度概要報告	https://www.city.hamada.shimane.jp/www/contents/1722577907887/index.html
浜田市	6	155	浜田市日本遺産石見神楽保存・継承支援事業補助金 令和4年度概要報告	https://www.city.hamada.shimane.jp/www/contents/1690503904210/index.html
浜田市	7	155	浜田市日本遺産石見神楽保存・継承支援事業補助金 令和3年度概要報告	https://www.city.hamada.shimane.jp/www/contents/1659403087847/index.html
浜田市	8	155	浜田市商店街等活性化支援事業補助金	https://www.city.hamada.shimane.jp/www/contents/1647908278827/index.html
浜田市	9	155	浜田市日本遺産石見神楽保存・継承支援事業補助金 令和2年度概要報告	https://www.city.hamada.shimane.jp/www/contents/1618813790918/index.html
浜田市	10	155	【災害助成金】建物の敷地・農地に流入した土砂等の除去費を助成します(2021年09月30日 15時00分)	https://www.city.hamada.shimane.jp/www/contents/1632981738439/index.html
浜田市	11	154	浜田市商業支援事業補助金について	https://www.city.hamada.shimane.jp/www/contents/1589880250802/index.html
浜田市	12	154	浜田市ソフト産業立地促進補助金について	https://www.city.hamada.shimane.jp/www/contents/1437973046054/index.html
浜田市	13	154	販路拡大支援にかかる見本市等出展経費補助金	https://www.city.hamada.shimane.jp/www/contents/1640660725897/index.html
浜田市	14	154	海外販路開拓経費支援補助金	https://www.city.hamada.shimane.jp/www/contents/1644189964361/index.html
浜田市	15	154	令和8年度 活力あるもの・ひとづくり支援事業補助金の申請について	https://www.city.hamada.shimane.jp/www/contents/1776732353432/index.html
浜田市	16	154	令和８年度 浜田市萩・石見空港利用促進補助金(移住者・移住検討者・浜田応援団用）	https://www.city.hamada.shimane.jp/www/contents/1772086896511/index.html
浜田市	17	152	浜田市飲料水安定確保事業補助金	https://www.city.hamada.shimane.jp/www/contents/1001000001308/index.html
浜田市	18	152	空き家の家財道具の処分経費を補助します（空き家バンク活用促進事業補助金）	https://www.city.hamada.shimane.jp/www/contents/1462928457251/index.html
浜田市	19	152	空き家の改修経費を補助します（空き家バンク登録物件改修事業補助金）	https://www.city.hamada.shimane.jp/www/contents/1614738139955/index.html
浜田市	20	152	島根県学会・コンベンション開催支援事業費補助金制度について	https://www.city.hamada.shimane.jp/www/contents/1559286852606/index.html
浜田市	21	152	浜田市合宿等誘致事業補助金	https://www.city.hamada.shimane.jp/www/contents/1393288221266/index.html
浜田市	22	149	出産を控えた国保加入者の方へ（出産育児一時金の支給）	https://www.city.hamada.shimane.jp/www/contents/1001000002306/index.html
浜田市	23	148	令和8年度浜田市坂根正弘奨学金奨学生を募集します	https://www.city.hamada.shimane.jp/www/contents/1756958764513/index.html
浜田市	24	146	令和8年度益井俊雄奨学金（海外短期留学）奨学生の募集について	https://www.city.hamada.shimane.jp/www/contents/1765873951852/index.html
浜田市	25	146	令和8年度山藤功奨学金奨学生の募集について	https://www.city.hamada.shimane.jp/www/contents/1500887597755/index.html
浜田市	26	146	令和8年度浜田市奨学金奨学生の募集について	https://www.city.hamada.shimane.jp/www/contents/1700201377994/index.html
浜田市	27	146	令和8年度益井俊雄奨学金（文化芸術・スポーツ活動等）奨学生の募集について	https://www.city.hamada.shimane.jp/www/contents/1765875359619/index.html
浜田市	28	146	浜田市高等学校等生徒下宿費助成金事業のお知らせ	https://www.city.hamada.shimane.jp/www/contents/1632993408801/index.html
浜田市	29	145	結婚新生活支援事業補助金について	https://www.city.hamada.shimane.jp/www/contents/1617062532890/index.html
浜田市	30	145	あいのりタクシー等運行支援事業補助金について	https://www.city.hamada.shimane.jp/www/contents/1657583960602/index.html
浜田市	31	145	浜田市交通事業者乗務員確保支援事業補助金について	https://www.city.hamada.shimane.jp/www/contents/1749628898980/index.html
浜田市	32	133	地域課題解決型しまね起業支援事業費補助金の公募開始について【第2回】	https://www.city.hamada.shimane.jp/www/contents/1782102534225/index.html
浜田市	33	133	【防犯交通】コロナ給付金に関する特殊詐欺予兆電話に注意！(2022年06月17日 14時00分)	https://www.city.hamada.shimane.jp/www/contents/1655442134275/index.html
浜田市	34	133	給付金の支給に関する偽メールに注意(2021年01月18日 15時54分)	https://www.city.hamada.shimane.jp/www/contents/1610952969902/index.html
浜田市	35	133	特別定額給付金メールに注意！(2020年10月21日 10時03分)	https://www.city.hamada.shimane.jp/www/contents/1603242370332/index.html
浜田市	36	133	【防犯交通】特別定額給付金に関する不審電話にご注意を！(2020年05月11日 15時35分)	https://www.city.hamada.shimane.jp/www/contents/1589179088803/index.html
浜田市	37	132	「業務改善助成金」のご案内	https://www.city.hamada.shimane.jp/www/contents/1611723093462/index.html
浜田市	38	132	令和8年度第1回 島根県商業・サービス業県外展開支援補助金の公募が始まりました（島根県支援施策）	https://www.city.hamada.shimane.jp/www/contents/1712023438046/index.html
浜田市	39	132	事業者の皆様へ 国（経済産業省等）の補助金をご活用ください	https://www.city.hamada.shimane.jp/www/contents/1551227847039/index.html
浜田市	40	132	事業再構築補助金（経済産業省支援施策）	https://www.city.hamada.shimane.jp/www/contents/1612744294398/index.html
浜田市	41	130	浜田市海外友好都市交流推進事業補助金について	https://www.city.hamada.shimane.jp/www/contents/1647923335618/index.html
浜田市	42	130	無線システム普及支援事業等補助金事業の事後評価について	https://www.city.hamada.shimane.jp/www/contents/1746600522226/index.html
浜田市	43	130	浜田市保育士修学資金貸付事業について	https://www.city.hamada.shimane.jp/www/contents/1435322002399/index.html
浜田市	44	129	浜田市における企業立地奨励金制度について	https://www.city.hamada.shimane.jp/www/contents/1432103459641/index.html
浜田市	45	127	支援・助成制度	https://www.city.hamada.shimane.jp/www/genre/1000170010717/index.html
浜田市	46	127	福祉医療費助成制度について	https://www.city.hamada.shimane.jp/www/contents/1401255701834/index.html
浜田市	47	127	子ども医療費助成制度について	https://www.city.hamada.shimane.jp/www/contents/1001000002319/index.html
浜田市	48	127	交通遺児等育成資金貸付・重度後遺障がい者介護料の支給のご案内	https://www.city.hamada.shimane.jp/www/contents/1001000001983/index.html
浜田市	49	127	水道の基本料金減免について	https://www.city.hamada.shimane.jp/www/contents/1775354717947/index.html
浜田市	50	123	生活困窮者自立支援制度のご案内	https://www.city.hamada.shimane.jp/www/contents/1671334003759/index.html
浜田市	51	123	令和7年度 物価高対応子育て応援手当	https://www.city.hamada.shimane.jp/www/contents/1767590458196/index.html
浜田市	52	123	浜田市子育て短期支援事業について	https://www.city.hamada.shimane.jp/www/contents/1729130694182/index.html
浜田市	53	121	浜田市看護学生等修学資金貸付制度について	https://www.city.hamada.shimane.jp/www/contents/1628646169488/index.html
浜田市	54	113	助成制度	https://teiju.joho-hamada.jp/page-24/?doing_wp_cron=1784222195.1359899044036865234375
浜田市	55	108	保育士確保に関する各種支援事業について	https://www.city.hamada.shimane.jp/www/contents/1734047729349/index.html
浜田市	56	105	市税等の減免	https://www.city.hamada.shimane.jp/www/contents/1001000001339/index.html
浜田市	57	100	●手すき和紙研修滞在支援補助金チラシ（PDF／386KB）	https://www.city.hamada.shimane.jp/www/contents/1780980422237/simple/taizaisien_chirashi.pdf
浜田市	58	100	●石州和紙後継者育成支援事業補助金チラシ（PDF／386KB）	https://www.city.hamada.shimane.jp/www/contents/1780980422237/simple/koukeisyaikusei__chirashi.pdf
浜田市	59	100	【浜田市手すき和紙研修滞在支援補助金交付要綱】（PDF／329KB）	https://www.city.hamada.shimane.jp/www/contents/1780980422237/simple/taizaishien_youkou.pdf
浜田市	60	100	【浜田市石州半紙後継者育成支援事業補助金交付要綱】（PDF／197KB）	https://www.city.hamada.shimane.jp/www/contents/1780980422237/simple/koukeisyaikusei_youkou.pdf
浜田市	61	98	浜田市は新婚世帯の新生活を応援します！～結婚新生活支援事業のご案内～	https://www.city.hamada.shimane.jp/www/contents/1614216426235/index.html
浜田市	62	98	応急手当講習について	https://www.city.hamada.shimane.jp/www/contents/1590990285902/index.html
浜田市	63	97	保育料減免制度について	https://www.city.hamada.shimane.jp/www/contents/1389003991885/index.html
浜田市	64	97	児童手当のページへリンク	https://www.city.hamada.shimane.jp/www/genre/1000170010091/index.html
浜田市	65	97	助成制度	https://www.city.hamada.shimane.jp/www/genre/1000170010626/index.html
浜田市	66	97	乳幼児等医療費助成制度のページへリンク	https://www.city.hamada.shimane.jp/www/genre/1000170010046/index.html
浜田市	67	97	サポート・支援事業	https://www.city.hamada.shimane.jp/www/genre/1000170010629/index.html
浜田市	68	97	支援制度	https://www.city.hamada.shimane.jp/www/genre/1000170010636/index.html
浜田市	69	97	児童扶養手当のページへリンク	https://www.city.hamada.shimane.jp/www/genre/1000170010092/index.html
浜田市	70	97	特別障害者・障害児福祉・特別児童扶養手当のページへリンク	https://www.city.hamada.shimane.jp/www/genre/1000170010085/index.html
浜田市	71	97	福祉医療費助成制度のページへリンク	https://www.city.hamada.shimane.jp/www/genre/1000170010045/index.html
浜田市	72	96	肝炎医療費助成制度	https://www.city.hamada.shimane.jp/www/genre/1000170010071/index.html
浜田市	73	94	地域総合整備資金貸付（ふるさと融資）制度	https://www.city.hamada.shimane.jp/www/contents/1679972374840/index.html
浜田市	74	94	住宅関連支援制度のページへリンク	https://www.city.hamada.shimane.jp/www/genre/1000170010109/index.html
浜田市	75	85	自主防災組織育成事業補助金	https://www.city.hamada.shimane.jp/www/contents/1001000000994/index.html
浜田市	76	78	【若者支援ファンド】若者の住宅取得（新築・購入）を応援します（39歳以下、補助率2/100、上限40万円）	https://teiju.joho-hamada.jp/post_news/%e3%80%90%e8%8b%a5%e8%80%85%e6%94%af%e6%8f%b4%e3%83%95%e3%82%a1%e3%83%b3%e3%83%89%e3%80%91%e8%8b%a5%e8%80%85%e3%81%ae%e4%bd%8f%e5%ae%85%e5%8f%96%e5%be%97%ef%bc%88%e6%96%b0%e7%af%89%e3%83%bb%e8%b3%bc/
浜田市	77	63	はまだぐらし －浜田市移住・定住情報サイト－ はまだぐらし －浜田市移住・定住情報サイト－	https://teiju.joho-hamada.jp/?doing_wp_cron=1784221666.8242130279541015625000
浜田市	78	62	観光関連の各種支援・補助制度等を紹介します。	https://www.city.hamada.shimane.jp/www/contents/1714637059093/index.html
出雲市	1	154	令和８年度「出雲市ゼロカーボンシティ加速化事業ZEH補助金」について【ゼロカーボン推進室】	https://www.city.izumo.shimane.jp/www/contents/1686027224687/index.html
出雲市	2	154	令和8年度 出雲市農業用除草機械導入支援事業費補助金（二次募集）について【農業振興課】	https://www.city.izumo.shimane.jp/www/contents/1778562788750/index.html
出雲市	3	154	令和８年度「出雲市ゼロカーボンシティ加速化事業省エネ設備導入補助金」の受付について【ゼロカーボン推進室】 ※募集は終了しました。	https://www.city.izumo.shimane.jp/www/contents/1743648291271/index.html
出雲市	4	154	出雲市内で高校生の下宿受入れを検討されている皆様へ「高校生住まい環境整備補助金」を交付します	https://www.city.izumo.shimane.jp/www/contents/1763443163592/index.html
出雲市	5	140	令和８年度 出雲市省エネ家電買替支援事業補助金について【お知らせ】	https://izumo-econavi.com/assist/24555
出雲市	6	132	令和８年度「出雲市多文化共生推進事業補助金」「出雲市日本語教室運営支援事業補助金」「出雲市民間国際交流団体事業補助金」申請のご案内【文化国際室】	https://www.city.izumo.shimane.jp/www/contents/1495672167769/index.html
出雲市	7	129	東京圏からの移住者向け『わくわく出雲生活実現支援事業における移住支援金』のお知らせ【縁結び定住課】	https://www.city.izumo.shimane.jp/www/contents/1774490426902/index.html
出雲市	8	129	東京圏の学生等向け『島根就職支援事業における学生就職支援金』のお知らせ【縁結び定住課】	https://www.city.izumo.shimane.jp/www/contents/1774503871870/index.html
出雲市	9	128	介護人材確保・定着推進事業費補助金について【高齢者福祉課】	https://www.city.izumo.shimane.jp/www/contents/1717562590013/index.html
出雲市	10	126	母子家庭等自立支援給付金事業について	https://www.city.izumo.shimane.jp/www/contents/1254398521548/index.html
出雲市	11	122	出雲市止水板設置補助金制度について	https://www.city.izumo.shimane.jp/www/contents/1775009793125/index.html
出雲市	12	121	崩落土砂等撤去費等助成金について	https://www.city.izumo.shimane.jp/www/contents/1673929103309/index.html
出雲市	13	119	令和8年度 出雲市農業用除草機械導入支援事業費補助金について【農業振興課】	https://www.city.izumo.shimane.jp/www/contents/1773108781198/index.html
出雲市	14	119	出雲市市民協働事業支援補助金について【市民活動支援課】	https://www.city.izumo.shimane.jp/www/contents/1550197949969/index.html
出雲市	15	119	令和８年度「出雲市ゼロカーボンシティ加速化事業補助金」について【ゼロカーボン推進室】	https://www.city.izumo.shimane.jp/www/contents/1684291287873/index.html
出雲市	16	119	令和8年度「出雲市再生可能エネルギー設備等導入補助金」について【ゼロカーボン推進室】	https://www.city.izumo.shimane.jp/www/contents/1665750354587/index.html
出雲市	17	119	2026年度『いずもで仕事探し宿泊助成金』のご案内【縁結び定住課】	https://www.city.izumo.shimane.jp/www/contents/1773883368984/index.html
出雲市	18	119	令和８年度 いずもの木製品購入・いずもの林産物振興事業補助金について	https://www.city.izumo.shimane.jp/www/contents/1724048642975/index.html
出雲市	19	119	2026年度『いずもで新生活応援助成金』のご案内【縁結び定住課】	https://www.city.izumo.shimane.jp/www/contents/1742774950960/index.html
出雲市	20	119	2026年度『いずも暮らしＩターン応援助成金』募集のお知らせ【縁結び定住課】	https://www.city.izumo.shimane.jp/www/contents/1742862261411/index.html
出雲市	21	119	令和８年度 いずもの木づかい建築費補助金募集について【森林政策課】	https://www.city.izumo.shimane.jp/www/contents/1687759502258/index.html
出雲市	22	119	2026年度「いずも移住リフォーム助成金」の募集について【縁結び定住課】	https://www.city.izumo.shimane.jp/www/contents/1774318589930/index.html
出雲市	23	119	2026年度「出雲市移住促進住まいづくり助成金」の募集について【縁結び定住課】	https://www.city.izumo.shimane.jp/www/contents/1774319670707/index.html
出雲市	24	119	地域脱炭素移行・再エネ推進交付金（重点対策加速化事業）について	https://www.city.izumo.shimane.jp/www/contents/1685352298427/index.html
出雲市	25	114	申請から補助金交付までの流れ（PDF／212KB）	https://www.city.izumo.shimane.jp/www/contents/1717562590013/simple/sinseinonagare.pdf
出雲市	26	113	出雲市自立支援医療費助成金の請求はお済みですか？	https://www.city.izumo.shimane.jp/www/contents/1211935112841/index.html
出雲市	27	113	出雲市元気！やる気！地域応援補助金（自治振興課）	https://www.city.izumo.shimane.jp/www/contents/1665016440172/index.html
出雲市	28	113	手当・助成	https://izumo-kosodate.net/category/purpose/allow/
出雲市	29	110	出雲市求人情報発信支援事業補助金について【産業政策課】	https://www.city.izumo.shimane.jp/www/contents/1776315887495/index.html
出雲市	30	110	出雲市浄化槽整備事業補助金について	https://www.city.izumo.shimane.jp/www/contents/1661923845620/index.html
出雲市	31	108	出雲市木造住宅耐震化促進事業補助金について	https://www.city.izumo.shimane.jp/www/contents/1305012104695/index.html
出雲市	32	108	がけ地近接等危険住宅移転事業補助金について	https://www.city.izumo.shimane.jp/www/contents/1380595710982/index.html
出雲市	33	107	令和８年度出雲市地域産業エネルギー利用高度化支援事業 受託候補者を決定しました【環境政策課ゼロカーボン推進室】	https://www.city.izumo.shimane.jp/www/contents/1750919479388/index.html
出雲市	34	106	介護人材確保・定着推進補助金交付要綱（PDF／221KB）	https://www.city.izumo.shimane.jp/www/contents/1717562590013/simple/youkou.pdf
出雲市	35	101	児童手当	https://www.city.izumo.shimane.jp/www/contents/1472444471893/index.html
出雲市	36	101	小・中学生及び高校生年代を対象とした「子ども医療費助成制度」について	https://www.city.izumo.shimane.jp/www/contents/1608020857033/index.html
出雲市	37	101	児童扶養手当制度について	https://www.city.izumo.shimane.jp/www/contents/1646803159709/index.html
出雲市	38	100	出雲市止水板設置補助金交付要綱（PDF／162KB）	https://www.city.izumo.shimane.jp/www/contents/1775009793125/simple/izumoshi_shisuiban.pdf
出雲市	39	100	出雲市止水板設置補助金の手引き（PDF／1MB）	https://www.city.izumo.shimane.jp/www/contents/1775009793125/simple/izumo__shisuiban.pdf
出雲市	40	99	出雲市崩落土砂等撤去費等助成金交付要綱（PDF／147KB）	https://www.city.izumo.shimane.jp/www/contents/1673929103309/files/kouhuyoukou.pdf
出雲市	41	98	Sistema de Isenção do Imposto de Veículos Leves（軽自動車税の減免について）【Portugues】	https://www.city.izumo.shimane.jp/www/contents/1586393822999/index.html
出雲市	42	98	令和６年能登半島地震で被災された方の水道料金・下水道使用料の免除について【上下水道局 営業総務課】	https://www.city.izumo.shimane.jp/www/contents/1704941215581/index.html
出雲市	43	97	令和８年度「出雲市省エネ家電買替支援事業補助金」について【ゼロカーボン推進室】	https://www.city.izumo.shimane.jp/www/contents/1776320254998/index.html
出雲市	44	97	専門実践教育訓練給付金	https://www.icmn.ac.jp/admissions/benefit/
出雲市	45	96	手当・助成	https://www.city.izumo.shimane.jp/www/genre/1179819453480/index.html
出雲市	46	95	浸水し尿くみ取り料補助金交付申請書(様式第1号)（PDF／62KB）	https://www.city.izumo.shimane.jp/www/contents/1625980847569/files/shinseisyo-pdf.pdf
出雲市	47	94	出雲市肥料価格高騰対策支援事業の実施について【農業振興課】	https://www.city.izumo.shimane.jp/www/contents/1778563153855/index.html
出雲市	48	93	補助・支援制度	https://izumo-econavi.com/assist
出雲市	49	88	定額減税補足給付金及び低所得者世帯支援給付金に係る課税、差押え対象の取扱いについて	https://www.city.izumo.shimane.jp/www/contents/1773883488232/index.html
出雲市	50	88	不妊治療費助成制度	https://www.city.izumo.shimane.jp/www/contents/1273123755156/index.html
出雲市	51	88	不育症治療費助成制度	https://www.city.izumo.shimane.jp/www/contents/1426483814802/index.html
出雲市	52	88	乳幼児等医療費助成制度	https://www.city.izumo.shimane.jp/www/contents/1285844715456/index.html
出雲市	53	88	福祉医療費助成制度	https://www.city.izumo.shimane.jp/www/contents/1127996049456/index.html
出雲市	54	88	病児・病後児保育室【利用料金減免制度】	https://www.city.izumo.shimane.jp/www/contents/1369200453142/index.html
出雲市	55	88	骨髄移植ドナー支援事業について	https://www.city.izumo.shimane.jp/www/contents/1504509338155/index.html
出雲市	56	87	浸水し尿くみ取り料補助金交付請求書（様式第3号）（PDF／255KB）	https://www.city.izumo.shimane.jp/www/contents/1625980847569/files/seikyuusyo-pdf.pdf
出雲市	57	87	出雲市浸水し尿くみ取り料補助金交付要綱（PDF／84KB）	https://www.city.izumo.shimane.jp/www/contents/1625980847569/files/sinnsuisinyoukumitoriyoukou.pdf
出雲市	58	85	地域未来投資促進法による固定資産税の課税免除について【資産税課】	https://www.city.izumo.shimane.jp/www/contents/1372292005895/index.html
出雲市	59	85	地方活力向上地域における固定資産税の課税免除又は不均一課税について【資産税課】	https://www.city.izumo.shimane.jp/www/contents/1372291316866/index.html
出雲市	60	85	過疎地域における固定資産税の課税免除について【資産税課】	https://www.city.izumo.shimane.jp/www/contents/1372290433231/index.html
出雲市	61	85	法律に基づく指定区域内における出雲市固定資産税の課税免除・不均一課税について【資産税課】	https://www.city.izumo.shimane.jp/www/contents/1372220498114/index.html
出雲市	62	81	新規就労者奨励金チラシ（PDF／468KB）	https://www.city.izumo.shimane.jp/www/contents/1717562590013/simple/tirasi.pdf
出雲市	63	80	8/23「夏の川遊び体験会」が開催されます！	https://izumo-econavi.com/new/24837
出雲市	64	79	子育て世帯訪問支援事業実施業務 登録事業者の募集について	https://www.city.izumo.shimane.jp/www/contents/1763336823544/index.html
出雲市	65	79	令和8年度 児童手当現況届について	https://www.city.izumo.shimane.jp/www/contents/1243389968346/index.html
出雲市	66	79	【児童手当】令和8年3月に高校・専門学校等を卒業予定の子がいる場合の手続きについて	https://www.city.izumo.shimane.jp/www/contents/1771469786270/index.html
出雲市	67	79	子育て短期支援事業	https://www.city.izumo.shimane.jp/www/contents/1312346464692/index.html
出雲市	68	79	母子父子寡婦福祉資金貸付制度について	https://www.city.izumo.shimane.jp/www/contents/1247794654780/index.html
出雲市	69	78	島根県原子力発電施設等立地地域基盤整備支援事業（安全確保）補助金により造成した基金について	https://www.city.izumo.shimane.jp/www/contents/1779690168349/index.html
出雲市	70	75	専門実践教育訓練給付金 対象 Nurse 看護 学科 昼間部 3年制	https://www.icmn.ac.jp/course/nursing/
出雲市	71	75	専門実践教育訓練給付金 対象 Clinical Engineer 臨床工学技士 学科 昼間部 3年制	https://www.icmn.ac.jp/course/ce/
出雲市	72	72	保育士を目指す方へ 保育士修学資金貸付事業について	https://www.city.izumo.shimane.jp/www/contents/1703487826607/index.html
出雲市	73	66	自然災害による被災者支援制度について【防災安全課】	https://www.city.izumo.shimane.jp/www/contents/1654659914380/index.html
出雲市	74	66	福祉医療費助成資格内容変更届	https://www.city.izumo.shimane.jp/www/contents/1000000001091/index.html
出雲市	75	65	【令和７年度】自然災害による被災者支援制度について（R7.4.1時点）（PDF／780KB）	https://www.city.izumo.shimane.jp/www/contents/1654659914380/files/shienseido_ichiran_20250401.pdf
出雲市	76	65	ごみ集積施設（ごみ箱等）整備補助金制度について	https://www.city.izumo.shimane.jp/www/contents/1753250866608/index.html
出雲市	77	65	出雲エコなび〜出雲市公式環境総合ウェブサイト	https://izumo-econavi.com/
出雲市	78	63	【軽自動車税】身体障がい者等の方に対する軽自動車税の減免について	https://www.city.izumo.shimane.jp/www/contents/1358730286232/index.html
出雲市	79	63	【軽自動車税】商品用の軽自動車等に対する課税免除について	https://www.city.izumo.shimane.jp/www/contents/1332729811377/index.html
出雲市	80	63	【軽自動車税】公益のため直接専用する軽自動車等に対する減免について	https://www.city.izumo.shimane.jp/www/contents/1422836938288/index.html
出雲市	81	63	令和８年６月２３日の建物火災により発生した火災ごみの処理手数料の減免について	https://www.city.izumo.shimane.jp/www/contents/1782360075657/index.html
出雲市	82	63	令和８年６月２３日の建物火災による漏水の水道料金及び下水道使用料の減免について	https://www.city.izumo.shimane.jp/www/contents/1782437234109/index.html
出雲市	83	61	手当・助成	https://www.city.izumo.shimane.jp/www/genre/1293688352210/index.html
出雲市	84	56	【令和８年４月１日以降生まれの乳児の保護者の方へ】「出生おめでとうポイント」（10,000円分）の付与について	https://www.city.izumo.shimane.jp/www/contents/1772186573321/index.html
益田市	1	88	令和8年度益田市乗合タクシー・匹見やまびこバスのご案内	https://www.city.masuda.lg.jp/soshikikarasagasu/seisakukikakukyoku/koutsutaisakuka/5/2/10865.html
益田市	2	85	助成・手当等	https://www.city.masuda.lg.jp/konnatokiha/ninshin_shussan_kosodate/5781.html
益田市	3	85	移住支援制度	https://www.city.masuda.lg.jp/kurashi_tetsuzuki/iju_teiju/ijushienseido/index.html
益田市	4	82	休日応急診療のお知らせ（7月）	https://www.city.masuda.lg.jp/soshikikarasagasu/fukushikankyobu/chiikiiryotaisakushitsu/5/2054.html
益田市	5	74	益田市 小児救急ガイド	https://www.city.masuda.lg.jp/soshikikarasagasu/fukushikankyobu/chiikiiryotaisakushitsu/5/3282.html
益田市	6	73	就学に関する手当・助成	https://www.city.masuda.lg.jp/konnatokiha/nyuen_nyugaku/8145.html
益田市	7	55	ますだ健康ダイヤル24	https://www.city.masuda.lg.jp/soshikikarasagasu/fukushikankyobu/chiikiiryotaisakushitsu/5/2053.html
大田市	1	129	物価高騰対策緊急支援給付金（令和８年度住民税非課税世帯及び住民税均等割のみ課税世帯：５万円給付）について	https://www.city.oda.lg.jp/ohda_city/city_organization/25/30/10963
大田市	2	127	大田市事業承継支援事業費補助金	https://www.city.oda.lg.jp/ohda_city/77/2826/shoukei
大田市	3	127	【受付中】大田市中小企業者等物価高騰対策省エネ支援補助金の募集について	https://www.city.oda.lg.jp/ohda_city/77/2826/10555
大田市	4	127	市町村提携創業保証「創」について（大田市創業等信用保証料補助金）	https://www.city.oda.lg.jp/ohda_city/77/2539/7465
大田市	5	127	大田市事業承継支援事業費補助金	https://www.city.oda.lg.jp/ohda_city/77/2539/shoukei
大田市	6	127	【受付中】大田市中小企業者等物価高騰対策省エネ支援補助金の募集について	https://www.city.oda.lg.jp/ohda_city/77/2539/10555
大田市	7	127	中小企業省力化投資補助金について	https://www.city.oda.lg.jp/ohda_city/77/2539/9028
大田市	8	124	成年後見制度利用支援事業助成金交付について	https://www.city.oda.lg.jp/ohda_city/city_organization/33/koreishogai/327/3234
大田市	9	123	子育て支援（手当・給付金など）	https://www.city.oda.lg.jp/ohda_city/city_organization/29/42/556/
大田市	10	118	自治会集会所建設（修繕）事業補助金について	https://www.city.oda.lg.jp/ohda_city/city_organization/25b/28/7669
大田市	11	115	特定Ｂ型肝炎ウイルス感染者給付金の支給に関する特別措置法に基づく給付金制度について	https://www.city.oda.lg.jp/ohda_city/city_purpose/137/18600
大田市	12	108	島根「ふるさと」看護奨学金貸与生の募集	https://www.city.oda.lg.jp/update_info/10474
大田市	13	108	【公募準備中】大田市シェアオフィス等開設支援事業補助金の対象事業者の公募準備を進めています	https://www.city.oda.lg.jp/update_info/11014
大田市	14	108	令和８年度大田市太陽熱利用システム導入促進事業費補助金	https://www.city.oda.lg.jp/update_info/10802
大田市	15	108	令和８年度大田市木質燃料活用機器導入促進事業費補助金	https://www.city.oda.lg.jp/update_info/10803
大田市	16	108	令和８年度大田市太陽光発電導入促進事業費補助金	https://www.city.oda.lg.jp/update_info/10801
大田市	17	108	令和８年度 大田市文化団体育成事業等補助金	https://www.city.oda.lg.jp/update_info/8538
大田市	18	108	【受付中】大田市中小企業者等物価高騰対策省エネ支援補助金の募集について	https://www.city.oda.lg.jp/update_info/10555
大田市	19	102	令和８年度大田市中小企業等活性化総合支援事業	https://www.city.oda.lg.jp/ohda_city/77/2826/7434
大田市	20	102	令和８年度石見銀山世界遺産登録20周年・発見500年記念 新商品開発等支援事業	https://www.city.oda.lg.jp/ohda_city/77/2826/9746
大田市	21	102	令和８年度 ふるさと大田起業・創業支援事業	https://www.city.oda.lg.jp/ohda_city/77/2539/10911
大田市	22	102	令和８年度大田市中小企業等活性化総合支援事業	https://www.city.oda.lg.jp/ohda_city/77/2539/7434
大田市	23	102	妊婦のための支援給付と包括相談支援事業	https://www.city.oda.lg.jp/ohda_city/city_purpose/135/9383
大田市	24	102	子ども医療費助成	https://www.city.oda.lg.jp/ohda_city/city_purpose/135/5321
大田市	25	99	令和８年度大田市中小企業等活性化総合支援事業	https://www.city.oda.lg.jp/ohda_city/77/2819/7434
大田市	26	99	令和８年度石見銀山世界遺産登録20周年・発見500年記念 新商品開発等支援事業	https://www.city.oda.lg.jp/ohda_city/77/2819/9746
大田市	27	99	手当・心身障がい者扶養年金	https://www.city.oda.lg.jp/ohda_city/city_organization/33/koreishogai/327/696/
大田市	28	99	医療費助成	https://www.city.oda.lg.jp/ohda_city/city_organization/33/koreishogai/327/693/
大田市	29	99	妊婦のための支援給付と包括相談支援事業	https://www.city.oda.lg.jp/ohda_city/city_scene/205/9383
大田市	30	98	公売・売払い・貸付物件情報	https://www.city.oda.lg.jp/ohda_city/78/95/
大田市	31	96	おおだに住もう移住者定住支援事業	https://www.city.oda.lg.jp/ohda_city/city_case/83/9513
大田市	32	93	令和８年６月１日 受付終了（第２弾大田市省エネ家電買換支援事業）	https://www.city.oda.lg.jp/ohda_city/city_case/85/10551
大田市	33	83	令和８年度石見銀山世界遺産登録20周年・発見500年記念 新商品開発等支援事業	https://www.city.oda.lg.jp/update_info/9746
大田市	34	83	令和８年６月１日 受付終了（第２弾大田市省エネ家電買換支援事業）	https://www.city.oda.lg.jp/update_info/10551
大田市	35	81	骨髄移植ドナー支援事業を行っています！	https://www.city.oda.lg.jp/ohda_city/city_organization/33/iryou/16048
大田市	36	63	【募集終了】令和8年度 日本遺産「石見の火山」観光コンテンツ造成・実証支援事業補助金の募集について	https://www.city.oda.lg.jp/update_info/7553
大田市	37	63	【募集終了】石見銀山世界遺産登録20周年・石見銀山発見500年記念観光事業補助金の募集について	https://www.city.oda.lg.jp/update_info/10877
