32449	邑南町	20	令和8年度邑南町LED化促進事業補助金について	https://www.town.ohnan.lg.jp/soshiki/4/8284.html	https://www.town.ohnan.lg.jp/
32449	邑南町	20	手当て・助成	https://www.town.ohnan.lg.jp/site/kosodate/list24.html	https://www.town.ohnan.lg.jp/life/1/1/6/
32449	邑南町	20	福祉医療費助成制度	https://www.town.ohnan.lg.jp/soshiki/5/1490.html	https://www.town.ohnan.lg.jp/life/2/10/
32449	邑南町	20	医療費助成制度の維持にご協力をお願いいたします。	https://www.town.ohnan.lg.jp/soshiki/4/1355.html	https://www.town.ohnan.lg.jp/life/2/9/
32449	邑南町	20	乳幼児・子どもの医療費を助成します	https://www.town.ohnan.lg.jp/site/kosodate/1188.html	https://www.town.ohnan.lg.jp/life/2/9/
32449	邑南町	20	邑南町民間診療所新規開設及び承継支援事業費補助金を募集します。	https://www.town.ohnan.lg.jp/soshiki/5/1020.html	https://www.town.ohnan.lg.jp/life/2/9/
32449	邑南町	20	令和8年度太陽光発電システム等設置事業補助金	https://www.town.ohnan.lg.jp/soshiki/4/8569.html	https://www.town.ohnan.lg.jp/soshiki/list1-1.html
32449	邑南町	20	令和8年度邑南町中小企業小規模事業者人材確保支援事業支援金のお知らせ	https://www.town.ohnan.lg.jp/soshiki/7/8398.html	https://www.town.ohnan.lg.jp/soshiki/list1-1.html
32449	邑南町	20	補助金請求書 [Wordファイル／17KB]	https://www.town.ohnan.lg.jp/uploaded/attachment/5667.docx	https://www.town.ohnan.lg.jp/soshiki/4/8284.html
32449	邑南町	20	邑南町LED化促進事業補助金のご案内 [PDFファイル／1.53MB]	https://www.town.ohnan.lg.jp/uploaded/attachment/5370.pdf	https://www.town.ohnan.lg.jp/soshiki/4/8284.html
32449	邑南町	20	補助金交付申請書 [Wordファイル／12KB]	https://www.town.ohnan.lg.jp/uploaded/attachment/5316.docx	https://www.town.ohnan.lg.jp/soshiki/4/8080.html
32449	邑南町	20	【記入例】補助金交付申請書 [Wordファイル／16KB]	https://www.town.ohnan.lg.jp/uploaded/attachment/5317.docx	https://www.town.ohnan.lg.jp/soshiki/4/8080.html
32449	邑南町	20	邑南町奨学金の手続き	https://www.town.ohnan.lg.jp/site/kosodate/1375.html	https://www.town.ohnan.lg.jp/soshiki/20/
32449	邑南町	20	防犯灯設置費補助金について	https://www.town.ohnan.lg.jp/soshiki/2/1140.html	https://www.town.ohnan.lg.jp/life/1/3/
32449	邑南町	20	邑南町ブロック塀等安全確保事業補助金交付要綱	https://www.town.ohnan.lg.jp/soshiki/11/1404.html	https://www.town.ohnan.lg.jp/life/1/5/
32449	邑南町	20	各種手当	https://www.town.ohnan.lg.jp/site/kosodate/list24-100.html	https://www.town.ohnan.lg.jp/site/kosodate/list24.html
32449	邑南町	20	子ども等医療費助成	https://www.town.ohnan.lg.jp/site/kosodate/list24-101.html	https://www.town.ohnan.lg.jp/site/kosodate/list24.html
32449	邑南町	20	その他助成制度・給付金	https://www.town.ohnan.lg.jp/site/kosodate/list24-102.html	https://www.town.ohnan.lg.jp/site/kosodate/list24.html
32449	邑南町	20	萩・石見空港運賃助成金（萩・石見空港利用拡大促進協議会事業）	https://www.town.ohnan.lg.jp/soshiki/7/8696.html	https://www.town.ohnan.lg.jp/life/6/19/
32449	邑南町	20	除雪に関する資格取得に対する補助金があります	https://www.town.ohnan.lg.jp/soshiki/8/1275.html	https://www.town.ohnan.lg.jp/life/7/22/
32449	邑南町	20	令和7年度太陽光発電システム等設置事業補助金	https://www.town.ohnan.lg.jp/soshiki/4/1216.html	https://www.town.ohnan.lg.jp/life/7/22/
32449	邑南町	20	自治会活動補助金・自治会活動保険について	https://www.town.ohnan.lg.jp/soshiki/10/1176.html	https://www.town.ohnan.lg.jp/life/7/23/
32449	邑南町	20	医療費等の自己負担について	https://www.town.ohnan.lg.jp/soshiki/4/1235.html	https://www.town.ohnan.lg.jp/soshiki/4/
32449	邑南町	20	児童扶養手当について	https://www.town.ohnan.lg.jp/site/kosodate/1703.html	https://www.town.ohnan.lg.jp/soshiki/5/
32449	邑南町	20	遺児育成特別手当を知っていますか	https://www.town.ohnan.lg.jp/site/kosodate/1448.html	https://www.town.ohnan.lg.jp/soshiki/5/
32449	邑南町	20	特別児童扶養手当について	https://www.town.ohnan.lg.jp/site/kosodate/1260.html	https://www.town.ohnan.lg.jp/soshiki/5/
32449	邑南町	20	特別障害者手当・障害児福祉手当	https://www.town.ohnan.lg.jp/site/kosodate/1484.html	https://www.town.ohnan.lg.jp/soshiki/5/
32449	邑南町	20	河川の草刈り等に助成金が出ます	https://www.town.ohnan.lg.jp/soshiki/8/1466.html	https://www.town.ohnan.lg.jp/soshiki/8/
32501	津和野町	20	令和7年度低所得世帯緊急支援給付金（3万円給付）についてのお知らせ	https://www.town.tsuwano.lg.jp/www/contents/1738215231853/index.html	https://www.town.tsuwano.lg.jp/www/genre/1010000001001/index.html
32501	津和野町	20	津和野町結婚新生活支援事業補助金	https://www.town.tsuwano.lg.jp/www/contents/1649637224364/index.html	https://www.town.tsuwano.lg.jp/www/genre/1010000001001/index.html
32501	津和野町	20	津和野町老朽危険空家除却支援事業補助金について	https://www.town.tsuwano.lg.jp/www/contents/1653959395835/index.html	https://www.town.tsuwano.lg.jp/www/genre/1010000001001/index.html
32501	津和野町	20	福祉医療費助成制度	https://www.town.tsuwano.lg.jp/www/contents/1000000212000/index.html	https://www.town.tsuwano.lg.jp/www/genre/1010000002001/index.html
32501	津和野町	20	障害児福祉手当について	https://www.town.tsuwano.lg.jp/www/contents/1668559817344/index.html	https://www.town.tsuwano.lg.jp/www/genre/1010000002001/index.html
32501	津和野町	20	特別障害者手当について	https://www.town.tsuwano.lg.jp/www/contents/1668497414719/index.html	https://www.town.tsuwano.lg.jp/www/genre/1010000002001/index.html
32501	津和野町	20	特別児童扶養手当について	https://www.town.tsuwano.lg.jp/www/contents/1668491192466/index.html	https://www.town.tsuwano.lg.jp/www/genre/1010000002001/index.html
32501	津和野町	20	児童手当	https://www.town.tsuwano.lg.jp/www/genre/1000000000057/index.html	https://www.town.tsuwano.lg.jp/www/genre/1010000002001/index.html
32501	津和野町	20	児童扶養手当	https://www.town.tsuwano.lg.jp/www/genre/1000000000058/index.html	https://www.town.tsuwano.lg.jp/www/genre/1010000002001/index.html
32501	津和野町	20	特別児童扶養手当	https://www.town.tsuwano.lg.jp/www/genre/1000000000060/index.html	https://www.town.tsuwano.lg.jp/www/genre/1010000002001/index.html
32501	津和野町	20	医療費助成・各種手当て	https://www.town.tsuwano.lg.jp/www/genre/1477901742297/index.html	https://www.town.tsuwano.lg.jp/www/genre/1000000000080/index.html
32501	津和野町	20	母子家庭自立支援教育訓練給付金事業	https://www.town.tsuwano.lg.jp/www/contents/1000000312000/index.html	https://www.town.tsuwano.lg.jp/www/genre/1000000000080/index.html
32501	津和野町	20	津和野町中規模農業者農業用機械導入支援価格高騰対策事業補助金について	https://www.town.tsuwano.lg.jp/www/contents/1743577502425/index.html	https://www.town.tsuwano.lg.jp/www/genre/1000000000129/index.html
32501	津和野町	20	わくわく島根生活実現支援事業（移住支援金）の対象法人登録募集について	https://www.town.tsuwano.lg.jp/www/contents/1559807639729/index.html	https://www.town.tsuwano.lg.jp/www/genre/1000000000129/index.html
32501	津和野町	20	津和野町での開店、事業承継を応援します！～津和野町商業等支援事業費補助金～	https://www.town.tsuwano.lg.jp/www/contents/1562569410016/index.html	https://www.town.tsuwano.lg.jp/www/genre/1000000000129/index.html
32501	津和野町	20	住宅を買うと最大30万円が受け取れる「すまい給付金」	https://www.town.tsuwano.lg.jp/www/contents/1423463511429/index.html	https://www.town.tsuwano.lg.jp/www/genre/1000000000129/index.html
32501	津和野町	20	【企業支援の総合窓口】しまね産業振興財団の助成金情報（外部リンク）	http://www.joho-shimane.or.jp/	https://www.town.tsuwano.lg.jp/www/genre/1000000000129/index.html
32501	津和野町	20	中小企業庁による補助金情報	http://www.chusho.meti.go.jp/	https://www.town.tsuwano.lg.jp/www/genre/1000000000129/index.html
32501	津和野町	20	バス待合所設置費補助金	https://www1.g-reiki.net/tsuwano/reiki_honbun/r129RG00000847.html	https://www.town.tsuwano.lg.jp/www/contents/1681367497484/index.html
32501	津和野町	20	萩・石見空港利用促進助成事業補助金	https://www.town.tsuwano.lg.jp/www/contents/1708051926550/index.html	https://www.town.tsuwano.lg.jp/www/contents/1681367497484/index.html
32501	津和野町	20	合宿及び研修等受け入れ促進事業補助金	https://www1.g-reiki.net/tsuwano/reiki_honbun/r129RG00000842.html	https://www.town.tsuwano.lg.jp/www/contents/1681367497484/index.html
32501	津和野町	20	津和野高等学校通学費等 補助金	https://www1.g-reiki.net/tsuwano/reiki_honbun/r129RG00001402.html	https://www.town.tsuwano.lg.jp/www/contents/1681367497484/index.html
32501	津和野町	20	【令和８年４月～】エアコン・LED照明器具の購入費用等に補助金を交付します（津和野町省エネ家電購入費支援事業）	https://www.town.tsuwano.lg.jp/www/contents/1772852060441/index.html	https://www.town.tsuwano.lg.jp/www/genre/1000000000088/index.html
32501	津和野町	20	再生可能エネルギー設備等の導入に対して補助金を交付します	https://www.town.tsuwano.lg.jp/www/contents/1648860056109/index.html	https://www.town.tsuwano.lg.jp/www/genre/1000000000088/index.html
32501	津和野町	20	ケーブルテレビの機器を新たに設置する方に補助金を交付します	https://www.town.tsuwano.lg.jp/www/contents/1743642271418/index.html	https://www.town.tsuwano.lg.jp/www/genre/1000000000088/index.html
32501	津和野町	20	山口線利用促進協議会の遠足助成（山口線利用促進事業補助金）をご活用ください！	https://www.town.tsuwano.lg.jp/www/contents/1718669550503/index.html	https://www.town.tsuwano.lg.jp/www/genre/1000000000088/index.html
32501	津和野町	20	津和野町未来づくり活動支援事業補助金について	https://www.town.tsuwano.lg.jp/www/contents/1652841103113/index.html	https://www.town.tsuwano.lg.jp/www/genre/1000000000088/index.html
32501	津和野町	20	遺児手当	https://www.town.tsuwano.lg.jp/www/contents/1000000210000/index.html	https://www.town.tsuwano.lg.jp/www/genre/1000000000038/index.html
32501	津和野町	20	奨学金	https://tsuwano.ed.jp/scholarship	https://tsuwano.ed.jp/
32501	津和野町	20	--> お知らせ 【対象：３年生】令和８年度奨学金のご案内 date 2026.7.16 Thu	https://tsuwano.ed.jp/news/12359	https://tsuwano.ed.jp/
32501	津和野町	20	医療費が高くなったとき（高額療養費）	https://www.town.tsuwano.lg.jp/www/contents/1000000157000/index.html	https://www.town.tsuwano.lg.jp/www/genre/1000000000033/index.html
32501	津和野町	20	特別障害給付金制度	https://www.town.tsuwano.lg.jp/www/contents/1000000168000/index.html	https://www.town.tsuwano.lg.jp/www/genre/1000000000033/index.html
32501	津和野町	20	住宅手当支給証明書（Word：19KB）	https://www.town.tsuwano.lg.jp/www/contents/1649637224364/files/juutakuteate.docx	https://www.town.tsuwano.lg.jp/www/contents/1649637224364/index.html
32505	吉賀町	20	【産業課】地域農業維持発展支援事業費補助金について	https://www.town.yoshika.lg.jp/sangyou/nougyou/chiikinougyouijihattennshien.html	https://www.town.yoshika.lg.jp/
32505	吉賀町	20	【企画課】空き家関係補助金を更新しました	https://www.town.yoshika.lg.jp/iju/stay/akiyabank/hojokin.html	https://www.town.yoshika.lg.jp/
32505	吉賀町	20	新規雇用促進助成金について	https://www.town.yoshika.lg.jp/sangyou/sinkikoyou/sinkikoyou.html	https://www.town.yoshika.lg.jp/
32505	吉賀町	20	民間賃貸住宅等建設補助金	https://www.town.yoshika.lg.jp/sangyou/minkanchintaijyutaku/minkanchintaijyutaku.html	https://www.town.yoshika.lg.jp/
32505	吉賀町	20	医療費助成制度	https://www.town.yoshika.lg.jp/kurashi/fukushi/iryouhi/	https://www.town.yoshika.lg.jp/sitemap.html
32505	吉賀町	20	奨学金制度	https://www.town.yoshika.lg.jp/kurashi/kyouiku/shougakukin/	https://www.town.yoshika.lg.jp/sitemap.html
32505	吉賀町	20	特別定額給付金	https://www.town.yoshika.lg.jp/kurashi/josei/kyuhukin/	https://www.town.yoshika.lg.jp/sitemap.html
32505	吉賀町	20	新規雇用促進助成金	https://www.town.yoshika.lg.jp/sangyou/sinkikoyou/	https://www.town.yoshika.lg.jp/sitemap.html
32505	吉賀町	20	民間賃貸住宅等建設補助金	https://www.town.yoshika.lg.jp/sangyou/minkanchintaijyutaku/	https://www.town.yoshika.lg.jp/sitemap.html
32505	吉賀町	20	商工関係補助金	https://www.town.yoshika.lg.jp/sangyou/syoukou/shoukoukannkeihojokinn/	https://www.town.yoshika.lg.jp/sitemap.html
32441	川本町	20	川本町健康福祉活動団体助成金交付要綱	https://www.town.shimane-kawamoto.lg.jp/reiki/reiki_honbun/m137RG00000271.html	https://www.town.shimane-kawamoto.lg.jp/reiki/reiki_taikei/r_taikei_07_01.html
32441	川本町	20	川本町福祉施設整備補助金交付要綱	https://www.town.shimane-kawamoto.lg.jp/reiki/reiki_honbun/m137RG00000272.html	https://www.town.shimane-kawamoto.lg.jp/reiki/reiki_taikei/r_taikei_07_01.html
32441	川本町	20	川本町福祉医療費助成条例	https://www.town.shimane-kawamoto.lg.jp/reiki/reiki_honbun/m137RG00000273.html	https://www.town.shimane-kawamoto.lg.jp/reiki/reiki_taikei/r_taikei_07_01.html
32441	川本町	20	川本町福祉医療費助成条例施行規則	https://www.town.shimane-kawamoto.lg.jp/reiki/reiki_honbun/m137RG00000274.html	https://www.town.shimane-kawamoto.lg.jp/reiki/reiki_taikei/r_taikei_07_01.html
32441	川本町	20	令和2年7月豪雨災害に係る医療費等の一部負担金等助成要綱	https://www.town.shimane-kawamoto.lg.jp/reiki/reiki_honbun/m137RG00000951.html	https://www.town.shimane-kawamoto.lg.jp/reiki/reiki_taikei/r_taikei_07_01.html
32441	川本町	20	川本町災害援護資金利子補給補助金交付要綱	https://www.town.shimane-kawamoto.lg.jp/reiki/reiki_honbun/m137RG00000884.html	https://www.town.shimane-kawamoto.lg.jp/reiki/reiki_taikei/r_taikei_07_01.html
32441	川本町	20	川本町特別定額給付金給付事業実施要綱	https://www.town.shimane-kawamoto.lg.jp/reiki/reiki_honbun/m137RG00000944.html	https://www.town.shimane-kawamoto.lg.jp/reiki/reiki_taikei/r_taikei_07_01.html
32441	川本町	20	令和5年度川本町物価高騰対応重点支援給付金支給事務実施要綱	https://www.town.shimane-kawamoto.lg.jp/reiki/reiki_honbun/m137RG00001061.html	https://www.town.shimane-kawamoto.lg.jp/reiki/reiki_taikei/r_taikei_07_01.html
32441	川本町	20	令和6年度川本町物価高騰対応重点支援給付金支給事務実施要綱	https://www.town.shimane-kawamoto.lg.jp/reiki/reiki_honbun/m137RG00001079.html	https://www.town.shimane-kawamoto.lg.jp/reiki/reiki_taikei/r_taikei_07_01.html
32441	川本町	20	川本町定額減税補足給付金支給事務実施要綱	https://www.town.shimane-kawamoto.lg.jp/reiki/reiki_honbun/m137RG00001075.html	https://www.town.shimane-kawamoto.lg.jp/reiki/reiki_taikei/r_taikei_07_01.html
32441	川本町	20	川本町生活困窮者住居確保給付金事業実施要綱	https://www.town.shimane-kawamoto.lg.jp/reiki/reiki_honbun/m137RG00000805.html	https://www.town.shimane-kawamoto.lg.jp/reiki/reiki_taikei/r_taikei_07_01.html
32441	川本町	20	川本町地域総合整備資金貸付連帯保証料補助金交付要綱	https://www.town.shimane-kawamoto.lg.jp/reiki/reiki_honbun/m137RG00001100.html	https://www.town.shimane-kawamoto.lg.jp/reiki/reiki_taikei/r_taikei_07_01.html
32441	川本町	20	邑智郡保護司会補助金交付要綱	https://www.town.shimane-kawamoto.lg.jp/reiki/reiki_honbun/m137RG00000817.html	https://www.town.shimane-kawamoto.lg.jp/reiki/reiki_taikei/r_taikei_07_01.html
32441	川本町	20	川本町食生活改善推進協議会補助金交付要綱	https://www.town.shimane-kawamoto.lg.jp/reiki/reiki_honbun/m137RG00000285.html	https://www.town.shimane-kawamoto.lg.jp/reiki/reiki_taikei/r_taikei_07_01.html
32441	川本町	20	川本町ひきこもり居場所支援事業補助金交付要綱	https://www.town.shimane-kawamoto.lg.jp/reiki/reiki_honbun/m137RG00001076.html	https://www.town.shimane-kawamoto.lg.jp/reiki/reiki_taikei/r_taikei_07_01.html
32441	川本町	20	川本町地域介護・福祉空間整備等施設整備補助金交付要綱	https://www.town.shimane-kawamoto.lg.jp/reiki/reiki_honbun/m137RG00000286.html	https://www.town.shimane-kawamoto.lg.jp/reiki/reiki_taikei/r_taikei_07_01.html
32441	川本町	20	川本町訪問看護ステーション支援事業費補助金交付要綱	https://www.town.shimane-kawamoto.lg.jp/reiki/reiki_honbun/m137RG00001077.html	https://www.town.shimane-kawamoto.lg.jp/reiki/reiki_taikei/r_taikei_07_01.html
32441	川本町	20	川本町地域医療推進補助金交付要綱	https://www.town.shimane-kawamoto.lg.jp/reiki/reiki_honbun/m137RG00000292.html	https://www.town.shimane-kawamoto.lg.jp/reiki/reiki_taikei/r_taikei_07_01.html
32441	川本町	20	公立邑智病院を支援する会補助金交付要綱	https://www.town.shimane-kawamoto.lg.jp/reiki/reiki_honbun/m137RG00000809.html	https://www.town.shimane-kawamoto.lg.jp/reiki/reiki_taikei/r_taikei_07_01.html
32441	川本町	20	川本町公的病院遠隔診療体制整備事業補助金交付要綱	https://www.town.shimane-kawamoto.lg.jp/reiki/reiki_honbun/m137RG00000955.html	https://www.town.shimane-kawamoto.lg.jp/reiki/reiki_taikei/r_taikei_07_01.html
32441	川本町	20	川本町小規模保育所運営費補助金交付要綱	https://www.town.shimane-kawamoto.lg.jp/reiki/reiki_honbun/m137RG00000298.html	https://www.town.shimane-kawamoto.lg.jp/reiki/reiki_taikei/r_taikei_07_01.html
32441	川本町	20	川本北保育所運営費補助金交付要綱	https://www.town.shimane-kawamoto.lg.jp/reiki/reiki_honbun/m137RG00000799.html	https://www.town.shimane-kawamoto.lg.jp/reiki/reiki_taikei/r_taikei_07_01.html
32441	川本町	20	川本町保育所地域活動事業費補助金交付要綱	https://www.town.shimane-kawamoto.lg.jp/reiki/reiki_honbun/m137RG00000299.html	https://www.town.shimane-kawamoto.lg.jp/reiki/reiki_taikei/r_taikei_07_01.html
32441	川本町	20	川本町延長保育事業費補助金交付要綱	https://www.town.shimane-kawamoto.lg.jp/reiki/reiki_honbun/m137RG00000301.html	https://www.town.shimane-kawamoto.lg.jp/reiki/reiki_taikei/r_taikei_07_01.html
32441	川本町	20	川本町一時保育事業費補助金交付要綱	https://www.town.shimane-kawamoto.lg.jp/reiki/reiki_honbun/m137RG00000302.html	https://www.town.shimane-kawamoto.lg.jp/reiki/reiki_taikei/r_taikei_07_01.html
32441	川本町	20	川本町保育所紙おむつ等処理経費補助金交付要綱	https://www.town.shimane-kawamoto.lg.jp/reiki/reiki_honbun/m137RG00001070.html	https://www.town.shimane-kawamoto.lg.jp/reiki/reiki_taikei/r_taikei_07_01.html
32441	川本町	20	川本町保育所等施設整備事業補助金交付要綱	https://www.town.shimane-kawamoto.lg.jp/reiki/reiki_honbun/m137RG00000850.html	https://www.town.shimane-kawamoto.lg.jp/reiki/reiki_taikei/r_taikei_07_01.html
32441	川本町	20	川本町保育所等業務効率化推進事業費補助金交付要綱	https://www.town.shimane-kawamoto.lg.jp/reiki/reiki_honbun/m137RG00001058.html	https://www.town.shimane-kawamoto.lg.jp/reiki/reiki_taikei/r_taikei_07_01.html
32441	川本町	20	川本町保育所等安全対策事業補助金交付要綱	https://www.town.shimane-kawamoto.lg.jp/reiki/reiki_honbun/m137RG00001081.html	https://www.town.shimane-kawamoto.lg.jp/reiki/reiki_taikei/r_taikei_07_01.html
32441	川本町	20	川本町保育所等新型コロナウイルス感染症対策支援事業費補助金交付要綱	https://www.town.shimane-kawamoto.lg.jp/reiki/reiki_honbun/m137RG00000931.html	https://www.town.shimane-kawamoto.lg.jp/reiki/reiki_taikei/r_taikei_07_01.html
32441	川本町	20	川本町保育所新型コロナウイルス感染拡大防止対策事業費補助金交付要綱	https://www.town.shimane-kawamoto.lg.jp/reiki/reiki_honbun/m137RG00000972.html	https://www.town.shimane-kawamoto.lg.jp/reiki/reiki_taikei/r_taikei_07_01.html
32441	川本町	20	川本町児童手当事務取扱規則	https://www.town.shimane-kawamoto.lg.jp/reiki/reiki_honbun/m137RG00000303.html	https://www.town.shimane-kawamoto.lg.jp/reiki/reiki_taikei/r_taikei_07_01.html
32441	川本町	20	川本町未婚の児童扶養手当受給者に対する臨時・特別給付金支給事業実施要綱	https://www.town.shimane-kawamoto.lg.jp/reiki/reiki_honbun/m137RG00000895.html	https://www.town.shimane-kawamoto.lg.jp/reiki/reiki_taikei/r_taikei_07_01.html
32441	川本町	20	川本町ひとり親世帯臨時特別給付金支給事業実施要綱	https://www.town.shimane-kawamoto.lg.jp/reiki/reiki_honbun/m137RG00000966.html	https://www.town.shimane-kawamoto.lg.jp/reiki/reiki_taikei/r_taikei_07_01.html
32441	川本町	20	川本町低所得の子育て世帯に対する子育て世帯生活支援特別給付金(ひとり親世帯分)支給事業実施要綱	https://www.town.shimane-kawamoto.lg.jp/reiki/reiki_honbun/m137RG00000981.html	https://www.town.shimane-kawamoto.lg.jp/reiki/reiki_taikei/r_taikei_07_01.html
32441	川本町	20	令和2年度川本町子育て世帯への臨時特別給付金支給事業実施要綱	https://www.town.shimane-kawamoto.lg.jp/reiki/reiki_honbun/m137RG00000921.html	https://www.town.shimane-kawamoto.lg.jp/reiki/reiki_taikei/r_taikei_07_01.html
32441	川本町	20	令和3年度川本町子育て世帯等臨時特別支援事業(子育て世帯への臨時特別給付(先行給付金))支給事務実施要綱	https://www.town.shimane-kawamoto.lg.jp/reiki/reiki_honbun/m137RG00001016.html	https://www.town.shimane-kawamoto.lg.jp/reiki/reiki_taikei/r_taikei_07_01.html
32441	川本町	20	令和3年度川本町子育て世帯等臨時特別支援事業(子育て世帯への臨時特別給付(支援給付金))支給事務実施要綱	https://www.town.shimane-kawamoto.lg.jp/reiki/reiki_honbun/m137RG00001015.html	https://www.town.shimane-kawamoto.lg.jp/reiki/reiki_taikei/r_taikei_07_01.html
32441	川本町	20	川本町低所得の子育て世帯に対する子育て世帯生活支援特別給付金(ひとり親世帯以外の低所得の子育て世帯分)支給事業実施要綱	https://www.town.shimane-kawamoto.lg.jp/reiki/reiki_honbun/m137RG00001021.html	https://www.town.shimane-kawamoto.lg.jp/reiki/reiki_taikei/r_taikei_07_01.html
32441	川本町	20	令和3年度川本町子育て世帯等臨時特別支援事業(住民税非課税世帯等に対する臨時特別給付金)支給事務実施要綱	https://www.town.shimane-kawamoto.lg.jp/reiki/reiki_honbun/m137RG00001022.html	https://www.town.shimane-kawamoto.lg.jp/reiki/reiki_taikei/r_taikei_07_01.html
32441	川本町	20	令和4年度川本町新型コロナウイルス感染症対応子育て世帯応援給付金支給要綱	https://www.town.shimane-kawamoto.lg.jp/reiki/reiki_honbun/m137RG00001041.html	https://www.town.shimane-kawamoto.lg.jp/reiki/reiki_taikei/r_taikei_07_01.html
32441	川本町	20	川本町子ども等医療費助成条例	https://www.town.shimane-kawamoto.lg.jp/reiki/reiki_honbun/m137RG00000306.html	https://www.town.shimane-kawamoto.lg.jp/reiki/reiki_taikei/r_taikei_07_01.html
32441	川本町	20	川本町子ども等医療費助成条例施行規則	https://www.town.shimane-kawamoto.lg.jp/reiki/reiki_honbun/m137RG00000307.html	https://www.town.shimane-kawamoto.lg.jp/reiki/reiki_taikei/r_taikei_07_01.html
32441	川本町	20	川本町妊婦に対する遠方の産科医療機関等で受診する妊婦健診時にかかる交通費助成金交付要綱	https://www.town.shimane-kawamoto.lg.jp/reiki/reiki_honbun/m137RG00001101.html	https://www.town.shimane-kawamoto.lg.jp/reiki/reiki_taikei/r_taikei_07_01.html
32441	川本町	20	川本町妊婦支援給付金事業実施要綱	https://www.town.shimane-kawamoto.lg.jp/reiki/reiki_honbun/m137RG00001095.html	https://www.town.shimane-kawamoto.lg.jp/reiki/reiki_taikei/r_taikei_07_01.html
32441	川本町	20	川本町チャイルドシート助成金交付要綱	https://www.town.shimane-kawamoto.lg.jp/reiki/reiki_honbun/m137RG00000310.html	https://www.town.shimane-kawamoto.lg.jp/reiki/reiki_taikei/r_taikei_07_01.html
32441	川本町	20	川本町高等職業訓練促進給付金等事業実施要綱	https://www.town.shimane-kawamoto.lg.jp/reiki/reiki_honbun/m137RG00000315.html	https://www.town.shimane-kawamoto.lg.jp/reiki/reiki_taikei/r_taikei_07_01.html
32441	川本町	20	川本町自立支援教育訓練給付金事業実施要綱	https://www.town.shimane-kawamoto.lg.jp/reiki/reiki_honbun/m137RG00000871.html	https://www.town.shimane-kawamoto.lg.jp/reiki/reiki_taikei/r_taikei_07_01.html
32441	川本町	20	川本町保育士等処遇改善臨時特例事業補助金交付要綱	https://www.town.shimane-kawamoto.lg.jp/reiki/reiki_honbun/m137RG00000317.html	https://www.town.shimane-kawamoto.lg.jp/reiki/reiki_taikei/r_taikei_07_01.html
32441	川本町	20	川本町保育士等処遇改善臨時特例事業費補助金交付要綱	https://www.town.shimane-kawamoto.lg.jp/reiki/reiki_honbun/m137RG00001014.html	https://www.town.shimane-kawamoto.lg.jp/reiki/reiki_taikei/r_taikei_07_01.html
32441	川本町	20	川本町保育所保育士確保対策事業費補助金交付要綱	https://www.town.shimane-kawamoto.lg.jp/reiki/reiki_honbun/m137RG00000903.html	https://www.town.shimane-kawamoto.lg.jp/reiki/reiki_taikei/r_taikei_07_01.html
32441	川本町	20	川本町不育症治療費等助成金交付要綱	https://www.town.shimane-kawamoto.lg.jp/reiki/reiki_honbun/m137RG00000979.html	https://www.town.shimane-kawamoto.lg.jp/reiki/reiki_taikei/r_taikei_07_01.html
32441	川本町	20	平成27年度川本町臨時福祉給付金支給事業実施要綱	https://www.town.shimane-kawamoto.lg.jp/reiki/reiki_honbun/m137RG00000324.html	https://www.town.shimane-kawamoto.lg.jp/reiki/reiki_taikei/r_taikei_07_01.html
32441	川本町	20	平成28年度川本町臨時福祉給付金支給事業実施要綱	https://www.town.shimane-kawamoto.lg.jp/reiki/reiki_honbun/m137RG00000813.html	https://www.town.shimane-kawamoto.lg.jp/reiki/reiki_taikei/r_taikei_07_01.html
32441	川本町	20	川本町臨時福祉給付金(経済対策分)支給事業実施要綱	https://www.town.shimane-kawamoto.lg.jp/reiki/reiki_honbun/m137RG00000824.html	https://www.town.shimane-kawamoto.lg.jp/reiki/reiki_taikei/r_taikei_07_01.html
32441	川本町	20	低所得の障害・遺族基礎年金受給者向けの年金生活者等支援臨時福祉給付金支給事業実施要綱	https://www.town.shimane-kawamoto.lg.jp/reiki/reiki_honbun/m137RG00000812.html	https://www.town.shimane-kawamoto.lg.jp/reiki/reiki_taikei/r_taikei_07_01.html
32441	川本町	20	川本町結婚新生活支援補助金交付要綱	https://www.town.shimane-kawamoto.lg.jp/reiki/reiki_honbun/m137RG00000803.html	https://www.town.shimane-kawamoto.lg.jp/reiki/reiki_taikei/r_taikei_07_01.html
32441	川本町	20	川本町子育て支援事業補助金交付要綱	https://www.town.shimane-kawamoto.lg.jp/reiki/reiki_honbun/m137RG00001053.html	https://www.town.shimane-kawamoto.lg.jp/reiki/reiki_taikei/r_taikei_07_01.html
32441	川本町	20	おむつに係る費用の医療費控除にかかる確認証明書交付の取扱い要綱	https://www.town.shimane-kawamoto.lg.jp/reiki/reiki_honbun/m137RG00000346.html	https://www.town.shimane-kawamoto.lg.jp/reiki/reiki_taikei/r_taikei_07_01.html
32441	川本町	20	川本町介護基盤緊急整備施設等整備事業費補助金交付要綱	https://www.town.shimane-kawamoto.lg.jp/reiki/reiki_honbun/m137RG00000347.html	https://www.town.shimane-kawamoto.lg.jp/reiki/reiki_taikei/r_taikei_07_01.html
32441	川本町	20	川本町介護保険施設等施設開設準備特別対策事業費補助金交付要綱	https://www.town.shimane-kawamoto.lg.jp/reiki/reiki_honbun/m137RG00000348.html	https://www.town.shimane-kawamoto.lg.jp/reiki/reiki_taikei/r_taikei_07_01.html
32441	川本町	20	平成25年度認知症高齢者グループホーム等のスプリンクラー及び火災報知設備等設置事業補助金交付要綱	https://www.town.shimane-kawamoto.lg.jp/reiki/reiki_honbun/m137RG00000350.html	https://www.town.shimane-kawamoto.lg.jp/reiki/reiki_taikei/r_taikei_07_01.html
32441	川本町	20	川本町老人クラブ連合会活動事業助成金交付要綱	https://www.town.shimane-kawamoto.lg.jp/reiki/reiki_honbun/m137RG00000352.html	https://www.town.shimane-kawamoto.lg.jp/reiki/reiki_taikei/r_taikei_07_01.html
32441	川本町	20	川本町低所得の高齢者向けの年金生活者等支援臨時福祉給付金支給事業実施要綱	https://www.town.shimane-kawamoto.lg.jp/reiki/reiki_honbun/m137RG00000808.html	https://www.town.shimane-kawamoto.lg.jp/reiki/reiki_taikei/r_taikei_07_01.html
32441	川本町	20	川本町身体障害者自動車運転免許取得費補助金交付要綱	https://www.town.shimane-kawamoto.lg.jp/reiki/reiki_honbun/m137RG00000369.html	https://www.town.shimane-kawamoto.lg.jp/reiki/reiki_taikei/r_taikei_07_01.html
32441	川本町	20	川本町精神障害者通院医療費助成要綱	https://www.town.shimane-kawamoto.lg.jp/reiki/reiki_honbun/m137RG00000371.html	https://www.town.shimane-kawamoto.lg.jp/reiki/reiki_taikei/r_taikei_07_01.html
32441	川本町	20	川本町障がい者福祉協会事業補助金交付要綱	https://www.town.shimane-kawamoto.lg.jp/reiki/reiki_honbun/m137RG00000377.html	https://www.town.shimane-kawamoto.lg.jp/reiki/reiki_taikei/r_taikei_07_01.html
32441	川本町	20	川本町障がい者福祉協会事業補助金交付要綱	https://www.town.shimane-kawamoto.lg.jp/reiki/reiki_honbun/m137RG00000378.html	https://www.town.shimane-kawamoto.lg.jp/reiki/reiki_taikei/r_taikei_07_01.html
32441	川本町	20	川本町障害児福祉手当及び特別障害者手当等事務取扱規則	https://www.town.shimane-kawamoto.lg.jp/reiki/reiki_honbun/m137RG00000379.html	https://www.town.shimane-kawamoto.lg.jp/reiki/reiki_taikei/r_taikei_07_01.html
32441	川本町	20	全日本同和会島根県連合会川本支部補助金交付要綱	https://www.town.shimane-kawamoto.lg.jp/reiki/reiki_honbun/m137RG00000381.html	https://www.town.shimane-kawamoto.lg.jp/reiki/reiki_taikei/r_taikei_07_01.html
32441	川本町	20	川本町同和教育推進協議会補助金交付要綱	https://www.town.shimane-kawamoto.lg.jp/reiki/reiki_honbun/m137RG00000383.html	https://www.town.shimane-kawamoto.lg.jp/reiki/reiki_taikei/r_taikei_07_01.html
32441	川本町	20	第2章 給料・手当等	https://www.town.shimane-kawamoto.lg.jp/reiki/reiki_taikei/r_taikei_05_02.html	https://www.town.shimane-kawamoto.lg.jp/reiki/reiki_taikei/r_taikei_07_01.html
32448	美郷町	20	美郷町福祉医療費助成条例	https://gov.town.shimane-misato.lg.jp/reiki_int/reiki_honbun/r071RG00000302.html	https://gov.town.shimane-misato.lg.jp/reiki_int/reiki_taikei/r_taikei_08_01.html
32448	美郷町	20	美郷町福祉医療費助成条例施行規則	https://gov.town.shimane-misato.lg.jp/reiki_int/reiki_honbun/r071RG00000303.html	https://gov.town.shimane-misato.lg.jp/reiki_int/reiki_taikei/r_taikei_08_01.html
32448	美郷町	20	美郷町老人福祉施設整備補助金交付要綱	https://gov.town.shimane-misato.lg.jp/reiki_int/reiki_honbun/r071RG00000306.html	https://gov.town.shimane-misato.lg.jp/reiki_int/reiki_taikei/r_taikei_08_01.html
32448	美郷町	20	美郷町健康福祉活動団体助成金交付要綱	https://gov.town.shimane-misato.lg.jp/reiki_int/reiki_honbun/r071RG00000307.html	https://gov.town.shimane-misato.lg.jp/reiki_int/reiki_taikei/r_taikei_08_01.html
32448	美郷町	20	美郷町被災者生活再建支援金支給事業実施要綱	https://gov.town.shimane-misato.lg.jp/reiki_int/reiki_honbun/r071RG00000877.html	https://gov.town.shimane-misato.lg.jp/reiki_int/reiki_taikei/r_taikei_08_01.html
32448	美郷町	20	美郷町骨髄バンクドナー支援事業助成金交付要綱	https://gov.town.shimane-misato.lg.jp/reiki_int/reiki_honbun/r071RG00000994.html	https://gov.town.shimane-misato.lg.jp/reiki_int/reiki_taikei/r_taikei_08_01.html
32448	美郷町	20	美郷町保育士等処遇改善臨時特例事業費補助金交付要綱	https://gov.town.shimane-misato.lg.jp/reiki_int/reiki_honbun/r071RG00000858.html	https://gov.town.shimane-misato.lg.jp/reiki_int/reiki_taikei/r_taikei_08_01.html
32448	美郷町	20	美郷町児童手当事務処理規則	https://gov.town.shimane-misato.lg.jp/reiki_int/reiki_honbun/r071RG00000829.html	https://gov.town.shimane-misato.lg.jp/reiki_int/reiki_taikei/r_taikei_08_01.html
32448	美郷町	20	美郷町子ども手当事務処理規則	https://gov.town.shimane-misato.lg.jp/reiki_int/reiki_honbun/r071RG00000771.html	https://gov.town.shimane-misato.lg.jp/reiki_int/reiki_taikei/r_taikei_08_01.html
32448	美郷町	20	美郷町障害児福祉手当及び特別障害者手当の支給に関する規則	https://gov.town.shimane-misato.lg.jp/reiki_int/reiki_honbun/r071RG00000797.html	https://gov.town.shimane-misato.lg.jp/reiki_int/reiki_taikei/r_taikei_08_01.html
32448	美郷町	20	美郷町自立支援医療費(育成医療)所得認定等実施要領	https://gov.town.shimane-misato.lg.jp/reiki_int/reiki_honbun/r071RG00000847.html	https://gov.town.shimane-misato.lg.jp/reiki_int/reiki_taikei/r_taikei_08_01.html
32448	美郷町	20	美郷町自立支援医療費(育成医療)支給認定実施要領	https://gov.town.shimane-misato.lg.jp/reiki_int/reiki_honbun/r071RG00000848.html	https://gov.town.shimane-misato.lg.jp/reiki_int/reiki_taikei/r_taikei_08_01.html
32448	美郷町	20	美郷町子ども医療費助成に関する条例	https://gov.town.shimane-misato.lg.jp/reiki_int/reiki_honbun/r071RG00000327.html	https://gov.town.shimane-misato.lg.jp/reiki_int/reiki_taikei/r_taikei_08_01.html
32448	美郷町	20	美郷町子ども医療費助成に関する条例施行規則	https://gov.town.shimane-misato.lg.jp/reiki_int/reiki_honbun/r071RG00000328.html	https://gov.town.shimane-misato.lg.jp/reiki_int/reiki_taikei/r_taikei_08_01.html
32448	美郷町	20	美郷町母子家庭高等技能訓練促進給付金事業実施要綱	https://gov.town.shimane-misato.lg.jp/reiki_int/reiki_honbun/r071RG00000755.html	https://gov.town.shimane-misato.lg.jp/reiki_int/reiki_taikei/r_taikei_08_01.html
32448	美郷町	20	美郷町母子家庭自立支援教育訓練給付金事業実施要綱	https://gov.town.shimane-misato.lg.jp/reiki_int/reiki_honbun/r071RG00000756.html	https://gov.town.shimane-misato.lg.jp/reiki_int/reiki_taikei/r_taikei_08_01.html
32448	美郷町	20	美郷町住宅改修支援事業補助金交付要綱	https://gov.town.shimane-misato.lg.jp/reiki_int/reiki_honbun/r071RG00000682.html	https://gov.town.shimane-misato.lg.jp/reiki_int/reiki_taikei/r_taikei_08_01.html
32448	美郷町	20	美郷町障がい者福祉施設整備費補助金交付要綱	https://gov.town.shimane-misato.lg.jp/reiki_int/reiki_honbun/r071RG00000980.html	https://gov.town.shimane-misato.lg.jp/reiki_int/reiki_taikei/r_taikei_08_01.html
32448	美郷町	20	美郷町同和関係団体補助金交付要綱	https://gov.town.shimane-misato.lg.jp/reiki_int/reiki_honbun/r071RG00000387.html	https://gov.town.shimane-misato.lg.jp/reiki_int/reiki_taikei/r_taikei_08_01.html
32448	美郷町	20	第2章 給料・手当	https://gov.town.shimane-misato.lg.jp/reiki_int/reiki_taikei/r_taikei_05_02.html	https://gov.town.shimane-misato.lg.jp/reiki_int/reiki_taikei/r_taikei_08_01.html
32449	邑南町	20	生殖補助医療費用を助成します	https://www.town.ohnan.lg.jp/site/kosodate/1154.html	https://www.town.ohnan.lg.jp/site/kosodate/list24-102.html
32501	津和野町	20	一般不妊治療費等助成金	https://www.town.tsuwano.lg.jp/www/contents/1373767218413/index.html	https://www.town.tsuwano.lg.jp/www/contents/1681362095333/index.html
32501	津和野町	20	子ども等医療費助成	https://www.town.tsuwano.lg.jp/www/contents/1000000253000/index.html	https://www.town.tsuwano.lg.jp/www/contents/1681362095333/index.html
32501	津和野町	20	風しん予防接種費助成金	https://www.g-reiki.net/tsuwano/reiki_honbun/r129RG00000964.html	https://www.town.tsuwano.lg.jp/www/contents/1681362095333/index.html
32501	津和野町	20	児童扶養手当	https://www.town.tsuwano.lg.jp/www/contents/1473322989329/index.html	https://www.town.tsuwano.lg.jp/www/contents/1684975426783/index.html
32501	津和野町	20	高等職業訓練促進給付金	https://www.town.tsuwano.lg.jp/www/contents/1000000313000/index.html	https://www.town.tsuwano.lg.jp/www/contents/1684975426783/index.html
32441	川本町	10	移住	https://www.kawamotogurashi.jp/	https://www.town.shimane-kawamoto.lg.jp/
32441	川本町	10	子育て・教育	https://www.town.shimane-kawamoto.lg.jp/gyosei/gyosei_education/	https://www.town.shimane-kawamoto.lg.jp/gyosei/
32441	川本町	10	子育て	https://www.town.shimane-kawamoto.lg.jp/gyosei/gyosei_education/childcare/	https://www.town.shimane-kawamoto.lg.jp/gyosei/
32441	川本町	10	健康・福祉	https://www.town.shimane-kawamoto.lg.jp/gyosei/gyosei_health/	https://www.town.shimane-kawamoto.lg.jp/gyosei/
32441	川本町	10	障がい者福祉	https://www.town.shimane-kawamoto.lg.jp/gyosei/gyosei_health/disability_welfare/	https://www.town.shimane-kawamoto.lg.jp/gyosei/
32441	川本町	10	高齢者福祉	https://www.town.shimane-kawamoto.lg.jp/gyosei/gyosei_health/senior_welfare/	https://www.town.shimane-kawamoto.lg.jp/gyosei/
32441	川本町	10	住宅・土地	https://www.town.shimane-kawamoto.lg.jp/gyosei/gyosei_environment/housing/	https://www.town.shimane-kawamoto.lg.jp/gyosei/
32441	川本町	10	道路・交通	https://www.town.shimane-kawamoto.lg.jp/gyosei/gyosei_environment/traffic/	https://www.town.shimane-kawamoto.lg.jp/gyosei/
32441	川本町	10	農業	https://www.town.shimane-kawamoto.lg.jp/gyosei/gyosei_industry/agriculture/	https://www.town.shimane-kawamoto.lg.jp/gyosei/
32441	川本町	10	林業	https://www.town.shimane-kawamoto.lg.jp/gyosei/gyosei_industry/forestry/	https://www.town.shimane-kawamoto.lg.jp/gyosei/
32441	川本町	10	農業委員会	https://www.town.shimane-kawamoto.lg.jp/gyosei/gyosei_industry/agricultural_committee/	https://www.town.shimane-kawamoto.lg.jp/gyosei/
32441	川本町	10	お知らせ 2026年07月14日 道路交通情報 (県道１件追加） New	https://www.town.shimane-kawamoto.lg.jp/gyosei/gyosei_news/announce/5464	https://www.town.shimane-kawamoto.lg.jp/gyosei/
32441	川本町	10	お知らせ 2026年06月29日 多田地区定住促進住宅入居者募集	https://www.town.shimane-kawamoto.lg.jp/gyosei/gyosei_news/announce/7964	https://www.town.shimane-kawamoto.lg.jp/gyosei/
32441	川本町	10	イベント・募集 2026年06月09日 令和8年度 第1回川本町職員採用試験【一般事務、一般事務（社会人経験）、土木、社会福祉士】の実施について	https://www.town.shimane-kawamoto.lg.jp/gyosei/gyosei_news/community_events/7903	https://www.town.shimane-kawamoto.lg.jp/gyosei/
32441	川本町	10	子育て	https://www.town.shimane-kawamoto.lg.jp/gyosei/gyosei_search_info/parenting/	https://www.town.shimane-kawamoto.lg.jp/gyosei/
32441	川本町	10	障がいのある方	https://www.town.shimane-kawamoto.lg.jp/gyosei/gyosei_search_info/persons_with_disabilities/	https://www.town.shimane-kawamoto.lg.jp/gyosei/
32448	美郷町	10	sub-link#onMouseEnter mouseleave->sub-link#onMouseLeave" > 美郷町子育て移住支援サイト 移住を検討されている方へ。住まいや子育て、仕事に関する、さまざまな補助制度をご紹介します。	https://iju.town.shimane-misato.lg.jp/	https://www.town.shimane-misato.lg.jp/
32449	邑南町	10	妊娠・出産・子育て	https://www.town.ohnan.lg.jp/site/kosodate/	https://www.town.ohnan.lg.jp/
32449	邑南町	10	高齢者福祉	https://www.town.ohnan.lg.jp/life/2/10/	https://www.town.ohnan.lg.jp/
32449	邑南町	10	医療・健康・福祉	https://www.town.ohnan.lg.jp/life/2/	https://www.town.ohnan.lg.jp/
32449	邑南町	10	公的賃貸住宅入居者募集情報	https://www.town.ohnan.lg.jp/soshiki/11/1049.html	https://www.town.ohnan.lg.jp/
32449	邑南町	10	公的賃貸住宅空家情報	https://www.town.ohnan.lg.jp/soshiki/11/1042.html	https://www.town.ohnan.lg.jp/
32449	邑南町	10	就農支援について（新たに農業を始めたい方向け）	https://www.town.ohnan.lg.jp/soshiki/7/8588.html	https://www.town.ohnan.lg.jp/
32449	邑南町	10	農業研修生（おーなんアグサポ隊：R９年度活動開始）を募集します	https://www.town.ohnan.lg.jp/soshiki/7/8905.html	https://www.town.ohnan.lg.jp/
32449	邑南町	10	防犯・交通安全	https://www.town.ohnan.lg.jp/life/1/3/	https://www.town.ohnan.lg.jp/life/1/1/6/
32449	邑南町	10	道路河川・上下水道・交通・住宅	https://www.town.ohnan.lg.jp/life/1/5/	https://www.town.ohnan.lg.jp/life/1/1/6/
32449	邑南町	10	福祉	https://www.town.ohnan.lg.jp/life/2/13/	https://www.town.ohnan.lg.jp/life/1/1/6/
32449	邑南町	10	子育てサポート	https://www.town.ohnan.lg.jp/site/kosodate/list27.html	https://www.town.ohnan.lg.jp/life/1/1/6/
32449	邑南町	10	子育ての悩み・相談	https://www.town.ohnan.lg.jp/site/kosodate/list28.html	https://www.town.ohnan.lg.jp/life/1/1/6/
32449	邑南町	10	子育ての調査・計画	https://www.town.ohnan.lg.jp/site/kosodate/list30.html	https://www.town.ohnan.lg.jp/life/1/1/6/
32449	邑南町	10	小・中学校の通学助成	https://www.town.ohnan.lg.jp/site/kosodate/1754.html	https://www.town.ohnan.lg.jp/life/4/14/
32449	邑南町	10	邑南町立小中学校児童生徒数	https://www.town.ohnan.lg.jp/site/kosodate/1168.html	https://www.town.ohnan.lg.jp/life/4/14/
32449	邑南町	10	障がい者支援	https://www.town.ohnan.lg.jp/life/2/10/56/	https://www.town.ohnan.lg.jp/life/2/10/
32449	邑南町	10	身体障害者手帳	https://www.town.ohnan.lg.jp/soshiki/5/1488.html	https://www.town.ohnan.lg.jp/life/2/10/
32449	邑南町	10	精神障害者保健福祉手帳	https://www.town.ohnan.lg.jp/soshiki/5/1486.html	https://www.town.ohnan.lg.jp/life/2/10/
32449	邑南町	10	住宅・空き家対策	https://www.town.ohnan.lg.jp/life/1/5/32/	https://www.town.ohnan.lg.jp/soshiki/11/1049.html
32449	邑南町	10	各種様式（公的賃貸住宅）	https://www.town.ohnan.lg.jp/soshiki/11/1250.html	https://www.town.ohnan.lg.jp/soshiki/11/1049.html
32449	邑南町	10	おおなんケーブルの通信障害情報	https://www.town.ohnan.lg.jp/site/catv/8897.html	https://www.town.ohnan.lg.jp/soshiki/list1-1.html
32449	邑南町	10	しまね移住ポータルサイト くらしまねっと	https://www.kurashimanet.jp/sangyou-taiken/	https://www.town.ohnan.lg.jp/soshiki/7/8588.html
32449	邑南町	10	しまね移住相談会 in 大阪	https://www.kurashimanet.jp/shimane-migrationfair-osaka2026/	https://www.town.ohnan.lg.jp/soshiki/7/8588.html
32449	邑南町	10	東京都千代田区有楽町2丁目10-1 東京交通会館	https://maps.app.goo.gl/Qfcjtci2bgrnfEWY7	https://www.town.ohnan.lg.jp/soshiki/7/8588.html
32449	邑南町	10	しまね移住相談会 in&nbsp;東京	https://www.kurashimanet.jp/shimane-migrationfair-tokyo2026/	https://www.town.ohnan.lg.jp/soshiki/7/8588.html
32449	邑南町	10	しまね農業体験プログラム（ 公益財団法人 しまね農業振興公社 ）	https://center.agri-shimane.or.jp/?page_id=183	https://www.town.ohnan.lg.jp/soshiki/7/8588.html
32449	邑南町	10	市木、上田所、四つ葉、中組住宅 [PDFファイル／1.36MB]	https://www.town.ohnan.lg.jp/uploaded/attachment/5348.pdf	https://www.town.ohnan.lg.jp/soshiki/4/1267.html
32449	邑南町	10	就農パッケージ （野菜苗） [PDFファイル／934KB]	https://www.town.ohnan.lg.jp/uploaded/attachment/5640.pdf	https://www.town.ohnan.lg.jp/soshiki/7/8905.html
32449	邑南町	10	就農パッケージ （ぶどう） [PDFファイル／854KB]	https://www.town.ohnan.lg.jp/uploaded/attachment/5642.pdf	https://www.town.ohnan.lg.jp/soshiki/7/8905.html
32449	邑南町	10	通学路の危険箇所Map	https://www.town.ohnan.lg.jp/site/kosodate/1535.html	https://www.town.ohnan.lg.jp/soshiki/20/
32449	邑南町	10	小・中学校の就学援助	https://www.town.ohnan.lg.jp/site/kosodate/1068.html	https://www.town.ohnan.lg.jp/soshiki/20/
32449	邑南町	10	通学路の危険箇所票	https://www.town.ohnan.lg.jp/site/kosodate/1539.html	https://www.town.ohnan.lg.jp/soshiki/20/
32449	邑南町	10	邑南町通学路の危険箇所対策一覧及び通学路対策箇所の掲載	https://www.town.ohnan.lg.jp/site/kosodate/1264.html	https://www.town.ohnan.lg.jp/soshiki/20/
32449	邑南町	10	住宅用火災警報器の設置義務について	https://www.town.ohnan.lg.jp/soshiki/2/1761.html	https://www.town.ohnan.lg.jp/life/1/2/
32449	邑南町	10	交通安全	https://www.town.ohnan.lg.jp/life/1/3/22/	https://www.town.ohnan.lg.jp/life/1/3/
32449	邑南町	10	農業用ため池の届出は義務化されています	https://www.town.ohnan.lg.jp/soshiki/8/1666.html	https://www.town.ohnan.lg.jp/life/1/5/
32449	邑南町	10	おおなんバス・生活交通	https://www.town.ohnan.lg.jp/life/1/5/31/	https://www.town.ohnan.lg.jp/life/1/5/
32449	邑南町	10	邑南町地域公共交通計画の策定について	https://www.town.ohnan.lg.jp/soshiki/10/1134.html	https://www.town.ohnan.lg.jp/life/1/5/
32449	邑南町	10	公営住宅等長寿命化計画	https://www.town.ohnan.lg.jp/soshiki/11/1405.html	https://www.town.ohnan.lg.jp/life/1/5/
32449	邑南町	10	固定資産税減免申請書の様式	https://www.town.ohnan.lg.jp/soshiki/6/1527.html	https://www.town.ohnan.lg.jp/life/1/6/
32449	邑南町	10	法人町民税減免申請書の様式	https://www.town.ohnan.lg.jp/soshiki/6/1642.html	https://www.town.ohnan.lg.jp/life/1/6/
32449	邑南町	10	社会福祉	https://www.town.ohnan.lg.jp/life/2/13/57/	https://www.town.ohnan.lg.jp/life/2/13/
32449	邑南町	10	妊娠・出産・子育て	https://www.town.ohnan.lg.jp/site/kosodate/list1.html	https://www.town.ohnan.lg.jp/site/kosodate/list24.html
32449	邑南町	10	子育てハンドブック	https://www.town.ohnan.lg.jp/book/list/book3.html	https://www.town.ohnan.lg.jp/site/kosodate/list24.html
32449	邑南町	10	医療福祉政策課 子どもまるごと相談室	https://www.town.ohnan.lg.jp/site/kosodate/1496.html	https://www.town.ohnan.lg.jp/site/kosodate/list24.html
32449	邑南町	10	農業振興地域制度について	https://www.town.ohnan.lg.jp/soshiki/7/1051.html	https://www.town.ohnan.lg.jp/life/5/16/
32449	邑南町	10	農業研修生（おーなんアグサポ隊：R８年度活動開始）を募集します	https://www.town.ohnan.lg.jp/soshiki/7/8474.html	https://www.town.ohnan.lg.jp/life/5/16/
32449	邑南町	10	農業委員会	https://www.town.ohnan.lg.jp/life/5/16/65/	https://www.town.ohnan.lg.jp/life/5/16/
32449	邑南町	10	農業者年金	https://www.town.ohnan.lg.jp/soshiki/7/1736.html	https://www.town.ohnan.lg.jp/life/5/16/
32449	邑南町	10	令和5年度農業委員会総会議事録	https://www.town.ohnan.lg.jp/soshiki/7/1285.html	https://www.town.ohnan.lg.jp/life/5/16/
32449	邑南町	10	令和6年度農業委員会総会議事録	https://www.town.ohnan.lg.jp/soshiki/7/1284.html	https://www.town.ohnan.lg.jp/life/5/16/
32449	邑南町	10	「邑南町女性活躍・子育て応援企業」について	https://www.town.ohnan.lg.jp/soshiki/7/1239.html	https://www.town.ohnan.lg.jp/life/5/16/
32449	邑南町	10	医療福祉従事者バンクの登録をしませんか	https://www.town.ohnan.lg.jp/soshiki/5/1390.html	https://www.town.ohnan.lg.jp/life/5/16/
32449	邑南町	10	邑南町の医療機関・福祉事業所で働いてみませんか	https://www.town.ohnan.lg.jp/soshiki/5/1224.html	https://www.town.ohnan.lg.jp/life/5/16/
32449	邑南町	10	邑南町の医療と福祉の職場を体験してみませんか	https://www.town.ohnan.lg.jp/soshiki/5/1349.html	https://www.town.ohnan.lg.jp/life/5/16/
32449	邑南町	10	邑南町空き家バンクについて	https://www.town.ohnan.lg.jp/soshiki/10/1580.html	https://www.town.ohnan.lg.jp/life/7/27/
32449	邑南町	10	空き家に関する助成制度	https://www.town.ohnan.lg.jp/soshiki/11/1251.html	https://www.town.ohnan.lg.jp/life/7/27/
32449	邑南町	10	公的賃貸住宅の入居資格	https://www.town.ohnan.lg.jp/soshiki/11/1249.html	https://www.town.ohnan.lg.jp/life/7/27/
32449	邑南町	10	福祉施設	https://www.town.ohnan.lg.jp/life/7/28/118/	https://www.town.ohnan.lg.jp/life/7/28/
32449	邑南町	10	邑南町社会福祉協議会西部サービスセンター	https://www.town.ohnan.lg.jp/map/map130.html	https://www.town.ohnan.lg.jp/life/7/28/
32449	邑南町	10	邑南町社会福祉協議会東部サービスセンター	https://www.town.ohnan.lg.jp/map/map129.html	https://www.town.ohnan.lg.jp/life/7/28/
32449	邑南町	10	社会福祉法人邑南町社会福祉協議会	https://www.town.ohnan.lg.jp/map/map128.html	https://www.town.ohnan.lg.jp/life/7/28/
32449	邑南町	10	社会福祉法人石見さくら会	https://www.town.ohnan.lg.jp/map/map127.html	https://www.town.ohnan.lg.jp/life/7/28/
32449	邑南町	10	日貫農業機造改善センター	https://www.town.ohnan.lg.jp/map/map68.html	https://www.town.ohnan.lg.jp/life/7/28/
32449	邑南町	10	児童クラブ施設	https://www.town.ohnan.lg.jp/life/7/28/128/	https://www.town.ohnan.lg.jp/life/7/28/
32449	邑南町	10	口羽児童クラブ	https://www.town.ohnan.lg.jp/map/map41.html	https://www.town.ohnan.lg.jp/life/7/28/
32449	邑南町	10	阿須那児童クラブ	https://www.town.ohnan.lg.jp/map/map40.html	https://www.town.ohnan.lg.jp/life/7/28/
32449	邑南町	10	いちぎ児童クラブ	https://www.town.ohnan.lg.jp/map/map39.html	https://www.town.ohnan.lg.jp/life/7/28/
32449	邑南町	10	たかはら児童クラブ	https://www.town.ohnan.lg.jp/map/map38.html	https://www.town.ohnan.lg.jp/life/7/28/
32449	邑南町	10	みずほ児童クラブ	https://www.town.ohnan.lg.jp/map/map37.html	https://www.town.ohnan.lg.jp/life/7/28/
32449	邑南町	10	町営住宅施設	https://www.town.ohnan.lg.jp/life/7/28/130/	https://www.town.ohnan.lg.jp/life/7/28/
32449	邑南町	10	交通施設	https://www.town.ohnan.lg.jp/life/7/28/134/	https://www.town.ohnan.lg.jp/life/7/28/
32449	邑南町	10	農業集落排水 日和処理施設	https://www.town.ohnan.lg.jp/map/map218.html	https://www.town.ohnan.lg.jp/life/7/28/
32449	邑南町	10	口羽地区農業集落排水施設	https://www.town.ohnan.lg.jp/map/map211.html	https://www.town.ohnan.lg.jp/life/7/28/
32449	邑南町	10	農業集落排水 阿須那処理施設	https://www.town.ohnan.lg.jp/map/map210.html	https://www.town.ohnan.lg.jp/life/7/28/
32449	邑南町	10	農業集落排水 高見処理施設	https://www.town.ohnan.lg.jp/map/map199.html	https://www.town.ohnan.lg.jp/life/7/28/
32449	邑南町	10	医療福祉政策課	https://www.town.ohnan.lg.jp/soshiki/5/	https://www.town.ohnan.lg.jp/soshiki/2.html
32449	邑南町	10	国保加入者が交通事故などで治療を受けるときは届出が必要です	https://www.town.ohnan.lg.jp/soshiki/4/1277.html	https://www.town.ohnan.lg.jp/soshiki/4/
32449	邑南町	10	高齢者・障がい者等の要配慮者の方々におけるマイナンバーカードの健康保険証利用について	https://www.town.ohnan.lg.jp/soshiki/4/1218.html	https://www.town.ohnan.lg.jp/soshiki/4/
32449	邑南町	10	高額療養費の貸付制度について	https://www.town.ohnan.lg.jp/soshiki/4/1071.html	https://www.town.ohnan.lg.jp/soshiki/4/
32449	邑南町	10	子育て支援センターをご利用ください	https://www.town.ohnan.lg.jp/site/kosodate/1455.html	https://www.town.ohnan.lg.jp/soshiki/5/
32449	邑南町	10	防ごう児童虐待 ?あなたの「もしや？」が子どもを救う?	https://www.town.ohnan.lg.jp/site/kosodate/1447.html	https://www.town.ohnan.lg.jp/soshiki/5/
32449	邑南町	10	放課後児童クラブをご利用ください	https://www.town.ohnan.lg.jp/site/kosodate/1305.html	https://www.town.ohnan.lg.jp/soshiki/5/
32449	邑南町	10	邑南町障害者就労施設等からの物品等の調達方針	https://www.town.ohnan.lg.jp/soshiki/5/1483.html	https://www.town.ohnan.lg.jp/soshiki/5/
32449	邑南町	10	防災重点農業用ため池耐震・豪雨調査結果	https://www.town.ohnan.lg.jp/soshiki/8/1037.html	https://www.town.ohnan.lg.jp/soshiki/8/
32501	津和野町	10	公共交通	https://www.town.tsuwano.lg.jp/www/genre/1000000000093/index.html	https://www.town.tsuwano.lg.jp/www/index.html
32501	津和野町	10	健康・福祉	https://www.town.tsuwano.lg.jp/www/genre/1010000002001/index.html	https://www.town.tsuwano.lg.jp/www/index.html
32501	津和野町	10	子育て・教育	https://www.town.tsuwano.lg.jp/www/genre/1000000000080/index.html	https://www.town.tsuwano.lg.jp/www/index.html
32501	津和野町	10	移住・定住を お考えの方へ	https://www.town.tsuwano.lg.jp/www/genre/1000000000125/index.html	https://www.town.tsuwano.lg.jp/www/index.html
32501	津和野町	10	農林業	https://www.town.tsuwano.lg.jp/www/genre/1000000000132/index.html	https://www.town.tsuwano.lg.jp/www/index.html
32501	津和野町	10	津和野町営住宅（青原団地）入居者随時募集	https://www.town.tsuwano.lg.jp/www/contents/1783470237776/index.html	https://www.town.tsuwano.lg.jp/www/genre/1010000001001/index.html
32501	津和野町	10	若者定住住宅（枕瀬団地）入居者随時募集	https://www.town.tsuwano.lg.jp/www/contents/1783326032150/index.html	https://www.town.tsuwano.lg.jp/www/genre/1010000001001/index.html
32501	津和野町	10	津和野町借上賃貸住宅（ルシアンハイツB棟）入居者随時募集	https://www.town.tsuwano.lg.jp/www/contents/1782265334371/index.html	https://www.town.tsuwano.lg.jp/www/genre/1010000001001/index.html
32501	津和野町	10	空き家問題解決のための総合プラットフォーム「akisol（アキソル）」を運営する株式会社ジチタイアドと連携協定を締結しました	https://www.town.tsuwano.lg.jp/www/contents/1698710875176/index.html	https://www.town.tsuwano.lg.jp/www/genre/1010000001001/index.html
32501	津和野町	10	農業経営基盤強化促進基本構想の変更について	https://www.town.tsuwano.lg.jp/www/contents/1695776855770/index.html	https://www.town.tsuwano.lg.jp/www/genre/1010000001001/index.html
32501	津和野町	10	障がい・福祉	https://www.town.tsuwano.lg.jp/www/genre/1000000000040/index.html	https://www.town.tsuwano.lg.jp/www/genre/1010000001001/index.html
32501	津和野町	10	住宅・住宅支援	https://www.town.tsuwano.lg.jp/www/genre/1000000000089/index.html	https://www.town.tsuwano.lg.jp/www/genre/1010000001001/index.html
32501	津和野町	10	交通安全	https://www.town.tsuwano.lg.jp/www/genre/1000000000103/index.html	https://www.town.tsuwano.lg.jp/www/genre/1010000001001/index.html
32501	津和野町	10	第９期津和野町老人保健福祉・介護保険事業計画を公表します	https://www.town.tsuwano.lg.jp/www/contents/1725950685993/index.html	https://www.town.tsuwano.lg.jp/www/genre/1010000002001/index.html
32501	津和野町	10	福祉関連補助制度等 一覧	https://www.town.tsuwano.lg.jp/www/contents/1681358218227/index.html	https://www.town.tsuwano.lg.jp/www/genre/1010000002001/index.html
32501	津和野町	10	津和野町子育てガイドブック	https://www.town.tsuwano.lg.jp/www/contents/1719538717747/index.html	https://www.town.tsuwano.lg.jp/www/genre/1010000002001/index.html
32501	津和野町	10	福祉	https://www.town.tsuwano.lg.jp/www/genre/1000000000056/index.html	https://www.town.tsuwano.lg.jp/www/genre/1010000002001/index.html
32501	津和野町	10	福祉関係のお仕事をお探しなら「福祉のお仕事」（外部リンク）	http://www.fukushi-work.jp/	https://www.town.tsuwano.lg.jp/www/genre/1010000002001/index.html
32501	津和野町	10	島根県福祉人材センター	http://www.shimane-fjc.com/index.html	https://www.town.tsuwano.lg.jp/www/genre/1010000002001/index.html
32501	津和野町	10	障がい者助成	https://www.town.tsuwano.lg.jp/www/genre/1000000000061/index.html	https://www.town.tsuwano.lg.jp/www/genre/1010000002001/index.html
32501	津和野町	10	高齢者福祉	https://www.town.tsuwano.lg.jp/www/genre/1000000000062/index.html	https://www.town.tsuwano.lg.jp/www/genre/1010000002001/index.html
32501	津和野町	10	妊婦のための支援給付	https://www.town.tsuwano.lg.jp/www/contents/1674191163887/index.html	https://www.town.tsuwano.lg.jp/www/genre/1010000002001/index.html
32501	津和野町	10	母子健康手帳・妊婦健診など	https://www.town.tsuwano.lg.jp/www/genre/1000000000065/index.html	https://www.town.tsuwano.lg.jp/www/genre/1010000002001/index.html
32501	津和野町	10	出産・子育て関連補助制度等 一覧	https://www.town.tsuwano.lg.jp/www/contents/1681362095333/index.html	https://www.town.tsuwano.lg.jp/www/genre/1000000000080/index.html
32501	津和野町	10	令和８年度 放課後児童クラブの入会及び継続申込みについて	https://www.town.tsuwano.lg.jp/www/contents/1775174303655/index.html	https://www.town.tsuwano.lg.jp/www/genre/1000000000080/index.html
32501	津和野町	10	津和野町子育て支援センター	https://www.town.tsuwano.lg.jp/www/contents/1474616092698/index.html	https://www.town.tsuwano.lg.jp/www/genre/1000000000080/index.html
32501	津和野町	10	子育て	https://www.town.tsuwano.lg.jp/www/genre/1477901271844/index.html	https://www.town.tsuwano.lg.jp/www/genre/1000000000080/index.html
32501	津和野町	10	子育て支援センター	https://www.town.tsuwano.lg.jp/www/genre/1477901394645/index.html	https://www.town.tsuwano.lg.jp/www/genre/1000000000080/index.html
32501	津和野町	10	放課後児童クラブ	https://www.town.tsuwano.lg.jp/www/genre/1477901414957/index.html	https://www.town.tsuwano.lg.jp/www/genre/1000000000080/index.html
32501	津和野町	10	子育て支援	https://www.town.tsuwano.lg.jp/www/genre/1477901447796/index.html	https://www.town.tsuwano.lg.jp/www/genre/1000000000080/index.html
32501	津和野町	10	津和野町 通学路交通安全プログラム	https://www.town.tsuwano.lg.jp/www/contents/1501036829651/index.html	https://www.town.tsuwano.lg.jp/www/genre/1000000000080/index.html
32501	津和野町	10	通学合宿	https://www.town.tsuwano.lg.jp/www/genre/1477901688308/index.html	https://www.town.tsuwano.lg.jp/www/genre/1000000000080/index.html
32501	津和野町	10	就学援助・教育相談	https://www.town.tsuwano.lg.jp/www/genre/1477901806495/index.html	https://www.town.tsuwano.lg.jp/www/genre/1000000000080/index.html
32501	津和野町	10	就学援助	https://www.town.tsuwano.lg.jp/www/genre/1000000000085/index.html	https://www.town.tsuwano.lg.jp/www/genre/1000000000080/index.html
32501	津和野町	10	母子・寡婦福祉資金貸付について	https://www.town.tsuwano.lg.jp/www/contents/1000000311000/index.html	https://www.town.tsuwano.lg.jp/www/genre/1000000000080/index.html
32501	津和野町	10	民生児童員	https://www.town.tsuwano.lg.jp/www/contents/1000000318000/index.html	https://www.town.tsuwano.lg.jp/www/genre/1000000000080/index.html
32501	津和野町	10	規則、規程、告示等の電子掲示板（農業委員会）	https://www.town.tsuwano.lg.jp/www/contents/1778203984543/index.html	https://www.town.tsuwano.lg.jp/www/genre/1000000000002/index.html
32501	津和野町	10	規則、規程、告示等の電子掲示板（健康福祉課）	https://www.town.tsuwano.lg.jp/www/contents/1775634166743/index.html	https://www.town.tsuwano.lg.jp/www/genre/1000000000002/index.html
32501	津和野町	10	津和野町地域公共交通計画	https://www.town.tsuwano.lg.jp/www/contents/1705474579482/index.html	https://www.town.tsuwano.lg.jp/www/genre/1000000000002/index.html
32501	津和野町	10	縁結び大学で津和野町の移住者支援事業が紹介されました！	https://www.town.tsuwano.lg.jp/www/contents/1648081860145/index.html	https://www.town.tsuwano.lg.jp/www/genre/1000000000002/index.html
32501	津和野町	10	保健医療・福祉	https://www.town.tsuwano.lg.jp/www/genre/1000000000009/index.html	https://www.town.tsuwano.lg.jp/www/genre/1000000000002/index.html
32501	津和野町	10	農業委員・農地利用最適化推進委員の応募状況について（中間報告	https://www.town.tsuwano.lg.jp/www/contents/1782892840399/index.html	https://www.town.tsuwano.lg.jp/www/genre/1000000000129/index.html
32501	津和野町	10	つわの農業体験プログラム しっかりサポートプラン	https://www.town.tsuwano.lg.jp/www/contents/1410304107272/index.html	https://www.town.tsuwano.lg.jp/www/genre/1000000000129/index.html
32501	津和野町	10	農林業関連補助制度等 一覧	https://www.town.tsuwano.lg.jp/www/contents/1681371795587/index.html	https://www.town.tsuwano.lg.jp/www/genre/1000000000129/index.html
32501	津和野町	10	津和野町高津川流域産木材を生かした住宅づくり等の助成制度を実施しています	https://www.town.tsuwano.lg.jp/www/contents/1000000476000/index.html	https://www.town.tsuwano.lg.jp/www/genre/1000000000129/index.html
32501	津和野町	10	農・林業を営む人のために	https://www.town.tsuwano.lg.jp/www/contents/1000000479000/index.html	https://www.town.tsuwano.lg.jp/www/genre/1000000000129/index.html
32501	津和野町	10	強い農業づくり交付金における事業評価結果の公表について	https://www.town.tsuwano.lg.jp/www/contents/1000000482000/index.html	https://www.town.tsuwano.lg.jp/www/genre/1000000000129/index.html
32501	津和野町	10	農業委員会	https://www.town.tsuwano.lg.jp/www/genre/1000000000133/index.html	https://www.town.tsuwano.lg.jp/www/genre/1000000000129/index.html
32501	津和野町	10	就農支援	https://www.town.tsuwano.lg.jp/www/genre/1000000000134/index.html	https://www.town.tsuwano.lg.jp/www/genre/1000000000129/index.html
32501	津和野町	10	UIターンフェア・移住相談情報	https://www.town.tsuwano.lg.jp/www/contents/1718169982046/index.html	https://www.town.tsuwano.lg.jp/www/genre/1000000000129/index.html
32501	津和野町	10	健康・福祉	https://www.town.tsuwano.lg.jp/www/sitemap.html	https://www.town.tsuwano.lg.jp/www/sitemap.html
32501	津和野町	10	空き家情報	https://www.town.tsuwano.lg.jp/www/genre/1352961893896/index.html	https://www.town.tsuwano.lg.jp/www/sitemap.html
32501	津和野町	10	その他の住宅情報	https://www.town.tsuwano.lg.jp/www/genre/1362620550251/index.html	https://www.town.tsuwano.lg.jp/www/sitemap.html
32501	津和野町	10	高齢者等福祉タクシー利用料金助成	https://www.town.tsuwano.lg.jp/www/contents/1000000225000/index.html	https://www.town.tsuwano.lg.jp/www/contents/1681367497484/index.html
32501	津和野町	10	公営住宅について	https://www.town.tsuwano.lg.jp/www/contents/1741919712090/index.html	https://www.town.tsuwano.lg.jp/www/genre/1000000000088/index.html
32501	津和野町	10	住宅の耐震対策について	https://www.town.tsuwano.lg.jp/www/contents/1733977991892/index.html	https://www.town.tsuwano.lg.jp/www/genre/1000000000088/index.html
32501	津和野町	10	町営住宅にお住まいの方へ	https://www.town.tsuwano.lg.jp/www/contents/1631163007657/index.html	https://www.town.tsuwano.lg.jp/www/genre/1000000000088/index.html
32501	津和野町	10	町営住宅に入居するには	https://www.town.tsuwano.lg.jp/www/contents/1000000323000/index.html	https://www.town.tsuwano.lg.jp/www/genre/1000000000088/index.html
32501	津和野町	10	交通事故相談を行っています	https://www.town.tsuwano.lg.jp/www/contents/1357367870685/index.html	https://www.town.tsuwano.lg.jp/www/genre/1000000000088/index.html
32501	津和野町	10	交通関連補助制度等 一覧	https://www.town.tsuwano.lg.jp/www/contents/1681367497484/index.html	https://www.town.tsuwano.lg.jp/www/genre/1000000000088/index.html
32501	津和野町	10	通院時の交通機関料金の助成	https://www.town.tsuwano.lg.jp/www/contents/1000000231000/index.html	https://www.town.tsuwano.lg.jp/www/genre/1000000000088/index.html
32501	津和野町	10	２．物件平面図（森村住宅2号棟）（PDF：128KB）	https://www.town.tsuwano.lg.jp/www/contents/1746595632910/files/2heimenzu1-2F.pdf	https://www.town.tsuwano.lg.jp/www/contents/1746595632910/index.html
32501	津和野町	10	1.町営住宅入居申込書（Word：21KB）	https://www.town.tsuwano.lg.jp/www/contents/1783470237776/files/tyouei.docx	https://www.town.tsuwano.lg.jp/www/contents/1783470237776/index.html
32501	津和野町	10	津和野町木造住宅耐震化等促進事業について（PDF：136KB）	https://www.town.tsuwano.lg.jp/www/contents/1782190745130/files/taishinka.pdf	https://www.town.tsuwano.lg.jp/www/contents/1782190745130/index.html
32501	津和野町	10	妊婦健診等に係る通院費の助成を行っています。	https://www.town.tsuwano.lg.jp/www/contents/1355614661385/index.html	https://www.town.tsuwano.lg.jp/www/genre/1000000000033/index.html
32501	津和野町	10	障害基礎年金	https://www.town.tsuwano.lg.jp/www/contents/1000000169000/index.html	https://www.town.tsuwano.lg.jp/www/genre/1000000000033/index.html
32501	津和野町	10	平成26年度津和野町障害者就労施設等優先調達方針を策定しました。	https://www.town.tsuwano.lg.jp/www/contents/1414464572382/index.html	https://www.town.tsuwano.lg.jp/www/genre/1000000000033/index.html
32501	津和野町	10	平成25年度津和野町障がい者就労施設等優先調達方針を策定しました。	https://www.town.tsuwano.lg.jp/www/contents/1393397365967/index.html	https://www.town.tsuwano.lg.jp/www/genre/1000000000033/index.html
32501	津和野町	10	税の減免を受けるために	https://www.town.tsuwano.lg.jp/www/contents/1000000229000/index.html	https://www.town.tsuwano.lg.jp/www/genre/1000000000033/index.html
32501	津和野町	10	福祉機器の交付について	https://www.town.tsuwano.lg.jp/www/contents/1000000215000/index.html	https://www.town.tsuwano.lg.jp/www/genre/1000000000033/index.html
32501	津和野町	10	障害者移動支援	https://www.town.tsuwano.lg.jp/www/contents/1000000223000/index.html	https://www.town.tsuwano.lg.jp/www/genre/1000000000033/index.html
32501	津和野町	10	障害者手帳	https://www.town.tsuwano.lg.jp/www/contents/1000000219000/index.html	https://www.town.tsuwano.lg.jp/www/genre/1000000000033/index.html
32501	津和野町	10	身体障がい者（児）相談員が相談に応じます	https://www.town.tsuwano.lg.jp/www/contents/1000000211000/index.html	https://www.town.tsuwano.lg.jp/www/genre/1000000000033/index.html
32501	津和野町	10	精神障がいのかたへ	https://www.town.tsuwano.lg.jp/www/contents/1000000217000/index.html	https://www.town.tsuwano.lg.jp/www/genre/1000000000033/index.html
32501	津和野町	10	通院のための交通費の助成について	https://www.town.tsuwano.lg.jp/www/contents/1000000242000/index.html	https://www.town.tsuwano.lg.jp/www/genre/1000000000033/index.html
32505	吉賀町	10	防災・交通	https://www.town.yoshika.lg.jp/bousai/	https://www.town.yoshika.lg.jp/
32505	吉賀町	10	令和8年度きん祭みん祭農業文化祭の開催・申込みについて	https://www.town.yoshika.lg.jp/event-news/kinsaiminsai.html	https://www.town.yoshika.lg.jp/
32505	吉賀町	10	株式会社クラッソーネと「空き家除却促進に係る連携協定」を締結しました	https://www.town.yoshika.lg.jp/topics-news/jokyakusokusin.html	https://www.town.yoshika.lg.jp/
32505	吉賀町	10	吉賀町地域公共交通計画（第2期）案 に対するパブリックコメント	https://www.town.yoshika.lg.jp/bousai/traffic/yoshikapp190909.html	https://www.town.yoshika.lg.jp/
32505	吉賀町	10	修学資金貸付	https://www.town.yoshika.lg.jp/kurashi/josei/shugakushikin/syugaku.html	https://www.town.yoshika.lg.jp/
32505	吉賀町	10	吉賀町地域公共交通網形成計画（案）に対するパブリックコメント	https://www.town.yoshika.lg.jp/bousai/transport/yoshikapp190909.html	https://www.town.yoshika.lg.jp/
32505	吉賀町	10	子育て	https://www.town.yoshika.lg.jp/kurashi/lifeevent/kosodate/	https://www.town.yoshika.lg.jp/
32505	吉賀町	10	障がい者支援	https://www.town.yoshika.lg.jp/kurashi/lifeevent/syougai_shien/	https://www.town.yoshika.lg.jp/
32505	吉賀町	10	林業	https://www.town.yoshika.lg.jp/sangyou/ringyou/	https://www.town.yoshika.lg.jp/sangyou/ringyou/tiikiokosibosyu.html
32505	吉賀町	10	農業	https://www.town.yoshika.lg.jp/sangyou/nougyou/	https://www.town.yoshika.lg.jp/sangyou/nougyou/chiikinougyouijihattennshien.html
32505	吉賀町	10	住まい（公営住宅・空き家）	https://www.town.yoshika.lg.jp/kurashi/sumai/	https://www.town.yoshika.lg.jp/sitemap.html
32505	吉賀町	10	公営住宅	https://www.town.yoshika.lg.jp/kurashi/sumai/koueijyuutaku/	https://www.town.yoshika.lg.jp/sitemap.html
32505	吉賀町	10	民間住宅	https://www.town.yoshika.lg.jp/kurashi/sumai/minkan/	https://www.town.yoshika.lg.jp/sitemap.html
32505	吉賀町	10	福祉	https://www.town.yoshika.lg.jp/kurashi/fukushi/	https://www.town.yoshika.lg.jp/sitemap.html
32505	吉賀町	10	子育て支援	https://www.town.yoshika.lg.jp/kurashi/fukushi/kosodateshien/	https://www.town.yoshika.lg.jp/sitemap.html
32505	吉賀町	10	児童福祉	https://www.town.yoshika.lg.jp/kurashi/fukushi/jidoufukushi/	https://www.town.yoshika.lg.jp/sitemap.html
32505	吉賀町	10	母子寡婦父子福祉	https://www.town.yoshika.lg.jp/kurashi/fukushi/boshikafufushi/	https://www.town.yoshika.lg.jp/sitemap.html
32505	吉賀町	10	障がい者福祉	https://www.town.yoshika.lg.jp/kurashi/fukushi/shougaishafukushi/	https://www.town.yoshika.lg.jp/sitemap.html
32505	吉賀町	10	高齢者福祉	https://www.town.yoshika.lg.jp/kurashi/fukushi/koureishafukushi/	https://www.town.yoshika.lg.jp/sitemap.html
32505	吉賀町	10	地域福祉	https://www.town.yoshika.lg.jp/kurashi/fukushi/tiikihukushi/	https://www.town.yoshika.lg.jp/sitemap.html
32505	吉賀町	10	民生委員・児童委員	https://www.town.yoshika.lg.jp/kurashi/fukushi/minnseiiinnjidouiinn/	https://www.town.yoshika.lg.jp/sitemap.html
32505	吉賀町	10	吉賀町通学路合同点検	https://www.town.yoshika.lg.jp/kurashi/kyouiku/tuugakuro/	https://www.town.yoshika.lg.jp/sitemap.html
32505	吉賀町	10	町立小中学校における障がいを理由とする差別解消の推進対応要領	https://www.town.yoshika.lg.jp/kurashi/kyouiku/syougaisabetutaiouyouryou/	https://www.town.yoshika.lg.jp/sitemap.html
32505	吉賀町	10	福祉	https://www.town.yoshika.lg.jp/kurashi/josei/fukushi/	https://www.town.yoshika.lg.jp/sitemap.html
32505	吉賀町	10	吉賀町農業振興ビジョン策定支援業務委託プロポーザル	https://www.town.yoshika.lg.jp/sangyou/nyusatsu/nougyoushinkoupro/	https://www.town.yoshika.lg.jp/sitemap.html
32505	吉賀町	10	水田農業	https://www.town.yoshika.lg.jp/sangyou/nougyou/suidennougyou/	https://www.town.yoshika.lg.jp/sitemap.html
32505	吉賀町	10	農業委員会	https://www.town.yoshika.lg.jp/sangyou/nougyou/nougyoiinkainosenkyo/	https://www.town.yoshika.lg.jp/sitemap.html
32505	吉賀町	10	有機農業	https://www.town.yoshika.lg.jp/sangyou/nougyou/yuuki/	https://www.town.yoshika.lg.jp/sitemap.html
32505	吉賀町	10	吉賀町農業再生協議会	https://www.town.yoshika.lg.jp/sangyou/nougyou/saisekyo/	https://www.town.yoshika.lg.jp/sitemap.html
32505	吉賀町	10	地域公共交通	https://www.town.yoshika.lg.jp/bousai/transport/	https://www.town.yoshika.lg.jp/sitemap.html
32505	吉賀町	10	公共交通機関	https://www.town.yoshika.lg.jp/bousai/traffic/	https://www.town.yoshika.lg.jp/sitemap.html
32441	川本町	10	川本町社会福祉法人に対する助成に関する条例	https://www.town.shimane-kawamoto.lg.jp/reiki/reiki_honbun/m137RG00000268.html	https://www.town.shimane-kawamoto.lg.jp/reiki/reiki_taikei/r_taikei_07_01.html
32441	川本町	10	川本町高齢者等福祉サービス事業分担金の徴収に関する条例	https://www.town.shimane-kawamoto.lg.jp/reiki/reiki_honbun/m137RG00000270.html	https://www.town.shimane-kawamoto.lg.jp/reiki/reiki_taikei/r_taikei_07_01.html
32441	川本町	10	川本町地域福祉センター管理運営規則	https://www.town.shimane-kawamoto.lg.jp/reiki/reiki_honbun/m137RG00000276.html	https://www.town.shimane-kawamoto.lg.jp/reiki/reiki_taikei/r_taikei_07_01.html
32441	川本町	10	川本町福祉事務所設置条例	https://www.town.shimane-kawamoto.lg.jp/reiki/reiki_honbun/m137RG00000280.html	https://www.town.shimane-kawamoto.lg.jp/reiki/reiki_taikei/r_taikei_07_01.html
32441	川本町	10	川本町子ども・子育て支援法施行細則	https://www.town.shimane-kawamoto.lg.jp/reiki/reiki_honbun/m137RG00000868.html	https://www.town.shimane-kawamoto.lg.jp/reiki/reiki_taikei/r_taikei_07_01.html
32441	川本町	10	川本町特定教育・保育施設及び特定地域型保育事業並びに特定子ども・子育て支援施設等の運営に関する基準を定める条例	https://www.town.shimane-kawamoto.lg.jp/reiki/reiki_honbun/m137RG00000293.html	https://www.town.shimane-kawamoto.lg.jp/reiki/reiki_taikei/r_taikei_07_01.html
32441	川本町	10	川本町特定教育・保育施設及び特定地域型保育事業保育事業の利用者負担金の減免取扱規程	https://www.town.shimane-kawamoto.lg.jp/reiki/reiki_honbun/m137RG00000873.html	https://www.town.shimane-kawamoto.lg.jp/reiki/reiki_taikei/r_taikei_07_01.html
32441	川本町	10	川本町子育てのための施設等利用給付に係る規則	https://www.town.shimane-kawamoto.lg.jp/reiki/reiki_honbun/m137RG00000913.html	https://www.town.shimane-kawamoto.lg.jp/reiki/reiki_taikei/r_taikei_07_01.html
32441	川本町	10	川本町障がい児等保育事業実施要綱	https://www.town.shimane-kawamoto.lg.jp/reiki/reiki_honbun/m137RG00000300.html	https://www.town.shimane-kawamoto.lg.jp/reiki/reiki_taikei/r_taikei_07_01.html
32441	川本町	10	川本町保育所・放課後児童クラブ等従事者に対する応援協力金交付要綱	https://www.town.shimane-kawamoto.lg.jp/reiki/reiki_honbun/m137RG00000973.html	https://www.town.shimane-kawamoto.lg.jp/reiki/reiki_taikei/r_taikei_07_01.html
32441	川本町	10	川本町母子家庭等児童修学費助成事業支給要綱	https://www.town.shimane-kawamoto.lg.jp/reiki/reiki_honbun/m137RG00000304.html	https://www.town.shimane-kawamoto.lg.jp/reiki/reiki_taikei/r_taikei_07_01.html
32441	川本町	10	川本町母子家庭児童等入学就職支度金支給要綱	https://www.town.shimane-kawamoto.lg.jp/reiki/reiki_honbun/m137RG00000305.html	https://www.town.shimane-kawamoto.lg.jp/reiki/reiki_taikei/r_taikei_07_01.html
32441	川本町	10	川本町妊婦健康診査事業実施要綱	https://www.town.shimane-kawamoto.lg.jp/reiki/reiki_honbun/m137RG00000308.html	https://www.town.shimane-kawamoto.lg.jp/reiki/reiki_taikei/r_taikei_07_01.html
32441	川本町	10	川本町妊婦歯科健診事業実施要綱	https://www.town.shimane-kawamoto.lg.jp/reiki/reiki_honbun/m137RG00000976.html	https://www.town.shimane-kawamoto.lg.jp/reiki/reiki_taikei/r_taikei_07_01.html
32441	川本町	10	川本町妊婦に対する遠方の分娩取扱施設への交通費及び宿泊費支援事業実施要綱	https://www.town.shimane-kawamoto.lg.jp/reiki/reiki_honbun/m137RG00001085.html	https://www.town.shimane-kawamoto.lg.jp/reiki/reiki_taikei/r_taikei_07_01.html
32441	川本町	10	川本町児童福祉法施行細則	https://www.town.shimane-kawamoto.lg.jp/reiki/reiki_honbun/m137RG00000311.html	https://www.town.shimane-kawamoto.lg.jp/reiki/reiki_taikei/r_taikei_07_01.html
32441	川本町	10	川本町要保護児童対策地域協議会運営要綱	https://www.town.shimane-kawamoto.lg.jp/reiki/reiki_honbun/m137RG00000312.html	https://www.town.shimane-kawamoto.lg.jp/reiki/reiki_taikei/r_taikei_07_01.html
32441	川本町	10	川本町一般不妊治療費等助成要綱	https://www.town.shimane-kawamoto.lg.jp/reiki/reiki_honbun/m137RG00000316.html	https://www.town.shimane-kawamoto.lg.jp/reiki/reiki_taikei/r_taikei_07_01.html
32441	川本町	10	川本町男性不妊検査費助成事業実施要綱	https://www.town.shimane-kawamoto.lg.jp/reiki/reiki_honbun/m137RG00000865.html	https://www.town.shimane-kawamoto.lg.jp/reiki/reiki_taikei/r_taikei_07_01.html
32441	川本町	10	川本町放課後児童健全育成事業の設備及び運営に関する基準を定める条例	https://www.town.shimane-kawamoto.lg.jp/reiki/reiki_honbun/m137RG00000320.html	https://www.town.shimane-kawamoto.lg.jp/reiki/reiki_taikei/r_taikei_07_01.html
32441	川本町	10	老人福祉法施行細則	https://www.town.shimane-kawamoto.lg.jp/reiki/reiki_honbun/m137RG00000325.html	https://www.town.shimane-kawamoto.lg.jp/reiki/reiki_taikei/r_taikei_07_01.html
32441	川本町	10	老人福祉法第28条の規定に基づく費用の徴収に関する規則	https://www.town.shimane-kawamoto.lg.jp/reiki/reiki_honbun/m137RG00000326.html	https://www.town.shimane-kawamoto.lg.jp/reiki/reiki_taikei/r_taikei_07_01.html
32441	川本町	10	川本町老人福祉センターに関する条例	https://www.town.shimane-kawamoto.lg.jp/reiki/reiki_honbun/m137RG00000328.html	https://www.town.shimane-kawamoto.lg.jp/reiki/reiki_taikei/r_taikei_07_01.html
32441	川本町	10	川本町久座仁老人福祉センターの設置及び管理に関する条例	https://www.town.shimane-kawamoto.lg.jp/reiki/reiki_honbun/m137RG00000329.html	https://www.town.shimane-kawamoto.lg.jp/reiki/reiki_taikei/r_taikei_07_01.html
32441	川本町	10	川本町高齢者生産活動事業資金の貸付けに関する規則	https://www.town.shimane-kawamoto.lg.jp/reiki/reiki_honbun/m137RG00000336.html	https://www.town.shimane-kawamoto.lg.jp/reiki/reiki_taikei/r_taikei_07_01.html
32441	川本町	10	川本町公の施設「介護予防拠点施設悠湯プラザ、地域福祉センター」指定管理者候補選定委員会設置規程	https://www.town.shimane-kawamoto.lg.jp/reiki/reiki_honbun/m137RG00000342.html	https://www.town.shimane-kawamoto.lg.jp/reiki/reiki_taikei/r_taikei_07_01.html
32441	川本町	10	老齢者の所得税法施行令等に基づく障害者控除にかかる認定書交付の取扱い要綱	https://www.town.shimane-kawamoto.lg.jp/reiki/reiki_honbun/m137RG00000345.html	https://www.town.shimane-kawamoto.lg.jp/reiki/reiki_taikei/r_taikei_07_01.html
32441	川本町	10	川本町老人福祉センターの休止に関する条例	https://www.town.shimane-kawamoto.lg.jp/reiki/reiki_honbun/m137RG00000351.html	https://www.town.shimane-kawamoto.lg.jp/reiki/reiki_taikei/r_taikei_07_01.html
32441	川本町	10	身体障害者福祉法施行細則	https://www.town.shimane-kawamoto.lg.jp/reiki/reiki_honbun/m137RG00000353.html	https://www.town.shimane-kawamoto.lg.jp/reiki/reiki_taikei/r_taikei_07_01.html
32441	川本町	10	身体障害者福祉法第38条第4項の規定に基づく身体障害者更生援護施設への入所又は入所の委託に係る費用の徴収に関する規則	https://www.town.shimane-kawamoto.lg.jp/reiki/reiki_honbun/m137RG00000354.html	https://www.town.shimane-kawamoto.lg.jp/reiki/reiki_taikei/r_taikei_07_01.html
32441	川本町	10	川本町障害者地域生活支援事業実施規則	https://www.town.shimane-kawamoto.lg.jp/reiki/reiki_honbun/m137RG00000355.html	https://www.town.shimane-kawamoto.lg.jp/reiki/reiki_taikei/r_taikei_07_01.html
32441	川本町	10	川本町重度障害児者日常生活用具給付等事業実施要綱	https://www.town.shimane-kawamoto.lg.jp/reiki/reiki_honbun/m137RG00000356.html	https://www.town.shimane-kawamoto.lg.jp/reiki/reiki_taikei/r_taikei_07_01.html
32441	川本町	10	川本町障害者移動支援事業実施要綱	https://www.town.shimane-kawamoto.lg.jp/reiki/reiki_honbun/m137RG00000357.html	https://www.town.shimane-kawamoto.lg.jp/reiki/reiki_taikei/r_taikei_07_01.html
32441	川本町	10	川本町障害者意思疎通支援事業実施要綱	https://www.town.shimane-kawamoto.lg.jp/reiki/reiki_honbun/m137RG00000359.html	https://www.town.shimane-kawamoto.lg.jp/reiki/reiki_taikei/r_taikei_07_01.html
32441	川本町	10	川本町心身障害児等に係る日常生活用具の給付等に関する規則	https://www.town.shimane-kawamoto.lg.jp/reiki/reiki_honbun/m137RG00000366.html	https://www.town.shimane-kawamoto.lg.jp/reiki/reiki_taikei/r_taikei_07_01.html
32441	川本町	10	川本町腎臓機能障害者通院費助成要綱	https://www.town.shimane-kawamoto.lg.jp/reiki/reiki_honbun/m137RG00000367.html	https://www.town.shimane-kawamoto.lg.jp/reiki/reiki_taikei/r_taikei_07_01.html
32441	川本町	10	川本町身体障害者用自動車改造費助成事業実施要綱	https://www.town.shimane-kawamoto.lg.jp/reiki/reiki_honbun/m137RG00000368.html	https://www.town.shimane-kawamoto.lg.jp/reiki/reiki_taikei/r_taikei_07_01.html
32441	川本町	10	川本町精神障害者通院費助成要綱	https://www.town.shimane-kawamoto.lg.jp/reiki/reiki_honbun/m137RG00000370.html	https://www.town.shimane-kawamoto.lg.jp/reiki/reiki_taikei/r_taikei_07_01.html
32441	川本町	10	川本町身体障害者福祉法施行細則	https://www.town.shimane-kawamoto.lg.jp/reiki/reiki_honbun/m137RG00000372.html	https://www.town.shimane-kawamoto.lg.jp/reiki/reiki_taikei/r_taikei_07_01.html
32441	川本町	10	川本町知的障害者福祉法施行細則	https://www.town.shimane-kawamoto.lg.jp/reiki/reiki_honbun/m137RG00000373.html	https://www.town.shimane-kawamoto.lg.jp/reiki/reiki_taikei/r_taikei_07_01.html
32441	川本町	10	川本町リフト付車両の管理及び貸付に関する要綱	https://www.town.shimane-kawamoto.lg.jp/reiki/reiki_honbun/m137RG00000374.html	https://www.town.shimane-kawamoto.lg.jp/reiki/reiki_taikei/r_taikei_07_01.html
32441	川本町	10	川本町障害程度区分認定審査会の委員の定数等を定める条例	https://www.town.shimane-kawamoto.lg.jp/reiki/reiki_honbun/m137RG00000376.html	https://www.town.shimane-kawamoto.lg.jp/reiki/reiki_taikei/r_taikei_07_01.html
32441	川本町	10	川本町障がい者等やむを得ない事由による措置規則	https://www.town.shimane-kawamoto.lg.jp/reiki/reiki_honbun/m137RG00000885.html	https://www.town.shimane-kawamoto.lg.jp/reiki/reiki_taikei/r_taikei_07_01.html
32441	川本町	10	川本町在宅障害者等に対する安否確認事業実施要綱	https://www.town.shimane-kawamoto.lg.jp/reiki/reiki_honbun/m137RG00000943.html	https://www.town.shimane-kawamoto.lg.jp/reiki/reiki_taikei/r_taikei_07_01.html
32441	川本町	10	令和2年7月豪雨災害に係る障がい福祉サービス等利用者負担額助成要綱	https://www.town.shimane-kawamoto.lg.jp/reiki/reiki_honbun/m137RG00000950.html	https://www.town.shimane-kawamoto.lg.jp/reiki/reiki_taikei/r_taikei_07_01.html
32441	川本町	10	川本町小集落改良住宅設置及び管理に関する条例	https://www.town.shimane-kawamoto.lg.jp/reiki/reiki_honbun/m137RG00000380.html	https://www.town.shimane-kawamoto.lg.jp/reiki/reiki_taikei/r_taikei_07_01.html
32441	川本町	10	第7節 交通安全対策	https://www.town.shimane-kawamoto.lg.jp/reiki/reiki_taikei/r_taikei_03_01_07.html	https://www.town.shimane-kawamoto.lg.jp/reiki/reiki_taikei/r_taikei_07_01.html
32441	川本町	10	第6章 農業委員会(第8編第1章に登載)	https://www.town.shimane-kawamoto.lg.jp/reiki/reiki_taikei/r_taikei_03_06.html	https://www.town.shimane-kawamoto.lg.jp/reiki/reiki_taikei/r_taikei_07_01.html
32441	川本町	10	第1章 社会福祉	https://www.town.shimane-kawamoto.lg.jp/reiki/reiki_taikei/r_taikei_07_01.html	https://www.town.shimane-kawamoto.lg.jp/reiki/reiki_taikei/r_taikei_07_01.html
32441	川本町	10	第2節 児童・母子福祉	https://www.town.shimane-kawamoto.lg.jp/reiki/reiki_taikei/r_taikei_07_01_02.html	https://www.town.shimane-kawamoto.lg.jp/reiki/reiki_taikei/r_taikei_07_01.html
32441	川本町	10	第3節 老人福祉	https://www.town.shimane-kawamoto.lg.jp/reiki/reiki_taikei/r_taikei_07_01_03.html	https://www.town.shimane-kawamoto.lg.jp/reiki/reiki_taikei/r_taikei_07_01.html
32441	川本町	10	第4節 障害者福祉	https://www.town.shimane-kawamoto.lg.jp/reiki/reiki_taikei/r_taikei_07_01_04.html	https://www.town.shimane-kawamoto.lg.jp/reiki/reiki_taikei/r_taikei_07_01.html
32441	川本町	10	第1章 農業委員会	https://www.town.shimane-kawamoto.lg.jp/reiki/reiki_taikei/r_taikei_08_01.html	https://www.town.shimane-kawamoto.lg.jp/reiki/reiki_taikei/r_taikei_07_01.html
32448	美郷町	10	美郷町福祉事務所設置条例	https://gov.town.shimane-misato.lg.jp/reiki_int/reiki_honbun/r071RG00000718.html	https://gov.town.shimane-misato.lg.jp/reiki_int/reiki_taikei/r_taikei_08_01.html
32448	美郷町	10	美郷町福祉事務所設置条例施行規則	https://gov.town.shimane-misato.lg.jp/reiki_int/reiki_honbun/r071RG00000727.html	https://gov.town.shimane-misato.lg.jp/reiki_int/reiki_taikei/r_taikei_08_01.html
32448	美郷町	10	美郷町福祉事務所長に対する事務委任規則	https://gov.town.shimane-misato.lg.jp/reiki_int/reiki_honbun/r071RG00000728.html	https://gov.town.shimane-misato.lg.jp/reiki_int/reiki_taikei/r_taikei_08_01.html
32448	美郷町	10	美郷町生活保護つなぎ資金貸付要綱	https://gov.town.shimane-misato.lg.jp/reiki_int/reiki_honbun/r071RG00000741.html	https://gov.town.shimane-misato.lg.jp/reiki_int/reiki_taikei/r_taikei_08_01.html
32448	美郷町	10	美郷町社会福祉相談員協議会設置条例	https://gov.town.shimane-misato.lg.jp/reiki_int/reiki_honbun/r071RG00000292.html	https://gov.town.shimane-misato.lg.jp/reiki_int/reiki_taikei/r_taikei_08_01.html
32448	美郷町	10	美郷町地域福祉計画策定委員会設置条例	https://gov.town.shimane-misato.lg.jp/reiki_int/reiki_honbun/r071RG00000293.html	https://gov.town.shimane-misato.lg.jp/reiki_int/reiki_taikei/r_taikei_08_01.html
32448	美郷町	10	美郷町地域福祉ネットワーク会議設置要綱	https://gov.town.shimane-misato.lg.jp/reiki_int/reiki_honbun/r071RG00001059.html	https://gov.town.shimane-misato.lg.jp/reiki_int/reiki_taikei/r_taikei_08_01.html
32448	美郷町	10	美郷町障害支援区分認定審査会の委員の定数等を定める条例	https://gov.town.shimane-misato.lg.jp/reiki_int/reiki_honbun/r071RG00000621.html	https://gov.town.shimane-misato.lg.jp/reiki_int/reiki_taikei/r_taikei_08_01.html
32448	美郷町	10	美郷町保健福祉センター設置及び管理に関する条例	https://gov.town.shimane-misato.lg.jp/reiki_int/reiki_honbun/r071RG00000296.html	https://gov.town.shimane-misato.lg.jp/reiki_int/reiki_taikei/r_taikei_08_01.html
32448	美郷町	10	美郷町保健福祉センター設置及び管理に関する条例施行規則	https://gov.town.shimane-misato.lg.jp/reiki_int/reiki_honbun/r071RG00000297.html	https://gov.town.shimane-misato.lg.jp/reiki_int/reiki_taikei/r_taikei_08_01.html
32448	美郷町	10	美郷町社会福祉法人の助成に関する条例	https://gov.town.shimane-misato.lg.jp/reiki_int/reiki_honbun/r071RG00000305.html	https://gov.town.shimane-misato.lg.jp/reiki_int/reiki_taikei/r_taikei_08_01.html
32448	美郷町	10	美郷町公共交通運賃助成事業実施要綱	https://gov.town.shimane-misato.lg.jp/reiki_int/reiki_honbun/r071RG00000309.html	https://gov.town.shimane-misato.lg.jp/reiki_int/reiki_taikei/r_taikei_08_01.html
32448	美郷町	10	美郷町要保護児童対策地域協議会運営要綱	https://gov.town.shimane-misato.lg.jp/reiki_int/reiki_honbun/r071RG00000633.html	https://gov.town.shimane-misato.lg.jp/reiki_int/reiki_taikei/r_taikei_08_01.html
32448	美郷町	10	美郷町地域子育て支援センター事業実施要綱	https://gov.town.shimane-misato.lg.jp/reiki_int/reiki_honbun/r071RG00000757.html	https://gov.town.shimane-misato.lg.jp/reiki_int/reiki_taikei/r_taikei_08_01.html
32448	美郷町	10	美郷町子ども・子育て支援推進会議条例	https://gov.town.shimane-misato.lg.jp/reiki_int/reiki_honbun/r071RG00000856.html	https://gov.town.shimane-misato.lg.jp/reiki_int/reiki_taikei/r_taikei_08_01.html
32448	美郷町	10	美郷町児童福祉法施行細則	https://gov.town.shimane-misato.lg.jp/reiki_int/reiki_honbun/r071RG00000326.html	https://gov.town.shimane-misato.lg.jp/reiki_int/reiki_taikei/r_taikei_08_01.html
32448	美郷町	10	美郷町妊婦のための支援給付事業実施要綱	https://gov.town.shimane-misato.lg.jp/reiki_int/reiki_honbun/r071RG00001100.html	https://gov.town.shimane-misato.lg.jp/reiki_int/reiki_taikei/r_taikei_08_01.html
32448	美郷町	10	美郷町老人福祉法施行細則	https://gov.town.shimane-misato.lg.jp/reiki_int/reiki_honbun/r071RG00000330.html	https://gov.town.shimane-misato.lg.jp/reiki_int/reiki_taikei/r_taikei_08_01.html
32448	美郷町	10	美郷町老人福祉法第２８条の規定に基づく費用の徴収に関する規則	https://gov.town.shimane-misato.lg.jp/reiki_int/reiki_honbun/r071RG00000339.html	https://gov.town.shimane-misato.lg.jp/reiki_int/reiki_taikei/r_taikei_08_01.html
32448	美郷町	10	美郷町老齢者の所得税法施行令等に基づく障害者控除に係る認定書交付の取扱規程	https://gov.town.shimane-misato.lg.jp/reiki_int/reiki_honbun/r071RG00000360.html	https://gov.town.shimane-misato.lg.jp/reiki_int/reiki_taikei/r_taikei_08_01.html
32448	美郷町	10	美郷町身体障害者福祉法施行細則	https://gov.town.shimane-misato.lg.jp/reiki_int/reiki_honbun/r071RG00000362.html	https://gov.town.shimane-misato.lg.jp/reiki_int/reiki_taikei/r_taikei_08_01.html
32448	美郷町	10	美郷町知的障害者福祉法施行細則	https://gov.town.shimane-misato.lg.jp/reiki_int/reiki_honbun/r071RG00000363.html	https://gov.town.shimane-misato.lg.jp/reiki_int/reiki_taikei/r_taikei_08_01.html
32448	美郷町	10	美郷町障害者の日常生活及び社会生活を総合的に支援するための法律に基づく指定特定相談支援事業者の指定及び児童福祉法に基づく指定障害児相談支援事業者の指定等に関する規則	https://gov.town.shimane-misato.lg.jp/reiki_int/reiki_honbun/r071RG00000805.html	https://gov.town.shimane-misato.lg.jp/reiki_int/reiki_taikei/r_taikei_08_01.html
32448	美郷町	10	美郷町障害者移動支援事業実施要綱	https://gov.town.shimane-misato.lg.jp/reiki_int/reiki_honbun/r071RG00000649.html	https://gov.town.shimane-misato.lg.jp/reiki_int/reiki_taikei/r_taikei_08_01.html
32448	美郷町	10	美郷町重度障害者日常生活用具給付事業実施要綱	https://gov.town.shimane-misato.lg.jp/reiki_int/reiki_honbun/r071RG00000677.html	https://gov.town.shimane-misato.lg.jp/reiki_int/reiki_taikei/r_taikei_08_01.html
32448	美郷町	10	美郷町重度身体障害者住宅改修費給付事業実施要領	https://gov.town.shimane-misato.lg.jp/reiki_int/reiki_honbun/r071RG00000676.html	https://gov.town.shimane-misato.lg.jp/reiki_int/reiki_taikei/r_taikei_08_01.html
32448	美郷町	10	美郷町就労訓練事業所等通所交通費助成要綱	https://gov.town.shimane-misato.lg.jp/reiki_int/reiki_honbun/r071RG00000377.html	https://gov.town.shimane-misato.lg.jp/reiki_int/reiki_taikei/r_taikei_08_01.html
32448	美郷町	10	美郷町障がい者相談支援事業実施要綱	https://gov.town.shimane-misato.lg.jp/reiki_int/reiki_honbun/r071RG00000709.html	https://gov.town.shimane-misato.lg.jp/reiki_int/reiki_taikei/r_taikei_08_01.html
32448	美郷町	10	美郷町身体障害者自動車運転免許取得・改造費助成事業要領	https://gov.town.shimane-misato.lg.jp/reiki_int/reiki_honbun/r071RG00000784.html	https://gov.town.shimane-misato.lg.jp/reiki_int/reiki_taikei/r_taikei_08_01.html
32448	美郷町	10	美郷町身体障害者相談員設置要綱	https://gov.town.shimane-misato.lg.jp/reiki_int/reiki_honbun/r071RG00000816.html	https://gov.town.shimane-misato.lg.jp/reiki_int/reiki_taikei/r_taikei_08_01.html
32448	美郷町	10	美郷町知的障害者相談員設置要綱	https://gov.town.shimane-misato.lg.jp/reiki_int/reiki_honbun/r071RG00000817.html	https://gov.town.shimane-misato.lg.jp/reiki_int/reiki_taikei/r_taikei_08_01.html
32448	美郷町	10	美郷町福祉ホーム事業実施要綱	https://gov.town.shimane-misato.lg.jp/reiki_int/reiki_honbun/r071RG00000927.html	https://gov.town.shimane-misato.lg.jp/reiki_int/reiki_taikei/r_taikei_08_01.html
32448	美郷町	10	美郷町小集落改良住宅条例	https://gov.town.shimane-misato.lg.jp/reiki_int/reiki_honbun/r071RG00000383.html	https://gov.town.shimane-misato.lg.jp/reiki_int/reiki_taikei/r_taikei_08_01.html
32448	美郷町	10	美郷町小集落改良住宅条例施行規則	https://gov.town.shimane-misato.lg.jp/reiki_int/reiki_honbun/r071RG00000384.html	https://gov.town.shimane-misato.lg.jp/reiki_int/reiki_taikei/r_taikei_08_01.html
32448	美郷町	10	邑智町住宅新築資金等貸付条例	https://gov.town.shimane-misato.lg.jp/reiki_int/reiki_honbun/r071RG00000389.html	https://gov.town.shimane-misato.lg.jp/reiki_int/reiki_taikei/r_taikei_08_01.html
32448	美郷町	10	邑智町住宅新築資金等貸付条例施行規則	https://gov.town.shimane-misato.lg.jp/reiki_int/reiki_honbun/r071RG00000391.html	https://gov.town.shimane-misato.lg.jp/reiki_int/reiki_taikei/r_taikei_08_01.html
32448	美郷町	10	大和村住宅新築資金等貸付条例	https://gov.town.shimane-misato.lg.jp/reiki_int/reiki_honbun/r071RG00000393.html	https://gov.town.shimane-misato.lg.jp/reiki_int/reiki_taikei/r_taikei_08_01.html
32448	美郷町	10	大和村住宅新築資金等貸付条例施行規則	https://gov.town.shimane-misato.lg.jp/reiki_int/reiki_honbun/r071RG00000395.html	https://gov.town.shimane-misato.lg.jp/reiki_int/reiki_taikei/r_taikei_08_01.html
32448	美郷町	10	第8節 交通安全対策	https://gov.town.shimane-misato.lg.jp/reiki_int/reiki_taikei/r_taikei_03_01_08.html	https://gov.town.shimane-misato.lg.jp/reiki_int/reiki_taikei/r_taikei_08_01.html
32448	美郷町	10	第5章 農業委員会(第9編第1章に登載)	https://gov.town.shimane-misato.lg.jp/reiki_int/reiki_taikei/r_taikei_03_05.html	https://gov.town.shimane-misato.lg.jp/reiki_int/reiki_taikei/r_taikei_08_01.html
32448	美郷町	10	第1章 社会福祉	https://gov.town.shimane-misato.lg.jp/reiki_int/reiki_taikei/r_taikei_08_01.html	https://gov.town.shimane-misato.lg.jp/reiki_int/reiki_taikei/r_taikei_08_01.html
32448	美郷町	10	第2節 児童・母子福祉	https://gov.town.shimane-misato.lg.jp/reiki_int/reiki_taikei/r_taikei_08_01_02.html	https://gov.town.shimane-misato.lg.jp/reiki_int/reiki_taikei/r_taikei_08_01.html
32448	美郷町	10	第3節 老人福祉	https://gov.town.shimane-misato.lg.jp/reiki_int/reiki_taikei/r_taikei_08_01_03.html	https://gov.town.shimane-misato.lg.jp/reiki_int/reiki_taikei/r_taikei_08_01.html
32448	美郷町	10	第4節 障害(児)者福祉	https://gov.town.shimane-misato.lg.jp/reiki_int/reiki_taikei/r_taikei_08_01_04.html	https://gov.town.shimane-misato.lg.jp/reiki_int/reiki_taikei/r_taikei_08_01.html
32448	美郷町	10	第1章 農業委員会	https://gov.town.shimane-misato.lg.jp/reiki_int/reiki_taikei/r_taikei_09_01.html	https://gov.town.shimane-misato.lg.jp/reiki_int/reiki_taikei/r_taikei_08_01.html
32448	美郷町	10	第4章 農業集落排水	https://gov.town.shimane-misato.lg.jp/reiki_int/reiki_taikei/r_taikei_11_04.html	https://gov.town.shimane-misato.lg.jp/reiki_int/reiki_taikei/r_taikei_08_01.html
32449	邑南町	10	邑南町不妊・不育症治療費等助成制度のご案内	https://www.town.ohnan.lg.jp/site/kosodate/1137.html	https://www.town.ohnan.lg.jp/site/kosodate/list24-102.html
32449	邑南町	10	出産・子育て応援事業（妊婦のための支援給付・妊婦等包括相談支援事業）	https://www.town.ohnan.lg.jp/site/kosodate/1196.html	https://www.town.ohnan.lg.jp/site/kosodate/list24-102.html
32449	邑南町	10	妊婦一般健康診査費用を助成します	https://www.town.ohnan.lg.jp/site/kosodate/1194.html	https://www.town.ohnan.lg.jp/site/kosodate/list24-102.html
32449	邑南町	10	妊婦歯科検診・フッ素洗口・フッ素塗布事業	https://www.town.ohnan.lg.jp/site/kosodate/1189.html	https://www.town.ohnan.lg.jp/site/kosodate/list24-102.html
32449	邑南町	10	一般不妊治療費用を助成します	https://www.town.ohnan.lg.jp/site/kosodate/1156.html	https://www.town.ohnan.lg.jp/site/kosodate/list24-102.html
32449	邑南町	10	妊婦・子どもインフルエンザ予防接種費用を助成します	https://www.town.ohnan.lg.jp/site/kosodate/1069.html	https://www.town.ohnan.lg.jp/site/kosodate/list24-102.html
32501	津和野町	10	特定不妊治療費等助成	https://www.g-reiki.net/tsuwano/reiki_honbun/r129RG00001181.html	https://www.town.tsuwano.lg.jp/www/contents/1681362095333/index.html
32501	津和野町	10	妊婦歯科検診補助	https://www.town.tsuwano.lg.jp/www/contents/1000000250000/index.html	https://www.town.tsuwano.lg.jp/www/contents/1681362095333/index.html
32501	津和野町	10	要保護及び準要保護児童生徒援助費	https://www.g-reiki.net/tsuwano/reiki_honbun/r129RG00001183.html	https://www.town.tsuwano.lg.jp/www/contents/1681362095333/index.html
32505	吉賀町	10	障がい者福祉（サイト内リンク）	https://www.town.yoshika.lg.jp/kurashi/fukushi/shougaishafukushi/shogaisyafukushi.html	https://www.town.yoshika.lg.jp/kurashi/fukushi/iryouhi/iryouhi.html
