municipality	score	title	url	snippet
浜田市	157	手すき和紙研修滞在支援補助金・石州半紙後継者育成支援事業補助金	https://www.city.hamada.shimane.jp/www/contents/1780980422237/index.html	手すき和紙研修滞在支援補助金・石州半紙後継者育成支援事業補助金｜浜田市 JavaScriptが無効なため一部の機能が動作しません。動作させるためにはJavaScriptを有効にしてください。またはブラウザの機能をご利用ください。 このページの本文へ移動 背景色 背景色：白 背景色：黒 背景色：青 文字サイズ 標準 拡大 LANGUAGE English 中文
浜田市	155	令和８年度 浜田市萩・石見空港利用促進補助金	https://www.city.hamada.shimane.jp/www/contents/1772084909254/index.html	令和８年度 浜田市萩・石見空港利用促進補助金｜浜田市 JavaScriptが無効なため一部の機能が動作しません。動作させるためにはJavaScriptを有効にしてください。またはブラウザの機能をご利用ください。 このページの本文へ移動 背景色 背景色：白 背景色：黒 背景色：青 文字サイズ 標準 拡大 LANGUAGE English 中文簡体 中文繁体 한
浜田市	155	令和８年度 浜田市再生可能エネルギー設備導入支援事業補助金の募集について	https://www.city.hamada.shimane.jp/www/contents/1743399049220/index.html	令和８年度 浜田市再生可能エネルギー設備導入支援事業補助金の募集について｜浜田市 JavaScriptが無効なため一部の機能が動作しません。動作させるためにはJavaScriptを有効にしてください。またはブラウザの機能をご利用ください。 このページの本文へ移動 背景色 背景色：白 背景色：黒 背景色：青 文字サイズ 標準 拡大 LANGUAGE Engli
浜田市	155	浜田市日本遺産石見神楽保存・継承支援事業補助金 令和6年度概要報告	https://www.city.hamada.shimane.jp/www/contents/1769132585893/index.html	浜田市日本遺産石見神楽保存・継承支援事業補助金 令和6年度概要報告｜浜田市 JavaScriptが無効なため一部の機能が動作しません。動作させるためにはJavaScriptを有効にしてください。またはブラウザの機能をご利用ください。 このページの本文へ移動 背景色 背景色：白 背景色：黒 背景色：青 文字サイズ 標準 拡大 LANGUAGE English
浜田市	155	浜田市日本遺産石見神楽保存・継承支援事業補助金 令和5年度概要報告	https://www.city.hamada.shimane.jp/www/contents/1722577907887/index.html	浜田市日本遺産石見神楽保存・継承支援事業補助金 令和5年度概要報告｜浜田市 JavaScriptが無効なため一部の機能が動作しません。動作させるためにはJavaScriptを有効にしてください。またはブラウザの機能をご利用ください。 このページの本文へ移動 背景色 背景色：白 背景色：黒 背景色：青 文字サイズ 標準 拡大 LANGUAGE English
浜田市	155	浜田市日本遺産石見神楽保存・継承支援事業補助金 令和4年度概要報告	https://www.city.hamada.shimane.jp/www/contents/1690503904210/index.html	浜田市日本遺産石見神楽保存・継承支援事業補助金 令和4年度概要報告｜浜田市 JavaScriptが無効なため一部の機能が動作しません。動作させるためにはJavaScriptを有効にしてください。またはブラウザの機能をご利用ください。 このページの本文へ移動 背景色 背景色：白 背景色：黒 背景色：青 文字サイズ 標準 拡大 LANGUAGE English
浜田市	155	浜田市日本遺産石見神楽保存・継承支援事業補助金 令和3年度概要報告	https://www.city.hamada.shimane.jp/www/contents/1659403087847/index.html	浜田市日本遺産石見神楽保存・継承支援事業補助金 令和3年度概要報告｜浜田市 JavaScriptが無効なため一部の機能が動作しません。動作させるためにはJavaScriptを有効にしてください。またはブラウザの機能をご利用ください。 このページの本文へ移動 背景色 背景色：白 背景色：黒 背景色：青 文字サイズ 標準 拡大 LANGUAGE English
浜田市	155	浜田市商店街等活性化支援事業補助金	https://www.city.hamada.shimane.jp/www/contents/1647908278827/index.html	浜田市商店街等活性化支援事業補助金｜浜田市 JavaScriptが無効なため一部の機能が動作しません。動作させるためにはJavaScriptを有効にしてください。またはブラウザの機能をご利用ください。 このページの本文へ移動 背景色 背景色：白 背景色：黒 背景色：青 文字サイズ 標準 拡大 LANGUAGE English 中文簡体 中文繁体 한글 Tiế
浜田市	155	浜田市日本遺産石見神楽保存・継承支援事業補助金 令和2年度概要報告	https://www.city.hamada.shimane.jp/www/contents/1618813790918/index.html	浜田市日本遺産石見神楽保存・継承支援事業補助金 令和2年度概要報告｜浜田市 JavaScriptが無効なため一部の機能が動作しません。動作させるためにはJavaScriptを有効にしてください。またはブラウザの機能をご利用ください。 このページの本文へ移動 背景色 背景色：白 背景色：黒 背景色：青 文字サイズ 標準 拡大 LANGUAGE English
浜田市	155	【災害助成金】建物の敷地・農地に流入した土砂等の除去費を助成します(2021年09月30日 15時00分)	https://www.city.hamada.shimane.jp/www/contents/1632981738439/index.html	【災害助成金】建物の敷地・農地に流入した土砂等の除去費を助成します(2021年09月30日 15時00分)｜浜田市 JavaScriptが無効なため一部の機能が動作しません。動作させるためにはJavaScriptを有効にしてください。またはブラウザの機能をご利用ください。 このページの本文へ移動 背景色 背景色：白 背景色：黒 背景色：青 文字サイズ 標準
浜田市	154	浜田市商業支援事業補助金について	https://www.city.hamada.shimane.jp/www/contents/1589880250802/index.html	浜田市商業支援事業補助金について｜浜田市 JavaScriptが無効なため一部の機能が動作しません。動作させるためにはJavaScriptを有効にしてください。またはブラウザの機能をご利用ください。 このページの本文へ移動 背景色 背景色：白 背景色：黒 背景色：青 文字サイズ 標準 拡大 LANGUAGE English 中文簡体 中文繁体 한글 Tiến
浜田市	154	浜田市ソフト産業立地促進補助金について	https://www.city.hamada.shimane.jp/www/contents/1437973046054/index.html	浜田市ソフト産業立地促進補助金について｜浜田市 JavaScriptが無効なため一部の機能が動作しません。動作させるためにはJavaScriptを有効にしてください。またはブラウザの機能をご利用ください。 このページの本文へ移動 背景色 背景色：白 背景色：黒 背景色：青 文字サイズ 標準 拡大 LANGUAGE English 中文簡体 中文繁体 한글 T
浜田市	154	販路拡大支援にかかる見本市等出展経費補助金	https://www.city.hamada.shimane.jp/www/contents/1640660725897/index.html	販路拡大支援にかかる見本市等出展経費補助金｜浜田市 JavaScriptが無効なため一部の機能が動作しません。動作させるためにはJavaScriptを有効にしてください。またはブラウザの機能をご利用ください。 このページの本文へ移動 背景色 背景色：白 背景色：黒 背景色：青 文字サイズ 標準 拡大 LANGUAGE English 中文簡体 中文繁体 한글
浜田市	154	海外販路開拓経費支援補助金	https://www.city.hamada.shimane.jp/www/contents/1644189964361/index.html	海外販路開拓経費支援補助金｜浜田市 JavaScriptが無効なため一部の機能が動作しません。動作させるためにはJavaScriptを有効にしてください。またはブラウザの機能をご利用ください。 このページの本文へ移動 背景色 背景色：白 背景色：黒 背景色：青 文字サイズ 標準 拡大 LANGUAGE English 中文簡体 中文繁体 한글 Tiếng v
浜田市	154	令和8年度 活力あるもの・ひとづくり支援事業補助金の申請について	https://www.city.hamada.shimane.jp/www/contents/1776732353432/index.html	令和8年度 活力あるもの・ひとづくり支援事業補助金の申請について｜浜田市 JavaScriptが無効なため一部の機能が動作しません。動作させるためにはJavaScriptを有効にしてください。またはブラウザの機能をご利用ください。 このページの本文へ移動 背景色 背景色：白 背景色：黒 背景色：青 文字サイズ 標準 拡大 LANGUAGE English 中
浜田市	154	令和８年度 浜田市萩・石見空港利用促進補助金(移住者・移住検討者・浜田応援団用）	https://www.city.hamada.shimane.jp/www/contents/1772086896511/index.html	令和８年度 浜田市萩・石見空港利用促進補助金(移住者・移住検討者・浜田応援団用）｜浜田市 JavaScriptが無効なため一部の機能が動作しません。動作させるためにはJavaScriptを有効にしてください。またはブラウザの機能をご利用ください。 このページの本文へ移動 背景色 背景色：白 背景色：黒 背景色：青 文字サイズ 標準 拡大 LANGUAGE E
出雲市	154	令和８年度「出雲市ゼロカーボンシティ加速化事業ZEH補助金」について【ゼロカーボン推進室】	https://www.city.izumo.shimane.jp/www/contents/1686027224687/index.html	令和８年度「出雲市ゼロカーボンシティ加速化事業ZEH補助金」について【ゼロカーボン推進室】 | 出雲市 JavaScriptが無効なため一部の機能が動作しません。動作させるためにはJavaScriptを有効にしてください。またはブラウザの機能をご利用ください。 このページの本文へ移動 背景色変更 背景色：白 背景色：黒 背景色：青 文字サイズ 標準 拡大 ふ
出雲市	154	令和8年度 出雲市農業用除草機械導入支援事業費補助金（二次募集）について【農業振興課】	https://www.city.izumo.shimane.jp/www/contents/1778562788750/index.html	令和8年度 出雲市農業用除草機械導入支援事業費補助金（二次募集）について【農業振興課】 | 出雲市 JavaScriptが無効なため一部の機能が動作しません。動作させるためにはJavaScriptを有効にしてください。またはブラウザの機能をご利用ください。 このページの本文へ移動 背景色変更 背景色：白 背景色：黒 背景色：青 文字サイズ 標準 拡大 ふりが
出雲市	154	令和８年度「出雲市ゼロカーボンシティ加速化事業省エネ設備導入補助金」の受付について【ゼロカーボン推進室】 ※募集は終了しました。	https://www.city.izumo.shimane.jp/www/contents/1743648291271/index.html	令和８年度「出雲市ゼロカーボンシティ加速化事業省エネ設備導入補助金」の受付について【ゼロカーボン推進室】 ※募集は終了しました。 | 出雲市 JavaScriptが無効なため一部の機能が動作しません。動作させるためにはJavaScriptを有効にしてください。またはブラウザの機能をご利用ください。 このページの本文へ移動 背景色変更 背景色：白 背景色：黒
出雲市	154	出雲市内で高校生の下宿受入れを検討されている皆様へ「高校生住まい環境整備補助金」を交付します	https://www.city.izumo.shimane.jp/www/contents/1763443163592/index.html	出雲市内で高校生の下宿受入れを検討されている皆様へ「高校生住まい環境整備補助金」を交付します | 出雲市 JavaScriptが無効なため一部の機能が動作しません。動作させるためにはJavaScriptを有効にしてください。またはブラウザの機能をご利用ください。 このページの本文へ移動 背景色変更 背景色：白 背景色：黒 背景色：青 文字サイズ 標準 拡大
浜田市	152	浜田市飲料水安定確保事業補助金	https://www.city.hamada.shimane.jp/www/contents/1001000001308/index.html	浜田市飲料水安定確保事業補助金｜浜田市 JavaScriptが無効なため一部の機能が動作しません。動作させるためにはJavaScriptを有効にしてください。またはブラウザの機能をご利用ください。 このページの本文へ移動 背景色 背景色：白 背景色：黒 背景色：青 文字サイズ 標準 拡大 LANGUAGE English 中文簡体 中文繁体 한글 Tiếng
浜田市	152	空き家の家財道具の処分経費を補助します（空き家バンク活用促進事業補助金）	https://www.city.hamada.shimane.jp/www/contents/1462928457251/index.html	空き家の家財道具の処分経費を補助します（空き家バンク活用促進事業補助金）｜浜田市 JavaScriptが無効なため一部の機能が動作しません。動作させるためにはJavaScriptを有効にしてください。またはブラウザの機能をご利用ください。 このページの本文へ移動 背景色 背景色：白 背景色：黒 背景色：青 文字サイズ 標準 拡大 LANGUAGE Engli
浜田市	152	空き家の改修経費を補助します（空き家バンク登録物件改修事業補助金）	https://www.city.hamada.shimane.jp/www/contents/1614738139955/index.html	空き家の改修経費を補助します（空き家バンク登録物件改修事業補助金）｜浜田市 JavaScriptが無効なため一部の機能が動作しません。動作させるためにはJavaScriptを有効にしてください。またはブラウザの機能をご利用ください。 このページの本文へ移動 背景色 背景色：白 背景色：黒 背景色：青 文字サイズ 標準 拡大 LANGUAGE English
浜田市	152	島根県学会・コンベンション開催支援事業費補助金制度について	https://www.city.hamada.shimane.jp/www/contents/1559286852606/index.html	島根県学会・コンベンション開催支援事業費補助金制度について｜浜田市 JavaScriptが無効なため一部の機能が動作しません。動作させるためにはJavaScriptを有効にしてください。またはブラウザの機能をご利用ください。 このページの本文へ移動 背景色 背景色：白 背景色：黒 背景色：青 文字サイズ 標準 拡大 LANGUAGE English 中文簡体
浜田市	152	浜田市合宿等誘致事業補助金	https://www.city.hamada.shimane.jp/www/contents/1393288221266/index.html	浜田市合宿等誘致事業補助金｜浜田市 JavaScriptが無効なため一部の機能が動作しません。動作させるためにはJavaScriptを有効にしてください。またはブラウザの機能をご利用ください。 このページの本文へ移動 背景色 背景色：白 背景色：黒 背景色：青 文字サイズ 標準 拡大 LANGUAGE English 中文簡体 中文繁体 한글 Tiếng v
浜田市	149	出産を控えた国保加入者の方へ（出産育児一時金の支給）	https://www.city.hamada.shimane.jp/www/contents/1001000002306/index.html	出産を控えた国保加入者の方へ（出産育児一時金の支給）｜浜田市 JavaScriptが無効なため一部の機能が動作しません。動作させるためにはJavaScriptを有効にしてください。またはブラウザの機能をご利用ください。 このページの本文へ移動 背景色 背景色：白 背景色：黒 背景色：青 文字サイズ 標準 拡大 LANGUAGE English 中文簡体 中文
浜田市	148	令和8年度浜田市坂根正弘奨学金奨学生を募集します	https://www.city.hamada.shimane.jp/www/contents/1756958764513/index.html	令和8年度浜田市坂根正弘奨学金奨学生を募集します｜浜田市 JavaScriptが無効なため一部の機能が動作しません。動作させるためにはJavaScriptを有効にしてください。またはブラウザの機能をご利用ください。 このページの本文へ移動 背景色 背景色：白 背景色：黒 背景色：青 文字サイズ 標準 拡大 LANGUAGE English 中文簡体 中文繁体
浜田市	146	令和8年度益井俊雄奨学金（海外短期留学）奨学生の募集について	https://www.city.hamada.shimane.jp/www/contents/1765873951852/index.html	令和8年度益井俊雄奨学金（海外短期留学）奨学生の募集について｜浜田市 JavaScriptが無効なため一部の機能が動作しません。動作させるためにはJavaScriptを有効にしてください。またはブラウザの機能をご利用ください。 このページの本文へ移動 背景色 背景色：白 背景色：黒 背景色：青 文字サイズ 標準 拡大 LANGUAGE English 中文簡
浜田市	146	令和8年度山藤功奨学金奨学生の募集について	https://www.city.hamada.shimane.jp/www/contents/1500887597755/index.html	令和8年度山藤功奨学金奨学生の募集について｜浜田市 JavaScriptが無効なため一部の機能が動作しません。動作させるためにはJavaScriptを有効にしてください。またはブラウザの機能をご利用ください。 このページの本文へ移動 背景色 背景色：白 背景色：黒 背景色：青 文字サイズ 標準 拡大 LANGUAGE English 中文簡体 中文繁体 한글
浜田市	146	令和8年度浜田市奨学金奨学生の募集について	https://www.city.hamada.shimane.jp/www/contents/1700201377994/index.html	令和8年度浜田市奨学金奨学生の募集について｜浜田市 JavaScriptが無効なため一部の機能が動作しません。動作させるためにはJavaScriptを有効にしてください。またはブラウザの機能をご利用ください。 このページの本文へ移動 背景色 背景色：白 背景色：黒 背景色：青 文字サイズ 標準 拡大 LANGUAGE English 中文簡体 中文繁体 한글
浜田市	146	令和8年度益井俊雄奨学金（文化芸術・スポーツ活動等）奨学生の募集について	https://www.city.hamada.shimane.jp/www/contents/1765875359619/index.html	令和8年度益井俊雄奨学金（文化芸術・スポーツ活動等）奨学生の募集について｜浜田市 JavaScriptが無効なため一部の機能が動作しません。動作させるためにはJavaScriptを有効にしてください。またはブラウザの機能をご利用ください。 このページの本文へ移動 背景色 背景色：白 背景色：黒 背景色：青 文字サイズ 標準 拡大 LANGUAGE Engli
浜田市	146	浜田市高等学校等生徒下宿費助成金事業のお知らせ	https://www.city.hamada.shimane.jp/www/contents/1632993408801/index.html	浜田市高等学校等生徒下宿費助成金事業のお知らせ｜浜田市 JavaScriptが無効なため一部の機能が動作しません。動作させるためにはJavaScriptを有効にしてください。またはブラウザの機能をご利用ください。 このページの本文へ移動 背景色 背景色：白 背景色：黒 背景色：青 文字サイズ 標準 拡大 LANGUAGE English 中文簡体 中文繁体
浜田市	145	結婚新生活支援事業補助金について	https://www.city.hamada.shimane.jp/www/contents/1617062532890/index.html	結婚新生活支援事業補助金について｜浜田市 JavaScriptが無効なため一部の機能が動作しません。動作させるためにはJavaScriptを有効にしてください。またはブラウザの機能をご利用ください。 このページの本文へ移動 背景色 背景色：白 背景色：黒 背景色：青 文字サイズ 標準 拡大 LANGUAGE English 中文簡体 中文繁体 한글 Tiến
浜田市	145	あいのりタクシー等運行支援事業補助金について	https://www.city.hamada.shimane.jp/www/contents/1657583960602/index.html	あいのりタクシー等運行支援事業補助金について｜浜田市 JavaScriptが無効なため一部の機能が動作しません。動作させるためにはJavaScriptを有効にしてください。またはブラウザの機能をご利用ください。 このページの本文へ移動 背景色 背景色：白 背景色：黒 背景色：青 文字サイズ 標準 拡大 LANGUAGE English 中文簡体 中文繁体 한
浜田市	145	浜田市交通事業者乗務員確保支援事業補助金について	https://www.city.hamada.shimane.jp/www/contents/1749628898980/index.html	浜田市交通事業者乗務員確保支援事業補助金について｜浜田市 JavaScriptが無効なため一部の機能が動作しません。動作させるためにはJavaScriptを有効にしてください。またはブラウザの機能をご利用ください。 このページの本文へ移動 背景色 背景色：白 背景色：黒 背景色：青 文字サイズ 標準 拡大 LANGUAGE English 中文簡体 中文繁体
出雲市	140	令和８年度 出雲市省エネ家電買替支援事業補助金について【お知らせ】	https://izumo-econavi.com/assist/24555	令和８年度 出雲市省エネ家電買替支援事業補助金について【お知らせ】 - 出雲エコなび〜出雲市公式環境総合ウェブサイト 出雲エコなび〜出雲市公式環境総合ウェブサイト あなたのエコアクションをナビゲート トップページ お問い合わせ リンク サイトマップ プライバシーポリシー 本文へ移動 サイト内検索: 検索 文字 サイズ 拡大 標準 色合い 変更 白 黒 青 T
松江市	135	松江市不妊治療費助成制度（一般不妊治療）	https://www.city.matsue.lg.jp/kosodate_kyoiku/ninshin_shussan/1/6780.html	松江市不妊治療費助成制度（一般不妊治療）／松江市ホームページ スマートフォン版を表示 本文へ 文字サイズ 背景色変更 ふりがな/音声読み上げ for foreigners Foreign Language English &#54620;&#44397;&#50612; 简体中文 繁體中文 &#84;&#105;&#7871;&#110;&#103;&#32
松江市	135	松江市不妊治療費助成制度（生殖補助医療・先進医療）	https://www.city.matsue.lg.jp/kosodate_kyoiku/ninshin_shussan/1/6783.html	松江市不妊治療費助成制度（生殖補助医療・先進医療）／松江市ホームページ スマートフォン版を表示 本文へ 文字サイズ 背景色変更 ふりがな/音声読み上げ for foreigners Foreign Language English &#54620;&#44397;&#50612; 简体中文 繁體中文 &#84;&#105;&#7871;&#110;&#103
松江市	135	流産・死産等をされた方へ（妊婦等包括支援事業・妊婦のための支援給付事業）	https://www.city.matsue.lg.jp/kosodate_kyoiku/ninshin_shussan/1/23726.html	流産・死産等をされた方へ（妊婦等包括支援事業・妊婦のための支援給付事業）／松江市ホームページ スマートフォン版を表示 本文へ 文字サイズ 背景色変更 ふりがな/音声読み上げ for foreigners Foreign Language English &#54620;&#44397;&#50612; 简体中文 繁體中文 &#84;&#105;&#7871;
松江市	135	こどもの医療費助成	https://www.city.matsue.lg.jp/kosodate_kyoiku/ninshin_shussan/4_1/13685.html	こどもの医療費助成／松江市ホームページ スマートフォン版を表示 本文へ 文字サイズ 背景色変更 ふりがな/音声読み上げ for foreigners Foreign Language English &#54620;&#44397;&#50612; 简体中文 繁體中文 &#84;&#105;&#7871;&#110;&#103;&#32;&#86;&#105
浜田市	133	地域課題解決型しまね起業支援事業費補助金の公募開始について【第2回】	https://www.city.hamada.shimane.jp/www/contents/1782102534225/index.html	地域課題解決型しまね起業支援事業費補助金の公募開始について【第2回】｜浜田市 JavaScriptが無効なため一部の機能が動作しません。動作させるためにはJavaScriptを有効にしてください。またはブラウザの機能をご利用ください。 このページの本文へ移動 背景色 背景色：白 背景色：黒 背景色：青 文字サイズ 標準 拡大 LANGUAGE English
浜田市	133	【防犯交通】コロナ給付金に関する特殊詐欺予兆電話に注意！(2022年06月17日 14時00分)	https://www.city.hamada.shimane.jp/www/contents/1655442134275/index.html	【防犯交通】コロナ給付金に関する特殊詐欺予兆電話に注意！(2022年06月17日 14時00分)｜浜田市 JavaScriptが無効なため一部の機能が動作しません。動作させるためにはJavaScriptを有効にしてください。またはブラウザの機能をご利用ください。 このページの本文へ移動 背景色 背景色：白 背景色：黒 背景色：青 文字サイズ 標準 拡大 LA
浜田市	133	給付金の支給に関する偽メールに注意(2021年01月18日 15時54分)	https://www.city.hamada.shimane.jp/www/contents/1610952969902/index.html	給付金の支給に関する偽メールに注意(2021年01月18日 15時54分)｜浜田市 JavaScriptが無効なため一部の機能が動作しません。動作させるためにはJavaScriptを有効にしてください。またはブラウザの機能をご利用ください。 このページの本文へ移動 背景色 背景色：白 背景色：黒 背景色：青 文字サイズ 標準 拡大 LANGUAGE Engl
浜田市	133	特別定額給付金メールに注意！(2020年10月21日 10時03分)	https://www.city.hamada.shimane.jp/www/contents/1603242370332/index.html	特別定額給付金メールに注意！(2020年10月21日 10時03分)｜浜田市 JavaScriptが無効なため一部の機能が動作しません。動作させるためにはJavaScriptを有効にしてください。またはブラウザの機能をご利用ください。 このページの本文へ移動 背景色 背景色：白 背景色：黒 背景色：青 文字サイズ 標準 拡大 LANGUAGE English
浜田市	133	【防犯交通】特別定額給付金に関する不審電話にご注意を！(2020年05月11日 15時35分)	https://www.city.hamada.shimane.jp/www/contents/1589179088803/index.html	【防犯交通】特別定額給付金に関する不審電話にご注意を！(2020年05月11日 15時35分)｜浜田市 JavaScriptが無効なため一部の機能が動作しません。動作させるためにはJavaScriptを有効にしてください。またはブラウザの機能をご利用ください。 このページの本文へ移動 背景色 背景色：白 背景色：黒 背景色：青 文字サイズ 標準 拡大 LAN
浜田市	132	「業務改善助成金」のご案内	https://www.city.hamada.shimane.jp/www/contents/1611723093462/index.html	「業務改善助成金」のご案内｜浜田市 JavaScriptが無効なため一部の機能が動作しません。動作させるためにはJavaScriptを有効にしてください。またはブラウザの機能をご利用ください。 このページの本文へ移動 背景色 背景色：白 背景色：黒 背景色：青 文字サイズ 標準 拡大 LANGUAGE English 中文簡体 中文繁体 한글 Tiếng v
浜田市	132	令和8年度第1回 島根県商業・サービス業県外展開支援補助金の公募が始まりました（島根県支援施策）	https://www.city.hamada.shimane.jp/www/contents/1712023438046/index.html	令和8年度第1回 島根県商業・サービス業県外展開支援補助金の公募が始まりました（島根県支援施策）｜浜田市 JavaScriptが無効なため一部の機能が動作しません。動作させるためにはJavaScriptを有効にしてください。またはブラウザの機能をご利用ください。 このページの本文へ移動 背景色 背景色：白 背景色：黒 背景色：青 文字サイズ 標準 拡大 LA
浜田市	132	事業者の皆様へ 国（経済産業省等）の補助金をご活用ください	https://www.city.hamada.shimane.jp/www/contents/1551227847039/index.html	事業者の皆様へ 国（経済産業省等）の補助金をご活用ください｜浜田市 JavaScriptが無効なため一部の機能が動作しません。動作させるためにはJavaScriptを有効にしてください。またはブラウザの機能をご利用ください。 このページの本文へ移動 背景色 背景色：白 背景色：黒 背景色：青 文字サイズ 標準 拡大 LANGUAGE English 中文簡体
浜田市	132	事業再構築補助金（経済産業省支援施策）	https://www.city.hamada.shimane.jp/www/contents/1612744294398/index.html	事業再構築補助金（経済産業省支援施策）｜浜田市 JavaScriptが無効なため一部の機能が動作しません。動作させるためにはJavaScriptを有効にしてください。またはブラウザの機能をご利用ください。 このページの本文へ移動 背景色 背景色：白 背景色：黒 背景色：青 文字サイズ 標準 拡大 LANGUAGE English 中文簡体 中文繁体 한글 T
出雲市	132	令和８年度「出雲市多文化共生推進事業補助金」「出雲市日本語教室運営支援事業補助金」「出雲市民間国際交流団体事業補助金」申請のご案内【文化国際室】	https://www.city.izumo.shimane.jp/www/contents/1495672167769/index.html	令和８年度「出雲市多文化共生推進事業補助金」「出雲市日本語教室運営支援事業補助金」「出雲市民間国際交流団体事業補助金」申請のご案内【文化国際室】 | 出雲市 JavaScriptが無効なため一部の機能が動作しません。動作させるためにはJavaScriptを有効にしてください。またはブラウザの機能をご利用ください。 このページの本文へ移動 背景色変更 背景色：
浜田市	130	浜田市海外友好都市交流推進事業補助金について	https://www.city.hamada.shimane.jp/www/contents/1647923335618/index.html	浜田市海外友好都市交流推進事業補助金について｜浜田市 JavaScriptが無効なため一部の機能が動作しません。動作させるためにはJavaScriptを有効にしてください。またはブラウザの機能をご利用ください。 このページの本文へ移動 背景色 背景色：白 背景色：黒 背景色：青 文字サイズ 標準 拡大 LANGUAGE English 中文簡体 中文繁体 한
浜田市	130	無線システム普及支援事業等補助金事業の事後評価について	https://www.city.hamada.shimane.jp/www/contents/1746600522226/index.html	無線システム普及支援事業等補助金事業の事後評価について｜浜田市 JavaScriptが無効なため一部の機能が動作しません。動作させるためにはJavaScriptを有効にしてください。またはブラウザの機能をご利用ください。 このページの本文へ移動 背景色 背景色：白 背景色：黒 背景色：青 文字サイズ 標準 拡大 LANGUAGE English 中文簡体 中
浜田市	130	浜田市保育士修学資金貸付事業について	https://www.city.hamada.shimane.jp/www/contents/1435322002399/index.html	浜田市保育士修学資金貸付事業について｜浜田市子育て支援サイト このページの本文へ移動 浜田市役所トップページ 文字サイズ 背景色変更 浜田市子育て応援サイト 対象者別に探す 目的別に探す 子育てカレンダー 子育て支援センター ファミリーサポートセンター 子育て世代包括支援センター 子育て支援ガイド 学校給食センター 青少年サポートセンター はまだ子どもニュー
浜田市	129	浜田市における企業立地奨励金制度について	https://www.city.hamada.shimane.jp/www/contents/1432103459641/index.html	浜田市における企業立地奨励金制度について｜浜田市 JavaScriptが無効なため一部の機能が動作しません。動作させるためにはJavaScriptを有効にしてください。またはブラウザの機能をご利用ください。 このページの本文へ移動 背景色 背景色：白 背景色：黒 背景色：青 文字サイズ 標準 拡大 LANGUAGE English 中文簡体 中文繁体 한글
出雲市	129	東京圏からの移住者向け『わくわく出雲生活実現支援事業における移住支援金』のお知らせ【縁結び定住課】	https://www.city.izumo.shimane.jp/www/contents/1774490426902/index.html	東京圏からの移住者向け『わくわく出雲生活実現支援事業における移住支援金』のお知らせ【縁結び定住課】 | 出雲市 JavaScriptが無効なため一部の機能が動作しません。動作させるためにはJavaScriptを有効にしてください。またはブラウザの機能をご利用ください。 このページの本文へ移動 背景色変更 背景色：白 背景色：黒 背景色：青 文字サイズ 標準
出雲市	129	東京圏の学生等向け『島根就職支援事業における学生就職支援金』のお知らせ【縁結び定住課】	https://www.city.izumo.shimane.jp/www/contents/1774503871870/index.html	東京圏の学生等向け『島根就職支援事業における学生就職支援金』のお知らせ【縁結び定住課】 | 出雲市 JavaScriptが無効なため一部の機能が動作しません。動作させるためにはJavaScriptを有効にしてください。またはブラウザの機能をご利用ください。 このページの本文へ移動 背景色変更 背景色：白 背景色：黒 背景色：青 文字サイズ 標準 拡大 ふりが
大田市	129	物価高騰対策緊急支援給付金（令和８年度住民税非課税世帯及び住民税均等割のみ課税世帯：５万円給付）について	https://www.city.oda.lg.jp/ohda_city/city_organization/25/30/10963	物価高騰対策緊急支援給付金（令和８年度住民税非課税世帯及び住民税均等割のみ課税世帯：５万円給付）について | 島根県大田市公式サイト このページの本文へ 文字サイズ 標準 拡大 ご利用案内 お問い合わせ サイトマップ English Português 暮らし 暮らし --> オンライン手続き 主な公共施設一覧 制度・届出・証明 講演・講座・イベント 公募・
出雲市	128	介護人材確保・定着推進事業費補助金について【高齢者福祉課】	https://www.city.izumo.shimane.jp/www/contents/1717562590013/index.html	介護人材確保・定着推進事業費補助金について【高齢者福祉課】 | 出雲市 JavaScriptが無効なため一部の機能が動作しません。動作させるためにはJavaScriptを有効にしてください。またはブラウザの機能をご利用ください。 このページの本文へ移動 背景色変更 背景色：白 背景色：黒 背景色：青 文字サイズ 標準 拡大 ふりがな LANGUAGE Eng
浜田市	127	支援・助成制度	https://www.city.hamada.shimane.jp/www/genre/1000170010717/index.html	支援・助成制度 | 浜田市 JavaScriptが無効なため一部の機能が動作しません。動作させるためにはJavaScriptを有効にしてください。またはブラウザの機能をご利用ください。 このページの本文へ移動 背景色 背景色：白 背景色：黒 背景色：青 文字サイズ 標準 拡大 LANGUAGE English 中文簡体 中文繁体 한글 Tiếng việt
浜田市	127	福祉医療費助成制度について	https://www.city.hamada.shimane.jp/www/contents/1401255701834/index.html	福祉医療費助成制度について｜浜田市 JavaScriptが無効なため一部の機能が動作しません。動作させるためにはJavaScriptを有効にしてください。またはブラウザの機能をご利用ください。 このページの本文へ移動 背景色 背景色：白 背景色：黒 背景色：青 文字サイズ 標準 拡大 LANGUAGE English 中文簡体 中文繁体 한글 Tiếng v
浜田市	127	子ども医療費助成制度について	https://www.city.hamada.shimane.jp/www/contents/1001000002319/index.html	子ども医療費助成制度について｜浜田市 JavaScriptが無効なため一部の機能が動作しません。動作させるためにはJavaScriptを有効にしてください。またはブラウザの機能をご利用ください。 このページの本文へ移動 背景色 背景色：白 背景色：黒 背景色：青 文字サイズ 標準 拡大 LANGUAGE English 中文簡体 中文繁体 한글 Tiếng
浜田市	127	交通遺児等育成資金貸付・重度後遺障がい者介護料の支給のご案内	https://www.city.hamada.shimane.jp/www/contents/1001000001983/index.html	交通遺児等育成資金貸付・重度後遺障がい者介護料の支給のご案内｜浜田市 JavaScriptが無効なため一部の機能が動作しません。動作させるためにはJavaScriptを有効にしてください。またはブラウザの機能をご利用ください。 このページの本文へ移動 背景色 背景色：白 背景色：黒 背景色：青 文字サイズ 標準 拡大 LANGUAGE English 中文簡
浜田市	127	水道の基本料金減免について	https://www.city.hamada.shimane.jp/www/contents/1775354717947/index.html	水道の基本料金減免について ※2か月延長※｜浜田市 JavaScriptが無効なため一部の機能が動作しません。動作させるためにはJavaScriptを有効にしてください。またはブラウザの機能をご利用ください。 このページの本文へ移動 背景色 背景色：白 背景色：黒 背景色：青 文字サイズ 標準 拡大 LANGUAGE English 中文簡体 中文繁体 한글
大田市	127	大田市事業承継支援事業費補助金	https://www.city.oda.lg.jp/ohda_city/77/2826/shoukei	大田市事業承継支援事業費補助金 | 島根県大田市公式サイト このページの本文へ 文字サイズ 標準 拡大 ご利用案内 お問い合わせ サイトマップ English Português 暮らし 暮らし --> オンライン手続き 主な公共施設一覧 制度・届出・証明 講演・講座・イベント 公募・募集など 各種相談 申請書ダウンロード 入札情報 障がい者支援施設等との随
大田市	127	【受付中】大田市中小企業者等物価高騰対策省エネ支援補助金の募集について	https://www.city.oda.lg.jp/ohda_city/77/2826/10555	【受付中】大田市中小企業者等物価高騰対策省エネ支援補助金の募集について | 島根県大田市公式サイト このページの本文へ 文字サイズ 標準 拡大 ご利用案内 お問い合わせ サイトマップ English Português 暮らし 暮らし --> オンライン手続き 主な公共施設一覧 制度・届出・証明 講演・講座・イベント 公募・募集など 各種相談 申請書ダウンロ
大田市	127	市町村提携創業保証「創」について（大田市創業等信用保証料補助金）	https://www.city.oda.lg.jp/ohda_city/77/2539/7465	市町村提携創業保証「創」について（大田市創業等信用保証料補助金） | 島根県大田市公式サイト このページの本文へ 文字サイズ 標準 拡大 ご利用案内 お問い合わせ サイトマップ English Português 暮らし 暮らし --> オンライン手続き 主な公共施設一覧 制度・届出・証明 講演・講座・イベント 公募・募集など 各種相談 申請書ダウンロード
大田市	127	大田市事業承継支援事業費補助金	https://www.city.oda.lg.jp/ohda_city/77/2539/shoukei	大田市事業承継支援事業費補助金 | 島根県大田市公式サイト このページの本文へ 文字サイズ 標準 拡大 ご利用案内 お問い合わせ サイトマップ English Português 暮らし 暮らし --> オンライン手続き 主な公共施設一覧 制度・届出・証明 講演・講座・イベント 公募・募集など 各種相談 申請書ダウンロード 入札情報 障がい者支援施設等との随
大田市	127	【受付中】大田市中小企業者等物価高騰対策省エネ支援補助金の募集について	https://www.city.oda.lg.jp/ohda_city/77/2539/10555	【受付中】大田市中小企業者等物価高騰対策省エネ支援補助金の募集について | 島根県大田市公式サイト このページの本文へ 文字サイズ 標準 拡大 ご利用案内 お問い合わせ サイトマップ English Português 暮らし 暮らし --> オンライン手続き 主な公共施設一覧 制度・届出・証明 講演・講座・イベント 公募・募集など 各種相談 申請書ダウンロ
大田市	127	中小企業省力化投資補助金について	https://www.city.oda.lg.jp/ohda_city/77/2539/9028	中小企業省力化投資補助金について | 島根県大田市公式サイト このページの本文へ 文字サイズ 標準 拡大 ご利用案内 お問い合わせ サイトマップ English Português 暮らし 暮らし --> オンライン手続き 主な公共施設一覧 制度・届出・証明 講演・講座・イベント 公募・募集など 各種相談 申請書ダウンロード 入札情報 障がい者支援施設等との
出雲市	126	母子家庭等自立支援給付金事業について	https://www.city.izumo.shimane.jp/www/contents/1254398521548/index.html	母子家庭等自立支援給付金事業について | 出雲市 JavaScriptが無効なため一部の機能が動作しません。動作させるためにはJavaScriptを有効にしてください。またはブラウザの機能をご利用ください。 このページの本文へ移動 背景色変更 背景色：白 背景色：黒 背景色：青 文字サイズ 標準 拡大 ふりがな LANGUAGE English Portug
大田市	124	成年後見制度利用支援事業助成金交付について	https://www.city.oda.lg.jp/ohda_city/city_organization/33/koreishogai/327/3234	成年後見制度利用支援事業助成金交付について | 島根県大田市公式サイト このページの本文へ 文字サイズ 標準 拡大 ご利用案内 お問い合わせ サイトマップ English Português 暮らし 暮らし --> オンライン手続き 主な公共施設一覧 制度・届出・証明 講演・講座・イベント 公募・募集など 各種相談 申請書ダウンロード 入札情報 障がい者支援
浜田市	123	生活困窮者自立支援制度のご案内	https://www.city.hamada.shimane.jp/www/contents/1671334003759/index.html	生活困窮者自立支援制度のご案内 ｜浜田市 JavaScriptが無効なため一部の機能が動作しません。動作させるためにはJavaScriptを有効にしてください。またはブラウザの機能をご利用ください。 このページの本文へ移動 背景色 背景色：白 背景色：黒 背景色：青 文字サイズ 標準 拡大 LANGUAGE English 中文簡体 中文繁体 한글 Tiến
浜田市	123	令和7年度 物価高対応子育て応援手当	https://www.city.hamada.shimane.jp/www/contents/1767590458196/index.html	令和7年度 物価高対応子育て応援手当｜浜田市 JavaScriptが無効なため一部の機能が動作しません。動作させるためにはJavaScriptを有効にしてください。またはブラウザの機能をご利用ください。 このページの本文へ移動 背景色 背景色：白 背景色：黒 背景色：青 文字サイズ 標準 拡大 LANGUAGE English 中文簡体 中文繁体 한글 Ti
浜田市	123	浜田市子育て短期支援事業について	https://www.city.hamada.shimane.jp/www/contents/1729130694182/index.html	浜田市子育て短期支援事業について｜浜田市 JavaScriptが無効なため一部の機能が動作しません。動作させるためにはJavaScriptを有効にしてください。またはブラウザの機能をご利用ください。 このページの本文へ移動 背景色 背景色：白 背景色：黒 背景色：青 文字サイズ 標準 拡大 LANGUAGE English 中文簡体 中文繁体 한글 Tiến
大田市	123	子育て支援（手当・給付金など）	https://www.city.oda.lg.jp/ohda_city/city_organization/29/42/556/	子育て支援（手当など） | 島根県大田市公式サイト このページの本文へ 文字サイズ 標準 拡大 ご利用案内 お問い合わせ サイトマップ English Português 暮らし 暮らし --> オンライン手続き 主な公共施設一覧 制度・届出・証明 講演・講座・イベント 公募・募集など 各種相談 申請書ダウンロード 入札情報 障がい者支援施設等との随意契約
出雲市	122	出雲市止水板設置補助金制度について	https://www.city.izumo.shimane.jp/www/contents/1775009793125/index.html	出雲市止水板設置補助金制度について | 出雲市 JavaScriptが無効なため一部の機能が動作しません。動作させるためにはJavaScriptを有効にしてください。またはブラウザの機能をご利用ください。 このページの本文へ移動 背景色変更 背景色：白 背景色：黒 背景色：青 文字サイズ 標準 拡大 ふりがな LANGUAGE English Portugu
松江市	121	ふるさと奨学金(制度概要)	https://www.city.matsue.lg.jp/kosodate_kyoiku/kyoikuiinkai/8/6101.html	ふるさと奨学金(制度概要)／松江市ホームページ スマートフォン版を表示 本文へ 文字サイズ 背景色変更 ふりがな/音声読み上げ for foreigners Foreign Language English &#54620;&#44397;&#50612; 简体中文 繁體中文 &#84;&#105;&#7871;&#110;&#103;&#32;&#86;&
浜田市	121	浜田市看護学生等修学資金貸付制度について	https://www.city.hamada.shimane.jp/www/contents/1628646169488/index.html	浜田市看護学生等修学資金貸付制度について｜浜田市 JavaScriptが無効なため一部の機能が動作しません。動作させるためにはJavaScriptを有効にしてください。またはブラウザの機能をご利用ください。 このページの本文へ移動 背景色 背景色：白 背景色：黒 背景色：青 文字サイズ 標準 拡大 LANGUAGE English 中文簡体 中文繁体 한글
出雲市	121	崩落土砂等撤去費等助成金について	https://www.city.izumo.shimane.jp/www/contents/1673929103309/index.html	崩落土砂等撤去費等助成金について | 出雲市 JavaScriptが無効なため一部の機能が動作しません。動作させるためにはJavaScriptを有効にしてください。またはブラウザの機能をご利用ください。 このページの本文へ移動 背景色変更 背景色：白 背景色：黒 背景色：青 文字サイズ 標準 拡大 ふりがな LANGUAGE English Portugue
松江市	120	低所得の妊婦に対する初回産科受診料支援事業	https://www.city.matsue.lg.jp/kosodate_kyoiku/ninshin_shussan/support/16693.html	低所得の妊婦に対する初回産科受診料支援事業／松江市ホームページ スマートフォン版を表示 本文へ 文字サイズ 背景色変更 ふりがな/音声読み上げ for foreigners Foreign Language English &#54620;&#44397;&#50612; 简体中文 繁體中文 &#84;&#105;&#7871;&#110;&#103;&#3
松江市	120	流産・死産等をされた方へ（妊婦等包括支援事業・妊婦のための支援給付事業）	https://www.city.matsue.lg.jp/kosodate_kyoiku/ninshin_shussan/support/23727.html	流産・死産等をされた方へ（妊婦等包括支援事業・妊婦のための支援給付事業）／松江市ホームページ スマートフォン版を表示 本文へ 文字サイズ 背景色変更 ふりがな/音声読み上げ for foreigners Foreign Language English &#54620;&#44397;&#50612; 简体中文 繁體中文 &#84;&#105;&#7871;
松江市	120	妊婦等包括相談支援事業・妊婦のための支援給付事業	https://www.city.matsue.lg.jp/kosodate_kyoiku/ninshin_shussan/12479.html	妊婦等包括相談支援事業・妊婦のための支援給付事業／松江市ホームページ スマートフォン版を表示 本文へ 文字サイズ 背景色変更 ふりがな/音声読み上げ for foreigners Foreign Language English &#54620;&#44397;&#50612; 简体中文 繁體中文 &#84;&#105;&#7871;&#110;&#103;
出雲市	119	令和8年度 出雲市農業用除草機械導入支援事業費補助金について【農業振興課】	https://www.city.izumo.shimane.jp/www/contents/1773108781198/index.html	令和8年度 出雲市農業用除草機械導入支援事業費補助金について【農業振興課】 | 出雲市 JavaScriptが無効なため一部の機能が動作しません。動作させるためにはJavaScriptを有効にしてください。またはブラウザの機能をご利用ください。 このページの本文へ移動 背景色変更 背景色：白 背景色：黒 背景色：青 文字サイズ 標準 拡大 ふりがな LANG
出雲市	119	出雲市市民協働事業支援補助金について【市民活動支援課】	https://www.city.izumo.shimane.jp/www/contents/1550197949969/index.html	出雲市市民協働事業支援補助金について【市民活動支援課】 | 出雲市 JavaScriptが無効なため一部の機能が動作しません。動作させるためにはJavaScriptを有効にしてください。またはブラウザの機能をご利用ください。 このページの本文へ移動 背景色変更 背景色：白 背景色：黒 背景色：青 文字サイズ 標準 拡大 ふりがな LANGUAGE Engli
出雲市	119	令和８年度「出雲市ゼロカーボンシティ加速化事業補助金」について【ゼロカーボン推進室】	https://www.city.izumo.shimane.jp/www/contents/1684291287873/index.html	令和８年度「出雲市ゼロカーボンシティ加速化事業補助金」について【ゼロカーボン推進室】 | 出雲市 JavaScriptが無効なため一部の機能が動作しません。動作させるためにはJavaScriptを有効にしてください。またはブラウザの機能をご利用ください。 このページの本文へ移動 背景色変更 背景色：白 背景色：黒 背景色：青 文字サイズ 標準 拡大 ふりがな
出雲市	119	令和8年度「出雲市再生可能エネルギー設備等導入補助金」について【ゼロカーボン推進室】	https://www.city.izumo.shimane.jp/www/contents/1665750354587/index.html	令和8年度「出雲市再生可能エネルギー設備等導入補助金」について【ゼロカーボン推進室】 | 出雲市 JavaScriptが無効なため一部の機能が動作しません。動作させるためにはJavaScriptを有効にしてください。またはブラウザの機能をご利用ください。 このページの本文へ移動 背景色変更 背景色：白 背景色：黒 背景色：青 文字サイズ 標準 拡大 ふりがな
出雲市	119	2026年度『いずもで仕事探し宿泊助成金』のご案内【縁結び定住課】	https://www.city.izumo.shimane.jp/www/contents/1773883368984/index.html	2026年度『いずもで仕事探し宿泊助成金』のご案内【縁結び定住課】 | 出雲市 JavaScriptが無効なため一部の機能が動作しません。動作させるためにはJavaScriptを有効にしてください。またはブラウザの機能をご利用ください。 このページの本文へ移動 背景色変更 背景色：白 背景色：黒 背景色：青 文字サイズ 標準 拡大 ふりがな LANGUAGE
出雲市	119	令和８年度 いずもの木製品購入・いずもの林産物振興事業補助金について	https://www.city.izumo.shimane.jp/www/contents/1724048642975/index.html	令和８年度 いずもの木製品購入・いずもの林産物振興事業補助金について | 出雲市 JavaScriptが無効なため一部の機能が動作しません。動作させるためにはJavaScriptを有効にしてください。またはブラウザの機能をご利用ください。 このページの本文へ移動 背景色変更 背景色：白 背景色：黒 背景色：青 文字サイズ 標準 拡大 ふりがな LANGUAG
出雲市	119	2026年度『いずもで新生活応援助成金』のご案内【縁結び定住課】	https://www.city.izumo.shimane.jp/www/contents/1742774950960/index.html	2026年度『いずもで新生活応援助成金』のご案内【縁結び定住課】 | 出雲市 JavaScriptが無効なため一部の機能が動作しません。動作させるためにはJavaScriptを有効にしてください。またはブラウザの機能をご利用ください。 このページの本文へ移動 背景色変更 背景色：白 背景色：黒 背景色：青 文字サイズ 標準 拡大 ふりがな LANGUAGE
出雲市	119	2026年度『いずも暮らしＩターン応援助成金』募集のお知らせ【縁結び定住課】	https://www.city.izumo.shimane.jp/www/contents/1742862261411/index.html	2026年度『いずも暮らしＩターン応援助成金』募集のお知らせ【縁結び定住課】 | 出雲市 JavaScriptが無効なため一部の機能が動作しません。動作させるためにはJavaScriptを有効にしてください。またはブラウザの機能をご利用ください。 このページの本文へ移動 背景色変更 背景色：白 背景色：黒 背景色：青 文字サイズ 標準 拡大 ふりがな LAN
出雲市	119	令和８年度 いずもの木づかい建築費補助金募集について【森林政策課】	https://www.city.izumo.shimane.jp/www/contents/1687759502258/index.html	令和８年度 いずもの木づかい建築費補助金募集について【森林政策課】 | 出雲市 JavaScriptが無効なため一部の機能が動作しません。動作させるためにはJavaScriptを有効にしてください。またはブラウザの機能をご利用ください。 このページの本文へ移動 背景色変更 背景色：白 背景色：黒 背景色：青 文字サイズ 標準 拡大 ふりがな LANGUAGE
出雲市	119	2026年度「いずも移住リフォーム助成金」の募集について【縁結び定住課】	https://www.city.izumo.shimane.jp/www/contents/1774318589930/index.html	2026年度「いずも移住リフォーム助成金」の募集について【縁結び定住課】 | 出雲市 JavaScriptが無効なため一部の機能が動作しません。動作させるためにはJavaScriptを有効にしてください。またはブラウザの機能をご利用ください。 このページの本文へ移動 背景色変更 背景色：白 背景色：黒 背景色：青 文字サイズ 標準 拡大 ふりがな LANGU
出雲市	119	2026年度「出雲市移住促進住まいづくり助成金」の募集について【縁結び定住課】	https://www.city.izumo.shimane.jp/www/contents/1774319670707/index.html	2026年度「出雲市移住促進住まいづくり助成金」の募集について【縁結び定住課】 | 出雲市 JavaScriptが無効なため一部の機能が動作しません。動作させるためにはJavaScriptを有効にしてください。またはブラウザの機能をご利用ください。 このページの本文へ移動 背景色変更 背景色：白 背景色：黒 背景色：青 文字サイズ 標準 拡大 ふりがな LA
出雲市	119	地域脱炭素移行・再エネ推進交付金（重点対策加速化事業）について	https://www.city.izumo.shimane.jp/www/contents/1685352298427/index.html	地域脱炭素移行・再エネ推進交付金（重点対策加速化事業）について | 出雲市 JavaScriptが無効なため一部の機能が動作しません。動作させるためにはJavaScriptを有効にしてください。またはブラウザの機能をご利用ください。 このページの本文へ移動 背景色変更 背景色：白 背景色：黒 背景色：青 文字サイズ 標準 拡大 ふりがな LANGUAGE E
松江市	118	原子力発電施設等周辺地域企業立地支援給付金（F補助金）	https://www.city.matsue.lg.jp/sangyo_business/sangyoshinko/5/4/7537.html	原子力発電施設等周辺地域企業立地支援給付金／松江市ホームページ スマートフォン版を表示 本文へ 文字サイズ 背景色変更 ふりがな/音声読み上げ for foreigners Foreign Language English &#54620;&#44397;&#50612; 简体中文 繁體中文 &#84;&#105;&#7871;&#110;&#103;&#3
大田市	118	自治会集会所建設（修繕）事業補助金について	https://www.city.oda.lg.jp/ohda_city/city_organization/25b/28/7669	自治会集会所建設（修繕）事業補助金について | 島根県大田市公式サイト このページの本文へ 文字サイズ 標準 拡大 ご利用案内 お問い合わせ サイトマップ English Português 暮らし 暮らし --> オンライン手続き 主な公共施設一覧 制度・届出・証明 講演・講座・イベント 公募・募集など 各種相談 申請書ダウンロード 入札情報 障がい者支援
松江市	115	「物価高対応子育て応援手当」	https://www.city.matsue.lg.jp/soshikikarasagasu/kosodatebu_kosodatekyuhuka/teate/24730.html	物価高対応子育て応援手当／松江市ホームページ スマートフォン版を表示 本文へ 文字サイズ 背景色変更 ふりがな/音声読み上げ for foreigners Foreign Language English &#54620;&#44397;&#50612; 简体中文 繁體中文 &#84;&#105;&#7871;&#110;&#103;&#32;&#86;&#
大田市	115	特定Ｂ型肝炎ウイルス感染者給付金の支給に関する特別措置法に基づく給付金制度について	https://www.city.oda.lg.jp/ohda_city/city_purpose/137/18600	特定Ｂ型肝炎ウイルス感染者給付金の支給に関する特別措置法に基づく給付金制度について | 島根県大田市公式サイト このページの本文へ 文字サイズ 標準 拡大 ご利用案内 お問い合わせ サイトマップ English Português 暮らし 暮らし --> オンライン手続き 主な公共施設一覧 制度・届出・証明 講演・講座・イベント 公募・募集など 各種相談 申
出雲市	114	申請から補助金交付までの流れ（PDF／212KB）	https://www.city.izumo.shimane.jp/www/contents/1717562590013/simple/sinseinonagare.pdf
松江市	113	各種補助金の案内	https://www.city.matsue.lg.jp/gyoseijoho/hojyokin/index.html	各種補助金の案内／松江市ホームページ スマートフォン版を表示 本文へ 文字サイズ 背景色変更 ふりがな/音声読み上げ for foreigners Foreign Language English &#54620;&#44397;&#50612; 简体中文 繁體中文 &#84;&#105;&#7871;&#110;&#103;&#32;&#86;&#105;
浜田市	113	助成制度	https://teiju.joho-hamada.jp/page-24/?doing_wp_cron=1784222195.1359899044036865234375	はまだぐらし －浜田市移住・定住情報サイト－ 助成制度 - はまだぐらし －浜田市移住・定住情報サイト－ 浜田を知る 浜田を知る Get to know Hamada 5分でわかる浜田 数字でみる「はまだぐらし」 浜田の自慢 動画コレクション 移住者インタビュー 若者向パンフレット 子育て世代向パンフレット シニア向パンフレット 移住支援 移住支援 View
出雲市	113	出雲市自立支援医療費助成金の請求はお済みですか？	https://www.city.izumo.shimane.jp/www/contents/1211935112841/index.html	出雲市自立支援医療費助成金の請求はお済みですか？ | 出雲市 JavaScriptが無効なため一部の機能が動作しません。動作させるためにはJavaScriptを有効にしてください。またはブラウザの機能をご利用ください。 このページの本文へ移動 背景色変更 背景色：白 背景色：黒 背景色：青 文字サイズ 標準 拡大 ふりがな LANGUAGE English
出雲市	113	出雲市元気！やる気！地域応援補助金（自治振興課）	https://www.city.izumo.shimane.jp/www/contents/1665016440172/index.html	出雲市元気！やる気！地域応援補助金（自治振興課） | 出雲市 JavaScriptが無効なため一部の機能が動作しません。動作させるためにはJavaScriptを有効にしてください。またはブラウザの機能をご利用ください。 このページの本文へ移動 背景色変更 背景色：白 背景色：黒 背景色：青 文字サイズ 標準 拡大 ふりがな LANGUAGE English
出雲市	113	手当・助成	https://izumo-kosodate.net/category/purpose/allow/	手当・助成 - 出雲市 子育てガイドブック web HOME 目的で探す 年齢で探す 手当・助成 HOME &gt; 目的で探す &gt; 手当・助成 妊娠・出産の手当・助成 妊娠・出産 手当・助成 出産育児一時金 産科医療補償制度 出産・子育て応援金 未熟児養育医療 不妊・不育症治療の助成 妊娠・出産 手当・助成 不妊治療費助成金 不育症治療費助成金 児童
出雲市	110	出雲市求人情報発信支援事業補助金について【産業政策課】	https://www.city.izumo.shimane.jp/www/contents/1776315887495/index.html	出雲市求人情報発信支援事業補助金について【産業政策課】 | 出雲市 JavaScriptが無効なため一部の機能が動作しません。動作させるためにはJavaScriptを有効にしてください。またはブラウザの機能をご利用ください。 このページの本文へ移動 背景色変更 背景色：白 背景色：黒 背景色：青 文字サイズ 標準 拡大 ふりがな LANGUAGE Engli
出雲市	110	出雲市浄化槽整備事業補助金について	https://www.city.izumo.shimane.jp/www/contents/1661923845620/index.html	出雲市浄化槽整備事業補助金について | 出雲市 JavaScriptが無効なため一部の機能が動作しません。動作させるためにはJavaScriptを有効にしてください。またはブラウザの機能をご利用ください。 このページの本文へ移動 背景色変更 背景色：白 背景色：黒 背景色：青 文字サイズ 標準 拡大 ふりがな LANGUAGE English Portugu
浜田市	108	保育士確保に関する各種支援事業について	https://www.city.hamada.shimane.jp/www/contents/1734047729349/index.html	保育士確保に関する各種支援事業について｜浜田市 JavaScriptが無効なため一部の機能が動作しません。動作させるためにはJavaScriptを有効にしてください。またはブラウザの機能をご利用ください。 このページの本文へ移動 背景色 背景色：白 背景色：黒 背景色：青 文字サイズ 標準 拡大 LANGUAGE English 中文簡体 中文繁体 한글 T
出雲市	108	出雲市木造住宅耐震化促進事業補助金について	https://www.city.izumo.shimane.jp/www/contents/1305012104695/index.html	出雲市木造住宅耐震化促進事業補助金について | 出雲市 JavaScriptが無効なため一部の機能が動作しません。動作させるためにはJavaScriptを有効にしてください。またはブラウザの機能をご利用ください。 このページの本文へ移動 背景色変更 背景色：白 背景色：黒 背景色：青 文字サイズ 標準 拡大 ふりがな LANGUAGE English Por
出雲市	108	がけ地近接等危険住宅移転事業補助金について	https://www.city.izumo.shimane.jp/www/contents/1380595710982/index.html	がけ地近接等危険住宅移転事業補助金について | 出雲市 JavaScriptが無効なため一部の機能が動作しません。動作させるためにはJavaScriptを有効にしてください。またはブラウザの機能をご利用ください。 このページの本文へ移動 背景色変更 背景色：白 背景色：黒 背景色：青 文字サイズ 標準 拡大 ふりがな LANGUAGE English Por
大田市	108	島根「ふるさと」看護奨学金貸与生の募集	https://www.city.oda.lg.jp/update_info/10474	島根「ふるさと」看護奨学金貸与生の募集 | 島根県大田市公式サイト このページの本文へ 文字サイズ 標準 拡大 ご利用案内 お問い合わせ サイトマップ English Português 暮らし 暮らし --> オンライン手続き 主な公共施設一覧 制度・届出・証明 講演・講座・イベント 公募・募集など 各種相談 申請書ダウンロード 入札情報 障がい者支援施設
大田市	108	【公募準備中】大田市シェアオフィス等開設支援事業補助金の対象事業者の公募準備を進めています	https://www.city.oda.lg.jp/update_info/11014	【公募準備中】大田市シェアオフィス等開設支援事業補助金の対象事業者の公募準備を進めています | 島根県大田市公式サイト このページの本文へ 文字サイズ 標準 拡大 ご利用案内 お問い合わせ サイトマップ English Português 暮らし 暮らし --> オンライン手続き 主な公共施設一覧 制度・届出・証明 講演・講座・イベント 公募・募集など 各種
大田市	108	令和８年度大田市太陽熱利用システム導入促進事業費補助金	https://www.city.oda.lg.jp/update_info/10802	令和８年度大田市太陽熱利用システム導入促進事業費補助金 | 島根県大田市公式サイト このページの本文へ 文字サイズ 標準 拡大 ご利用案内 お問い合わせ サイトマップ English Português 暮らし 暮らし --> オンライン手続き 主な公共施設一覧 制度・届出・証明 講演・講座・イベント 公募・募集など 各種相談 申請書ダウンロード 入札情報
大田市	108	令和８年度大田市木質燃料活用機器導入促進事業費補助金	https://www.city.oda.lg.jp/update_info/10803	令和８年度大田市木質燃料活用機器導入促進事業費補助金 | 島根県大田市公式サイト このページの本文へ 文字サイズ 標準 拡大 ご利用案内 お問い合わせ サイトマップ English Português 暮らし 暮らし --> オンライン手続き 主な公共施設一覧 制度・届出・証明 講演・講座・イベント 公募・募集など 各種相談 申請書ダウンロード 入札情報 障
大田市	108	令和８年度大田市太陽光発電導入促進事業費補助金	https://www.city.oda.lg.jp/update_info/10801	令和８年度大田市太陽光発電導入促進事業費補助金 | 島根県大田市公式サイト このページの本文へ 文字サイズ 標準 拡大 ご利用案内 お問い合わせ サイトマップ English Português 暮らし 暮らし --> オンライン手続き 主な公共施設一覧 制度・届出・証明 講演・講座・イベント 公募・募集など 各種相談 申請書ダウンロード 入札情報 障がい者
大田市	108	令和８年度 大田市文化団体育成事業等補助金	https://www.city.oda.lg.jp/update_info/8538	令和８年度 大田市文化団体育成事業等補助金 | 島根県大田市公式サイト このページの本文へ 文字サイズ 標準 拡大 ご利用案内 お問い合わせ サイトマップ English Português 暮らし 暮らし --> オンライン手続き 主な公共施設一覧 制度・届出・証明 講演・講座・イベント 公募・募集など 各種相談 申請書ダウンロード 入札情報 障がい者支援
大田市	108	【受付中】大田市中小企業者等物価高騰対策省エネ支援補助金の募集について	https://www.city.oda.lg.jp/update_info/10555	【受付中】大田市中小企業者等物価高騰対策省エネ支援補助金の募集について | 島根県大田市公式サイト このページの本文へ 文字サイズ 標準 拡大 ご利用案内 お問い合わせ サイトマップ English Português 暮らし 暮らし --> オンライン手続き 主な公共施設一覧 制度・届出・証明 講演・講座・イベント 公募・募集など 各種相談 申請書ダウンロ
出雲市	107	令和８年度出雲市地域産業エネルギー利用高度化支援事業 受託候補者を決定しました【環境政策課ゼロカーボン推進室】	https://www.city.izumo.shimane.jp/www/contents/1750919479388/index.html	令和８年度出雲市地域産業エネルギー利用高度化支援事業 受託候補者を決定しました【環境政策課ゼロカーボン推進室】 | 出雲市 JavaScriptが無効なため一部の機能が動作しません。動作させるためにはJavaScriptを有効にしてください。またはブラウザの機能をご利用ください。 このページの本文へ移動 背景色変更 背景色：白 背景色：黒 背景色：青 文字サ
出雲市	106	介護人材確保・定着推進補助金交付要綱（PDF／221KB）	https://www.city.izumo.shimane.jp/www/contents/1717562590013/simple/youkou.pdf
浜田市	105	市税等の減免	https://www.city.hamada.shimane.jp/www/contents/1001000001339/index.html	市税等の減免｜浜田市 JavaScriptが無効なため一部の機能が動作しません。動作させるためにはJavaScriptを有効にしてください。またはブラウザの機能をご利用ください。 このページの本文へ移動 背景色 背景色：白 背景色：黒 背景色：青 文字サイズ 標準 拡大 LANGUAGE English 中文簡体 中文繁体 한글 Tiếng việt Tag
大田市	102	令和８年度大田市中小企業等活性化総合支援事業	https://www.city.oda.lg.jp/ohda_city/77/2826/7434	令和８年度大田市中小企業等活性化総合支援事業 | 島根県大田市公式サイト このページの本文へ 文字サイズ 標準 拡大 ご利用案内 お問い合わせ サイトマップ English Português 暮らし 暮らし --> オンライン手続き 主な公共施設一覧 制度・届出・証明 講演・講座・イベント 公募・募集など 各種相談 申請書ダウンロード 入札情報 障がい者支
大田市	102	令和８年度石見銀山世界遺産登録20周年・発見500年記念 新商品開発等支援事業	https://www.city.oda.lg.jp/ohda_city/77/2826/9746	令和８年度石見銀山世界遺産登録20周年・発見500年記念 新商品開発等支援事業 | 島根県大田市公式サイト このページの本文へ 文字サイズ 標準 拡大 ご利用案内 お問い合わせ サイトマップ English Português 暮らし 暮らし --> オンライン手続き 主な公共施設一覧 制度・届出・証明 講演・講座・イベント 公募・募集など 各種相談 申請書
大田市	102	令和８年度 ふるさと大田起業・創業支援事業	https://www.city.oda.lg.jp/ohda_city/77/2539/10911	令和８年度 ふるさと大田起業・創業支援事業 | 島根県大田市公式サイト このページの本文へ 文字サイズ 標準 拡大 ご利用案内 お問い合わせ サイトマップ English Português 暮らし 暮らし --> オンライン手続き 主な公共施設一覧 制度・届出・証明 講演・講座・イベント 公募・募集など 各種相談 申請書ダウンロード 入札情報 障がい者支援
大田市	102	令和８年度大田市中小企業等活性化総合支援事業	https://www.city.oda.lg.jp/ohda_city/77/2539/7434	令和８年度大田市中小企業等活性化総合支援事業 | 島根県大田市公式サイト このページの本文へ 文字サイズ 標準 拡大 ご利用案内 お問い合わせ サイトマップ English Português 暮らし 暮らし --> オンライン手続き 主な公共施設一覧 制度・届出・証明 講演・講座・イベント 公募・募集など 各種相談 申請書ダウンロード 入札情報 障がい者支
大田市	102	妊婦のための支援給付と包括相談支援事業	https://www.city.oda.lg.jp/ohda_city/city_purpose/135/9383	妊婦のための支援給付と包括相談支援事業 | 島根県大田市公式サイト このページの本文へ 文字サイズ 標準 拡大 ご利用案内 お問い合わせ サイトマップ English Português 暮らし 暮らし --> オンライン手続き 主な公共施設一覧 制度・届出・証明 講演・講座・イベント 公募・募集など 各種相談 申請書ダウンロード 入札情報 障がい者支援施設
大田市	102	子ども医療費助成	https://www.city.oda.lg.jp/ohda_city/city_purpose/135/5321	子ども医療費助成 | 島根県大田市公式サイト このページの本文へ 文字サイズ 標準 拡大 ご利用案内 お問い合わせ サイトマップ English Português 暮らし 暮らし --> オンライン手続き 主な公共施設一覧 制度・届出・証明 講演・講座・イベント 公募・募集など 各種相談 申請書ダウンロード 入札情報 障がい者支援施設等との随意契約 パブリ
出雲市	101	児童手当	https://www.city.izumo.shimane.jp/www/contents/1472444471893/index.html	児童手当 | 出雲市 JavaScriptが無効なため一部の機能が動作しません。動作させるためにはJavaScriptを有効にしてください。またはブラウザの機能をご利用ください。 このページの本文へ移動 背景色変更 背景色：白 背景色：黒 背景色：青 文字サイズ 標準 拡大 ふりがな LANGUAGE English Portugues 中文（簡体） 中文（
出雲市	101	小・中学生及び高校生年代を対象とした「子ども医療費助成制度」について	https://www.city.izumo.shimane.jp/www/contents/1608020857033/index.html	小・中学生及び高校生年代を対象とした「子ども医療費助成制度」について | 出雲市 JavaScriptが無効なため一部の機能が動作しません。動作させるためにはJavaScriptを有効にしてください。またはブラウザの機能をご利用ください。 このページの本文へ移動 背景色変更 背景色：白 背景色：黒 背景色：青 文字サイズ 標準 拡大 ふりがな LANGUAG
出雲市	101	児童扶養手当制度について	https://www.city.izumo.shimane.jp/www/contents/1646803159709/index.html	児童扶養手当制度について | 出雲市 JavaScriptが無効なため一部の機能が動作しません。動作させるためにはJavaScriptを有効にしてください。またはブラウザの機能をご利用ください。 このページの本文へ移動 背景色変更 背景色：白 背景色：黒 背景色：青 文字サイズ 標準 拡大 ふりがな LANGUAGE English Portugues 中文
浜田市	100	●手すき和紙研修滞在支援補助金チラシ（PDF／386KB）	https://www.city.hamada.shimane.jp/www/contents/1780980422237/simple/taizaisien_chirashi.pdf
浜田市	100	●石州和紙後継者育成支援事業補助金チラシ（PDF／386KB）	https://www.city.hamada.shimane.jp/www/contents/1780980422237/simple/koukeisyaikusei__chirashi.pdf
浜田市	100	【浜田市手すき和紙研修滞在支援補助金交付要綱】（PDF／329KB）	https://www.city.hamada.shimane.jp/www/contents/1780980422237/simple/taizaishien_youkou.pdf
浜田市	100	【浜田市石州半紙後継者育成支援事業補助金交付要綱】（PDF／197KB）	https://www.city.hamada.shimane.jp/www/contents/1780980422237/simple/koukeisyaikusei_youkou.pdf
出雲市	100	出雲市止水板設置補助金交付要綱（PDF／162KB）	https://www.city.izumo.shimane.jp/www/contents/1775009793125/simple/izumoshi_shisuiban.pdf
出雲市	100	出雲市止水板設置補助金の手引き（PDF／1MB）	https://www.city.izumo.shimane.jp/www/contents/1775009793125/simple/izumo__shisuiban.pdf
出雲市	99	出雲市崩落土砂等撤去費等助成金交付要綱（PDF／147KB）	https://www.city.izumo.shimane.jp/www/contents/1673929103309/files/kouhuyoukou.pdf
大田市	99	令和８年度大田市中小企業等活性化総合支援事業	https://www.city.oda.lg.jp/ohda_city/77/2819/7434	令和８年度大田市中小企業等活性化総合支援事業 | 島根県大田市公式サイト このページの本文へ 文字サイズ 標準 拡大 ご利用案内 お問い合わせ サイトマップ English Português 暮らし 暮らし --> オンライン手続き 主な公共施設一覧 制度・届出・証明 講演・講座・イベント 公募・募集など 各種相談 申請書ダウンロード 入札情報 障がい者支
大田市	99	令和８年度石見銀山世界遺産登録20周年・発見500年記念 新商品開発等支援事業	https://www.city.oda.lg.jp/ohda_city/77/2819/9746	令和８年度石見銀山世界遺産登録20周年・発見500年記念 新商品開発等支援事業 | 島根県大田市公式サイト このページの本文へ 文字サイズ 標準 拡大 ご利用案内 お問い合わせ サイトマップ English Português 暮らし 暮らし --> オンライン手続き 主な公共施設一覧 制度・届出・証明 講演・講座・イベント 公募・募集など 各種相談 申請書
大田市	99	手当・心身障がい者扶養年金	https://www.city.oda.lg.jp/ohda_city/city_organization/33/koreishogai/327/696/	手当・心身障がい者扶養年金 | 島根県大田市公式サイト このページの本文へ 文字サイズ 標準 拡大 ご利用案内 お問い合わせ サイトマップ English Português 暮らし 暮らし --> オンライン手続き 主な公共施設一覧 制度・届出・証明 講演・講座・イベント 公募・募集など 各種相談 申請書ダウンロード 入札情報 障がい者支援施設等との随意契
大田市	99	医療費助成	https://www.city.oda.lg.jp/ohda_city/city_organization/33/koreishogai/327/693/	医療費助成 | 島根県大田市公式サイト このページの本文へ 文字サイズ 標準 拡大 ご利用案内 お問い合わせ サイトマップ English Português 暮らし 暮らし --> オンライン手続き 主な公共施設一覧 制度・届出・証明 講演・講座・イベント 公募・募集など 各種相談 申請書ダウンロード 入札情報 障がい者支援施設等との随意契約 パブリックコ
大田市	99	妊婦のための支援給付と包括相談支援事業	https://www.city.oda.lg.jp/ohda_city/city_scene/205/9383	妊婦のための支援給付と包括相談支援事業 | 島根県大田市公式サイト このページの本文へ 文字サイズ 標準 拡大 ご利用案内 お問い合わせ サイトマップ English Português 暮らし 暮らし --> オンライン手続き 主な公共施設一覧 制度・届出・証明 講演・講座・イベント 公募・募集など 各種相談 申請書ダウンロード 入札情報 障がい者支援施設
松江市	98	こどもの医療費助成	https://www.city.matsue.lg.jp/kosodate_kyoiku/ninshin_shussan/14395.html	こどもの医療費助成／松江市ホームページ スマートフォン版を表示 本文へ 文字サイズ 背景色変更 ふりがな/音声読み上げ for foreigners Foreign Language English &#54620;&#44397;&#50612; 简体中文 繁體中文 &#84;&#105;&#7871;&#110;&#103;&#32;&#86;&#105
浜田市	98	浜田市は新婚世帯の新生活を応援します！～結婚新生活支援事業のご案内～	https://www.city.hamada.shimane.jp/www/contents/1614216426235/index.html	浜田市は新婚世帯の新生活を応援します！～結婚新生活支援事業のご案内～｜浜田市 JavaScriptが無効なため一部の機能が動作しません。動作させるためにはJavaScriptを有効にしてください。またはブラウザの機能をご利用ください。 このページの本文へ移動 背景色 背景色：白 背景色：黒 背景色：青 文字サイズ 標準 拡大 LANGUAGE English
浜田市	98	応急手当講習について	https://www.city.hamada.shimane.jp/www/contents/1590990285902/index.html	応急手当講習について｜浜田市 JavaScriptが無効なため一部の機能が動作しません。動作させるためにはJavaScriptを有効にしてください。またはブラウザの機能をご利用ください。 このページの本文へ移動 背景色 背景色：白 背景色：黒 背景色：青 文字サイズ 標準 拡大 LANGUAGE English 中文簡体 中文繁体 한글 Tiếng việt
出雲市	98	Sistema de Isenção do Imposto de Veículos Leves（軽自動車税の減免について）【Portugues】	https://www.city.izumo.shimane.jp/www/contents/1586393822999/index.html	Sistema de Isenção do Imposto de Veículos Leves（軽自動車税の減免について）【Portugues】 | 出雲市 JavaScriptが無効なため一部の機能が動作しません。動作させるためにはJavaScriptを有効にしてください。またはブラウザの機能をご利用ください。 このページの本文へ移動 背景色変更 背景色：
出雲市	98	令和６年能登半島地震で被災された方の水道料金・下水道使用料の免除について【上下水道局 営業総務課】	https://www.city.izumo.shimane.jp/www/contents/1704941215581/index.html	令和６年能登半島地震で被災された方の水道料金・下水道使用料の免除について【上下水道局 営業総務課】 | 出雲市 JavaScriptが無効なため一部の機能が動作しません。動作させるためにはJavaScriptを有効にしてください。またはブラウザの機能をご利用ください。 このページの本文へ移動 背景色変更 背景色：白 背景色：黒 背景色：青 文字サイズ 標準
大田市	98	公売・売払い・貸付物件情報	https://www.city.oda.lg.jp/ohda_city/78/95/	公売・売払い・貸付物件情報 | 島根県大田市公式サイト このページの本文へ 文字サイズ 標準 拡大 ご利用案内 お問い合わせ サイトマップ English Português 暮らし 暮らし --> オンライン手続き 主な公共施設一覧 制度・届出・証明 講演・講座・イベント 公募・募集など 各種相談 申請書ダウンロード 入札情報 障がい者支援施設等との随意契
浜田市	97	保育料減免制度について	https://www.city.hamada.shimane.jp/www/contents/1389003991885/index.html	保育料減免制度について｜浜田市子育て支援サイト このページの本文へ移動 浜田市役所トップページ 文字サイズ 背景色変更 浜田市子育て応援サイト 対象者別に探す 目的別に探す 子育てカレンダー 子育て支援センター ファミリーサポートセンター 子育て世代包括支援センター 子育て支援ガイド 学校給食センター 青少年サポートセンター はまだ子どもニュース リンク集
浜田市	97	児童手当のページへリンク	https://www.city.hamada.shimane.jp/www/genre/1000170010091/index.html	児童手当 | 浜田市 JavaScriptが無効なため一部の機能が動作しません。動作させるためにはJavaScriptを有効にしてください。またはブラウザの機能をご利用ください。 このページの本文へ移動 背景色 背景色：白 背景色：黒 背景色：青 文字サイズ 標準 拡大 LANGUAGE English 中文簡体 中文繁体 한글 Tiếng việt Tag
浜田市	97	助成制度	https://www.city.hamada.shimane.jp/www/genre/1000170010626/index.html	助成制度 | 浜田市 JavaScriptが無効なため一部の機能が動作しません。動作させるためにはJavaScriptを有効にしてください。またはブラウザの機能をご利用ください。 このページの本文へ移動 背景色 背景色：白 背景色：黒 背景色：青 文字サイズ 標準 拡大 LANGUAGE English 中文簡体 中文繁体 한글 Tiếng việt Tag
浜田市	97	乳幼児等医療費助成制度のページへリンク	https://www.city.hamada.shimane.jp/www/genre/1000170010046/index.html	子ども医療費助成制度 | 浜田市 JavaScriptが無効なため一部の機能が動作しません。動作させるためにはJavaScriptを有効にしてください。またはブラウザの機能をご利用ください。 このページの本文へ移動 背景色 背景色：白 背景色：黒 背景色：青 文字サイズ 標準 拡大 LANGUAGE English 中文簡体 中文繁体 한글 Tiếng vi
浜田市	97	サポート・支援事業	https://www.city.hamada.shimane.jp/www/genre/1000170010629/index.html	サポート・支援事業 | 浜田市 JavaScriptが無効なため一部の機能が動作しません。動作させるためにはJavaScriptを有効にしてください。またはブラウザの機能をご利用ください。 このページの本文へ移動 背景色 背景色：白 背景色：黒 背景色：青 文字サイズ 標準 拡大 LANGUAGE English 中文簡体 中文繁体 한글 Tiếng việ
浜田市	97	支援制度	https://www.city.hamada.shimane.jp/www/genre/1000170010636/index.html	支援制度 | 浜田市 JavaScriptが無効なため一部の機能が動作しません。動作させるためにはJavaScriptを有効にしてください。またはブラウザの機能をご利用ください。 このページの本文へ移動 背景色 背景色：白 背景色：黒 背景色：青 文字サイズ 標準 拡大 LANGUAGE English 中文簡体 中文繁体 한글 Tiếng việt Tag
浜田市	97	児童扶養手当のページへリンク	https://www.city.hamada.shimane.jp/www/genre/1000170010092/index.html	児童扶養手当 | 浜田市 JavaScriptが無効なため一部の機能が動作しません。動作させるためにはJavaScriptを有効にしてください。またはブラウザの機能をご利用ください。 このページの本文へ移動 背景色 背景色：白 背景色：黒 背景色：青 文字サイズ 標準 拡大 LANGUAGE English 中文簡体 中文繁体 한글 Tiếng việt T
浜田市	97	特別障害者・障害児福祉・特別児童扶養手当のページへリンク	https://www.city.hamada.shimane.jp/www/genre/1000170010085/index.html	特別障害者・障害児福祉・特別児童扶養手当 | 浜田市 JavaScriptが無効なため一部の機能が動作しません。動作させるためにはJavaScriptを有効にしてください。またはブラウザの機能をご利用ください。 このページの本文へ移動 背景色 背景色：白 背景色：黒 背景色：青 文字サイズ 標準 拡大 LANGUAGE English 中文簡体 中文繁体 한
浜田市	97	福祉医療費助成制度のページへリンク	https://www.city.hamada.shimane.jp/www/genre/1000170010045/index.html	福祉医療費助成制度 | 浜田市 JavaScriptが無効なため一部の機能が動作しません。動作させるためにはJavaScriptを有効にしてください。またはブラウザの機能をご利用ください。 このページの本文へ移動 背景色 背景色：白 背景色：黒 背景色：青 文字サイズ 標準 拡大 LANGUAGE English 中文簡体 中文繁体 한글 Tiếng việ
出雲市	97	令和８年度「出雲市省エネ家電買替支援事業補助金」について【ゼロカーボン推進室】	https://www.city.izumo.shimane.jp/www/contents/1776320254998/index.html	令和８年度「出雲市省エネ家電買替支援事業補助金」について【ゼロカーボン推進室】 | 出雲市 JavaScriptが無効なため一部の機能が動作しません。動作させるためにはJavaScriptを有効にしてください。またはブラウザの機能をご利用ください。 このページの本文へ移動 背景色変更 背景色：白 背景色：黒 背景色：青 文字サイズ 標準 拡大 ふりがな LA
出雲市	97	専門実践教育訓練給付金	https://www.icmn.ac.jp/admissions/benefit/	専門実践教育訓練給付金|出雲医療看護専門学校 社会人・再進学希望の方へ 保護者の方へ 卒業生の方へ 高校教員の方へ 採用ご担当の方へ 職員希望の方へ お問合せ 資料請求 情報公開 検索: MENU アクセス 学校紹介 学校紹介トップ 出雲医療看護専門学校の魅力 出雲医療看護専門学校の学び 学校長・副学校長の挨拶 教育システム 連携授業について 卒業課題研究
浜田市	96	肝炎医療費助成制度	https://www.city.hamada.shimane.jp/www/genre/1000170010071/index.html	肝炎医療費助成制度 | 浜田市 JavaScriptが無効なため一部の機能が動作しません。動作させるためにはJavaScriptを有効にしてください。またはブラウザの機能をご利用ください。 このページの本文へ移動 背景色 背景色：白 背景色：黒 背景色：青 文字サイズ 標準 拡大 LANGUAGE English 中文簡体 中文繁体 한글 Tiếng việ
出雲市	96	手当・助成	https://www.city.izumo.shimane.jp/www/genre/1179819453480/index.html	手当・助成 | 出雲市 JavaScriptが無効なため一部の機能が動作しません。動作させるためにはJavaScriptを有効にしてください。またはブラウザの機能をご利用ください。 このページの本文へ移動 背景色変更 背景色：白 背景色：黒 背景色：青 文字サイズ 標準 拡大 ふりがな LANGUAGE English Portugues 中文（簡体） 中文
大田市	96	おおだに住もう移住者定住支援事業	https://www.city.oda.lg.jp/ohda_city/city_case/83/9513	おおだに住もう移住者定住支援事業 | 島根県大田市公式サイト このページの本文へ 文字サイズ 標準 拡大 ご利用案内 お問い合わせ サイトマップ English Português 暮らし 暮らし --> オンライン手続き 主な公共施設一覧 制度・届出・証明 講演・講座・イベント 公募・募集など 各種相談 申請書ダウンロード 入札情報 障がい者支援施設等との
出雲市	95	浸水し尿くみ取り料補助金交付申請書(様式第1号)（PDF／62KB）	https://www.city.izumo.shimane.jp/www/contents/1625980847569/files/shinseisyo-pdf.pdf
浜田市	94	地域総合整備資金貸付（ふるさと融資）制度	https://www.city.hamada.shimane.jp/www/contents/1679972374840/index.html	地域総合整備資金貸付（ふるさと融資）制度｜浜田市 JavaScriptが無効なため一部の機能が動作しません。動作させるためにはJavaScriptを有効にしてください。またはブラウザの機能をご利用ください。 このページの本文へ移動 背景色 背景色：白 背景色：黒 背景色：青 文字サイズ 標準 拡大 LANGUAGE English 中文簡体 中文繁体 한글
浜田市	94	住宅関連支援制度のページへリンク	https://www.city.hamada.shimane.jp/www/genre/1000170010109/index.html	各種支援・助成制度 | 浜田市 JavaScriptが無効なため一部の機能が動作しません。動作させるためにはJavaScriptを有効にしてください。またはブラウザの機能をご利用ください。 このページの本文へ移動 背景色 背景色：白 背景色：黒 背景色：青 文字サイズ 標準 拡大 LANGUAGE English 中文簡体 中文繁体 한글 Tiếng việ
出雲市	94	出雲市肥料価格高騰対策支援事業の実施について【農業振興課】	https://www.city.izumo.shimane.jp/www/contents/1778563153855/index.html	出雲市肥料価格高騰対策支援事業の実施について【農業振興課】 | 出雲市 JavaScriptが無効なため一部の機能が動作しません。動作させるためにはJavaScriptを有効にしてください。またはブラウザの機能をご利用ください。 このページの本文へ移動 背景色変更 背景色：白 背景色：黒 背景色：青 文字サイズ 標準 拡大 ふりがな LANGUAGE Eng
出雲市	93	補助・支援制度	https://izumo-econavi.com/assist	補助・支援制度 - 出雲エコなび〜出雲市公式環境総合ウェブサイト 出雲エコなび〜出雲市公式環境総合ウェブサイト あなたのエコアクションをナビゲート トップページ お問い合わせ リンク サイトマップ プライバシーポリシー サイト内検索: 検索 文字 サイズ 拡大 標準 色合い 変更 白 黒 青 TOP 温暖化対策 ごみ処理・3R 環境保全 ニュースレター 計画
大田市	93	令和８年６月１日 受付終了（第２弾大田市省エネ家電買換支援事業）	https://www.city.oda.lg.jp/ohda_city/city_case/85/10551	令和８年６月１日 受付終了（第２弾大田市省エネ家電買換支援事業） | 島根県大田市公式サイト このページの本文へ 文字サイズ 標準 拡大 ご利用案内 お問い合わせ サイトマップ English Português 暮らし 暮らし --> オンライン手続き 主な公共施設一覧 制度・届出・証明 講演・講座・イベント 公募・募集など 各種相談 申請書ダウンロード
松江市	88	病児・病後児保育	https://www.city.matsue.lg.jp/kosodate_kyoiku/kosodateshien/5_1/8/12035.html	病児保育／松江市ホームページ スマートフォン版を表示 本文へ 文字サイズ 背景色変更 ふりがな/音声読み上げ for foreigners Foreign Language English &#54620;&#44397;&#50612; 简体中文 繁體中文 &#84;&#105;&#7871;&#110;&#103;&#32;&#86;&#105;&#78
出雲市	88	定額減税補足給付金及び低所得者世帯支援給付金に係る課税、差押え対象の取扱いについて	https://www.city.izumo.shimane.jp/www/contents/1773883488232/index.html	定額減税補足給付金及び低所得者世帯支援給付金に係る課税、差押え対象の取扱いについて | 出雲市 JavaScriptが無効なため一部の機能が動作しません。動作させるためにはJavaScriptを有効にしてください。またはブラウザの機能をご利用ください。 このページの本文へ移動 背景色変更 背景色：白 背景色：黒 背景色：青 文字サイズ 標準 拡大 ふりがな
出雲市	88	不妊治療費助成制度	https://www.city.izumo.shimane.jp/www/contents/1273123755156/index.html	不妊治療費助成制度 | 出雲市 JavaScriptが無効なため一部の機能が動作しません。動作させるためにはJavaScriptを有効にしてください。またはブラウザの機能をご利用ください。 このページの本文へ移動 背景色変更 背景色：白 背景色：黒 背景色：青 文字サイズ 標準 拡大 ふりがな LANGUAGE English Portugues 中文（簡体
出雲市	88	不育症治療費助成制度	https://www.city.izumo.shimane.jp/www/contents/1426483814802/index.html	不育症治療費助成制度 | 出雲市 JavaScriptが無効なため一部の機能が動作しません。動作させるためにはJavaScriptを有効にしてください。またはブラウザの機能をご利用ください。 このページの本文へ移動 背景色変更 背景色：白 背景色：黒 背景色：青 文字サイズ 標準 拡大 ふりがな LANGUAGE English Portugues 中文（簡
出雲市	88	乳幼児等医療費助成制度	https://www.city.izumo.shimane.jp/www/contents/1285844715456/index.html	乳幼児等医療費助成制度 | 出雲市 JavaScriptが無効なため一部の機能が動作しません。動作させるためにはJavaScriptを有効にしてください。またはブラウザの機能をご利用ください。 このページの本文へ移動 背景色変更 背景色：白 背景色：黒 背景色：青 文字サイズ 標準 拡大 ふりがな LANGUAGE English Portugues 中文（
出雲市	88	福祉医療費助成制度	https://www.city.izumo.shimane.jp/www/contents/1127996049456/index.html	福祉医療費助成制度 | 出雲市 JavaScriptが無効なため一部の機能が動作しません。動作させるためにはJavaScriptを有効にしてください。またはブラウザの機能をご利用ください。 このページの本文へ移動 背景色変更 背景色：白 背景色：黒 背景色：青 文字サイズ 標準 拡大 ふりがな LANGUAGE English Portugues 中文（簡体
出雲市	88	病児・病後児保育室【利用料金減免制度】	https://www.city.izumo.shimane.jp/www/contents/1369200453142/index.html	病児・病後児保育室【利用料金減免制度】 | 出雲市 JavaScriptが無効なため一部の機能が動作しません。動作させるためにはJavaScriptを有効にしてください。またはブラウザの機能をご利用ください。 このページの本文へ移動 背景色変更 背景色：白 背景色：黒 背景色：青 文字サイズ 標準 拡大 ふりがな LANGUAGE English Portu
出雲市	88	骨髄移植ドナー支援事業について	https://www.city.izumo.shimane.jp/www/contents/1504509338155/index.html	骨髄移植ドナー支援事業について | 出雲市 JavaScriptが無効なため一部の機能が動作しません。動作させるためにはJavaScriptを有効にしてください。またはブラウザの機能をご利用ください。 このページの本文へ移動 背景色変更 背景色：白 背景色：黒 背景色：青 文字サイズ 標準 拡大 ふりがな LANGUAGE English Portugues
益田市	88	令和8年度益田市乗合タクシー・匹見やまびこバスのご案内	https://www.city.masuda.lg.jp/soshikikarasagasu/seisakukikakukyoku/koutsutaisakuka/5/2/10865.html	令和8年度益田市乗合タクシー・匹見やまびこバスのご案内／益田市 スマートフォン版を表示 本文へ 文字サイズ変更 背景色変更 Foreign Language Google検索窓が入ります --> くらし・手続き まちづくり・環境 医療・健康・福祉 子育て・教育 観光・文化 スポーツ しごと・産業 市政情報 くらし・手続き まちづくり・環境 医療・健康・福祉
出雲市	87	浸水し尿くみ取り料補助金交付請求書（様式第3号）（PDF／255KB）	https://www.city.izumo.shimane.jp/www/contents/1625980847569/files/seikyuusyo-pdf.pdf
出雲市	87	出雲市浸水し尿くみ取り料補助金交付要綱（PDF／84KB）	https://www.city.izumo.shimane.jp/www/contents/1625980847569/files/sinnsuisinyoukumitoriyoukou.pdf
松江市	85	島根県男性不妊検査費助成事業	https://www.city.matsue.lg.jp/kosodate_kyoiku/ninshin_shussan/1/6790.html	島根県男性不妊検査費助成事業／松江市ホームページ スマートフォン版を表示 本文へ 文字サイズ 背景色変更 ふりがな/音声読み上げ for foreigners Foreign Language English &#54620;&#44397;&#50612; 简体中文 繁體中文 &#84;&#105;&#7871;&#110;&#103;&#32;&#86;
浜田市	85	自主防災組織育成事業補助金	https://www.city.hamada.shimane.jp/www/contents/1001000000994/index.html	自主防災組織育成事業補助金｜浜田市 JavaScriptが無効なため一部の機能が動作しません。動作させるためにはJavaScriptを有効にしてください。またはブラウザの機能をご利用ください。 このページの本文へ移動 背景色 背景色：白 背景色：黒 背景色：青 文字サイズ 標準 拡大 LANGUAGE English 中文簡体 中文繁体 한글 Tiếng v
出雲市	85	地域未来投資促進法による固定資産税の課税免除について【資産税課】	https://www.city.izumo.shimane.jp/www/contents/1372292005895/index.html	地域未来投資促進法による固定資産税の課税免除について【資産税課】 | 出雲市 JavaScriptが無効なため一部の機能が動作しません。動作させるためにはJavaScriptを有効にしてください。またはブラウザの機能をご利用ください。 このページの本文へ移動 背景色変更 背景色：白 背景色：黒 背景色：青 文字サイズ 標準 拡大 ふりがな LANGUAGE
出雲市	85	地方活力向上地域における固定資産税の課税免除又は不均一課税について【資産税課】	https://www.city.izumo.shimane.jp/www/contents/1372291316866/index.html	地方活力向上地域における固定資産税の課税免除又は不均一課税について【資産税課】 | 出雲市 JavaScriptが無効なため一部の機能が動作しません。動作させるためにはJavaScriptを有効にしてください。またはブラウザの機能をご利用ください。 このページの本文へ移動 背景色変更 背景色：白 背景色：黒 背景色：青 文字サイズ 標準 拡大 ふりがな LA
出雲市	85	過疎地域における固定資産税の課税免除について【資産税課】	https://www.city.izumo.shimane.jp/www/contents/1372290433231/index.html	過疎地域における固定資産税の課税免除について【資産税課】 | 出雲市 JavaScriptが無効なため一部の機能が動作しません。動作させるためにはJavaScriptを有効にしてください。またはブラウザの機能をご利用ください。 このページの本文へ移動 背景色変更 背景色：白 背景色：黒 背景色：青 文字サイズ 標準 拡大 ふりがな LANGUAGE Engl
出雲市	85	法律に基づく指定区域内における出雲市固定資産税の課税免除・不均一課税について【資産税課】	https://www.city.izumo.shimane.jp/www/contents/1372220498114/index.html	法律に基づく指定区域内における出雲市固定資産税の課税免除・不均一課税について【資産税課】 | 出雲市 JavaScriptが無効なため一部の機能が動作しません。動作させるためにはJavaScriptを有効にしてください。またはブラウザの機能をご利用ください。 このページの本文へ移動 背景色変更 背景色：白 背景色：黒 背景色：青 文字サイズ 標準 拡大 ふり
益田市	85	助成・手当等	https://www.city.masuda.lg.jp/konnatokiha/ninshin_shussan_kosodate/5781.html	助成・手当等／益田市 スマートフォン版を表示 本文へ 文字サイズ変更 背景色変更 Foreign Language Google検索窓が入ります --> くらし・手続き まちづくり・環境 医療・健康・福祉 子育て・教育 観光・文化 スポーツ しごと・産業 市政情報 くらし・手続き まちづくり・環境 医療・健康・福祉 子育て・教育 観光・文化・スポーツ しごと
益田市	85	移住支援制度	https://www.city.masuda.lg.jp/kurashi_tetsuzuki/iju_teiju/ijushienseido/index.html	移住支援制度／益田市 スマートフォン版を表示 本文へ 文字サイズ変更 背景色変更 Foreign Language Google検索窓が入ります --> くらし・手続き まちづくり・環境 医療・健康・福祉 子育て・教育 観光・文化 スポーツ しごと・産業 市政情報 くらし・手続き まちづくり・環境 医療・健康・福祉 子育て・教育 観光・文化・スポーツ しごと
大田市	83	令和８年度石見銀山世界遺産登録20周年・発見500年記念 新商品開発等支援事業	https://www.city.oda.lg.jp/update_info/9746	令和８年度石見銀山世界遺産登録20周年・発見500年記念 新商品開発等支援事業 | 島根県大田市公式サイト このページの本文へ 文字サイズ 標準 拡大 ご利用案内 お問い合わせ サイトマップ English Português 暮らし 暮らし --> オンライン手続き 主な公共施設一覧 制度・届出・証明 講演・講座・イベント 公募・募集など 各種相談 申請書
大田市	83	令和８年６月１日 受付終了（第２弾大田市省エネ家電買換支援事業）	https://www.city.oda.lg.jp/update_info/10551	令和８年６月１日 受付終了（第２弾大田市省エネ家電買換支援事業） | 島根県大田市公式サイト このページの本文へ 文字サイズ 標準 拡大 ご利用案内 お問い合わせ サイトマップ English Português 暮らし 暮らし --> オンライン手続き 主な公共施設一覧 制度・届出・証明 講演・講座・イベント 公募・募集など 各種相談 申請書ダウンロード
松江市	82	こちら	https://www.city.matsue.lg.jp/soshikikarasagasu/shimimbu_shiminka/koseki_juminhyo_inkantoroku/4/3035.html	証明書のコンビニ交付サービスについて／松江市ホームページ スマートフォン版を表示 本文へ 文字サイズ 背景色変更 ふりがな/音声読み上げ for foreigners Foreign Language English &#54620;&#44397;&#50612; 简体中文 繁體中文 &#84;&#105;&#7871;&#110;&#103;&#32;&
益田市	82	休日応急診療のお知らせ（7月）	https://www.city.masuda.lg.jp/soshikikarasagasu/fukushikankyobu/chiikiiryotaisakushitsu/5/2054.html	休日応急診療のお知らせ（7月）／益田市 スマートフォン版を表示 本文へ 文字サイズ変更 背景色変更 Foreign Language Google検索窓が入ります --> くらし・手続き まちづくり・環境 医療・健康・福祉 子育て・教育 観光・文化 スポーツ しごと・産業 市政情報 くらし・手続き まちづくり・環境 医療・健康・福祉 子育て・教育 観光・文化
出雲市	81	新規就労者奨励金チラシ（PDF／468KB）	https://www.city.izumo.shimane.jp/www/contents/1717562590013/simple/tirasi.pdf
大田市	81	骨髄移植ドナー支援事業を行っています！	https://www.city.oda.lg.jp/ohda_city/city_organization/33/iryou/16048	骨髄移植ドナー支援事業を行っています！ | 島根県大田市公式サイト このページの本文へ 文字サイズ 標準 拡大 ご利用案内 お問い合わせ サイトマップ English Português 暮らし 暮らし --> オンライン手続き 主な公共施設一覧 制度・届出・証明 講演・講座・イベント 公募・募集など 各種相談 申請書ダウンロード 入札情報 障がい者支援施設
出雲市	80	8/23「夏の川遊び体験会」が開催されます！	https://izumo-econavi.com/new/24837	8/23「夏の川遊び体験会」が開催されます！ - 出雲エコなび〜出雲市公式環境総合ウェブサイト 出雲エコなび〜出雲市公式環境総合ウェブサイト あなたのエコアクションをナビゲート トップページ お問い合わせ リンク サイトマップ プライバシーポリシー 本文へ移動 サイト内検索: 検索 文字 サイズ 拡大 標準 色合い 変更 白 黒 青 TOP 温暖化対策 ごみ
出雲市	79	子育て世帯訪問支援事業実施業務 登録事業者の募集について	https://www.city.izumo.shimane.jp/www/contents/1763336823544/index.html	子育て世帯訪問支援事業実施業務 登録事業者の募集について | 出雲市 JavaScriptが無効なため一部の機能が動作しません。動作させるためにはJavaScriptを有効にしてください。またはブラウザの機能をご利用ください。 このページの本文へ移動 背景色変更 背景色：白 背景色：黒 背景色：青 文字サイズ 標準 拡大 ふりがな LANGUAGE Engl
出雲市	79	令和8年度 児童手当現況届について	https://www.city.izumo.shimane.jp/www/contents/1243389968346/index.html	令和8年度 児童手当現況届について | 出雲市 JavaScriptが無効なため一部の機能が動作しません。動作させるためにはJavaScriptを有効にしてください。またはブラウザの機能をご利用ください。 このページの本文へ移動 背景色変更 背景色：白 背景色：黒 背景色：青 文字サイズ 標準 拡大 ふりがな LANGUAGE English Portugu
出雲市	79	【児童手当】令和8年3月に高校・専門学校等を卒業予定の子がいる場合の手続きについて	https://www.city.izumo.shimane.jp/www/contents/1771469786270/index.html	【児童手当】令和8年3月に高校・専門学校等を卒業予定の子がいる場合の手続きについて | 出雲市 JavaScriptが無効なため一部の機能が動作しません。動作させるためにはJavaScriptを有効にしてください。またはブラウザの機能をご利用ください。 このページの本文へ移動 背景色変更 背景色：白 背景色：黒 背景色：青 文字サイズ 標準 拡大 ふりがな
出雲市	79	子育て短期支援事業	https://www.city.izumo.shimane.jp/www/contents/1312346464692/index.html	子育て短期支援事業 | 出雲市 JavaScriptが無効なため一部の機能が動作しません。動作させるためにはJavaScriptを有効にしてください。またはブラウザの機能をご利用ください。 このページの本文へ移動 背景色変更 背景色：白 背景色：黒 背景色：青 文字サイズ 標準 拡大 ふりがな LANGUAGE English Portugues 中文（簡体
出雲市	79	母子父子寡婦福祉資金貸付制度について	https://www.city.izumo.shimane.jp/www/contents/1247794654780/index.html	母子父子寡婦福祉資金貸付制度について | 出雲市 JavaScriptが無効なため一部の機能が動作しません。動作させるためにはJavaScriptを有効にしてください。またはブラウザの機能をご利用ください。 このページの本文へ移動 背景色変更 背景色：白 背景色：黒 背景色：青 文字サイズ 標準 拡大 ふりがな LANGUAGE English Portug
浜田市	78	【若者支援ファンド】若者の住宅取得（新築・購入）を応援します（39歳以下、補助率2/100、上限40万円）	https://teiju.joho-hamada.jp/post_news/%e3%80%90%e8%8b%a5%e8%80%85%e6%94%af%e6%8f%b4%e3%83%95%e3%82%a1%e3%83%b3%e3%83%89%e3%80%91%e8%8b%a5%e8%80%85%e3%81%ae%e4%bd%8f%e5%ae%85%e5%8f%96%e5%be%97%ef%bc%88%e6%96%b0%e7%af%89%e3%83%bb%e8%b3%bc/	はまだぐらし －浜田市移住・定住情報サイト－ 【若者支援ファンド】若者の住宅取得（新築・購入）を応援します（39歳以下、補助率2/100、上限40万円） - はまだぐらし －浜田市移住・定住情報サイト－ 浜田を知る 浜田を知る Get to know Hamada 5分でわかる浜田 数字でみる「はまだぐらし」 浜田の自慢 動画コレクション 移住者インタビュー
出雲市	78	島根県原子力発電施設等立地地域基盤整備支援事業（安全確保）補助金により造成した基金について	https://www.city.izumo.shimane.jp/www/contents/1779690168349/index.html	島根県原子力発電施設等立地地域基盤整備支援事業（安全確保）補助金により造成した基金について | 出雲市 JavaScriptが無効なため一部の機能が動作しません。動作させるためにはJavaScriptを有効にしてください。またはブラウザの機能をご利用ください。 このページの本文へ移動 背景色変更 背景色：白 背景色：黒 背景色：青 文字サイズ 標準 拡大 ふ
松江市	76	道路	https://www.city.matsue.lg.jp/sangyo_business/kaihatsu_toshikeikaku/4/6373.html	市道認定状況／松江市ホームページ スマートフォン版を表示 本文へ 文字サイズ 背景色変更 ふりがな/音声読み上げ for foreigners Foreign Language English &#54620;&#44397;&#50612; 简体中文 繁體中文 &#84;&#105;&#7871;&#110;&#103;&#32;&#86;&#105;&#
出雲市	75	専門実践教育訓練給付金 対象 Nurse 看護 学科 昼間部 3年制	https://www.icmn.ac.jp/course/nursing/	看護学科(3年制)|+1年で大卒資格も取れる|出雲医療看護専門学校 社会人・再進学希望の方へ 保護者の方へ 卒業生の方へ 高校教員の方へ 採用ご担当の方へ 職員希望の方へ お問合せ 資料請求 情報公開 検索: MENU アクセス 学校紹介 学校紹介トップ 出雲医療看護専門学校の魅力 出雲医療看護専門学校の学び 学校長・副学校長の挨拶 教育システム 連携授業に
出雲市	75	専門実践教育訓練給付金 対象 Clinical Engineer 臨床工学技士 学科 昼間部 3年制	https://www.icmn.ac.jp/course/ce/	臨床工学技士学科(3年制)|中国・四国で唯一の国家試験合格率100%(2026年度)|出雲医療看護専門学校 社会人・再進学希望の方へ 保護者の方へ 卒業生の方へ 高校教員の方へ 採用ご担当の方へ 職員希望の方へ お問合せ 資料請求 情報公開 検索: MENU アクセス 学校紹介 学校紹介トップ 出雲医療看護専門学校の魅力 出雲医療看護専門学校の学び 学校長・
松江市	74	松江市まちづくりのための市民アンケート	https://www.city.matsue.lg.jp/gyoseijoho/kakushukeikaku/10/9941.html	松江市まちづくりのための市民アンケート／松江市ホームページ スマートフォン版を表示 本文へ 文字サイズ 背景色変更 ふりがな/音声読み上げ for foreigners Foreign Language English &#54620;&#44397;&#50612; 简体中文 繁體中文 &#84;&#105;&#7871;&#110;&#103;&#32;
益田市	74	益田市 小児救急ガイド	https://www.city.masuda.lg.jp/soshikikarasagasu/fukushikankyobu/chiikiiryotaisakushitsu/5/3282.html	益田市 小児救急ガイド／益田市 スマートフォン版を表示 本文へ 文字サイズ変更 背景色変更 Foreign Language Google検索窓が入ります --> くらし・手続き まちづくり・環境 医療・健康・福祉 子育て・教育 観光・文化 スポーツ しごと・産業 市政情報 くらし・手続き まちづくり・環境 医療・健康・福祉 子育て・教育 観光・文化・スポー
益田市	73	就学に関する手当・助成	https://www.city.masuda.lg.jp/konnatokiha/nyuen_nyugaku/8145.html	就学に関する手当・助成／益田市 スマートフォン版を表示 本文へ 文字サイズ変更 背景色変更 Foreign Language Google検索窓が入ります --> くらし・手続き まちづくり・環境 医療・健康・福祉 子育て・教育 観光・文化 スポーツ しごと・産業 市政情報 くらし・手続き まちづくり・環境 医療・健康・福祉 子育て・教育 観光・文化・スポー
出雲市	72	保育士を目指す方へ 保育士修学資金貸付事業について	https://www.city.izumo.shimane.jp/www/contents/1703487826607/index.html	保育士を目指す方へ 保育士修学資金貸付事業について | 出雲市 JavaScriptが無効なため一部の機能が動作しません。動作させるためにはJavaScriptを有効にしてください。またはブラウザの機能をご利用ください。 このページの本文へ移動 背景色変更 背景色：白 背景色：黒 背景色：青 文字サイズ 標準 拡大 ふりがな LANGUAGE English
松江市	70	松江市不育症検査費助成	https://www.city.matsue.lg.jp/kosodate_kyoiku/ninshin_shussan/1/6782.html	松江市不育症検査費助成／松江市ホームページ スマートフォン版を表示 本文へ 文字サイズ 背景色変更 ふりがな/音声読み上げ for foreigners Foreign Language English &#54620;&#44397;&#50612; 简体中文 繁體中文 &#84;&#105;&#7871;&#110;&#103;&#32;&#86;&#1
松江市	70	母子健康手帳	https://www.city.matsue.lg.jp/kosodate_kyoiku/ninshin_shussan/2/6761.html	母子健康手帳／松江市ホームページ スマートフォン版を表示 本文へ 文字サイズ 背景色変更 ふりがな/音声読み上げ for foreigners Foreign Language English &#54620;&#44397;&#50612; 简体中文 繁體中文 &#84;&#105;&#7871;&#110;&#103;&#32;&#86;&#105;&#
松江市	70	乳幼児健診	https://www.city.matsue.lg.jp/kosodate_kyoiku/ninshin_shussan/4_1/14433.html	乳幼児健診／松江市ホームページ スマートフォン版を表示 本文へ 文字サイズ 背景色変更 ふりがな/音声読み上げ for foreigners Foreign Language English &#54620;&#44397;&#50612; 简体中文 繁體中文 &#84;&#105;&#7871;&#110;&#103;&#32;&#86;&#105;&#7
松江市	69	夏休みこども向け手話教室	https://www.city.matsue.lg.jp/event/25998.html	夏休みこども向け手話教室／松江市ホームページ スマートフォン版を表示 本文へ 文字サイズ 背景色変更 ふりがな/音声読み上げ for foreigners Foreign Language English &#54620;&#44397;&#50612; 简体中文 繁體中文 &#84;&#105;&#7871;&#110;&#103;&#32;&#86;&#
出雲市	66	自然災害による被災者支援制度について【防災安全課】	https://www.city.izumo.shimane.jp/www/contents/1654659914380/index.html	自然災害による被災者支援制度について【防災安全課】 | 出雲市 JavaScriptが無効なため一部の機能が動作しません。動作させるためにはJavaScriptを有効にしてください。またはブラウザの機能をご利用ください。 このページの本文へ移動 背景色変更 背景色：白 背景色：黒 背景色：青 文字サイズ 標準 拡大 ふりがな LANGUAGE English
出雲市	66	福祉医療費助成資格内容変更届	https://www.city.izumo.shimane.jp/www/contents/1000000001091/index.html	福祉医療費助成資格内容変更届 | 出雲市 JavaScriptが無効なため一部の機能が動作しません。動作させるためにはJavaScriptを有効にしてください。またはブラウザの機能をご利用ください。 このページの本文へ移動 背景色変更 背景色：白 背景色：黒 背景色：青 文字サイズ 標準 拡大 ふりがな LANGUAGE English Portugues
出雲市	65	【令和７年度】自然災害による被災者支援制度について（R7.4.1時点）（PDF／780KB）	https://www.city.izumo.shimane.jp/www/contents/1654659914380/files/shienseido_ichiran_20250401.pdf
出雲市	65	ごみ集積施設（ごみ箱等）整備補助金制度について	https://www.city.izumo.shimane.jp/www/contents/1753250866608/index.html	ごみ集積施設（ごみ箱等）整備補助金制度について | 出雲市 JavaScriptが無効なため一部の機能が動作しません。動作させるためにはJavaScriptを有効にしてください。またはブラウザの機能をご利用ください。 このページの本文へ移動 背景色変更 背景色：白 背景色：黒 背景色：青 文字サイズ 標準 拡大 ふりがな LANGUAGE English P
出雲市	65	出雲エコなび〜出雲市公式環境総合ウェブサイト	https://izumo-econavi.com/	出雲エコなび〜出雲市公式環境総合ウェブサイト 出雲エコなび〜出雲市公式環境総合ウェブサイト あなたのエコアクションをナビゲート トップページ お問い合わせ リンク サイトマップ プライバシーポリシー サイト内検索: 検索 文字 サイズ 拡大 標準 色合い 変更 白 黒 青 TOP 温暖化対策 ごみ処理・3R 環境保全 ニュースレター 計画・レポート 補助・支
浜田市	63	はまだぐらし －浜田市移住・定住情報サイト－ はまだぐらし －浜田市移住・定住情報サイト－	https://teiju.joho-hamada.jp/?doing_wp_cron=1784221666.8242130279541015625000	はまだぐらし －浜田市移住・定住情報サイト－ はまだぐらし －浜田市移住・定住情報サイト－ 浜田を知る 浜田を知る Get to know Hamada 5分でわかる浜田 数字でみる「はまだぐらし」 浜田の自慢 動画コレクション 移住者インタビュー 若者向パンフレット 子育て世代向パンフレット シニア向パンフレット 移住支援 移住支援 View Detail
出雲市	63	【軽自動車税】身体障がい者等の方に対する軽自動車税の減免について	https://www.city.izumo.shimane.jp/www/contents/1358730286232/index.html	【軽自動車税】身体障がい者等の方に対する軽自動車税の減免について | 出雲市 JavaScriptが無効なため一部の機能が動作しません。動作させるためにはJavaScriptを有効にしてください。またはブラウザの機能をご利用ください。 このページの本文へ移動 背景色変更 背景色：白 背景色：黒 背景色：青 文字サイズ 標準 拡大 ふりがな LANGUAGE
出雲市	63	【軽自動車税】商品用の軽自動車等に対する課税免除について	https://www.city.izumo.shimane.jp/www/contents/1332729811377/index.html	【軽自動車税】商品用の軽自動車等に対する課税免除について | 出雲市 JavaScriptが無効なため一部の機能が動作しません。動作させるためにはJavaScriptを有効にしてください。またはブラウザの機能をご利用ください。 このページの本文へ移動 背景色変更 背景色：白 背景色：黒 背景色：青 文字サイズ 標準 拡大 ふりがな LANGUAGE Engl
出雲市	63	【軽自動車税】公益のため直接専用する軽自動車等に対する減免について	https://www.city.izumo.shimane.jp/www/contents/1422836938288/index.html	【軽自動車税】公益のため直接専用する軽自動車等に対する減免について | 出雲市 JavaScriptが無効なため一部の機能が動作しません。動作させるためにはJavaScriptを有効にしてください。またはブラウザの機能をご利用ください。 このページの本文へ移動 背景色変更 背景色：白 背景色：黒 背景色：青 文字サイズ 標準 拡大 ふりがな LANGUAGE
出雲市	63	令和８年６月２３日の建物火災により発生した火災ごみの処理手数料の減免について	https://www.city.izumo.shimane.jp/www/contents/1782360075657/index.html	令和８年６月２３日の建物火災により発生した火災ごみの処理手数料の減免について | 出雲市 JavaScriptが無効なため一部の機能が動作しません。動作させるためにはJavaScriptを有効にしてください。またはブラウザの機能をご利用ください。 このページの本文へ移動 背景色変更 背景色：白 背景色：黒 背景色：青 文字サイズ 標準 拡大 ふりがな LAN
出雲市	63	令和８年６月２３日の建物火災による漏水の水道料金及び下水道使用料の減免について	https://www.city.izumo.shimane.jp/www/contents/1782437234109/index.html	令和８年６月２３日の建物火災による漏水の水道料金及び下水道使用料の減免について | 出雲市 JavaScriptが無効なため一部の機能が動作しません。動作させるためにはJavaScriptを有効にしてください。またはブラウザの機能をご利用ください。 このページの本文へ移動 背景色変更 背景色：白 背景色：黒 背景色：青 文字サイズ 標準 拡大 ふりがな LA
大田市	63	【募集終了】令和8年度 日本遺産「石見の火山」観光コンテンツ造成・実証支援事業補助金の募集について	https://www.city.oda.lg.jp/update_info/7553	【募集終了】令和8年度 日本遺産「石見の火山」観光コンテンツ造成・実証支援事業補助金の募集について | 島根県大田市公式サイト このページの本文へ 文字サイズ 標準 拡大 ご利用案内 お問い合わせ サイトマップ English Português 暮らし 暮らし --> オンライン手続き 主な公共施設一覧 制度・届出・証明 講演・講座・イベント 公募・募集な
大田市	63	【募集終了】石見銀山世界遺産登録20周年・石見銀山発見500年記念観光事業補助金の募集について	https://www.city.oda.lg.jp/update_info/10877	【募集終了】石見銀山世界遺産登録20周年・石見銀山発見500年記念観光事業補助金の募集について | 島根県大田市公式サイト このページの本文へ 文字サイズ 標準 拡大 ご利用案内 お問い合わせ サイトマップ English Português 暮らし 暮らし --> オンライン手続き 主な公共施設一覧 制度・届出・証明 講演・講座・イベント 公募・募集など
松江市	62	産婦健診	https://www.city.matsue.lg.jp/kosodate_kyoiku/ninshin_shussan/4_1/6724.html	産婦健診／松江市ホームページ スマートフォン版を表示 本文へ 文字サイズ 背景色変更 ふりがな/音声読み上げ for foreigners Foreign Language English &#54620;&#44397;&#50612; 简体中文 繁體中文 &#84;&#105;&#7871;&#110;&#103;&#32;&#86;&#105;&#78
松江市	62	赤ちゃん訪問	https://www.city.matsue.lg.jp/kosodate_kyoiku/ninshin_shussan/4_1/15098.html	赤ちゃん訪問／松江市ホームページ スマートフォン版を表示 本文へ 文字サイズ 背景色変更 ふりがな/音声読み上げ for foreigners Foreign Language English &#54620;&#44397;&#50612; 简体中文 繁體中文 &#84;&#105;&#7871;&#110;&#103;&#32;&#86;&#105;&#
浜田市	62	観光関連の各種支援・補助制度等を紹介します。	https://www.city.hamada.shimane.jp/www/contents/1714637059093/index.html	観光関連の各種支援・補助制度等を紹介します。｜浜田市 JavaScriptが無効なため一部の機能が動作しません。動作させるためにはJavaScriptを有効にしてください。またはブラウザの機能をご利用ください。 このページの本文へ移動 背景色 背景色：白 背景色：黒 背景色：青 文字サイズ 標準 拡大 LANGUAGE English 中文簡体 中文繁体 한
出雲市	61	手当・助成	https://www.city.izumo.shimane.jp/www/genre/1293688352210/index.html	手当・助成 | 出雲市 JavaScriptが無効なため一部の機能が動作しません。動作させるためにはJavaScriptを有効にしてください。またはブラウザの機能をご利用ください。 このページの本文へ移動 背景色変更 背景色：白 背景色：黒 背景色：青 文字サイズ 標準 拡大 ふりがな LANGUAGE English Portugues 中文（簡体） 中文
松江市	58	第54回松江市民美術展	https://www.city.matsue.lg.jp/event/19793.html	第54回松江市民美術展／松江市ホームページ スマートフォン版を表示 本文へ 文字サイズ 背景色変更 ふりがな/音声読み上げ for foreigners Foreign Language English &#54620;&#44397;&#50612; 简体中文 繁體中文 &#84;&#105;&#7871;&#110;&#103;&#32;&#86;&#1
出雲市	56	【令和８年４月１日以降生まれの乳児の保護者の方へ】「出生おめでとうポイント」（10,000円分）の付与について	https://www.city.izumo.shimane.jp/www/contents/1772186573321/index.html	【令和８年４月１日以降生まれの乳児の保護者の方へ】「出生おめでとうポイント」（10,000円分）の付与について | 出雲市 JavaScriptが無効なため一部の機能が動作しません。動作させるためにはJavaScriptを有効にしてください。またはブラウザの機能をご利用ください。 このページの本文へ移動 背景色変更 背景色：白 背景色：黒 背景色：青 文字サ
益田市	55	ますだ健康ダイヤル24	https://www.city.masuda.lg.jp/soshikikarasagasu/fukushikankyobu/chiikiiryotaisakushitsu/5/2053.html	ますだ健康ダイヤル24／益田市 スマートフォン版を表示 本文へ 文字サイズ変更 背景色変更 Foreign Language Google検索窓が入ります --> くらし・手続き まちづくり・環境 医療・健康・福祉 子育て・教育 観光・文化 スポーツ しごと・産業 市政情報 くらし・手続き まちづくり・環境 医療・健康・福祉 子育て・教育 観光・文化・スポー
