	0	low		https://www.town.shimane-kawamoto.lg.jp/
	12	low		https://www.town.shimane-kawamoto.lg.jp/gyosei/
	2	low	お問い合わせ	https://www.town.shimane-kawamoto.lg.jp/otoiawase/
	0	low	川本町公式LINE	https://www.town.shimane-kawamoto.lg.jp/gyosei/town_administration/public_relations/5498
	5	low	イベント・募集	https://www.town.shimane-kawamoto.lg.jp/gyosei/gyosei_news/community_events/
	9	low	国民年金	https://www.town.shimane-kawamoto.lg.jp/gyosei/gyosei_living/pension/
	5	low	医療	https://www.town.shimane-kawamoto.lg.jp/gyosei/gyosei_living/health/
	0	low	子育て・教育	https://www.town.shimane-kawamoto.lg.jp/gyosei/gyosei_education/
	7	low	子育て	https://www.town.shimane-kawamoto.lg.jp/gyosei/gyosei_education/childcare/
	0	low	学校	https://www.town.shimane-kawamoto.lg.jp/gyosei/gyosei_education/school_info/
	6	low	社会教育	https://www.town.shimane-kawamoto.lg.jp/gyosei/gyosei_education/social_education/
	0	low	健康・福祉	https://www.town.shimane-kawamoto.lg.jp/gyosei/gyosei_health/
	0	low	予防接種	https://www.town.shimane-kawamoto.lg.jp/gyosei/gyosei_health/vaccination/
	3	low	障がい者福祉	https://www.town.shimane-kawamoto.lg.jp/gyosei/gyosei_health/disability_welfare/
	2	low	高齢者福祉	https://www.town.shimane-kawamoto.lg.jp/gyosei/gyosei_health/senior_welfare/
	0	low	住まい・環境	https://www.town.shimane-kawamoto.lg.jp/gyosei/gyosei_environment/
	2	low	住宅・土地	https://www.town.shimane-kawamoto.lg.jp/gyosei/gyosei_environment/housing/
	9	low	上下水道	https://www.town.shimane-kawamoto.lg.jp/gyosei/gyosei_environment/water_supply/
	2	low	道路・交通	https://www.town.shimane-kawamoto.lg.jp/gyosei/gyosei_environment/traffic/
	3	low	産業（事業者）	https://www.town.shimane-kawamoto.lg.jp/gyosei/gyosei_industry/
	4	low	商工	https://www.town.shimane-kawamoto.lg.jp/gyosei/gyosei_industry/commerce_industry/
	3	low	農業	https://www.town.shimane-kawamoto.lg.jp/gyosei/gyosei_industry/agriculture/
	0	low	林業	https://www.town.shimane-kawamoto.lg.jp/gyosei/gyosei_industry/forestry/
	4	low	農業委員会	https://www.town.shimane-kawamoto.lg.jp/gyosei/gyosei_industry/agricultural_committee/
	5	low	有害鳥獣	https://www.town.shimane-kawamoto.lg.jp/gyosei/gyosei_industry/wildlife/
	3	low	企業支援	https://www.town.shimane-kawamoto.lg.jp/gyosei/gyosei_industry/business_support/
	2	low	令和8年度 第1回川本町職員採用試験【一般事務、一般事務（社会人経験）、土木、社会福祉士】の実施について	https://www.town.shimane-kawamoto.lg.jp/gyosei/gyosei_news/community_events/7903
	11	low	企業版ふるさと納税を活用した寄附の募集	https://www.town.shimane-kawamoto.lg.jp/gyosei/gyosei_industry/commerce_industry/6575
	0	low	【７月】かわもと図書館新刊案内＆テーマ展示	https://www.town.shimane-kawamoto.lg.jp/gyosei/gyosei_news/announce/7945
	11	low	多田地区定住促進住宅入居者募集	https://www.town.shimane-kawamoto.lg.jp/gyosei/gyosei_news/announce/7964
	11	low	【7/9開催】令和8年度 第1回まちづくり意見交換会	https://www.town.shimane-kawamoto.lg.jp/gyosei/gyosei_news/announce/7926
	5	low	ニュース	https://www.town.shimane-kawamoto.lg.jp/gyosei/gyosei_news/
	3	low	妊娠・出産	https://www.town.shimane-kawamoto.lg.jp/gyosei/gyosei_search_info/giving_birth/
	7	low	子育て	https://www.town.shimane-kawamoto.lg.jp/gyosei/gyosei_search_info/parenting/
	0	low	就学	https://www.town.shimane-kawamoto.lg.jp/gyosei/gyosei_search_info/school_enrollment/
	3	low	結婚	https://www.town.shimane-kawamoto.lg.jp/gyosei/gyosei_search_info/marriage/
	0	low	高齢者	https://www.town.shimane-kawamoto.lg.jp/gyosei/gyosei_search_info/seniors/
	5	low	障がいのある方	https://www.town.shimane-kawamoto.lg.jp/gyosei/gyosei_search_info/persons_with_disabilities/
	2	low	各種計画	https://www.town.shimane-kawamoto.lg.jp/gyosei/town_administration/various_plans/
	2	low	公表資料	https://www.town.shimane-kawamoto.lg.jp/gyosei/town_administration/public_documents/
	0	low	リンク集	https://www.town.shimane-kawamoto.lg.jp/gyosei/town_administration/links_list/
	0	low	個人情報の取扱いについて	https://www.town.shimane-kawamoto.lg.jp/kiyakukitei/4
	3	low	サイトマップ	https://www.town.shimane-kawamoto.lg.jp/sitemap
	2	low		https://www.town.shimane-kawamoto.lg.jp/files/original/202408211600214419989e0f1.pdf
	2	low		https://www.town.shimane-kawamoto.lg.jp/files/original/2024082116004921137cd9f2d.pdf
	0	low	産業振興課	https://www.town.shimane-kawamoto.lg.jp/gyoumunaiyou/sanngyousinnkouka
	0	low	お問い合わせ（産業振興課 農業委員会）	https://www.town.shimane-kawamoto.lg.jp/form/nougyouiinkai/
	0	low	地域整備課	https://www.town.shimane-kawamoto.lg.jp/gyoumunaiyou/chiikiseibika
	2	low	町民生活課	https://www.town.shimane-kawamoto.lg.jp/gyoumunaiyou/chouminnseikatuka
	4	low	健康福祉課	https://www.town.shimane-kawamoto.lg.jp/gyoumunaiyou/kennkoufukusika
	0	low	お問い合わせ（健康福祉課 福祉係）	https://www.town.shimane-kawamoto.lg.jp/form/fukushikakari/
	0	low	お問い合わせ（健康福祉課 保険医療係）	https://www.town.shimane-kawamoto.lg.jp/form/chiikiiryou/
	0	low	お問い合わせ（健康福祉課 健康推進係）	https://www.town.shimane-kawamoto.lg.jp/form/kenkousuishin/
	0	low	お問い合わせ（健康福祉課 母子保健係）	https://www.town.shimane-kawamoto.lg.jp/form/boshihoken/
	0	low	お問い合わせ（健康福祉課 介護保険係）	https://www.town.shimane-kawamoto.lg.jp/form/kaigohoken/
	0	low	お問い合わせ（健康福祉課 川本町福祉事務所）	https://www.town.shimane-kawamoto.lg.jp/form/hukushijimusho/
	0	low	お問い合わせ（健康福祉課 地域包括支援センター）	https://www.town.shimane-kawamoto.lg.jp/form/houkatsusien/
	0	low	お問い合わせ（健康福祉課 子ども家庭センター）	https://www.town.shimane-kawamoto.lg.jp/form/kodomokatei/
	0	low	教育課	https://www.town.shimane-kawamoto.lg.jp/gyoumunaiyou/kyouikuka
	0	low	川本町の緊急避難場所	https://www.town.shimane-kawamoto.lg.jp/gyosei/gyosei_disaster_readiness/emergency/153
	0	low	大規模盛土造成地マップ	https://www.town.shimane-kawamoto.lg.jp/gyosei/gyosei_disaster_readiness/hazard_map/4229
	2	low		https://www.town.shimane-kawamoto.lg.jp/files/original/20250903172233972bc8d8487.pdf
	2	low		https://www.town.shimane-kawamoto.lg.jp/files/original/20250317113048738dd9ad641.pdf
	11	low	個人住民税（個人町民税・個人県民税）	https://www.town.shimane-kawamoto.lg.jp/gyosei/gyosei_living/tax/1830
	11	low	固定資産税	https://www.town.shimane-kawamoto.lg.jp/gyosei/gyosei_living/tax/2120
	11	low	軽自動車税	https://www.town.shimane-kawamoto.lg.jp/gyosei/gyosei_living/tax/3935
	12	low	国民健康保険税	https://www.town.shimane-kawamoto.lg.jp/gyosei/gyosei_living/tax/3940
	14	low	後期高齢者医療保険料	https://www.town.shimane-kawamoto.lg.jp/gyosei/gyosei_living/tax/3934
	0	low		https://www.town.shimane-misato.lg.jp/misatoto/biographies/
	0	low	みさとと。——島根県美郷町魅力再発見プロジェクト	https://www.town.shimane-misato.lg.jp/misatoto/
	4	low	木を切って仕事と居場所もつくったゼロからの“特殊ライフ”開拓者	https://www.town.shimane-misato.lg.jp/misatoto/biographies/taro-jinnai/
	2	low	“売って終わり” じゃない仕事美郷の日常の助っ人は、背中の広い電器屋さん	https://www.town.shimane-misato.lg.jp/misatoto/biographies/kunio-shimizu/
	0	low	大それた言葉よりも実感自然体だから続く“町のスタメン”	https://www.town.shimane-misato.lg.jp/misatoto/biographies/yuji-asao/
	3	low	変わらない景観の在り処“遠くて近い” 暮らしのつくり手	https://www.town.shimane-misato.lg.jp/misatoto/biographies/yasuo-watari_isao-nishijima/
	5	low	バリ島でも、美郷町でも。地元の人と組み合い、“新名物”を仕掛ける4児の父	https://www.town.shimane-misato.lg.jp/misatoto/biographies/toshifumi-tanaka/
	3	low	使命感とロマンの、“真剣”道楽田舎づくりの第一走者	https://www.town.shimane-misato.lg.jp/misatoto/biographies/hirohiko-tanabe/
	3	low	こつこつと“美郷ブランド”を肥やす。熱いというより、厚い実業家	https://www.town.shimane-misato.lg.jp/misatoto/biographies/shintaro-nitta/
	0	low	町のライフラインを支えるスピリット内側はロックのまま？ “360度・24時間”をやってきた人	https://www.town.shimane-misato.lg.jp/misatoto/biographies/yuji-fukuda/
	5	low	その懐は、湧き続ける温泉のようにじわじわあったかい。活力の“源泉”をあたため続ける人	https://www.town.shimane-misato.lg.jp/misatoto/biographies/yasufumi-tanabe/
	0	low	野菜のできは、未来のでき。うんと長い目で種を蒔く農家さん	https://www.town.shimane-misato.lg.jp/misatoto/biographies/yuichi-karasuda/
	1	low	社協マン、オン・ザ・ラン！春夏秋冬、全力で町を奔走する情熱屋	https://www.town.shimane-misato.lg.jp/misatoto/biographies/tomokazu-kojima/
	0	low	悠々。温々。美郷町の縁のした、おおらかに構える力持ち	https://www.town.shimane-misato.lg.jp/misatoto/biographies/yusuke-nange/
	6	low	海を越えてともにつくる。バリ島マス村と美郷町、30年をかけて描くこれから	https://www.town.shimane-misato.lg.jp/misatoto/stories/007/
	4	low	野生のイノシシが呼び起こした「町の個性と底力」日本で唯一になった美郷町、移住者と未来へ繋げるおおち山くじら物語	https://www.town.shimane-misato.lg.jp/misatoto/stories/004/
	4	low	老舗が続く理由の一つは、“ご近所”にあり。地元と二人三脚、創業から117年の銘菓「富士屋本舗」を継ぐ姉妹が語ること	https://www.town.shimane-misato.lg.jp/misatoto/stories/003/
	3	low	なんてことない商店の、変わり続けた商売。コップ酒と煙草と、つめこみすぎの弁当と。今日までの“いろんなさじ加減”	https://www.town.shimane-misato.lg.jp/misatoto/stories/002/
	3	low	「100歳まで楽しい農作業」と「10年続く元祖サロン」人が集まり続ける、お母ちゃんたちのちいさな畑のヒミツ	https://www.town.shimane-misato.lg.jp/misatoto/stories/001/
	1	low	島根県美郷町のあらまし	https://www.town.shimane-misato.lg.jp/about-misato-town/
	0	low		https://www.town.shimane-misato.lg.jp/teiju/
	0	low	店舗一覧	https://www.town.shimane-misato.lg.jp/storelist/
	5	low	オープンカンファレンス観覧者募集	https://www.town.shimane-misato.lg.jp/open-conference/
	8	low		https://www.town.ohnan.lg.jp/
	4	low	お探しのページを見つけることができませんでした。	https://www.town.ohnan.lg.jp/robots.txt
	4	low	外国語への対応（Foreign Language）	https://www.town.ohnan.lg.jp/site/userguide/5104.html
	5	low	分類でさがす	https://www.town.ohnan.lg.jp/life/
	4	low	組織でさがす	https://www.town.ohnan.lg.jp/soshiki/
	5	low	カレンダーでさがす	https://www.town.ohnan.lg.jp/calendar/
	5	low	地図でさがす	https://www.town.ohnan.lg.jp/map/
	5	low	手続き・申請・証明	https://www.town.ohnan.lg.jp/life/sub/1/
	7	low		https://www.town.ohnan.lg.jp/site/kosodate/
	11	low	戸籍の届出	https://www.town.ohnan.lg.jp/life/1/1/6/
	11	low	住民票の届出	https://www.town.ohnan.lg.jp/life/1/1/7/
	11	low	国民健康保険の手続き	https://www.town.ohnan.lg.jp/life/1/1/12/
	12	low	学校・教育	https://www.town.ohnan.lg.jp/life/4/14/
	15	low	高齢者・介護・障がい者	https://www.town.ohnan.lg.jp/life/2/10/
	18	low	健康・医療・予防	https://www.town.ohnan.lg.jp/life/2/9/
	18	low	死亡届	https://www.town.ohnan.lg.jp/soshiki/4/1716.html
	5	low	くらし・手続き	https://www.town.ohnan.lg.jp/life/1/
	5	low	医療・健康・福祉	https://www.town.ohnan.lg.jp/life/2/
	4	low	教育	https://www.town.ohnan.lg.jp/life/4/
	5	low	産業・しごと	https://www.town.ohnan.lg.jp/life/5/
	8	low	観光	https://www.town.ohnan.lg.jp/life/6/
	5	low	まちの政策	https://www.town.ohnan.lg.jp/life/7/
	11	low	ふるさと納税 ～ふるさとを応援！！～	https://www.town.ohnan.lg.jp/soshiki/7/1010.html
	11	low	町長への手紙について	https://www.town.ohnan.lg.jp/soshiki/2/1221.html
	11	low	邑南町広報誌一覧	https://www.town.ohnan.lg.jp/soshiki/3/1002.html
	12	low	邑南町求人情報	https://www.town.ohnan.lg.jp/soshiki/7/1005.html
	4	low	令和８年第４回邑南町議会臨時会(7月17日)	https://www.town.ohnan.lg.jp/site/gikai/8875.html
	11	low	邑南町人権講演会の開催について	https://www.town.ohnan.lg.jp/soshiki/21/9200.html
	12	low	公的賃貸住宅入居者募集情報	https://www.town.ohnan.lg.jp/soshiki/11/1049.html
	12	low	公的賃貸住宅空家情報	https://www.town.ohnan.lg.jp/soshiki/11/1042.html
	11	low	新着更新情報	https://www.town.ohnan.lg.jp/soshiki/list1-1.html
	15	low	就農支援について（新たに農業を始めたい方向け）	https://www.town.ohnan.lg.jp/soshiki/7/8588.html
	12	low	地方創生応援税制（企業版ふるさと納税）で邑南町を応援しよう！	https://www.town.ohnan.lg.jp/soshiki/10/1055.html
	14	low	いわみ暮らし留学（令和8年度活動開始）を募集します	https://www.town.ohnan.lg.jp/soshiki/10/8977.html
	11	low	邑南町プログラミング公営塾夏休み編	https://www.town.ohnan.lg.jp/soshiki/10/9079.html
	15	low	令和8年7月町政運営説明会の開催について	https://www.town.ohnan.lg.jp/soshiki/2/8866.html
	5	low	イベント・募集	https://www.town.ohnan.lg.jp/soshiki/list8-1.html
	11	low	【工事】令和7～8年度建設工事入札参加資格追加申請を受け付けます	https://www.town.ohnan.lg.jp/soshiki/11/1101.html
	11	low	【業務】令和7～8年度測量、建設コンサルタント業務等入札参加資格追加申請を受け付けます	https://www.town.ohnan.lg.jp/soshiki/11/1100.html
	11	low	随意契約情報の公表について	https://www.town.ohnan.lg.jp/soshiki/11/8871.html
	11	low	【工事】令和7～8年度建設工事入札参加資格定期申請を受け付けます	https://www.town.ohnan.lg.jp/soshiki/11/1293.html
	11	low	令和8年度 公共工事の発注見通しを公表します	https://www.town.ohnan.lg.jp/soshiki/11/8391.html
	4	low	入札・契約	https://www.town.ohnan.lg.jp/soshiki/list5-1.html
	11	low	おおなんバス時刻表（2026年5月2日改正）	https://www.town.ohnan.lg.jp/soshiki/10/1061.html
	12	low	令和8年度家庭ごみ収集等計画について	https://www.town.ohnan.lg.jp/soshiki/4/1267.html
	11	low	邑南町職員採用試験「一般事務」・「一般事務（社会人経験）」・「保健師」について	https://www.town.ohnan.lg.jp/soshiki/2/8402.html
	20	strong	令和8年度邑南町LED化促進事業補助金について	https://www.town.ohnan.lg.jp/soshiki/4/8284.html
	15	low	令和８年度邑南町省エネ家電買替え促進事業について	https://www.town.ohnan.lg.jp/soshiki/4/8080.html
	12	low	農業研修生（おーなんアグサポ隊：R９年度活動開始）を募集します	https://www.town.ohnan.lg.jp/soshiki/7/8905.html
	8	low	トピックス	https://www.town.ohnan.lg.jp/soshiki/list7-1.html
	11	low	邑南町公式アプリをご利用ください	https://www.town.ohnan.lg.jp/soshiki/3/1362.html
	12	low	邑南町の紹介	https://www.town.ohnan.lg.jp/soshiki/2/1479.html
	14	low	学びのまち総務課	https://www.town.ohnan.lg.jp/soshiki/20/
	4	low	町議会トップページ	https://www.town.ohnan.lg.jp/site/gikai/
	11	low	お探しのページを見つけることができませんでした。	https://www.town.ohnan.lg.jp/soshiki/4/1023.html
	0	low	おおなん住ま居るナビ	https://ohnansmilenavi.com/
	4	low	社会福祉法人 邑南町社会福祉協議会（公式ホームページ）	https://ohnan-shakyo.or.jp/
	4	low	リンク集	https://www.town.ohnan.lg.jp/soshiki/3/7640.html
	4	low	おおなんケーブルTVトップページ	https://www.town.ohnan.lg.jp/site/catv/
	8	low	【西部】なつかしの国石見	https://www.kankou-shimane.com/highlights/52660
	0	low		https://www.michi-no-eki.jp/
	2	low		https://www.meti.go.jp/policy/it_policy/kaden_recycle/fukyu_special/index.html
	2	low		https://www.chiseki.go.jp/
	4	low	お探しのページを見つけることができませんでした。	https://www.town.ohnan.lg.jp/%E3%83%90%E3%83%8A%E3%83%BC%E5%BA%83%E5%91%8A%E3%81%AB%E3%81%A4%E3%81%84%E3%81%A6
	4	low	トップページの概要	https://www.town.ohnan.lg.jp/site/userguide/
	4	low	ホームページを通じて取得した個人情報の取り扱い	https://www.town.ohnan.lg.jp/site/userguide/1024.html
	4	low	アクセシビリティ	https://www.town.ohnan.lg.jp/site/userguide/5107.html
	5	low	サイトマップ	https://www.town.ohnan.lg.jp/sitemap.html
	4	low	邑南町役場	https://www.town.ohnan.lg.jp/map/map1.html
	4	low	瑞穂支所	https://www.town.ohnan.lg.jp/map/map2.html
	4	low	羽須美支所	https://www.town.ohnan.lg.jp/map/map3.html
	4	low	健康センター元気館（教育委員会）	https://www.town.ohnan.lg.jp/map/map21.html
	12	low	手続き	https://www.town.ohnan.lg.jp/life/1/1/
	12	low	災害・防災	https://www.town.ohnan.lg.jp/life/1/2/
	15	low	防犯・交通安全	https://www.town.ohnan.lg.jp/life/1/3/
	12	low	ごみ・生活環境	https://www.town.ohnan.lg.jp/life/1/4/
	15	low	道路河川・上下水道・交通・住宅	https://www.town.ohnan.lg.jp/life/1/5/
	12	low	税金	https://www.town.ohnan.lg.jp/life/1/6/
	11	low	国保・後期高齢者医療保険・年金	https://www.town.ohnan.lg.jp/life/1/7/
	11	low	各種証明	https://www.town.ohnan.lg.jp/life/1/8/
	11	low	福祉	https://www.town.ohnan.lg.jp/life/2/13/
	7	low	妊娠・出産・子育て	https://www.town.ohnan.lg.jp/site/kosodate/list1.html
	7	low	健診・予防接種	https://www.town.ohnan.lg.jp/site/kosodate/list23.html
	18	strong	手当て・助成	https://www.town.ohnan.lg.jp/site/kosodate/list24.html
	7	low	保育サービス	https://www.town.ohnan.lg.jp/site/kosodate/list25.html
	7	low	教育・学校	https://www.town.ohnan.lg.jp/site/kosodate/list26.html
	7	low	子育てサポート	https://www.town.ohnan.lg.jp/site/kosodate/list27.html
	7	low	子育ての悩み・相談	https://www.town.ohnan.lg.jp/site/kosodate/list28.html
	7	low	子育ての調査・計画	https://www.town.ohnan.lg.jp/site/kosodate/list30.html
	11	low	生涯学習・文化財・図書館	https://www.town.ohnan.lg.jp/life/4/15/
	12	low	産業支援・振興・雇用	https://www.town.ohnan.lg.jp/life/5/16/
	11	low	入札・プロポーザル	https://www.town.ohnan.lg.jp/life/5/17/
	11	low	都市計画・開発・建築	https://www.town.ohnan.lg.jp/life/5/18/
	15	low	観光	https://www.town.ohnan.lg.jp/life/6/19/
	11	low	まちのプロフィール	https://www.town.ohnan.lg.jp/life/7/20/
	11	low	町長室	https://www.town.ohnan.lg.jp/life/7/21/
	15	low	財政・計画・施策	https://www.town.ohnan.lg.jp/life/7/22/
	15	low	地域コミュニティ	https://www.town.ohnan.lg.jp/life/7/23/
	11	low	公聴・広報	https://www.town.ohnan.lg.jp/life/7/24/
	11	low	採用・人事	https://www.town.ohnan.lg.jp/life/7/25/
	11	low	選挙	https://www.town.ohnan.lg.jp/life/7/26/
	12	low	定住情報	https://www.town.ohnan.lg.jp/life/7/27/
	12	low	施設案内	https://www.town.ohnan.lg.jp/life/7/28/
	4	low	分類でさがす方法	https://www.town.ohnan.lg.jp/site/userguide/5100.html
	4	low	組織でさがす方法	https://www.town.ohnan.lg.jp/site/userguide/5101.html
	4	low	閲覧者補助機能	https://www.town.ohnan.lg.jp/site/userguide/5102.html
	4	low	ページID検索とは	https://www.town.ohnan.lg.jp/site/userguide/5103.html
	4	low	RSS配信	https://www.town.ohnan.lg.jp/site/userguide/5105.html
	4	low	邑南町ホームページのリンク及び著作権についての掲載取扱基準	https://www.town.ohnan.lg.jp/site/userguide/1702.html
	4	low	このホームページについて	https://www.town.ohnan.lg.jp/site/userguide/list22.html
	5	low	よくある質問	https://www.town.ohnan.lg.jp/life/sub/5/
	4	low	組織でさがす	https://www.town.ohnan.lg.jp/soshiki/index-50.html
	17	low	本庁	https://www.town.ohnan.lg.jp/soshiki/2.html
	8	low	総務課	https://www.town.ohnan.lg.jp/soshiki/2/
	4	low	情報みらい創造課	https://www.town.ohnan.lg.jp/soshiki/3/
	14	low	町民課	https://www.town.ohnan.lg.jp/soshiki/4/
	20	low	医療福祉政策課	https://www.town.ohnan.lg.jp/soshiki/5/
	5	low	財務課	https://www.town.ohnan.lg.jp/soshiki/6/
	8	low	産業支援課	https://www.town.ohnan.lg.jp/soshiki/7/
	11	low	建設課	https://www.town.ohnan.lg.jp/soshiki/8/
	5	low	水道課	https://www.town.ohnan.lg.jp/soshiki/9/
	8	low	地域みらい課	https://www.town.ohnan.lg.jp/soshiki/10/
	8	low	資産経営課	https://www.town.ohnan.lg.jp/soshiki/11/
	5	low	瑞穂支所	https://www.town.ohnan.lg.jp/soshiki/3.html
	8	low	保健課	https://www.town.ohnan.lg.jp/soshiki/12/
	5	low	窓口・施設管理グループ 瑞穂支所	https://www.town.ohnan.lg.jp/soshiki/13/
	7	low	羽須美支所	https://www.town.ohnan.lg.jp/soshiki/4.html
	7	low	窓口・施設管理グループ 羽須美支所	https://www.town.ohnan.lg.jp/soshiki/15/
	4	low	出納	https://www.town.ohnan.lg.jp/soshiki/5.html
	4	low	出納室	https://www.town.ohnan.lg.jp/soshiki/17/
	4	low	国民健康保険直営診療所	https://www.town.ohnan.lg.jp/soshiki/6.html
	4	low	矢上診療所	https://www.town.ohnan.lg.jp/soshiki/18/
	4	low	阿須那診療所	https://www.town.ohnan.lg.jp/soshiki/19/
	24	low	教育委員会	https://www.town.ohnan.lg.jp/soshiki/7.html
	8	low	学びのまち推進課	https://www.town.ohnan.lg.jp/soshiki/21/
	4	low	邑南町立図書館	https://www.town.ohnan.lg.jp/soshiki/22/
	4	low	邑南町立図書館石見分館	https://www.town.ohnan.lg.jp/soshiki/23/
	4	low	邑南町立図書館羽須美分館	https://www.town.ohnan.lg.jp/soshiki/24/
	4	low	矢上公民館	https://www.town.ohnan.lg.jp/soshiki/25/
	4	low	井原公民館	https://www.town.ohnan.lg.jp/soshiki/26/
	4	low	日和公民館	https://www.town.ohnan.lg.jp/soshiki/27/
	4	low	日貫公民館	https://www.town.ohnan.lg.jp/soshiki/28/
	4	low	中野公民館	https://www.town.ohnan.lg.jp/soshiki/29/
	4	low	田所公民館	https://www.town.ohnan.lg.jp/soshiki/30/
	4	low	出羽公民館	https://www.town.ohnan.lg.jp/soshiki/31/
	4	low	高原公民館	https://www.town.ohnan.lg.jp/soshiki/32/
	4	low	布施公民館	https://www.town.ohnan.lg.jp/soshiki/33/
	4	low	市木公民館	https://www.town.ohnan.lg.jp/soshiki/34/
	4	low	阿須那公民館	https://www.town.ohnan.lg.jp/soshiki/35/
	4	low	口羽公民館	https://www.town.ohnan.lg.jp/soshiki/36/
	4	low	郷土館	https://www.town.ohnan.lg.jp/soshiki/37/
	11	low	ハンザケ自然館	https://www.town.ohnan.lg.jp/soshiki/38/
	4	low	矢上小学校	https://www.town.ohnan.lg.jp/soshiki/39/
	4	low	日貫小学校	https://www.town.ohnan.lg.jp/soshiki/40/
	4	low	石見東小学校	https://www.town.ohnan.lg.jp/soshiki/41/
	4	low	瑞穂小学校	https://www.town.ohnan.lg.jp/soshiki/42/
	4	low	高原小学校	https://www.town.ohnan.lg.jp/soshiki/43/
	4	low	市木小学校	https://www.town.ohnan.lg.jp/soshiki/44/
	4	low	口羽小学校	https://www.town.ohnan.lg.jp/soshiki/45/
	4	low	阿須那小学校	https://www.town.ohnan.lg.jp/soshiki/46/
	4	low	石見中学校	https://www.town.ohnan.lg.jp/soshiki/47/
	4	low	瑞穂中学校	https://www.town.ohnan.lg.jp/soshiki/48/
	4	low	羽須美中学校	https://www.town.ohnan.lg.jp/soshiki/49/
	4	low	矢上高等学校	https://www.town.ohnan.lg.jp/soshiki/50/
	4	low	議会	https://www.town.ohnan.lg.jp/soshiki/8.html
	5	low	公共交通（電車・バスなど）	https://www.town.tsuwano.lg.jp/www/genre/1000000000093/index.html
	5	low	町民の方へ	https://www.town.tsuwano.lg.jp/www/menu.html
	18	low	くらし・手続き	https://www.town.tsuwano.lg.jp/www/genre/1010000001001/index.html
	11	low	健康・福祉	https://www.town.tsuwano.lg.jp/www/genre/1010000002001/index.html
	17	low	子育て・教育	https://www.town.tsuwano.lg.jp/www/genre/1000000000080/index.html
	15	low	町の情報	https://www.town.tsuwano.lg.jp/www/genre/1000000000002/index.html
	24	low	事業者の方へ	https://www.town.tsuwano.lg.jp/www/genre/1000000000129/index.html
	6	low		https://www.town.tsuwano.lg.jp/www/genre/1000000000125/index.html
	3	low	防災情報	https://www.town.tsuwano.lg.jp/www/genre/1000000000138/index.html
	4	low	リンク集	https://www.town.tsuwano.lg.jp/www/contents/1000000371000/index.html
	11	low	サイトマップ	https://www.town.tsuwano.lg.jp/www/sitemap.html
	6	low	注目情報	https://www.town.tsuwano.lg.jp/www/genre/1010000005001/index.html
	4	low	入札・契約	https://www.town.tsuwano.lg.jp/www/genre/1000000000130/index.html
	15	low	建設・土木	https://www.town.tsuwano.lg.jp/www/genre/1000000000131/index.html
	8	low	農林業	https://www.town.tsuwano.lg.jp/www/genre/1000000000132/index.html
	7	low	商業・工業	https://www.town.tsuwano.lg.jp/www/genre/1000000000135/index.html
	11	low	企業誘致・支援	https://www.town.tsuwano.lg.jp/www/genre/1000000000136/index.html
	9	low	さまざまな支援制度	https://www.town.tsuwano.lg.jp/www/genre/1000000000137/index.html
	4	low	観光・景観	https://www.town.tsuwano.lg.jp/www/genre/1361247518378/index.html
	2	low	災害復旧	https://www.town.tsuwano.lg.jp/www/genre/1377320734707/index.html
	4	low	上下水道	https://www.town.tsuwano.lg.jp/www/genre/1400554301843/index.html
	0	low	津和野町の紹介	https://www.town.tsuwano.lg.jp/www/genre/1010000006001/index.html
	6	low	つわのに住む	https://www.town.tsuwano.lg.jp/www/genre/1010000006002/index.html
	0	low	つわので育つ	https://www.town.tsuwano.lg.jp/www/genre/1010000006003/index.html
	2	low	つわので働く	https://www.town.tsuwano.lg.jp/www/genre/1010000006004/index.html
	9	low	相談するには	https://www.town.tsuwano.lg.jp/www/genre/1010000006005/index.html
	2	low		https://www.town.tsuwano.lg.jp/www/contents/1717474148345/simple/tsuwanoHM_hyoushi_ura.pdf
	2	low		https://www.town.tsuwano.lg.jp/www/contents/1717474148345/simple/tsuwanoHM_01-02.pdf
	2	low		https://www.town.tsuwano.lg.jp/www/contents/1717474148345/simple/tsuwanoHM_3-4.pdf
	2	low		https://www.town.tsuwano.lg.jp/www/contents/1717474148345/simple/tsuwanoHM_5-6.pdf
	2	low		https://www.town.tsuwano.lg.jp/www/contents/1717474148345/simple/tsuwanoHM_7-8.pdf
	2	low		https://www.town.tsuwano.lg.jp/www/contents/1717474148345/simple/tsuwanoHM_9-10.pdf
	2	low		https://www.town.tsuwano.lg.jp/www/contents/1717474148345/simple/tsuwanoHM_11-12.pdf
	2	low		https://www.town.tsuwano.lg.jp/www/contents/1717474148345/simple/tsuwanoHM_13-14.pdf
	2	low		https://www.town.tsuwano.lg.jp/www/contents/1717474148345/simple/tsuwanoHM_45-46.pdf
	2	low		https://www.town.tsuwano.lg.jp/www/contents/1717474148345/simple/tsuwanoHM_zenzu.pdf
	2	low		https://www.town.tsuwano.lg.jp/www/contents/1717474148345/simple/tsuwanoHM_17-18.pdf
	2	low		https://www.town.tsuwano.lg.jp/www/contents/1717474148345/simple/tsuwanoHM_19-20.pdf
	2	low		https://www.town.tsuwano.lg.jp/www/contents/1717474148345/simple/tsuwanoHM_21-22.pdf
	2	low		https://www.town.tsuwano.lg.jp/www/contents/1717474148345/simple/tsuwanoHM_23-24.pdf
	2	low		https://www.town.tsuwano.lg.jp/www/contents/1717474148345/simple/tsuwanoHM_25-26.pdf
	2	low		https://www.town.tsuwano.lg.jp/www/contents/1717474148345/simple/tsuwanoHM_27-28.pdf
	2	low		https://www.town.tsuwano.lg.jp/www/contents/1717474148345/simple/tsuwanoHM_29-30.pdf
	2	low		https://www.town.tsuwano.lg.jp/www/contents/1717474148345/simple/tsuwanoHM_31-32.pdf
	2	low		https://www.town.tsuwano.lg.jp/www/contents/1717474148345/simple/tsuwanoHM_33-34.pdf
	2	low		https://www.town.tsuwano.lg.jp/www/contents/1717474148345/simple/tsuwanoHM_35-36.pdf
	2	low		https://www.town.tsuwano.lg.jp/www/contents/1717474148345/simple/tsuwanoHM_37-38.pdf
	2	low		https://www.town.tsuwano.lg.jp/www/contents/1717474148345/simple/tsuwanoHM_39-40.pdf
	2	low		https://www.town.tsuwano.lg.jp/www/contents/1717474148345/simple/tsuwanoHM_41-42.pdf
	2	low		https://www.town.tsuwano.lg.jp/www/contents/1717474148345/simple/tsuwanoHM_43-44.pdf
	0	low	窓口案内	https://www.town.tsuwano.lg.jp/www/window/index.html
	2	low		https://www.town.tsuwano.lg.jp/www/contents/1433471113170/simple/tsuwano_hinanjyo1.pdf
	2	low		https://www.town.tsuwano.lg.jp/www/contents/1433471113170/simple/tsuwano_ichijihinanjyo.pdf
	5	low	町営バス（日原地域）	https://www.town.tsuwano.lg.jp/www/contents/1522301271168/index.html
	19	strong	山口線利用促進協議会の遠足助成（山口線利用促進事業補助金）をご活用ください！	https://www.town.tsuwano.lg.jp/www/contents/1718669550503/index.html
	5	low	町営バス（津和野地域）	https://www.town.tsuwano.lg.jp/www/contents/1356660104367/index.html
	18	low	交通関連補助制度等 一覧	https://www.town.tsuwano.lg.jp/www/contents/1681367497484/index.html
	11	low	福祉タクシーを利用する場合の料金の助成	https://www.town.tsuwano.lg.jp/www/contents/1000000225000/index.html
	4	low	人工透析を受けている人の通院費を補助しています	https://www.town.tsuwano.lg.jp/www/contents/1356842412718/index.html
	11	low	通院時の交通機関料金の助成	https://www.town.tsuwano.lg.jp/www/contents/1000000231000/index.html
	18	low	生活・インフラ	https://www.town.tsuwano.lg.jp/www/genre/1000000000088/index.html
	6	low	安心・安全	https://www.town.tsuwano.lg.jp/www/genre/1000000000098/index.html
	4	low	「資格確認書」と「資格情報のお知らせ」の更新について	https://www.town.tsuwano.lg.jp/www/contents/1783333072019/index.html
	8	low	新着情報一覧	https://www.town.tsuwano.lg.jp/www/news.html
	12	low	地域優良賃貸住宅（森村住宅）入居者募集	https://www.town.tsuwano.lg.jp/www/contents/1746595632910/index.html
	11	low	地域おこし協力隊（芸術士®）を募集について	https://www.town.tsuwano.lg.jp/www/contents/1769126586618/index.html
	2	low	募集	https://www.town.tsuwano.lg.jp/www/genre/1010000011001/index.html
	4	low	UIターンフェア・移住相談情報	https://www.town.tsuwano.lg.jp/www/contents/1718169982046/index.html
	2	low	行政相談	https://www.town.tsuwano.lg.jp/www/contents/1356835939210/index.html
	0	low	イベント	https://www.town.tsuwano.lg.jp/www/genre/1354251883037/index.html
	5	low	妊娠・出産	https://www.town.tsuwano.lg.jp/www/genre/1000000000034/index.html
	4	low	成人・就職	https://www.town.tsuwano.lg.jp/www/genre/1000000000036/index.html
	14	low	引越	https://www.town.tsuwano.lg.jp/www/genre/1000000000037/index.html
	15	low	結婚・離婚	https://www.town.tsuwano.lg.jp/www/genre/1000000000038/index.html
	5	low	病気・けが	https://www.town.tsuwano.lg.jp/www/genre/1000000000039/index.html
	6	low	障がい・福祉	https://www.town.tsuwano.lg.jp/www/genre/1000000000040/index.html
	2	low	老後・介護	https://www.town.tsuwano.lg.jp/www/genre/1000000000041/index.html
	14	low	島根県立津和野高等学校 ツコウとは 地元の方が 親しみを込めて呼んでいる 津和野高校の 愛称です。 -->	https://tsuwano.ed.jp/
	6	low	日本遺産 津和野~百景図を歩く~	https://japan-heritage-tsuwano.jp/
	2	low	津和野城	https://www.streetmuseum.jp/historic-site/shiro/2026/07/16/290/
	2	low		https://kisseido.or.jp/
	3	low	ご指定のページは見つかりませんでした。	https://www.maff.go.jp/j/tokei/census/afc/2025cp/cp99.html
	11	low	津和野町営住宅（青原団地）入居者随時募集	https://www.town.tsuwano.lg.jp/www/contents/1783470237776/index.html
	5	low	若者定住住宅（枕瀬団地）入居者随時募集	https://www.town.tsuwano.lg.jp/www/contents/1783326032150/index.html
	5	low	津和野町借上賃貸住宅（ルシアンハイツB棟）入居者随時募集	https://www.town.tsuwano.lg.jp/www/contents/1782265334371/index.html
	19	strong	令和7年度低所得世帯緊急支援給付金（3万円給付）についてのお知らせ	https://www.town.tsuwano.lg.jp/www/contents/1738215231853/index.html
	0	low	津和野町補助制度等 一覧	https://www.town.tsuwano.lg.jp/www/contents/1674802938364/index.html
	15	low	津和野町耐震対策補助事業について	https://www.town.tsuwano.lg.jp/www/contents/1782190745130/index.html
	4	low	指定暑熱避難施設（クーリングシェルター）について	https://www.town.tsuwano.lg.jp/www/contents/1746668698289/index.html
	2	low	電子掲示板	https://www.town.tsuwano.lg.jp/www/contents/1774959330274/index.html
	2	low	住民異動届（転入・転出・転居・世帯変更）	https://www.town.tsuwano.lg.jp/www/contents/1000000137000/index.html
	11	low	戦没者等の遺族に対する第十二回特別弔慰金	https://www.town.tsuwano.lg.jp/www/contents/1743646973297/index.html
	5	low	動物の遺棄や虐待は犯罪です。	https://www.town.tsuwano.lg.jp/www/contents/1738229519309/index.html
	4	low	空き家問題解決のための総合プラットフォーム「akisol（アキソル）」を運営する株式会社ジチタイアドと連携協定を締結しました	https://www.town.tsuwano.lg.jp/www/contents/1698710875176/index.html
	2	low	農業経営基盤強化促進基本構想の変更について	https://www.town.tsuwano.lg.jp/www/contents/1695776855770/index.html
	14	low	注目情報	https://www.town.tsuwano.lg.jp/www/genre/1010000001002/index.html
	30	low	目的や場面で探す	https://www.town.tsuwano.lg.jp/www/genre/1000000000033/index.html
	23	strong	津和野町結婚新生活支援事業補助金	https://www.town.tsuwano.lg.jp/www/contents/1649637224364/index.html
	4	low	津和野町架け橋プログラム事業	https://www.town.tsuwano.lg.jp/www/contents/1741909250309/index.html
	4	low	0歳児からのひとづくり事業	https://www.town.tsuwano.lg.jp/www/contents/1515570765427/index.html
	4	low	津和野町芸術士®派遣事業	https://www.town.tsuwano.lg.jp/www/contents/1491890989341/index.html
	2	low	施設一覧	https://www.town.tsuwano.lg.jp/www/genre/1000000000005/index.html
	21	low		https://www.town.yoshika.lg.jp/
	21	low		https://www.town.yoshika.lg.jp/index.html
	5	low		https://www.town.yoshika.lg.jp/kurashi/
	9	low		https://www.town.yoshika.lg.jp/sangyou/
	2	low		https://www.town.yoshika.lg.jp/bousai/koronavirus/koronataiou.html
	4	low		https://www.town.yoshika.lg.jp/iju/
	5	low		https://www.town.yoshika.lg.jp/about/furusato/furusatoouennkifu.html
	12	low		https://www.town.yoshika.lg.jp/about/kigyouban_furusatokifu/furusato_kigyo.html
	0	low		https://www.town.yoshika.lg.jp/about/access/
	0	low		https://www.town.yoshika.lg.jp/about/event/
	21	low		https://www.town.yoshika.lg.jp/topics-news/
	4	low		https://www.town.yoshika.lg.jp/sangyou/koukoku/
	2	low		https://www.town.yoshika.lg.jp/event-news/kinsaiminsai.html
	3	low		https://www.town.yoshika.lg.jp/event-news/hagiiwami.html
	0	low		https://www.town.yoshika.lg.jp/kurashi/kyouiku/yoshikachougyoumuryoukanri.html
	18	low		https://www.town.yoshika.lg.jp/sangyou/ringyou/tiikiokosibosyu.html
	5	low		https://www.town.yoshika.lg.jp/topics-news/jokyakusokusin.html
	0	low		https://www.town.yoshika.lg.jp/topics-news/koukyoushisetsu.html
	4	low		https://www.town.yoshika.lg.jp/topics-news/wautin.html
	5	low		https://www.town.yoshika.lg.jp/kurashi/iryoutaisaku/yoshika_hp/yoshika-hp_keieikyoukapj.html
	4	low		https://www.town.yoshika.lg.jp/topics-news/zigyoushoukeisoudankai.html
	14	low		https://www.town.yoshika.lg.jp/sangyou/nougyou/chiikinougyouijihattennshien.html
	4	low		https://www.town.yoshika.lg.jp/topics-news/komesyokumibunsekikanteikonkuruzyusyouhoukoku.html
	2	low		https://www.town.yoshika.lg.jp/topics-news/r3zadankai.html
	7	low		https://www.town.yoshika.lg.jp/kurashi/josei/shugakushikin/syugaku.html
	0	low		https://www.town.yoshika.lg.jp/iju/trial/event/suigenmatsuri.html
	0	low		https://www.town.yoshika.lg.jp/iju/trial/yoshika_osampo.html
	18	low		https://www.town.yoshika.lg.jp/kurashi/josei/hoken/joseihoken.html
	2	low		https://www.town.yoshika.lg.jp/topics-news/ginnan.html
	9	low		https://www.town.yoshika.lg.jp/iju/stay/akiyabank/hojokin.html
	0	low		https://www.town.yoshika.lg.jp/kurashi/fukushi/seinennkoukennseidoriyousokusinn/seinennkoukenseidoriyousokusinn.html
	8	low		https://www.town.yoshika.lg.jp/sangyou/sinkikoyou/sinkikoyou.html
	7	low		https://www.town.yoshika.lg.jp/sangyou/minkanchintaijyutaku/minkanchintaijyutaku.html
	2	low		https://www.town.yoshika.lg.jp/topics-news/meiwakumail.html
	9	low		https://www.town.yoshika.lg.jp/topics-news/hureaikaisyu.html
	0	low		https://www.town.yoshika.lg.jp/about/cyousei/keikau/ikubosu.html
	20	low		https://www.town.yoshika.lg.jp/sitemap.html
	2	low		https://www.town.yoshika.lg.jp/event-news/
	0	low		https://www.town.yoshika.lg.jp/kurashi/lifeevent/syussan_ikuji/
	0	low		https://www.town.yoshika.lg.jp/kurashi/lifeevent/kosodate/
	0	low		https://www.town.yoshika.lg.jp/kurashi/lifeevent/nyuen_nyugaku/
	0	low		https://www.town.yoshika.lg.jp/kurashi/lifeevent/syougai_shien/
	3	low		https://www.town.yoshika.lg.jp/kurashi/lifeevent/kourei_kaigo/
	4	low		https://www.town.yoshika.lg.jp/about/guideline/accessibility.html
	0	low		https://www.town.yoshika.lg.jp/about/access/busyoall.html
	0	low		https://www.town.yoshika.lg.jp/about/gyousei/honcyousya.html
	2	low		https://www.town.yoshika.lg.jp/sangyou/syokugyou/
	2	low		https://www.town.yoshika.lg.jp/kurashi/kyouiku/tuugakuro/goudoutenken.html
	0	low		https://www.town.yoshika.lg.jp/sangyou/nougyou/tanadahozenn.html
	15	low		https://www.town.yoshika.lg.jp/kankou/onsen/
	4	low		https://www.town.yoshika.lg.jp/about/sousei/rinjikouhukin.html
	7	low		https://www.town.yoshika.lg.jp/kurashi/kyouiku/syuugakuenjo.html
	2	low		https://www.town.yoshika.lg.jp/about/sousei/
	0	low		https://www.town.yoshika.lg.jp/kurashi/lifeevent/
	6	low		https://www.town.yoshika.lg.jp/kurashi/seikatsu/
	2	low		https://www.town.yoshika.lg.jp/kurashi/sumai/
	5	low		https://www.town.yoshika.lg.jp/kurashi/zei/
	0	low		https://www.town.yoshika.lg.jp/kurashi/hoken/
	4	low		https://www.town.yoshika.lg.jp/kurashi/fukushi/
	2	low		https://www.town.yoshika.lg.jp/kurashi/kyouiku/
	7	low		https://www.town.yoshika.lg.jp/kurashi/shinsei/
	9	low		https://www.town.yoshika.lg.jp/kurashi/josei/
	5	low		https://www.town.yoshika.lg.jp/kurashi/dengenritti/dengenritti.html
	0	low		https://www.town.yoshika.lg.jp/kankou/kouryu/
	2	low		https://www.town.yoshika.lg.jp/sangyou/nyusatsu/
	0	low		https://www.town.yoshika.lg.jp/sangyou/kigyouyuuchi/
	0	low		https://www.town.yoshika.lg.jp/sangyou/kigyouyuuchi/masuku.html
	4	low		https://www.town.yoshika.lg.jp/sangyou/nougyou/
	5	low		https://www.town.yoshika.lg.jp/sangyou/ringyou/
	3	low		https://www.town.yoshika.lg.jp/sangyou/syoukou/
	2	low		https://www.town.yoshika.lg.jp/sangyou/jigyoujosei/
	2	low		https://www.town.yoshika.lg.jp/bousai/bouhan/
	5	low		https://www.town.yoshika.lg.jp/bousai/shinsei/
	0	low		https://www.town.yoshika.lg.jp/bousai/koronavirus/
	2	low	Not Found	https://www.town.yoshika.lg.jp/bousai/koronavirus/inshokutenjouhou.data/ebisuhanten.pdf
	2	low	Not Found	https://www.town.yoshika.lg.jp/bousai/koronavirus/inshokutenjouhou.data/ikkyuuteikuauto.pdf
	2	low	Not Found	https://www.town.yoshika.lg.jp/bousai/koronavirus/inshokutenjouhou.data/moheji.pdf
	2	low	Not Found	https://www.town.yoshika.lg.jp/bousai/koronavirus/inshokutenjouhou.data/denen.pdf
	2	low	Not Found	https://www.town.yoshika.lg.jp/bousai/koronavirus/inshokutenjouhou.data/tetuya.pdf
	2	low	Not Found	https://www.town.yoshika.lg.jp/bousai/koronavirus/inshokutenjouhou.data/sakurano.pdf
	2	low	Not Found	https://www.town.yoshika.lg.jp/bousai/koronavirus/inshokutenjouhou.data/takamatushouten.pdf
