code	organization	slug	title	category	status	officialUrl	snippet
32206	安来市	shimane-official-002-001-2026	安来市 母子家庭等自立支援給付金	childcare	200	https://www.city.yasugi.shimane.jp/kurashi/kyoiku/teate/boshikatei.html	島根県安来市：くらし：母子家庭等自立支援給付金 本文へ Foreign language 読み上げ ふりがな JavaScriptが無効のため、文字の大きさ・背景色を変更する機能を使用できません。 背景色 白 黒 文字サイズ 標準 拡大 くらし しごと 市政 キーワードから探す 現在位置 トップページ くらし 教育・子育て 手当 母子家庭等自立支援給付金 母
32206	安来市	shimane-official-002-002-2026	安来市 子ども医療費助成制度	medical	200	https://www.city.yasugi.shimane.jp/kurashi/kyoiku/shien/nyu-yo-iryo.html	島根県安来市：くらし：子ども医療費助成制度 本文へ Foreign language 読み上げ ふりがな JavaScriptが無効のため、文字の大きさ・背景色を変更する機能を使用できません。 背景色 白 黒 文字サイズ 標準 拡大 くらし しごと 市政 キーワードから探す 現在位置 トップページ くらし 教育・子育て 子育て支援 子ども医療費助成制度 子ど
32206	安来市	shimane-official-002-003-2026	安来市 児童扶養手当	childcare	200	https://www.city.yasugi.shimane.jp/kurashi/kyoiku/teate/jido-fuyo.html	島根県安来市：くらし：児童扶養手当 本文へ Foreign language 読み上げ ふりがな JavaScriptが無効のため、文字の大きさ・背景色を変更する機能を使用できません。 背景色 白 黒 文字サイズ 標準 拡大 くらし しごと 市政 キーワードから探す 現在位置 トップページ くらし 教育・子育て 手当 児童扶養手当 児童扶養手当 目的 父母の
32206	安来市	shimane-official-002-004-2026	安来市 児童手当	childcare	200	https://www.city.yasugi.shimane.jp/kurashi/kyoiku/teate/jido-teate.html	島根県安来市：くらし：児童手当 本文へ Foreign language 読み上げ ふりがな JavaScriptが無効のため、文字の大きさ・背景色を変更する機能を使用できません。 背景色 白 黒 文字サイズ 標準 拡大 くらし しごと 市政 キーワードから探す 現在位置 トップページ くらし 教育・子育て 手当 児童手当 児童手当 受給資格 安来市にお住ま
32206	安来市	shimane-official-002-005-2026	安来市 母子父子寡婦福祉資金貸付制度	childcare	200	https://www.city.yasugi.shimane.jp/kurashi/kyoiku/teate/boshi-fushi-kafu.html	島根県安来市：くらし：母子父子寡婦福祉資金 本文へ Foreign language 読み上げ ふりがな JavaScriptが無効のため、文字の大きさ・背景色を変更する機能を使用できません。 背景色 白 黒 文字サイズ 標準 拡大 くらし しごと 市政 キーワードから探す 現在位置 トップページ くらし 教育・子育て 手当 母子父子寡婦福祉資金 母子父子寡
32206	安来市	shimane-official-002-006-2026	安来市 自主防災組織育成事業補助金	living	200	https://www.city.yasugi.shimane.jp/kurashi/anzen/bousai/jishubousai.html	島根県安来市：くらし：自主防災組織育成事業補助金 本文へ Foreign language 読み上げ ふりがな JavaScriptが無効のため、文字の大きさ・背景色を変更する機能を使用できません。 背景色 白 黒 文字サイズ 標準 拡大 くらし しごと 市政 キーワードから探す 現在位置 トップページ くらし 安全・安心 防災 自主防災組織育成事業補助金
32206	安来市	shimane-official-002-007-2026	安来市 福祉医療費助成制度	medical	200	https://www.city.yasugi.shimane.jp/kurashi/kenko/shogaisha/fukushiiryo/	島根県安来市：くらし：福祉医療費助成制度（重度心身障がい者・ひとり親家庭の方） 本文へ Foreign language 読み上げ ふりがな JavaScriptが無効のため、文字の大きさ・背景色を変更する機能を使用できません。 背景色 白 黒 文字サイズ 標準 拡大 くらし しごと 市政 キーワードから探す 現在位置 トップページ くらし 健康・医療・福祉
32206	安来市	shimane-official-002-008-2026	安来市 空き家改修事業補助金制度	housing	200	https://www.city.yasugi.shimane.jp/kurashi/shushoku/teiju/akiya-kaishu-hojokin.html	島根県安来市：くらし：空き家改修事業補助金 本文へ Foreign language 読み上げ ふりがな JavaScriptが無効のため、文字の大きさ・背景色を変更する機能を使用できません。 背景色 白 黒 文字サイズ 標準 拡大 くらし しごと 市政 キーワードから探す 現在位置 トップページ くらし 就職・結婚・定住 安来で暮らしたい（定住支援） 空き
32206	安来市	shimane-official-002-009-2026	安来市 市民支援制度（補助金・助成金等）	living	200	https://www.city.yasugi.shimane.jp/kurashi/shiminkatsudo/chiikizukuri/shimin-shien-h29.html	島根県安来市：くらし：市民支援制度（補助金・助成金等） 本文へ Foreign language 読み上げ ふりがな JavaScriptが無効のため、文字の大きさ・背景色を変更する機能を使用できません。 背景色 白 黒 文字サイズ 標準 拡大 くらし しごと 市政 キーワードから探す 現在位置 トップページ くらし 市民活動・地域づくり 地域づくり 市民支
32206	安来市	shimane-official-002-010-2026	安来市 就学援助制度	education	200	https://www.city.yasugi.shimane.jp/kurashi/kyoiku/shugakuenjo.html	島根県安来市：くらし：就学援助 本文へ Foreign language 読み上げ ふりがな JavaScriptが無効のため、文字の大きさ・背景色を変更する機能を使用できません。 背景色 白 黒 文字サイズ 標準 拡大 くらし しごと 市政 キーワードから探す 現在位置 トップページ くらし 教育・子育て 就学援助 就学援助 経済的理由によりお子さんの就学
32207	江津市	shimane-official-002-011-2026	江津市 就学援助制度	education	200	https://www.city.gotsu.lg.jp/soshiki/28/7249.html	令和8年度就学援助制度のご案内 - 江津市ホームページ ページの先頭です。 メニューを飛ばして本文へ 閲覧補助・検索 メニュー JavaScriptが無効のため、文字の大きさ・背景色を変更する機能を使用できません。 本文へ Foreign language 文字サイズ・背景色変更 文字サイズ 標準 拡大 背景色変更 白 黒 青 閉じる キーワードでさがす く
32207	江津市	shimane-official-002-012-2026	江津市 江津市奨学金	education	200	https://www.city.gotsu.lg.jp/soshiki/28/3635.html	江津市奨学金の奨学生を募集します - 江津市ホームページ ページの先頭です。 メニューを飛ばして本文へ 閲覧補助・検索 メニュー JavaScriptが無効のため、文字の大きさ・背景色を変更する機能を使用できません。 本文へ Foreign language 文字サイズ・背景色変更 文字サイズ 標準 拡大 背景色変更 白 黒 青 閉じる キーワードでさがす
32207	江津市	shimane-official-002-013-2026	江津市 障がいのある人が対象となる手当制度や共済制度	nursing	200	https://www.city.gotsu.lg.jp/soshiki/9/27265.html	障がいのある人が対象となる手当制度や共済制度のご案内 - 江津市ホームページ ページの先頭です。 メニューを飛ばして本文へ 閲覧補助・検索 メニュー JavaScriptが無効のため、文字の大きさ・背景色を変更する機能を使用できません。 本文へ Foreign language 文字サイズ・背景色変更 文字サイズ 標準 拡大 背景色変更 白 黒 青 閉じる
32207	江津市	shimane-official-002-014-2026	江津市 U・Iターンのための空き家改修費補助金	housing	200	https://www.city.gotsu.lg.jp/soshiki/3/1545.html	Ｕ・Ｉターンのための空き家改修費補助金 - 江津市ホームページ ページの先頭です。 メニューを飛ばして本文へ 閲覧補助・検索 メニュー JavaScriptが無効のため、文字の大きさ・背景色を変更する機能を使用できません。 本文へ Foreign language 文字サイズ・背景色変更 文字サイズ 標準 拡大 背景色変更 白 黒 青 閉じる キーワードでさ
32207	江津市	shimane-official-002-015-2026	江津市 空き家バンク登録支援補助金	housing	200	https://www.city.gotsu.lg.jp/soshiki/3/36296.html	江津市空き家バンク登録支援補助金 - 江津市ホームページ ページの先頭です。 メニューを飛ばして本文へ 閲覧補助・検索 メニュー JavaScriptが無効のため、文字の大きさ・背景色を変更する機能を使用できません。 本文へ Foreign language 文字サイズ・背景色変更 文字サイズ 標準 拡大 背景色変更 白 黒 青 閉じる キーワードでさがす
32207	江津市	shimane-official-002-016-2026	江津市 児童扶養手当	childcare	200	https://www.city.gotsu.lg.jp/soshiki/11/2268.html	児童扶養手当 - 江津市ホームページ ページの先頭です。 メニューを飛ばして本文へ 閲覧補助・検索 メニュー JavaScriptが無効のため、文字の大きさ・背景色を変更する機能を使用できません。 本文へ Foreign language 文字サイズ・背景色変更 文字サイズ 標準 拡大 背景色変更 白 黒 青 閉じる キーワードでさがす くらし・手続き 子育
32207	江津市	shimane-official-002-017-2026	江津市 生殖補助医療費助成制度	medical	200	https://www.city.gotsu.lg.jp/soshiki/11/25808.html	江津市生殖補助医療費助成制度 - 江津市ホームページ ページの先頭です。 メニューを飛ばして本文へ 閲覧補助・検索 メニュー JavaScriptが無効のため、文字の大きさ・背景色を変更する機能を使用できません。 本文へ Foreign language 文字サイズ・背景色変更 文字サイズ 標準 拡大 背景色変更 白 黒 青 閉じる キーワードでさがす くら
32207	江津市	shimane-official-002-018-2026	江津市 妊婦のための支援給付金	medical	200	https://www.city.gotsu.lg.jp/soshiki/11/36215.html	妊婦のための支援給付金を支給します - 江津市ホームページ ページの先頭です。 メニューを飛ばして本文へ 閲覧補助・検索 メニュー JavaScriptが無効のため、文字の大きさ・背景色を変更する機能を使用できません。 本文へ Foreign language 文字サイズ・背景色変更 文字サイズ 標準 拡大 背景色変更 白 黒 青 閉じる キーワードでさがす
32207	江津市	shimane-official-002-019-2026	江津市 児童手当	childcare	200	https://www.city.gotsu.lg.jp/soshiki/11/28779.html	児童手当 - 江津市ホームページ ページの先頭です。 メニューを飛ばして本文へ 閲覧補助・検索 メニュー JavaScriptが無効のため、文字の大きさ・背景色を変更する機能を使用できません。 本文へ Foreign language 文字サイズ・背景色変更 文字サイズ 標準 拡大 背景色変更 白 黒 青 閉じる キーワードでさがす くらし・手続き 子育て・
32207	江津市	shimane-official-002-020-2026	江津市 ポリテクカレッジ島根の奨学金制度	education	200	https://www.city.gotsu.lg.jp/soshiki/16/1720.html	ポリテクカレッジ島根の奨学金制度 - 江津市ホームページ ページの先頭です。 メニューを飛ばして本文へ 閲覧補助・検索 メニュー JavaScriptが無効のため、文字の大きさ・背景色を変更する機能を使用できません。 本文へ Foreign language 文字サイズ・背景色変更 文字サイズ 標準 拡大 背景色変更 白 黒 青 閉じる キーワードでさがす
32207	江津市	shimane-official-002-021-2026	江津市 江津市地方創生移住支援金	housing	200	https://www.city.gotsu.lg.jp/soshiki/3/28765.html	わくわく島根生活実現支援事業における江津市地方創生移住支援金 - 江津市ホームページ ページの先頭です。 メニューを飛ばして本文へ 閲覧補助・検索 メニュー JavaScriptが無効のため、文字の大きさ・背景色を変更する機能を使用できません。 本文へ Foreign language 文字サイズ・背景色変更 文字サイズ 標準 拡大 背景色変更 白 黒 青
32207	江津市	shimane-official-002-022-2026	江津市 障害児福祉手当	nursing	200	https://www.city.gotsu.lg.jp/soshiki/9/27262.html	障害児福祉手当 - 江津市ホームページ ページの先頭です。 メニューを飛ばして本文へ 閲覧補助・検索 メニュー JavaScriptが無効のため、文字の大きさ・背景色を変更する機能を使用できません。 本文へ Foreign language 文字サイズ・背景色変更 文字サイズ 標準 拡大 背景色変更 白 黒 青 閉じる キーワードでさがす くらし・手続き 子
32207	江津市	shimane-official-002-023-2026	江津市 特別児童扶養手当	childcare	200	https://www.city.gotsu.lg.jp/soshiki/9/27263.html	特別児童扶養手当 - 江津市ホームページ ページの先頭です。 メニューを飛ばして本文へ 閲覧補助・検索 メニュー JavaScriptが無効のため、文字の大きさ・背景色を変更する機能を使用できません。 本文へ Foreign language 文字サイズ・背景色変更 文字サイズ 標準 拡大 背景色変更 白 黒 青 閉じる キーワードでさがす くらし・手続き
32207	江津市	shimane-official-002-024-2026	江津市 母子家庭自立支援給付金および父子家庭自立支援給付金事業	childcare	200	https://www.city.gotsu.lg.jp/soshiki/11/12323.html	母子家庭自立支援給付金および父子家庭自立支援給付金事業 - 江津市ホームページ ページの先頭です。 メニューを飛ばして本文へ 閲覧補助・検索 メニュー JavaScriptが無効のため、文字の大きさ・背景色を変更する機能を使用できません。 本文へ Foreign language 文字サイズ・背景色変更 文字サイズ 標準 拡大 背景色変更 白 黒 青 閉じる
32207	江津市	shimane-official-002-025-2026	江津市 江津市立中学校英語検定料補助金	education	200	https://www.city.gotsu.lg.jp/soshiki/28/37690.html	江津市立中学校英語検定料補助金のお知らせ - 江津市ホームページ ページの先頭です。 メニューを飛ばして本文へ 閲覧補助・検索 メニュー JavaScriptが無効のため、文字の大きさ・背景色を変更する機能を使用できません。 本文へ Foreign language 文字サイズ・背景色変更 文字サイズ 標準 拡大 背景色変更 白 黒 青 閉じる キーワードで
32207	江津市	shimane-official-002-026-2026	江津市 合併処理浄化槽設置補助金	living	200	https://www.city.gotsu.lg.jp/soshiki/22/2149.html	合併処理浄化槽の設置に関する補助金のお知らせ - 江津市ホームページ ページの先頭です。 メニューを飛ばして本文へ 閲覧補助・検索 メニュー JavaScriptが無効のため、文字の大きさ・背景色を変更する機能を使用できません。 本文へ Foreign language 文字サイズ・背景色変更 文字サイズ 標準 拡大 背景色変更 白 黒 青 閉じる キーワー
32207	江津市	shimane-official-002-027-2026	江津市 低所得世帯緊急支援給付金	living	200	https://www.city.gotsu.lg.jp/soshiki/9/40793.html	低所得世帯緊急支援給付金のお知らせ - 江津市ホームページ ページの先頭です。 メニューを飛ばして本文へ 閲覧補助・検索 メニュー JavaScriptが無効のため、文字の大きさ・背景色を変更する機能を使用できません。 本文へ Foreign language 文字サイズ・背景色変更 文字サイズ 標準 拡大 背景色変更 白 黒 青 閉じる キーワードでさがす
32207	江津市	shimane-official-002-028-2026	江津市 防犯灯設置費補助金	living	200	https://www.city.gotsu.lg.jp/soshiki/4/3143.html	防犯灯設置費補助金のご案内 - 江津市ホームページ ページの先頭です。 メニューを飛ばして本文へ 閲覧補助・検索 メニュー JavaScriptが無効のため、文字の大きさ・背景色を変更する機能を使用できません。 本文へ Foreign language 文字サイズ・背景色変更 文字サイズ 標準 拡大 背景色変更 白 黒 青 閉じる キーワードでさがす くらし
32207	江津市	shimane-official-002-029-2026	江津市 特別障害者手当	nursing	200	https://www.city.gotsu.lg.jp/soshiki/9/27260.html	特別障害者手当 - 江津市ホームページ ページの先頭です。 メニューを飛ばして本文へ 閲覧補助・検索 メニュー JavaScriptが無効のため、文字の大きさ・背景色を変更する機能を使用できません。 本文へ Foreign language 文字サイズ・背景色変更 文字サイズ 標準 拡大 背景色変更 白 黒 青 閉じる キーワードでさがす くらし・手続き 子
32207	江津市	shimane-official-002-030-2026	江津市 保育士就労奨励金	childcare	200	https://www.city.gotsu.lg.jp/soshiki/11/3113.html	保育士就労奨励金 - 江津市ホームページ ページの先頭です。 メニューを飛ばして本文へ 閲覧補助・検索 メニュー JavaScriptが無効のため、文字の大きさ・背景色を変更する機能を使用できません。 本文へ Foreign language 文字サイズ・背景色変更 文字サイズ 標準 拡大 背景色変更 白 黒 青 閉じる キーワードでさがす くらし・手続き
32207	江津市	shimane-official-002-031-2026	江津市 新卒者等就労促進家賃補助金	housing	200	https://www.city.gotsu.lg.jp/soshiki/16/37613.html	新卒者等就労促進家賃補助金 - 江津市ホームページ ページの先頭です。 メニューを飛ばして本文へ 閲覧補助・検索 メニュー JavaScriptが無効のため、文字の大きさ・背景色を変更する機能を使用できません。 本文へ Foreign language 文字サイズ・背景色変更 文字サイズ 標準 拡大 背景色変更 白 黒 青 閉じる キーワードでさがす くらし
32207	江津市	shimane-official-002-032-2026	江津市 中小企業者等物価高騰対策信用保証料補助金	employment	200	https://www.city.gotsu.lg.jp/soshiki/16/29911.html	江津市中小企業者等物価高騰対策信用保証料補助金 - 江津市ホームページ ページの先頭です。 メニューを飛ばして本文へ 閲覧補助・検索 メニュー JavaScriptが無効のため、文字の大きさ・背景色を変更する機能を使用できません。 本文へ Foreign language 文字サイズ・背景色変更 文字サイズ 標準 拡大 背景色変更 白 黒 青 閉じる キーワ
32207	江津市	shimane-official-002-033-2026	江津市 まち・ひと結び事業費補助金	employment	200	https://www.city.gotsu.lg.jp/site/comunity/28851.html	まち・ひと結び事業費補助金 - 江津市ホームページ ページの先頭です。 メニューを飛ばして本文へ 閲覧補助・検索 メニュー JavaScriptが無効のため、文字の大きさ・背景色を変更する機能を使用できません。 本文へ Foreign language 文字サイズ・背景色変更 文字サイズ 標準 拡大 背景色変更 白 黒 青 閉じる キーワードでさがす くらし
32207	江津市	shimane-official-002-034-2026	江津市 女性のプチ起業支援補助金	employment	200	https://www.city.gotsu.lg.jp/soshiki/3/28776.html	女性のプチ起業支援補助金 - 江津市ホームページ ページの先頭です。 メニューを飛ばして本文へ 閲覧補助・検索 メニュー JavaScriptが無効のため、文字の大きさ・背景色を変更する機能を使用できません。 本文へ Foreign language 文字サイズ・背景色変更 文字サイズ 標準 拡大 背景色変更 白 黒 青 閉じる キーワードでさがす くらし・
32209	雲南市	shimane-official-002-035-2026	雲南市 母子父子寡婦福祉資金の予約貸付	childcare	200	https://www.city.unnan.shimane.jp/unnan/kosodate/soudan/yoyakukasitukeR8.html	【令和9年度対象】母子父子寡婦福祉資金の予約貸付について | 雲南市ホームページ 本文へスキップ 雲南市 メニュー アクセス 文字サイズの選択 標準 大 特大 色反転の選択 Language Language 暮らし・手続き 届出・証明 税金 住まい 上下水道のこと 環境・ごみ・脱炭素 消防・防災 生活情報・交通 まちづくり・地域自主組織 申請書様式 健康・
32209	雲南市	shimane-official-002-036-2026	雲南市 協働で叶える市民活動促進事業補助金	employment	200	https://www.city.unnan.shimane.jp/unnan/kurashi/machidukuri/kyoudoudekanaeru.html	雲南市協働で叶える市民活動促進事業補助金の活用団体募集について | 雲南市ホームページ 本文へスキップ 雲南市 メニュー アクセス 文字サイズの選択 標準 大 特大 色反転の選択 Language Language 暮らし・手続き 届出・証明 税金 住まい 上下水道のこと 環境・ごみ・脱炭素 消防・防災 生活情報・交通 まちづくり・地域自主組織 申請書様式
32209	雲南市	shimane-official-002-037-2026	雲南市 農作物鳥獣被害防止対策事業補助金	employment	200	https://www.city.unnan.shimane.jp/unnan/sangyou/nougyou/2026-0324-1641-139.html	令和８年度 農作物鳥獣被害防止対策事業補助金 | 雲南市ホームページ 本文へスキップ 雲南市 メニュー アクセス 文字サイズの選択 標準 大 特大 色反転の選択 Language Language 暮らし・手続き 届出・証明 税金 住まい 上下水道のこと 環境・ごみ・脱炭素 消防・防災 生活情報・交通 まちづくり・地域自主組織 申請書様式 健康・福祉 保健・
32209	雲南市	shimane-official-002-038-2026	雲南市 住宅除却に係る住宅用地固定資産税減免	housing	200	https://www.city.unnan.shimane.jp/unnan/kurashi/zeikin/juutakujokyaku.html	住宅の除却に係る住宅用地の固定資産税減免について | 雲南市ホームページ 本文へスキップ 雲南市 メニュー アクセス 文字サイズの選択 標準 大 特大 色反転の選択 Language Language 暮らし・手続き 届出・証明 税金 住まい 上下水道のこと 環境・ごみ・脱炭素 消防・防災 生活情報・交通 まちづくり・地域自主組織 申請書様式 健康・福祉 保
32209	雲南市	shimane-official-002-039-2026	雲南市 児童扶養手当	childcare	200	https://www.city.unnan.shimane.jp/unnan/kosodate/teate/serv01.html	ひとり親家庭等に対する助成制度「児童扶養手当」 | 雲南市ホームページ 本文へスキップ 雲南市 メニュー アクセス 文字サイズの選択 標準 大 特大 色反転の選択 Language Language 暮らし・手続き 届出・証明 税金 住まい 上下水道のこと 環境・ごみ・脱炭素 消防・防災 生活情報・交通 まちづくり・地域自主組織 申請書様式 健康・福祉 保健
32209	雲南市	shimane-official-002-040-2026	雲南市 子ども医療費助成制度	medical	200	https://www.city.unnan.shimane.jp/unnan/kosodate/iryou/kodomonobyouki.html	子どもの病気・医療 | 雲南市ホームページ 本文へスキップ 雲南市 メニュー アクセス 文字サイズの選択 標準 大 特大 色反転の選択 Language Language 暮らし・手続き 届出・証明 税金 住まい 上下水道のこと 環境・ごみ・脱炭素 消防・防災 生活情報・交通 まちづくり・地域自主組織 申請書様式 健康・福祉 保健・医療 保険・年金 高齢者支
32209	雲南市	shimane-official-002-041-2026	雲南市 児童手当	childcare	200	https://www.city.unnan.shimane.jp/unnan/kosodate/teate/jidouteate20220601.html	児童手当 | 雲南市ホームページ 本文へスキップ 雲南市 メニュー アクセス 文字サイズの選択 標準 大 特大 色反転の選択 Language Language 暮らし・手続き 届出・証明 税金 住まい 上下水道のこと 環境・ごみ・脱炭素 消防・防災 生活情報・交通 まちづくり・地域自主組織 申請書様式 健康・福祉 保健・医療 保険・年金 高齢者支援 障がい
32209	雲南市	shimane-official-002-042-2026	雲南市 生殖補助医療費助成制度	medical	200	https://www.city.unnan.shimane.jp/unnan/kosodate/teate/2022-0707-0913-49.html	生殖補助医療費助成制度について | 雲南市ホームページ 本文へスキップ 雲南市 メニュー アクセス 文字サイズの選択 標準 大 特大 色反転の選択 Language Language 暮らし・手続き 届出・証明 税金 住まい 上下水道のこと 環境・ごみ・脱炭素 消防・防災 生活情報・交通 まちづくり・地域自主組織 申請書様式 健康・福祉 保健・医療 保険・年
32209	雲南市	shimane-official-002-043-2026	雲南市 福祉医療費助成制度	medical	200	https://www.city.unnan.shimane.jp/unnan/kenkou/iryou/josei/fukushiiryou.html	福祉医療費助成制度 | 雲南市ホームページ 本文へスキップ 雲南市 メニュー アクセス 文字サイズの選択 標準 大 特大 色反転の選択 Language Language 暮らし・手続き 届出・証明 税金 住まい 上下水道のこと 環境・ごみ・脱炭素 消防・防災 生活情報・交通 まちづくり・地域自主組織 申請書様式 健康・福祉 保健・医療 保険・年金 高齢者支
32209	雲南市	shimane-official-002-044-2026	雲南市 母子父子寡婦福祉資金の貸付	childcare	200	https://www.city.unnan.shimane.jp/unnan/kosodate/soudan/consult05.html	母子父子寡婦福祉資金の貸付について | 雲南市ホームページ 本文へスキップ 雲南市 メニュー アクセス 文字サイズの選択 標準 大 特大 色反転の選択 Language Language 暮らし・手続き 届出・証明 税金 住まい 上下水道のこと 環境・ごみ・脱炭素 消防・防災 生活情報・交通 まちづくり・地域自主組織 申請書様式 健康・福祉 保健・医療 保険
32209	雲南市	shimane-official-002-045-2026	雲南市 定額減税補足給付金（不足額給付）	living	200	https://www.city.unnan.shimane.jp/unnan/kurashi/zeikin/2025-0729-1305-42.html	定額減税補足給付金（不足額給付）の支給について | 雲南市ホームページ 本文へスキップ 雲南市 メニュー アクセス 文字サイズの選択 標準 大 特大 色反転の選択 Language Language 暮らし・手続き 届出・証明 税金 住まい 上下水道のこと 環境・ごみ・脱炭素 消防・防災 生活情報・交通 まちづくり・地域自主組織 申請書様式 健康・福祉 保健
32209	雲南市	shimane-official-002-046-2026	雲南市 結婚活動支援団体支援事業補助金	employment	200	https://www.city.unnan.shimane.jp/unnan/kurashi/seikatsu/2025-0618-1926-28.html	雲南市結婚活動支援団体支援事業補助金 | 雲南市ホームページ 本文へスキップ 雲南市 メニュー アクセス 文字サイズの選択 標準 大 特大 色反転の選択 Language Language 暮らし・手続き 届出・証明 税金 住まい 上下水道のこと 環境・ごみ・脱炭素 消防・防災 生活情報・交通 まちづくり・地域自主組織 申請書様式 健康・福祉 保健・医療 保
32209	雲南市	shimane-official-002-047-2026	雲南市 地域の担い手育成事業補助金	employment	200	https://www.city.unnan.shimane.jp/unnan/kurashi/machidukuri/2022-0310-1431-27.html	雲南市地域の担い手育成事業補助金について | 雲南市ホームページ 本文へスキップ 雲南市 メニュー アクセス 文字サイズの選択 標準 大 特大 色反転の選択 Language Language 暮らし・手続き 届出・証明 税金 住まい 上下水道のこと 環境・ごみ・脱炭素 消防・防災 生活情報・交通 まちづくり・地域自主組織 申請書様式 健康・福祉 保健・医療
32209	雲南市	shimane-official-002-048-2026	雲南市 重度障がい者等介護手当	nursing	200	https://www.city.unnan.shimane.jp/unnan/kenkou/syougai/2026-0316-1144-46.html	重度障がい者等介護手当 | 雲南市ホームページ 本文へスキップ 雲南市 メニュー アクセス 文字サイズの選択 標準 大 特大 色反転の選択 Language Language 暮らし・手続き 届出・証明 税金 住まい 上下水道のこと 環境・ごみ・脱炭素 消防・防災 生活情報・交通 まちづくり・地域自主組織 申請書様式 健康・福祉 保健・医療 保険・年金 高齢
32209	雲南市	shimane-official-002-049-2026	雲南市 出産・子育て応援給付金	medical	200	https://www.city.unnan.shimane.jp/unnan/kosodate/ninshinsyussan/shussankosodate.html	妊婦のための支援給付事業について | 雲南市ホームページ 本文へスキップ 雲南市 メニュー アクセス 文字サイズの選択 標準 大 特大 色反転の選択 Language Language 暮らし・手続き 届出・証明 税金 住まい 上下水道のこと 環境・ごみ・脱炭素 消防・防災 生活情報・交通 まちづくり・地域自主組織 申請書様式 健康・福祉 保健・医療 保険・
32209	雲南市	shimane-official-002-050-2026	雲南市 森林バイオマス推進事業補助金	employment	200	https://www.city.unnan.shimane.jp/unnan/sangyou/ringyou/2021-0427-1051-139.html	雲南市森林バイオマス推進事業補助金 | 雲南市ホームページ 本文へスキップ 雲南市 メニュー アクセス 文字サイズの選択 標準 大 特大 色反転の選択 Language Language 暮らし・手続き 届出・証明 税金 住まい 上下水道のこと 環境・ごみ・脱炭素 消防・防災 生活情報・交通 まちづくり・地域自主組織 申請書様式 健康・福祉 保健・医療 保険
32209	雲南市	shimane-official-002-051-2026	雲南市 事業継続緊急支援事業補助金	employment	200	https://www.city.unnan.shimane.jp/unnan/sangyou/syoukou/kigyou/zigyoukeizoku.html	雲南市事業継続緊急支援事業補助金について | 雲南市ホームページ 本文へスキップ 雲南市 メニュー アクセス 文字サイズの選択 標準 大 特大 色反転の選択 Language Language 暮らし・手続き 届出・証明 税金 住まい 上下水道のこと 環境・ごみ・脱炭素 消防・防災 生活情報・交通 まちづくり・地域自主組織 申請書様式 健康・福祉 保健・医療
32209	雲南市	shimane-official-002-052-2026	雲南市 運転免許取得支援事業補助金	employment	200	https://www.city.unnan.shimane.jp/unnan/sangyou/syoukou/kigyou/untenmenkyo.html	運転免許取得支援事業補助金について | 雲南市ホームページ 本文へスキップ 雲南市 メニュー アクセス 文字サイズの選択 標準 大 特大 色反転の選択 Language Language 暮らし・手続き 届出・証明 税金 住まい 上下水道のこと 環境・ごみ・脱炭素 消防・防災 生活情報・交通 まちづくり・地域自主組織 申請書様式 健康・福祉 保健・医療 保険
32209	雲南市	shimane-official-002-053-2026	雲南市 省力化・生産性向上農業機械等物価高騰対策支援事業	employment	200	https://www.city.unnan.shimane.jp/unnan/sangyou/nougyou/bukakoutounougyoukikai.html	令和８年度 雲南市省力化・生産性向上農業機械等物価高騰対策支援事業 | 雲南市ホームページ 本文へスキップ 雲南市 メニュー アクセス 文字サイズの選択 標準 大 特大 色反転の選択 Language Language 暮らし・手続き 届出・証明 税金 住まい 上下水道のこと 環境・ごみ・脱炭素 消防・防災 生活情報・交通 まちづくり・地域自主組織 申請書様
32343	奥出雲町	shimane-official-002-054-2026	奥出雲町 空き家バンク登録促進補助金	housing	200	https://www.town.okuizumo.shimane.jp/kurashi/1771229615481.html	【期間限定：最大５万円】奥出雲町空き家バンク登録促進補助金について | 奥出雲町 メニューにジャンプ コンテンツにジャンプ 神話とロマンの里 奥出雲町 暮らし 暮らしトップ 子育て・教育 子育て・教育トップ 健康・福祉 健康・福祉トップ 定住・観光・ ふるさと納税 定住・観光・ふるさと納税トップ 事業者の方へ 事業者の方へトップ 町政情報 町政情報トップ F
32343	奥出雲町	shimane-official-002-055-2026	奥出雲町 住宅整備支援事業補助金	housing	200	https://www.town.okuizumo.shimane.jp/kurashi/hikkoshi-sumai/sumai/1743385609148.html	令和8年度奥出雲町住宅整備支援事業補助金について | 奥出雲町 メニューにジャンプ コンテンツにジャンプ 神話とロマンの里 奥出雲町 暮らし 暮らしトップ 子育て・教育 子育て・教育トップ 健康・福祉 健康・福祉トップ 定住・観光・ ふるさと納税 定住・観光・ふるさと納税トップ 事業者の方へ 事業者の方へトップ 町政情報 町政情報トップ Foreign la
32343	奥出雲町	shimane-official-002-056-2026	奥出雲町 児童手当・子ども等医療費助成	medical	200	https://www.town.okuizumo.shimane.jp/kosodate-kyoiku/shussan-kosodate/kosodateshien/kosodateshien_tetsuduki-shinsei/1001000000420.html	児童手当・子ども等医療費助成の申請について | 奥出雲町 メニューにジャンプ コンテンツにジャンプ 神話とロマンの里 奥出雲町 暮らし 暮らしトップ 子育て・教育 子育て・教育トップ 健康・福祉 健康・福祉トップ 定住・観光・ ふるさと納税 定住・観光・ふるさと納税トップ 事業者の方へ 事業者の方へトップ 町政情報 町政情報トップ Foreign langu
32343	奥出雲町	shimane-official-002-057-2026	奥出雲町 未来のたねまきプロジェクト補助金	living	200	https://www.town.okuizumo.shimane.jp/kurashi/tanemaki.html	令和８年度奥出雲町未来のたねまきプロジェクト補助金について | 奥出雲町 メニューにジャンプ コンテンツにジャンプ 神話とロマンの里 奥出雲町 暮らし 暮らしトップ 子育て・教育 子育て・教育トップ 健康・福祉 健康・福祉トップ 定住・観光・ ふるさと納税 定住・観光・ふるさと納税トップ 事業者の方へ 事業者の方へトップ 町政情報 町政情報トップ Forei
32343	奥出雲町	shimane-official-002-058-2026	奥出雲町 子育て応援事業所サポート事業補助金	childcare	200	https://www.town.okuizumo.shimane.jp/kosodate-kyoiku/shussan-kosodate/kosodateshien/page_19.html	令和8年度おくいずも子育て応援事業所サポート事業補助金の募集について | 奥出雲町 メニューにジャンプ コンテンツにジャンプ 神話とロマンの里 奥出雲町 暮らし 暮らしトップ 子育て・教育 子育て・教育トップ 健康・福祉 健康・福祉トップ 定住・観光・ ふるさと納税 定住・観光・ふるさと納税トップ 事業者の方へ 事業者の方へトップ 町政情報 町政情報トップ
32343	奥出雲町	shimane-official-002-059-2026	奥出雲町 電気自動車普及促進事業奨励金	living	200	https://www.town.okuizumo.shimane.jp/kurashi/kankyo/dattanso/1743497184720.html	令和8年度奥出雲町電気自動車普及促進事業奨励金について | 奥出雲町 メニューにジャンプ コンテンツにジャンプ 神話とロマンの里 奥出雲町 暮らし 暮らしトップ 子育て・教育 子育て・教育トップ 健康・福祉 健康・福祉トップ 定住・観光・ ふるさと納税 定住・観光・ふるさと納税トップ 事業者の方へ 事業者の方へトップ 町政情報 町政情報トップ Foreign
32343	奥出雲町	shimane-official-002-060-2026	奥出雲町 ごみ縮減機器等普及促進事業奨励金	living	200	https://www.town.okuizumo.shimane.jp/kurashi/kankyo/dattanso/1743497184720_1.html	令和8年度奥出雲町ごみ縮減機器等普及促進事業奨励金について | 奥出雲町 メニューにジャンプ コンテンツにジャンプ 神話とロマンの里 奥出雲町 暮らし 暮らしトップ 子育て・教育 子育て・教育トップ 健康・福祉 健康・福祉トップ 定住・観光・ ふるさと納税 定住・観光・ふるさと納税トップ 事業者の方へ 事業者の方へトップ 町政情報 町政情報トップ Forei
32343	奥出雲町	shimane-official-002-061-2026	奥出雲町 児童手当制度	childcare	200	https://www.town.okuizumo.shimane.jp/kurashi/1723102202984.html	児童手当の制度について | 奥出雲町 メニューにジャンプ コンテンツにジャンプ 神話とロマンの里 奥出雲町 暮らし 暮らしトップ 子育て・教育 子育て・教育トップ 健康・福祉 健康・福祉トップ 定住・観光・ ふるさと納税 定住・観光・ふるさと納税トップ 事業者の方へ 事業者の方へトップ 町政情報 町政情報トップ Foreign language サイトマップ
32343	奥出雲町	shimane-official-002-062-2026	奥出雲町 老朽危険空き家除却支援事業補助金	housing	200	https://www.town.okuizumo.shimane.jp/kurashi/hikkoshi-sumai/sumai/1716874611843.html	奥出雲町老朽危険空き家除却支援事業補助金について | 奥出雲町 メニューにジャンプ コンテンツにジャンプ 神話とロマンの里 奥出雲町 暮らし 暮らしトップ 子育て・教育 子育て・教育トップ 健康・福祉 健康・福祉トップ 定住・観光・ ふるさと納税 定住・観光・ふるさと納税トップ 事業者の方へ 事業者の方へトップ 町政情報 町政情報トップ Foreign la
32343	奥出雲町	shimane-official-002-063-2026	奥出雲町 子ども等医療費助成	medical	200	https://www.town.okuizumo.shimane.jp/kosodate-kyoiku/shussan-kosodate/1734075233870.html	奥出雲町子ども等医療費助成について | 奥出雲町 メニューにジャンプ コンテンツにジャンプ 神話とロマンの里 奥出雲町 暮らし 暮らしトップ 子育て・教育 子育て・教育トップ 健康・福祉 健康・福祉トップ 定住・観光・ ふるさと納税 定住・観光・ふるさと納税トップ 事業者の方へ 事業者の方へトップ 町政情報 町政情報トップ Foreign language
32343	奥出雲町	shimane-official-002-064-2026	奥出雲町 起業・創業等中小企業制度融資信用保証料補助金	employment	200	https://www.town.okuizumo.shimane.jp/jigyosha/kigyoshien/1707459738390.html	奥出雲町起業・創業等中小企業制度融資信用保証料補助金 | 奥出雲町 メニューにジャンプ コンテンツにジャンプ 神話とロマンの里 奥出雲町 暮らし 暮らしトップ 子育て・教育 子育て・教育トップ 健康・福祉 健康・福祉トップ 定住・観光・ ふるさと納税 定住・観光・ふるさと納税トップ 事業者の方へ 事業者の方へトップ 町政情報 町政情報トップ Foreign
32343	奥出雲町	shimane-official-002-065-2026	奥出雲町 児童扶養手当	childcare	200	https://www.town.okuizumo.shimane.jp/kenko-fukushi/hitorioyafukushi/1611562052718.html	児童扶養手当 | 奥出雲町 メニューにジャンプ コンテンツにジャンプ 神話とロマンの里 奥出雲町 暮らし 暮らしトップ 子育て・教育 子育て・教育トップ 健康・福祉 健康・福祉トップ 定住・観光・ ふるさと納税 定住・観光・ふるさと納税トップ 事業者の方へ 事業者の方へトップ 町政情報 町政情報トップ Foreign language サイトマップ サイトマ
32343	奥出雲町	shimane-official-002-066-2026	奥出雲町 特別児童扶養手当	childcare	200	https://www.town.okuizumo.shimane.jp/kenko-fukushi/shogaishafukushi/1594619420035.html	特別児童扶養手当 | 奥出雲町 メニューにジャンプ コンテンツにジャンプ 神話とロマンの里 奥出雲町 暮らし 暮らしトップ 子育て・教育 子育て・教育トップ 健康・福祉 健康・福祉トップ 定住・観光・ ふるさと納税 定住・観光・ふるさと納税トップ 事業者の方へ 事業者の方へトップ 町政情報 町政情報トップ Foreign language サイトマップ サイ
32343	奥出雲町	shimane-official-002-067-2026	奥出雲町 障害児福祉手当	nursing	200	https://www.town.okuizumo.shimane.jp/kenko-fukushi/shogaishafukushi/1594684129704.html	障害児福祉手当 | 奥出雲町 メニューにジャンプ コンテンツにジャンプ 神話とロマンの里 奥出雲町 暮らし 暮らしトップ 子育て・教育 子育て・教育トップ 健康・福祉 健康・福祉トップ 定住・観光・ ふるさと納税 定住・観光・ふるさと納税トップ 事業者の方へ 事業者の方へトップ 町政情報 町政情報トップ Foreign language サイトマップ サイト
32343	奥出雲町	shimane-official-002-068-2026	奥出雲町 地域商業等支援事業費補助金	employment	200	https://www.town.okuizumo.shimane.jp/jigyosha/1707457795337.html	奥出雲町地域商業等支援事業費補助金 | 奥出雲町 メニューにジャンプ コンテンツにジャンプ 神話とロマンの里 奥出雲町 暮らし 暮らしトップ 子育て・教育 子育て・教育トップ 健康・福祉 健康・福祉トップ 定住・観光・ ふるさと納税 定住・観光・ふるさと納税トップ 事業者の方へ 事業者の方へトップ 町政情報 町政情報トップ Foreign language
32343	奥出雲町	shimane-official-002-069-2026	奥出雲町 地域商業重点支援事業費補助金	employment	200	https://www.town.okuizumo.shimane.jp/jigyosha/1707460117885.html	奥出雲町地域商業重点支援事業費補助金 | 奥出雲町 メニューにジャンプ コンテンツにジャンプ 神話とロマンの里 奥出雲町 暮らし 暮らしトップ 子育て・教育 子育て・教育トップ 健康・福祉 健康・福祉トップ 定住・観光・ ふるさと納税 定住・観光・ふるさと納税トップ 事業者の方へ 事業者の方へトップ 町政情報 町政情報トップ Foreign language
32343	奥出雲町	shimane-official-002-070-2026	奥出雲町 小型除雪機購入費補助金交付事業	living	200	https://www.town.okuizumo.shimane.jp/information/entry_22.html	小型除雪機購入費補助金交付事業について | 奥出雲町 メニューにジャンプ コンテンツにジャンプ 神話とロマンの里 奥出雲町 暮らし 暮らしトップ 子育て・教育 子育て・教育トップ 健康・福祉 健康・福祉トップ 定住・観光・ ふるさと納税 定住・観光・ふるさと納税トップ 事業者の方へ 事業者の方へトップ 町政情報 町政情報トップ Foreign languag
32343	奥出雲町	shimane-official-002-071-2026	奥出雲町 小規模事業者事業継続支援補助金	employment	200	https://www.town.okuizumo.shimane.jp/jigyosha/kigyoshien/1707456255065.html	奥出雲町小規模事業者事業継続支援補助金 | 奥出雲町 メニューにジャンプ コンテンツにジャンプ 神話とロマンの里 奥出雲町 暮らし 暮らしトップ 子育て・教育 子育て・教育トップ 健康・福祉 健康・福祉トップ 定住・観光・ ふるさと納税 定住・観光・ふるさと納税トップ 事業者の方へ 事業者の方へトップ 町政情報 町政情報トップ Foreign languag
32343	奥出雲町	shimane-official-002-072-2026	奥出雲町 先端設備等導入計画に係る固定資産税特例	living	200	https://www.town.okuizumo.shimane.jp/jigyosha/kigyoshien/1737419014756.html	奥出雲町「先端設備等導入計画」による固定資産等の減免について | 奥出雲町 メニューにジャンプ コンテンツにジャンプ 神話とロマンの里 奥出雲町 暮らし 暮らしトップ 子育て・教育 子育て・教育トップ 健康・福祉 健康・福祉トップ 定住・観光・ ふるさと納税 定住・観光・ふるさと納税トップ 事業者の方へ 事業者の方へトップ 町政情報 町政情報トップ Fore
32343	奥出雲町	shimane-official-002-073-2026	奥出雲町 商工事業者向け補助金	employment	200	https://www.town.okuizumo.shimane.jp/jigyosha/kigyoshien/1624348257755.html	商工事業者向け補助金について | 奥出雲町 メニューにジャンプ コンテンツにジャンプ 神話とロマンの里 奥出雲町 暮らし 暮らしトップ 子育て・教育 子育て・教育トップ 健康・福祉 健康・福祉トップ 定住・観光・ ふるさと納税 定住・観光・ふるさと納税トップ 事業者の方へ 事業者の方へトップ 町政情報 町政情報トップ Foreign language サイト
32343	奥出雲町	shimane-official-002-074-2026	奥出雲町 ひとり親家庭自立支援給付金事業	childcare	200	https://www.town.okuizumo.shimane.jp/kenko-fukushi/hitorioyafukushi/1671669647039.html	ひとり親家庭 自立支援給付金事業 | 奥出雲町 メニューにジャンプ コンテンツにジャンプ 神話とロマンの里 奥出雲町 暮らし 暮らしトップ 子育て・教育 子育て・教育トップ 健康・福祉 健康・福祉トップ 定住・観光・ ふるさと納税 定住・観光・ふるさと納税トップ 事業者の方へ 事業者の方へトップ 町政情報 町政情報トップ Foreign language サ
32343	奥出雲町	shimane-official-002-075-2026	奥出雲町 結婚新生活支援事業補助金	employment	200	https://www.town.okuizumo.shimane.jp/kurashi/kekkon/page_36.html	奥出雲町結婚新生活支援事業補助金について | 奥出雲町 メニューにジャンプ コンテンツにジャンプ 神話とロマンの里 奥出雲町 暮らし 暮らしトップ 子育て・教育 子育て・教育トップ 健康・福祉 健康・福祉トップ 定住・観光・ ふるさと納税 定住・観光・ふるさと納税トップ 事業者の方へ 事業者の方へトップ 町政情報 町政情報トップ Foreign langua
32343	奥出雲町	shimane-official-002-076-2026	奥出雲町 町産材利用促進事業費補助金	housing	200	https://www.town.okuizumo.shimane.jp/kurashi/kankyo/dattanso/1748578260103.html	町産材利用促進事業費補助金の拡充について | 奥出雲町 メニューにジャンプ コンテンツにジャンプ 神話とロマンの里 奥出雲町 暮らし 暮らしトップ 子育て・教育 子育て・教育トップ 健康・福祉 健康・福祉トップ 定住・観光・ ふるさと納税 定住・観光・ふるさと納税トップ 事業者の方へ 事業者の方へトップ 町政情報 町政情報トップ Foreign langua
32343	奥出雲町	shimane-official-002-077-2026	奥出雲町 特別障害者手当	nursing	200	https://www.town.okuizumo.shimane.jp/kenko-fukushi/shogaishafukushi/1594625639918.html	特別障害者手当 | 奥出雲町 メニューにジャンプ コンテンツにジャンプ 神話とロマンの里 奥出雲町 暮らし 暮らしトップ 子育て・教育 子育て・教育トップ 健康・福祉 健康・福祉トップ 定住・観光・ ふるさと納税 定住・観光・ふるさと納税トップ 事業者の方へ 事業者の方へトップ 町政情報 町政情報トップ Foreign language サイトマップ サイト
32386	飯南町	shimane-official-002-078-2026	飯南町 障害児福祉手当	nursing	200	https://www.iinan.jp/soshiki/13/10794.html	令和8年度障害児福祉手当 - 飯南町公式ホームページ ページの先頭です。 メニューを飛ばして本文へ メニュー 検索 JavaScriptが無効のため、文字の大きさ・背景色を変更する機能を使用できません。 本文へ Foreign language サイトマップ 閲覧補助機能 文字サイズ 拡大 標準 背景色 白 黒 青 とじる Myページ キーワード検索 Goo
32386	飯南町	shimane-official-002-079-2026	飯南町 特別児童扶養手当	childcare	200	https://www.iinan.jp/soshiki/13/10792.html	令和8年度特別児童扶養手当 - 飯南町公式ホームページ ページの先頭です。 メニューを飛ばして本文へ メニュー 検索 JavaScriptが無効のため、文字の大きさ・背景色を変更する機能を使用できません。 本文へ Foreign language サイトマップ 閲覧補助機能 文字サイズ 拡大 標準 背景色 白 黒 青 とじる Myページ キーワード検索 Go
32386	飯南町	shimane-official-002-080-2026	飯南町 児童扶養手当	childcare	200	https://www.iinan.jp/soshiki/13/10624.html	令和8年度児童扶養手当 - 飯南町公式ホームページ ページの先頭です。 メニューを飛ばして本文へ メニュー 検索 JavaScriptが無効のため、文字の大きさ・背景色を変更する機能を使用できません。 本文へ Foreign language サイトマップ 閲覧補助機能 文字サイズ 拡大 標準 背景色 白 黒 青 とじる Myページ キーワード検索 Goog
32386	飯南町	shimane-official-002-081-2026	飯南町 地域商業等支援事業補助金	employment	200	https://www.iinan.jp/soshiki/7/11024.html	令和8年度 飯南町地域商業等支援事業補助金 募集開始 - 飯南町公式ホームページ ページの先頭です。 メニューを飛ばして本文へ メニュー 検索 JavaScriptが無効のため、文字の大きさ・背景色を変更する機能を使用できません。 本文へ Foreign language サイトマップ 閲覧補助機能 文字サイズ 拡大 標準 背景色 白 黒 青 とじる Myペ
32386	飯南町	shimane-official-002-082-2026	飯南町 低所得世帯緊急支援給付金	living	200	https://www.iinan.jp/soshiki/13/10616.html	低所得世帯緊急支援給付金（1世帯あたり3万円）の手続き - 飯南町公式ホームページ ページの先頭です。 メニューを飛ばして本文へ メニュー 検索 JavaScriptが無効のため、文字の大きさ・背景色を変更する機能を使用できません。 本文へ Foreign language サイトマップ 閲覧補助機能 文字サイズ 拡大 標準 背景色 白 黒 青 とじる My
32386	飯南町	shimane-official-002-083-2026	飯南町 特別障害者手当	nursing	200	https://www.iinan.jp/soshiki/13/10795.html	令和8年度特別障害者手当 - 飯南町公式ホームページ ページの先頭です。 メニューを飛ばして本文へ メニュー 検索 JavaScriptが無効のため、文字の大きさ・背景色を変更する機能を使用できません。 本文へ Foreign language サイトマップ 閲覧補助機能 文字サイズ 拡大 標準 背景色 白 黒 青 とじる Myページ キーワード検索 Goo
32386	飯南町	shimane-official-002-084-2026	飯南町 定住のための助成金制度	housing	200	https://www.iinan.jp/site/ijyuu/1360.html	定住のための助成金制度 - 飯南町公式ホームページ ページの先頭です。 メニューを飛ばして本文へ メニュー 検索 JavaScriptが無効のため、文字の大きさ・背景色を変更する機能を使用できません。 本文へ Foreign language サイトマップ 閲覧補助機能 文字サイズ 拡大 標準 背景色 白 黒 青 とじる Myページ キーワード検索 Goog
32386	飯南町	shimane-official-002-085-2026	飯南町 住宅整備助成金（利子補給）	housing	200	https://www.iinan.jp/site/hojyokin/6552.html	住宅整備助成金（利子補給） - 飯南町公式ホームページ ページの先頭です。 メニューを飛ばして本文へ メニュー 検索 JavaScriptが無効のため、文字の大きさ・背景色を変更する機能を使用できません。 本文へ Foreign language サイトマップ 閲覧補助機能 文字サイズ 拡大 標準 背景色 白 黒 青 とじる Myページ キーワード検索 Go
32386	飯南町	shimane-official-002-086-2026	飯南町 空き家購入支援事業費補助金	housing	200	https://www.iinan.jp/soshiki/6/3627.html	空き家購入支援事業費補助金 - 飯南町公式ホームページ ページの先頭です。 メニューを飛ばして本文へ メニュー 検索 JavaScriptが無効のため、文字の大きさ・背景色を変更する機能を使用できません。 本文へ Foreign language サイトマップ 閲覧補助機能 文字サイズ 拡大 標準 背景色 白 黒 青 とじる Myページ キーワード検索 Go
32386	飯南町	shimane-official-002-087-2026	飯南町 住宅増改築支援事業費補助金	housing	200	https://www.iinan.jp/soshiki/6/3626.html	住宅増改築支援事業費補助金 - 飯南町公式ホームページ ページの先頭です。 メニューを飛ばして本文へ メニュー 検索 JavaScriptが無効のため、文字の大きさ・背景色を変更する機能を使用できません。 本文へ Foreign language サイトマップ 閲覧補助機能 文字サイズ 拡大 標準 背景色 白 黒 青 とじる Myページ キーワード検索 Go
32386	飯南町	shimane-official-002-088-2026	飯南町 住宅新築支援事業費補助金	housing	200	https://www.iinan.jp/soshiki/6/3567.html	住宅新築支援事業費補助金 - 飯南町公式ホームページ ページの先頭です。 メニューを飛ばして本文へ メニュー 検索 JavaScriptが無効のため、文字の大きさ・背景色を変更する機能を使用できません。 本文へ Foreign language サイトマップ 閲覧補助機能 文字サイズ 拡大 標準 背景色 白 黒 青 とじる Myページ キーワード検索 Goo
32386	飯南町	shimane-official-002-089-2026	飯南町 町産材住宅活用促進事業費補助金	housing	200	https://www.iinan.jp/soshiki/7/3679.html	町産材住宅活用促進事業費補助金 - 飯南町公式ホームページ ページの先頭です。 メニューを飛ばして本文へ メニュー 検索 JavaScriptが無効のため、文字の大きさ・背景色を変更する機能を使用できません。 本文へ Foreign language サイトマップ 閲覧補助機能 文字サイズ 拡大 標準 背景色 白 黒 青 とじる Myページ キーワード検索
32386	飯南町	shimane-official-002-090-2026	飯南町 不妊治療費補助金	medical	200	https://www.iinan.jp/soshiki/12/1297.html	不妊治療費補助金 - 飯南町公式ホームページ ページの先頭です。 メニューを飛ばして本文へ メニュー 検索 JavaScriptが無効のため、文字の大きさ・背景色を変更する機能を使用できません。 本文へ Foreign language サイトマップ 閲覧補助機能 文字サイズ 拡大 標準 背景色 白 黒 青 とじる Myページ キーワード検索 Googleカ
32386	飯南町	shimane-official-002-091-2026	飯南町 子ども等医療費助成事業	medical	200	https://www.iinan.jp/soshiki/12/4392.html	子ども等医療費助成事業 - 飯南町公式ホームページ ページの先頭です。 メニューを飛ばして本文へ メニュー 検索 JavaScriptが無効のため、文字の大きさ・背景色を変更する機能を使用できません。 本文へ Foreign language サイトマップ 閲覧補助機能 文字サイズ 拡大 標準 背景色 白 黒 青 とじる Myページ キーワード検索 Goog
32386	飯南町	shimane-official-002-092-2026	飯南町 母子父子寡婦福祉資金貸付制度	childcare	200	https://www.iinan.jp/soshiki/13/1268.html	母子父子寡婦福祉資金貸付制度 - 飯南町公式ホームページ ページの先頭です。 メニューを飛ばして本文へ メニュー 検索 JavaScriptが無効のため、文字の大きさ・背景色を変更する機能を使用できません。 本文へ Foreign language サイトマップ 閲覧補助機能 文字サイズ 拡大 標準 背景色 白 黒 青 とじる Myページ キーワード検索 G
32386	飯南町	shimane-official-002-093-2026	飯南町 福祉医療費助成制度	medical	200	https://www.iinan.jp/soshiki/13/1265.html	福祉医療費助成制度 - 飯南町公式ホームページ ページの先頭です。 メニューを飛ばして本文へ メニュー 検索 JavaScriptが無効のため、文字の大きさ・背景色を変更する機能を使用できません。 本文へ Foreign language サイトマップ 閲覧補助機能 文字サイズ 拡大 標準 背景色 白 黒 青 とじる Myページ キーワード検索 Google
32386	飯南町	shimane-official-002-094-2026	飯南町 新エネルギー設備導入促進事業補助金	living	200	https://www.iinan.jp/site/hojyokin/9488.html	飯南町新エネルギー設備導入促進事業補助金 - 飯南町公式ホームページ ページの先頭です。 メニューを飛ばして本文へ メニュー 検索 JavaScriptが無効のため、文字の大きさ・背景色を変更する機能を使用できません。 本文へ Foreign language サイトマップ 閲覧補助機能 文字サイズ 拡大 標準 背景色 白 黒 青 とじる Myページ キーワ
32386	飯南町	shimane-official-002-095-2026	飯南町 林業就業者確保対策補助金	employment	200	https://www.iinan.jp/soshiki/7/6400.html	林業就業者確保対策補助金 - 飯南町公式ホームページ ページの先頭です。 メニューを飛ばして本文へ メニュー 検索 JavaScriptが無効のため、文字の大きさ・背景色を変更する機能を使用できません。 本文へ Foreign language サイトマップ 閲覧補助機能 文字サイズ 拡大 標準 背景色 白 黒 青 とじる Myページ キーワード検索 Goo
32386	飯南町	shimane-official-002-096-2026	飯南町 有害鳥獣対策後継者確保対策補助金	living	200	https://www.iinan.jp/soshiki/7/10934.html	有害鳥獣対策後継者確保対策補助金 - 飯南町公式ホームページ ページの先頭です。 メニューを飛ばして本文へ メニュー 検索 JavaScriptが無効のため、文字の大きさ・背景色を変更する機能を使用できません。 本文へ Foreign language サイトマップ 閲覧補助機能 文字サイズ 拡大 標準 背景色 白 黒 青 とじる Myページ キーワード検索
32386	飯南町	shimane-official-002-097-2026	飯南町 国民スポーツ大会ソフトボール競技補助金	living	200	https://www.iinan.jp/soshiki/11/3712.html	「国民スポーツ大会」成功に向けたソフトボール競技補助金を新設しました - 飯南町公式ホームページ ページの先頭です。 メニューを飛ばして本文へ メニュー 検索 JavaScriptが無効のため、文字の大きさ・背景色を変更する機能を使用できません。 本文へ Foreign language サイトマップ 閲覧補助機能 文字サイズ 拡大 標準 背景色 白 黒 青
32386	飯南町	shimane-official-002-098-2026	飯南町 母子家庭自立支援給付金・父子家庭自立支援給付金	childcare	200	https://www.iinan.jp/soshiki/13/1269.html	母子家庭自立支援給付金・父子家庭自立支援給付金 - 飯南町公式ホームページ ページの先頭です。 メニューを飛ばして本文へ メニュー 検索 JavaScriptが無効のため、文字の大きさ・背景色を変更する機能を使用できません。 本文へ Foreign language サイトマップ 閲覧補助機能 文字サイズ 拡大 標準 背景色 白 黒 青 とじる Myページ
32386	飯南町	shimane-official-002-099-2026	飯南町 中小企業等人材確保対策事業補助金	employment	200	https://www.iinan.jp/soshiki/7/4047.html	飯南町中小企業等人材確保対策事業補助金 - 飯南町公式ホームページ ページの先頭です。 メニューを飛ばして本文へ メニュー 検索 JavaScriptが無効のため、文字の大きさ・背景色を変更する機能を使用できません。 本文へ Foreign language サイトマップ 閲覧補助機能 文字サイズ 拡大 標準 背景色 白 黒 青 とじる Myページ キーワー
32386	飯南町	shimane-official-002-100-2026	飯南町 農業省力化投資支援事業	employment	200	https://www.iinan.jp/soshiki/7/10895.html	農業省力化投資支援事業（2次募集） - 飯南町公式ホームページ ページの先頭です。 メニューを飛ばして本文へ メニュー 検索 JavaScriptが無効のため、文字の大きさ・背景色を変更する機能を使用できません。 本文へ Foreign language サイトマップ 閲覧補助機能 文字サイズ 拡大 標準 背景色 白 黒 青 とじる Myページ キーワード検