municipality,score,strong,hasAmount,hasTarget,hasDeadline,title,url,snippet
"御殿場市","70","5","true","true","true","","https://www.city.gotemba.lg.jp/kenkou/","健康・福祉・子育て Skip to content メニュー キーワードを入力して探す メニューから探す ホーム 防災･安全 くらし 健康･福祉 子育て 教育･文化 スポーツ 御殿場の魅力 産業･ビジネス 行政情報 よくある質問 文字サイズ・色合い変更 ホーム &nbsp;&gt; 健康・福祉・子育て 健康・福祉・子育て 健康・福祉・子育てのお知らせ 一覧表示 2026年07月09日 ごてんば健康づくりの日のお知らせ 無線放送 NEW 2026年06月30日 がん検診実施のお知らせ 無線放送 2026年06月26日"
"湖西市","66","6","false","true","false","","https://www.city.kosai.shizuoka.jp/kosodate_kyoiku/kosodate/index.html","子育て／湖西市 スマートフォン版を表示 本文へ 文字サイズ 背景色 Select Language もしもの時は 目的別でさがす 年齢別でさがす 市ウェブサイトへ menu close もしもの時は 目的別でさがす 年齢別でさがす 市ウェブサイトへ 文字サイズ 背景色変更 Select Language PC版を見る 閉じる 目的別でさがす 年齢別でさがす 妊娠 妊娠 湖西市子育てガイドブック 母子健康手帳の交付から3歳児健診までの流れ 母子健康手帳交付 妊婦健康診査 妊娠期パパママ講座 あかちゃんのお世話体験講座"
"下田市","62","5","false","true","true","下田市の子育て支援","https://www.city.shimoda.shizuoka.jp/category/040200kosodate_ouen/155004.html","下田市の子育て支援 | 下田市 本文へのスキップリンク 設定 探す メニュー 閉じる 文字サイズ 標準 拡大 言語選択 くらし・手続き 子育て・教育 健康・福祉・医療 産業・観光 市政情報 くらし・手続き くらし・手続き 子育て・教育 子育て・教育 健康・福祉・医療 健康・福祉・医療 産業・観光 産業・観光 市政情報 市政情報 ホーム 子育て・教育 子育て支援 下田市の子育て支援 下田市の子育て支援 ●年齢からさがす ●目的からさがす ●その他 妊娠・出産 出産までの準備 母子健康手帳 母子健康手帳交付時にマイナン"
"裾野市","62","4","false","true","true","補助金","https://www.city.susono.shizuoka.jp/mokuteki/hojokin/index.html","補助金／裾野市 本文へ Select Language 文字サイズ変更 背景色変更 市の組織 よくある質問 お問い合わせ くらし・手続き 子育て・教育 健康・福祉 観光・文化・スポーツ まちづくり・建築 産業・ビジネス 市政情報 Select Language メニュー くらし・手続き 子育て・教育 健康・福祉 観光・文化・スポーツ まちづくり・建築 産業・ビジネス 市政情報 閉じる 現在の位置 裾野市公式ウェブサイト 目的で探す 補助金 補助金 裾野市移住・就業支援金 生活 感震ブレーカー設置補助事業 住まい 感"
"湖西市","52","4","false","true","true","各課連絡先","https://www.city.kosai.shizuoka.jp/shiseijoho/6119.html","各課連絡先／湖西市 スマートフォン版を表示 本文へ 文字サイズ 背景色 Select Language くらし・手続き 子育て・教育 健康・福祉 産業・しごと 観光・文化・ スポーツ 市政情報 Select Language ホーム くらし・手続き 子育て・教育 健康・福祉 産業・しごと 観光・文化・スポーツ 市政情報 PC版を表示 メニューを閉じる 現在のページ ホーム 市政情報 各課連絡先 各課連絡先 更新日：2026年05月20日 総務部 （ 総務課 / 財政課 / 契約検査室 / 税務課 ） 企画部 （ 企"
"裾野市","52","4","false","true","true","健康・福祉","https://www.city.susono.shizuoka.jp/kenko/index.html","健康・福祉／裾野市 本文へ Select Language 文字サイズ変更 背景色変更 市の組織 よくある質問 お問い合わせ くらし・手続き 子育て・教育 健康・福祉 観光・文化・スポーツ まちづくり・建築 産業・ビジネス 市政情報 Select Language メニュー くらし・手続き 子育て・教育 健康・福祉 観光・文化・スポーツ まちづくり・建築 産業・ビジネス 市政情報 閉じる 現在の位置 裾野市公式ウェブサイト 健康・福祉 健康・福祉 新着情報 NEW! 現在、新着情報はございません。 健康・医療 子ど"
"裾野市","52","4","false","true","true","子育て支援","https://www.city.susono.shizuoka.jp/mokuteki/kosodate/index.html","子育て支援／裾野市 本文へ Select Language 文字サイズ変更 背景色変更 市の組織 よくある質問 お問い合わせ くらし・手続き 子育て・教育 健康・福祉 観光・文化・スポーツ まちづくり・建築 産業・ビジネス 市政情報 Select Language メニュー くらし・手続き 子育て・教育 健康・福祉 観光・文化・スポーツ まちづくり・建築 産業・ビジネス 市政情報 閉じる 現在の位置 裾野市公式ウェブサイト 目的で探す 子育て支援 子育て支援 子育て支援 令和7年10月受診分からこども医療費助成制度"
"袋井市","52","4","false","true","true","電子申請（オンライン申請）","https://www.city.fukuroi.shizuoka.jp/soshiki/ict/ict_system/denshishinsei/1422533626721.html","電子申請（オンライン申請）／袋井市 スマートフォン版を表示 本文へ 音声読み上げ Select Language Português ：ポルトガル語 Việt ：ベトナム語 简体中文 ：中国語(簡体) 繁體中文 ：中国語(繁体) English ：英語 Español ：スペイン語 한국어 ：韓国語 日本語 ：日本語 Go ルビふり ルビをけす やさしい日本語 やさしい日本語をけす 組織から探す 文字 サイズ 背景色 変更 くらし・手続き 子育て・教育 健康・医療・福祉 観光・文化・スポーツ 事業者向け 市政情報 "
"御殿場市","50","3","true","true","true","","https://www.city.gotemba.lg.jp/kyouiku/","教育・文化・スポーツ Skip to content メニュー キーワードを入力して探す メニューから探す ホーム 防災･安全 くらし 健康･福祉 子育て 教育･文化 スポーツ 御殿場の魅力 産業･ビジネス 行政情報 よくある質問 文字サイズ・色合い変更 ホーム &nbsp;&gt; 教育・文化・スポーツ 教育・文化・スポーツ 教育・文化・スポーツのお知らせ 一覧表示 2026年07月06日 「富士山市民のサロン けやきかん」全館貸切のお知らせ 無線放送 2026年07月06日 御殿場市民会館自主事業「みくりやジャ"
"下田市","42","3","false","true","true","子育て・教育","https://www.city.shimoda.shizuoka.jp/category/kosodate_kyouiku/index.html","子育て・教育 | 下田市 本文へのスキップリンク 設定 探す メニュー 閉じる 文字サイズ 標準 拡大 言語選択 くらし・手続き 子育て・教育 健康・福祉・医療 産業・観光 市政情報 くらし・手続き くらし・手続き 子育て・教育 子育て・教育 健康・福祉・医療 健康・福祉・医療 産業・観光 産業・観光 市政情報 市政情報 ホーム 子育て・教育 子育て・教育 サブカテゴリ お母さんと子どもの健康管理 子育て支援 ひとり親家庭 妊娠・出産 手当・助成など 保育所（園）・こども園 入園・入学 学校・給食 施設案内 教育委"
"下田市","42","3","false","true","true","健康・福祉・医療","https://www.city.shimoda.shizuoka.jp/category/030000kenkou_hoken/index.html","健康・福祉・医療 | 下田市 本文へのスキップリンク 設定 探す メニュー 閉じる 文字サイズ 標準 拡大 言語選択 くらし・手続き 子育て・教育 健康・福祉・医療 産業・観光 市政情報 くらし・手続き くらし・手続き 子育て・教育 子育て・教育 健康・福祉・医療 健康・福祉・医療 産業・観光 産業・観光 市政情報 市政情報 ホーム 健康・福祉・医療 健康・福祉・医療 サブカテゴリ 国民健康保険 国民年金 医療機関 大人の健康管理 高齢者 介護保険 後期高齢者医療 社会福祉・地域福祉 障害者福祉 コンテンツ 地域包"
"御殿場市","42","3","false","true","true","","https://www.city.gotemba.lg.jp/sangyou/","産業・ビジネス Skip to content メニュー キーワードを入力して探す メニューから探す ホーム 防災･安全 くらし 健康･福祉 子育て 教育･文化 スポーツ 御殿場の魅力 産業･ビジネス 行政情報 よくある質問 文字サイズ・色合い変更 ホーム &nbsp;&gt; 産業・ビジネス 産業・ビジネス 産業・ビジネスのお知らせ 一覧表示 2026年07月14日 集約化構想の作成に向けた協議の実施について NEW 2026年07月07日 乙女森林公園キャンプ場電話回線復旧のお知らせ 2026年06月30日 【"
"裾野市","42","3","false","true","true","産業・ビジネス","https://www.city.susono.shizuoka.jp/sangyo/index.html","産業・ビジネス／裾野市 本文へ Select Language 文字サイズ変更 背景色変更 市の組織 よくある質問 お問い合わせ くらし・手続き 子育て・教育 健康・福祉 観光・文化・スポーツ まちづくり・建築 産業・ビジネス 市政情報 Select Language メニュー くらし・手続き 子育て・教育 健康・福祉 観光・文化・スポーツ まちづくり・建築 産業・ビジネス 市政情報 閉じる 現在の位置 裾野市公式ウェブサイト 産業・ビジネス 産業・ビジネス 新着情報 NEW! 現在、新着情報はございません。 入札"
"裾野市","42","3","false","true","true","保険・年金","https://www.city.susono.shizuoka.jp/mokuteki/hoken_nenkin/index.html","保険・年金／裾野市 本文へ Select Language 文字サイズ変更 背景色変更 市の組織 よくある質問 お問い合わせ くらし・手続き 子育て・教育 健康・福祉 観光・文化・スポーツ まちづくり・建築 産業・ビジネス 市政情報 Select Language メニュー くらし・手続き 子育て・教育 健康・福祉 観光・文化・スポーツ まちづくり・建築 産業・ビジネス 市政情報 閉じる 現在の位置 裾野市公式ウェブサイト 目的で探す 保険・年金 保険・年金 国民健康保険 令和8年度から始まる「子ども・子育て支援金"
"袋井市","42","3","false","true","true","申請書などのダウンロード一覧","https://www.city.fukuroi.shizuoka.jp/shiseijoho/link/1425447036451.html","申請書などのダウンロード一覧／袋井市 スマートフォン版を表示 本文へ 音声読み上げ Select Language Português ：ポルトガル語 Việt ：ベトナム語 简体中文 ：中国語(簡体) 繁體中文 ：中国語(繁体) English ：英語 Español ：スペイン語 한국어 ：韓国語 日本語 ：日本語 Go ルビふり ルビをけす やさしい日本語 やさしい日本語をけす 組織から探す 文字 サイズ 背景色 変更 くらし・手続き 子育て・教育 健康・医療・福祉 観光・文化・スポーツ 事業者向け 市政情報"
"袋井市","40","1","true","true","true","定額減税（調整給付金、不足額給付金）について","https://www.city.fukuroi.shizuoka.jp/juyo/12819.html","定額減税（調整給付金、不足額給付金）について／袋井市 スマートフォン版を表示 本文へ 音声読み上げ Select Language Português ：ポルトガル語 Việt ：ベトナム語 简体中文 ：中国語(簡体) 繁體中文 ：中国語(繁体) English ：英語 Español ：スペイン語 한국어 ：韓国語 日本語 ：日本語 Go ルビふり ルビをけす やさしい日本語 やさしい日本語をけす 組織から探す 文字 サイズ 背景色 変更 くらし・手続き 子育て・教育 健康・医療・福祉 観光・文化・スポーツ 事業"
"下田市","36","3","false","false","true","子育て支援","https://www.city.shimoda.shizuoka.jp/category/040200kosodate_ouen/index.html","子育て支援 | 下田市 本文へのスキップリンク 設定 探す メニュー 閉じる 文字サイズ 標準 拡大 言語選択 くらし・手続き 子育て・教育 健康・福祉・医療 産業・観光 市政情報 くらし・手続き くらし・手続き 子育て・教育 子育て・教育 健康・福祉・医療 健康・福祉・医療 産業・観光 産業・観光 市政情報 市政情報 ホーム 子育て・教育 子育て支援 子育て支援 コンテンツ 下田市高等学校等通学費補助制度のお知らせ 下田市こども家庭センター設置のお知らせ 子ども医療費助成制度 母子家庭等高等職業訓練促進給付金 下"
"裾野市","36","3","false","false","true","妊娠・出産","https://www.city.susono.shizuoka.jp/mokuteki/ninshin_shussan/index.html","妊娠・出産／裾野市 本文へ Select Language 文字サイズ変更 背景色変更 市の組織 よくある質問 お問い合わせ くらし・手続き 子育て・教育 健康・福祉 観光・文化・スポーツ まちづくり・建築 産業・ビジネス 市政情報 Select Language メニュー くらし・手続き 子育て・教育 健康・福祉 観光・文化・スポーツ まちづくり・建築 産業・ビジネス 市政情報 閉じる 現在の位置 裾野市公式ウェブサイト 目的で探す 妊娠・出産 妊娠・出産 妊娠・出産 パパママスクール(予約制) 母子健康手帳交付"
"下田市","34","2","true","false","true","下田市へ移住をお考えの方はこちら！","https://www.city.shimoda.shizuoka.jp/category/081800koryukyoju/111015.html","下田市へ移住をお考えの方はこちら！ | 下田市 本文へのスキップリンク 設定 探す メニュー 閉じる 文字サイズ 標準 拡大 言語選択 くらし・手続き 子育て・教育 健康・福祉・医療 産業・観光 市政情報 くらし・手続き くらし・手続き 子育て・教育 子育て・教育 健康・福祉・医療 健康・福祉・医療 産業・観光 産業・観光 市政情報 市政情報 ホーム 市政 交流居住 下田市へ移住をお考えの方はこちら！ 下田市へ移住をお考えの方はこちら！ 目次 お知らせ アクセス Shimoda Life 資料請求 お知らせ 平日オ"
"下田市","32","2","false","true","true","新着情報／入札・契約","https://www.city.shimoda.shizuoka.jp/contents/newinfo/index.html","新着情報／入札・契約 | 下田市 本文へのスキップリンク 設定 探す メニュー 閉じる 文字サイズ 標準 拡大 言語選択 くらし・手続き 子育て・教育 健康・福祉・医療 産業・観光 市政情報 くらし・手続き くらし・手続き 子育て・教育 子育て・教育 健康・福祉・医療 健康・福祉・医療 産業・観光 産業・観光 市政情報 市政情報 ホーム 新着情報／入札・契約 新着情報／入札・契約 新着情報 2026年7月13日 令和8年度下田市物価高騰対応重点支援給付金について 2026年7月8日 下財第226号 令和8年度 下田"
"下田市","32","2","false","true","true","新着情報／入札・契約","https://www.city.shimoda.shizuoka.jp/contents/newinfo/index.html","新着情報／入札・契約 | 下田市 本文へのスキップリンク 設定 探す メニュー 閉じる 文字サイズ 標準 拡大 言語選択 くらし・手続き 子育て・教育 健康・福祉・医療 産業・観光 市政情報 くらし・手続き くらし・手続き 子育て・教育 子育て・教育 健康・福祉・医療 健康・福祉・医療 産業・観光 産業・観光 市政情報 市政情報 ホーム 新着情報／入札・契約 新着情報／入札・契約 新着情報 2026年7月13日 令和8年度下田市物価高騰対応重点支援給付金について 2026年7月8日 下財第226号 令和8年度 下田"
"下田市","32","2","false","true","true","転出届（市外へのお引越し）","https://www.city.shimoda.shizuoka.jp/category/kurashi_tetsuduki/157088.html","転出届（市外へのお引越し） | 下田市 本文へのスキップリンク 設定 探す メニュー 閉じる 文字サイズ 標準 拡大 言語選択 くらし・手続き 子育て・教育 健康・福祉・医療 産業・観光 市政情報 くらし・手続き くらし・手続き 子育て・教育 子育て・教育 健康・福祉・医療 健康・福祉・医療 産業・観光 産業・観光 市政情報 市政情報 ホーム くらし・手続き 転出届（市外へのお引越し） 転出届（市外へのお引越し） 下田市内から他の市区町村や国外へお引越しをするときの手続です。 届出期間 新しい住所に住み始める日の1"
"下田市","32","2","false","true","true","転居届（市内でのお引越し）","https://www.city.shimoda.shizuoka.jp/category/kurashi_tetsuduki/157090.html","転居届（市内でのお引越し） | 下田市 本文へのスキップリンク 設定 探す メニュー 閉じる 文字サイズ 標準 拡大 言語選択 くらし・手続き 子育て・教育 健康・福祉・医療 産業・観光 市政情報 くらし・手続き くらし・手続き 子育て・教育 子育て・教育 健康・福祉・医療 健康・福祉・医療 産業・観光 産業・観光 市政情報 市政情報 ホーム くらし・手続き 転居届（市内でのお引越し） 転居届（市内でのお引越し） 下田市内でお引越しをしたときの手続です。 届出期間 新しい住所に住み始めてから14日以内（未来の日付で"
"湖西市","32","2","false","true","true","","https://www.city.kosai.shizuoka.jp/kigyoshokai/index.html","モノづくり企業支援サイト／湖西市 スマートフォン版を表示 本文へ 文字サイズ 背景色変更 Multilingual HOME 支援 企業検索 企業PR お問い合わせ HOME 支援 企業検索 企業PR お問い合わせ 文字サイズ 背景色変更 Multilingual PCサイトを表示 閉じる 2026年07月08日 【相談無料】出張 ”モノづくりサポート” 企業を訪問して相談を受け付けます お知らせ 募集 2026年07月02日 中小企業向け「安全体感講座」受講者募集（湖西地域職業訓練センター） お知らせ 募集 セミ"
"御殿場市","32","2","false","true","true","","https://www.city.gotemba.lg.jp/gyousei/category/g-p-info/g-p-info-pap","広報ごてんば &#8211; 行政情報 Skip to content メニュー キーワードを入力して探す メニューから探す ホーム 防災･安全 くらし 健康･福祉 子育て 教育･文化 スポーツ 御殿場の魅力 産業･ビジネス 行政情報 よくある質問 文字サイズ・色合い変更 ホーム &nbsp;&gt; 行政情報 &gt; お知らせ &gt; 広報ごてんば 令和8年度 広報ごてんば一覧 07月05日 広報ごてんば7月5日号 2026年 ダウンロード: 広報ごてんば7月5日号【PDF :17MB】 特集 NEW OPE"
"裾野市","32","2","false","true","true","くらし・手続き","https://www.city.susono.shizuoka.jp/kurashi/index.html","くらし・手続き／裾野市 本文へ Select Language 文字サイズ変更 背景色変更 市の組織 よくある質問 お問い合わせ くらし・手続き 子育て・教育 健康・福祉 観光・文化・スポーツ まちづくり・建築 産業・ビジネス 市政情報 Select Language メニュー くらし・手続き 子育て・教育 健康・福祉 観光・文化・スポーツ まちづくり・建築 産業・ビジネス 市政情報 閉じる 現在の位置 裾野市公式ウェブサイト くらし・手続き くらし・手続き 新着情報 NEW! 現在、新着情報はございません。 届出"
"袋井市","32","2","false","true","true","暮らし・手続き","https://www.city.fukuroi.shizuoka.jp/kurashi_tetsuzuki/index.html","暮らし・手続き／袋井市 スマートフォン版を表示 本文へ 音声読み上げ Select Language Português ：ポルトガル語 Việt ：ベトナム語 简体中文 ：中国語(簡体) 繁體中文 ：中国語(繁体) English ：英語 Español ：スペイン語 한국어 ：韓国語 日本語 ：日本語 Go ルビふり ルビをけす やさしい日本語 やさしい日本語をけす 組織から探す 文字 サイズ 背景色 変更 くらし・手続き 子育て・教育 健康・医療・福祉 観光・文化・スポーツ 事業者向け 市政情報 キーワード検"
"袋井市","32","2","false","true","true","市役所の組織と業務（令和8年度版）","https://www.city.fukuroi.shizuoka.jp/shiseijoho/gaiyo/1425447055565.html","市役所の組織と業務（令和8年度版）／袋井市 スマートフォン版を表示 本文へ 音声読み上げ Select Language Português ：ポルトガル語 Việt ：ベトナム語 简体中文 ：中国語(簡体) 繁體中文 ：中国語(繁体) English ：英語 Español ：スペイン語 한국어 ：韓国語 日本語 ：日本語 Go ルビふり ルビをけす やさしい日本語 やさしい日本語をけす 組織から探す 文字 サイズ 背景色 変更 くらし・手続き 子育て・教育 健康・医療・福祉 観光・文化・スポーツ 事業者向け 市"
"下田市","30","1","true","true","true","下田市ふるさと応援寄附制度","https://www.city.shimoda.shizuoka.jp/category/080101furusato_kifu/121170.html","下田市ふるさと応援寄附制度 | 下田市 本文へのスキップリンク 設定 探す メニュー 閉じる 文字サイズ 標準 拡大 言語選択 くらし・手続き 子育て・教育 健康・福祉・医療 産業・観光 市政情報 くらし・手続き くらし・手続き 子育て・教育 子育て・教育 健康・福祉・医療 健康・福祉・医療 産業・観光 産業・観光 市政情報 市政情報 ホーム 市政 まちづくり 下田市ふるさと寄附制度 下田市ふるさと応援寄附制度 下田市ふるさと応援寄附制度 目次 お知らせ 寄附の方法 制度概要 まちづくり 活用状況 協力企業 お知ら"
"下田市","30","1","true","true","true","令和8年度下田市物価高騰対応重点支援給付金について","https://www.city.shimoda.shizuoka.jp/category/kurashi_tetsuduki/159319.html","令和8年度下田市物価高騰対応重点支援給付金について | 下田市 本文へのスキップリンク 設定 探す メニュー 閉じる 文字サイズ 標準 拡大 言語選択 くらし・手続き 子育て・教育 健康・福祉・医療 産業・観光 市政情報 くらし・手続き くらし・手続き 子育て・教育 子育て・教育 健康・福祉・医療 健康・福祉・医療 産業・観光 産業・観光 市政情報 市政情報 ホーム くらし・手続き 令和8年度下田市物価高騰対応重点支援給付金について 令和8年度下田市物価高騰対応重点支援給付金について 国の物価高騰対応重点支援地方創"
"下田市","30","1","true","true","true","令和8年度下田市物価高騰対応重点支援給付金について","https://www.city.shimoda.shizuoka.jp/category/kurashi_tetsuduki/159319.html","令和8年度下田市物価高騰対応重点支援給付金について | 下田市 本文へのスキップリンク 設定 探す メニュー 閉じる 文字サイズ 標準 拡大 言語選択 くらし・手続き 子育て・教育 健康・福祉・医療 産業・観光 市政情報 くらし・手続き くらし・手続き 子育て・教育 子育て・教育 健康・福祉・医療 健康・福祉・医療 産業・観光 産業・観光 市政情報 市政情報 ホーム くらし・手続き 令和8年度下田市物価高騰対応重点支援給付金について 令和8年度下田市物価高騰対応重点支援給付金について 国の物価高騰対応重点支援地方創"
"御殿場市","30","1","true","true","true","","https://www.city.gotemba.lg.jp/kenkou/c-p-info/c-p-info-02/15673.html","ごてんば健康づくりの日のお知らせ &#8211; 健康・福祉・子育て Skip to content メニュー キーワードを入力して探す メニューから探す ホーム 防災･安全 くらし 健康･福祉 子育て 教育･文化 スポーツ 御殿場の魅力 産業･ビジネス 行政情報 よくある質問 文字サイズ・色合い変更 ホーム &nbsp;&gt; 健康・福祉・子育て &gt; お知らせ &gt; 無線放送 &gt; ごてんば健康づくりの日のお知らせ 健康・福祉・子育て ごてんば健康づくりの日のお知らせ 毎月10日は「ごてんば健康づ"
"裾野市","30","1","true","true","true","裾野市デジタル目安箱（市政への提案・意見）","https://www.city.susono.shizuoka.jp/soshiki/3/4/9/dejitarumeyasubako16931.html","裾野市デジタル目安箱（市政への提案・意見）／裾野市 本文へ Select Language 文字サイズ変更 背景色変更 市の組織 よくある質問 お問い合わせ くらし・手続き 子育て・教育 健康・福祉 観光・文化・スポーツ まちづくり・建築 産業・ビジネス 市政情報 Select Language メニュー くらし・手続き 子育て・教育 健康・福祉 観光・文化・スポーツ まちづくり・建築 産業・ビジネス 市政情報 閉じる 現在の位置 裾野市公式ウェブサイト 市の組織 市長戦略部 秘書広報課（秘書係） 広報・広聴 裾野"
"裾野市","30","1","true","true","true","","https://www.city.susono.shizuoka.jp/soshiki/3/3/ijuu/index.html","裾野市公式定住・移住情報サイト「裾野ぐらし」／裾野市 本文へ Select Language 文字サイズ変更 背景色変更 市の組織 よくある質問 お問い合わせ くらし・手続き 子育て・教育 健康・福祉 観光・文化・スポーツ まちづくり・建築 産業・ビジネス 市政情報 Select Language メニュー くらし・手続き 子育て・教育 健康・福祉 観光・文化・スポーツ まちづくり・建築 産業・ビジネス 市政情報 閉じる 現在の位置 裾野市公式ウェブサイト 市の組織 市長戦略部 秘書広報課（広報広聴係） 裾野市公式"
"袋井市","30","1","true","true","true","「手続きナビ」をご利用ください","https://www.city.fukuroi.shizuoka.jp/soshiki/ict/1/12298.html","「手続きナビ」をご利用ください／袋井市 スマートフォン版を表示 本文へ 音声読み上げ Select Language Português ：ポルトガル語 Việt ：ベトナム語 简体中文 ：中国語(簡体) 繁體中文 ：中国語(繁体) English ：英語 Español ：スペイン語 한국어 ：韓国語 日本語 ：日本語 Go ルビふり ルビをけす やさしい日本語 やさしい日本語をけす 組織から探す 文字 サイズ 背景色 変更 くらし・手続き 子育て・教育 健康・医療・福祉 観光・文化・スポーツ 事業者向け 市政情"
"下田市","22","1","false","true","true","トップページ | 下田市","https://www.city.shimoda.shizuoka.jp/","トップページ | 下田市 本文へのスキップリンク 設定 探す メニュー 閉じる 文字サイズ 標準 拡大 言語選択 くらし・手続き 子育て・教育 健康・福祉・医療 産業・観光 市政情報 くらし・手続き くらし・手続き 子育て・教育 子育て・教育 健康・福祉・医療 健康・福祉・医療 産業・観光 産業・観光 市政情報 市政情報 ライフイベントから探す 妊娠・出産 子育て 学校教育 引越・住まい 就職・退職 結婚・離婚 高齢者 おくやみ よく利用されるメニュー 入札・契約 ごみ・リサイクル 証明・納税 国民年金 介護保険 "
"下田市","22","1","false","true","true","トップページ | 下田市","https://www.city.shimoda.shizuoka.jp/index.html","トップページ | 下田市 本文へのスキップリンク 設定 探す メニュー 閉じる 文字サイズ 標準 拡大 言語選択 くらし・手続き 子育て・教育 健康・福祉・医療 産業・観光 市政情報 くらし・手続き くらし・手続き 子育て・教育 子育て・教育 健康・福祉・医療 健康・福祉・医療 産業・観光 産業・観光 市政情報 市政情報 ライフイベントから探す 妊娠・出産 子育て 学校教育 引越・住まい 就職・退職 結婚・離婚 高齢者 おくやみ よく利用されるメニュー 入札・契約 ごみ・リサイクル 証明・納税 国民年金 介護保険 "
"下田市","22","1","false","true","true","下田市役所 各課のご案内","https://www.city.shimoda.shizuoka.jp/category/080700shiyakusyo_annai/110203.html","下田市役所 各課のご案内 | 下田市 本文へのスキップリンク 設定 探す メニュー 閉じる 文字サイズ 標準 拡大 言語選択 くらし・手続き 子育て・教育 健康・福祉・医療 産業・観光 市政情報 くらし・手続き くらし・手続き 子育て・教育 子育て・教育 健康・福祉・医療 健康・福祉・医療 産業・観光 産業・観光 市政情報 市政情報 ホーム 市政 市役所案内 下田市役所 各課のご案内 下田市役所 各課のご案内 下田市役所の各課の電話番号・FAX・Eメール・業務内容等です。 目次 総務課 財務課 企画課 出納室 防災"
"下田市","22","1","false","true","true","友だち募集中！下田市LINE公式アカウント","https://www.city.shimoda.shizuoka.jp/category/010000bouhan_bousai/157258.html","友だち募集中！下田市LINE公式アカウント | 下田市 本文へのスキップリンク 設定 探す メニュー 閉じる 文字サイズ 標準 拡大 言語選択 くらし・手続き 子育て・教育 健康・福祉・医療 産業・観光 市政情報 くらし・手続き くらし・手続き 子育て・教育 子育て・教育 健康・福祉・医療 健康・福祉・医療 産業・観光 産業・観光 市政情報 市政情報 ホーム くらし・手続き 防犯・防災 友だち募集中！下田市LINE公式アカウント 友だち募集中！下田市LINE公式アカウント 友だち募集中！下田市LINE公式アカウント"
"下田市","22","1","false","true","true","トップページ | 下田市","https://www.city.shimoda.shizuoka.jp/index.html","トップページ | 下田市 本文へのスキップリンク 設定 探す メニュー 閉じる 文字サイズ 標準 拡大 言語選択 くらし・手続き 子育て・教育 健康・福祉・医療 産業・観光 市政情報 くらし・手続き くらし・手続き 子育て・教育 子育て・教育 健康・福祉・医療 健康・福祉・医療 産業・観光 産業・観光 市政情報 市政情報 ライフイベントから探す 妊娠・出産 子育て 学校教育 引越・住まい 就職・退職 結婚・離婚 高齢者 おくやみ よく利用されるメニュー 入札・契約 ごみ・リサイクル 証明・納税 国民年金 介護保険 "
"下田市","22","1","false","true","true","友だち募集中！下田市LINE公式アカウント","https://www.city.shimoda.shizuoka.jp/category/kurashi_tetsuduki/157258.html","友だち募集中！下田市LINE公式アカウント | 下田市 本文へのスキップリンク 設定 探す メニュー 閉じる 文字サイズ 標準 拡大 言語選択 くらし・手続き 子育て・教育 健康・福祉・医療 産業・観光 市政情報 くらし・手続き くらし・手続き 子育て・教育 子育て・教育 健康・福祉・医療 健康・福祉・医療 産業・観光 産業・観光 市政情報 市政情報 ホーム くらし・手続き 友だち募集中！下田市LINE公式アカウント 友だち募集中！下田市LINE公式アカウント 友だち募集中！下田市LINE公式アカウント 市民の皆さ"
"御殿場市","22","1","false","true","true","","https://www.city.gotemba.lg.jp/anzen/","防災・安全 Skip to content メニュー キーワードを入力して探す メニューから探す ホーム 防災･安全 くらし 健康･福祉 子育て 教育･文化 スポーツ 御殿場の魅力 産業･ビジネス 行政情報 よくある質問 文字サイズ・色合い変更 ホーム &nbsp;&gt; 防災・安全 防災・安全 防災・安全のお知らせ 一覧表示 2026年07月15日 令和8年度富士山火山防災情報伝達訓練実施のお知らせ 無線放送 NEW 2026年07月10日 夏の交通安全県民運動実施のお知らせ 無線放送 NEW 2026年06月"
"御殿場市","22","1","false","true","true","","https://www.city.gotemba.lg.jp/kurashi/","くらし Skip to content メニュー キーワードを入力して探す メニューから探す ホーム 防災･安全 くらし 健康･福祉 子育て 教育･文化 スポーツ 御殿場の魅力 産業･ビジネス 行政情報 よくある質問 文字サイズ・色合い変更 ホーム &nbsp;&gt; くらし くらし くらしのお知らせ 一覧表示 2026年07月13日 水生生物観察会に参加しよう! NEW 2026年07月10日 市営住宅入居者募集のお知らせ 無線放送 NEW 2026年07月08日 第22回御殿場市花壇コンクール参加者募集! 無"
"御殿場市","22","1","false","true","true","","https://www.city.gotemba.lg.jp/gyousei/","行政情報 Skip to content メニュー キーワードを入力して探す メニューから探す ホーム 防災･安全 くらし 健康･福祉 子育て 教育･文化 スポーツ 御殿場の魅力 産業･ビジネス 行政情報 よくある質問 文字サイズ・色合い変更 ホーム &nbsp;&gt; 行政情報 行政情報 行政情報のお知らせ 一覧表示 2026年07月09日 中心市街地活性化イベント「高校生が主催!御殿場駅前学園祭開催 」のお知らせ 無線放送 NEW 2026年07月08日 「GOTEMBA MIRAI PROJECT 2026"
"御殿場市","22","1","false","true","true","","https://www.city.gotemba.lg.jp/daily_info","今日の行事とお知らせ &#8211; 御殿場市公式ホームページ Skip to content メニュー キーワードを入力して探す メニューから探す ホーム 防災･安全 くらし 健康･福祉 子育て 教育･文化 スポーツ 御殿場の魅力 産業･ビジネス 行政情報 よくある質問 文字サイズ・色合い変更 ホーム &gt; 今日の行事とお知らせ 今日の行事とお知らせ 同報無線で放送された内容です。 同報無線の戸別受信機の故障については、危機管理課（TEL： 0550-82-4370 ）までお問い合わせください。 ■ 関連ペー"
"裾野市","22","1","false","true","true","","https://www.city.susono.shizuoka.jp/","裾野市公式ウェブサイト／裾野市 本文へ Select Language 文字サイズ変更 背景色変更 市の組織 よくある質問 お問い合わせ くらし・手続き 子育て・教育 健康・福祉 観光・文化・スポーツ まちづくり・建築 産業・ビジネス 市政情報 Select Language メニュー くらし・手続き 子育て・教育 健康・福祉 観光・文化・スポーツ まちづくり・建築 産業・ビジネス 市政情報 閉じる 富士山ライブカメラ 富士山の様子をライブカメラで配信中 くらしの便利サービス 施設情報 市の施設情報を、カテゴリ別や"
"裾野市","22","1","false","true","true","","https://www.city.susono.shizuoka.jp/index.html","裾野市公式ウェブサイト／裾野市 本文へ Select Language 文字サイズ変更 背景色変更 市の組織 よくある質問 お問い合わせ くらし・手続き 子育て・教育 健康・福祉 観光・文化・スポーツ まちづくり・建築 産業・ビジネス 市政情報 Select Language メニュー くらし・手続き 子育て・教育 健康・福祉 観光・文化・スポーツ まちづくり・建築 産業・ビジネス 市政情報 閉じる 富士山ライブカメラ 富士山の様子をライブカメラで配信中 くらしの便利サービス 施設情報 市の施設情報を、カテゴリ別や"
"裾野市","22","1","false","true","true","子育て・教育","https://www.city.susono.shizuoka.jp/kosodate/index.html","子育て・教育／裾野市 本文へ Select Language 文字サイズ変更 背景色変更 市の組織 よくある質問 お問い合わせ くらし・手続き 子育て・教育 健康・福祉 観光・文化・スポーツ まちづくり・建築 産業・ビジネス 市政情報 Select Language メニュー くらし・手続き 子育て・教育 健康・福祉 観光・文化・スポーツ まちづくり・建築 産業・ビジネス 市政情報 閉じる 現在の位置 裾野市公式ウェブサイト 子育て・教育 子育て・教育 新着情報 NEW! 現在、新着情報はございません。 妊娠・出産"
"裾野市","22","1","false","true","true","観光・文化・スポーツ","https://www.city.susono.shizuoka.jp/kanko/index.html","観光・文化・スポーツ／裾野市 本文へ Select Language 文字サイズ変更 背景色変更 市の組織 よくある質問 お問い合わせ くらし・手続き 子育て・教育 健康・福祉 観光・文化・スポーツ まちづくり・建築 産業・ビジネス 市政情報 Select Language メニュー くらし・手続き 子育て・教育 健康・福祉 観光・文化・スポーツ まちづくり・建築 産業・ビジネス 市政情報 閉じる 現在の位置 裾野市公式ウェブサイト 観光・文化・スポーツ 観光・文化・スポーツ 新着情報 NEW! 現在、新着情報はご"
"裾野市","22","1","false","true","true","市政情報","https://www.city.susono.shizuoka.jp/shisei/index.html","市政情報／裾野市 本文へ Select Language 文字サイズ変更 背景色変更 市の組織 よくある質問 お問い合わせ くらし・手続き 子育て・教育 健康・福祉 観光・文化・スポーツ まちづくり・建築 産業・ビジネス 市政情報 Select Language メニュー くらし・手続き 子育て・教育 健康・福祉 観光・文化・スポーツ まちづくり・建築 産業・ビジネス 市政情報 閉じる 現在の位置 裾野市公式ウェブサイト 市政情報 市政情報 新着情報 NEW! 現在、新着情報はございません。 市長の部屋 市長戦略2"
"袋井市","22","1","false","true","true","","https://www.city.fukuroi.shizuoka.jp/","ホーム／袋井市 スマートフォン版を表示 本文へ 音声読み上げ Select Language Português ：ポルトガル語 Việt ：ベトナム語 简体中文 ：中国語(簡体) 繁體中文 ：中国語(繁体) English ：英語 Español ：スペイン語 한국어 ：韓国語 日本語 ：日本語 Go ルビふり ルビをけす やさしい日本語 やさしい日本語をけす 組織から探す 文字 サイズ 背景色 変更 くらし・手続き 子育て・教育 健康・医療・福祉 観光・文化・スポーツ 事業者向け 市政情報 キーワード検索 ホー"
"袋井市","22","1","false","true","true","","https://www.city.fukuroi.shizuoka.jp/index.html","ホーム／袋井市 スマートフォン版を表示 本文へ 音声読み上げ Select Language Português ：ポルトガル語 Việt ：ベトナム語 简体中文 ：中国語(簡体) 繁體中文 ：中国語(繁体) English ：英語 Español ：スペイン語 한국어 ：韓国語 日本語 ：日本語 Go ルビふり ルビをけす やさしい日本語 やさしい日本語をけす 組織から探す 文字 サイズ 背景色 変更 くらし・手続き 子育て・教育 健康・医療・福祉 観光・文化・スポーツ 事業者向け 市政情報 キーワード検索 ホー"
"袋井市","22","1","false","true","true","子育て・教育","https://www.city.fukuroi.shizuoka.jp/kosodate_kyoiku/index.html","子育て・教育／袋井市 スマートフォン版を表示 本文へ 音声読み上げ Select Language Português ：ポルトガル語 Việt ：ベトナム語 简体中文 ：中国語(簡体) 繁體中文 ：中国語(繁体) English ：英語 Español ：スペイン語 한국어 ：韓国語 日本語 ：日本語 Go ルビふり ルビをけす やさしい日本語 やさしい日本語をけす 組織から探す 文字 サイズ 背景色 変更 くらし・手続き 子育て・教育 健康・医療・福祉 観光・文化・スポーツ 事業者向け 市政情報 キーワード検索"
"袋井市","22","1","false","true","true","健康・医療・福祉","https://www.city.fukuroi.shizuoka.jp/kenko_iryo/index.html","健康・医療・福祉／袋井市 スマートフォン版を表示 本文へ 音声読み上げ Select Language Português ：ポルトガル語 Việt ：ベトナム語 简体中文 ：中国語(簡体) 繁體中文 ：中国語(繁体) English ：英語 Español ：スペイン語 한국어 ：韓国語 日本語 ：日本語 Go ルビふり ルビをけす やさしい日本語 やさしい日本語をけす 組織から探す 文字 サイズ 背景色 変更 くらし・手続き 子育て・教育 健康・医療・福祉 観光・文化・スポーツ 事業者向け 市政情報 キーワード"
"袋井市","22","1","false","true","true","観光・文化・スポーツ","https://www.city.fukuroi.shizuoka.jp/kanko_bunka/index.html","観光・文化・スポーツ／袋井市 スマートフォン版を表示 本文へ 音声読み上げ Select Language Português ：ポルトガル語 Việt ：ベトナム語 简体中文 ：中国語(簡体) 繁體中文 ：中国語(繁体) English ：英語 Español ：スペイン語 한국어 ：韓国語 日本語 ：日本語 Go ルビふり ルビをけす やさしい日本語 やさしい日本語をけす 組織から探す 文字 サイズ 背景色 変更 くらし・手続き 子育て・教育 健康・医療・福祉 観光・文化・スポーツ 事業者向け 市政情報 キーワ"
"袋井市","22","1","false","true","true","事業者向け","https://www.city.fukuroi.shizuoka.jp/jigyosha/index.html","事業者向け／袋井市 スマートフォン版を表示 本文へ 音声読み上げ Select Language Português ：ポルトガル語 Việt ：ベトナム語 简体中文 ：中国語(簡体) 繁體中文 ：中国語(繁体) English ：英語 Español ：スペイン語 한국어 ：韓国語 日本語 ：日本語 Go ルビふり ルビをけす やさしい日本語 やさしい日本語をけす 組織から探す 文字 サイズ 背景色 変更 くらし・手続き 子育て・教育 健康・医療・福祉 観光・文化・スポーツ 事業者向け 市政情報 キーワード検索 "
"下田市","20","0","true","true","true","2026年7月号 広報しもだ","https://www.city.shimoda.shizuoka.jp/category/kouhousimoda2026/159317.html","2026年7月号 広報しもだ | 下田市 本文へのスキップリンク 設定 探す メニュー 閉じる 文字サイズ 標準 拡大 言語選択 くらし・手続き 子育て・教育 健康・福祉・医療 産業・観光 市政情報 くらし・手続き くらし・手続き 子育て・教育 子育て・教育 健康・福祉・医療 健康・福祉・医療 産業・観光 産業・観光 市政情報 市政情報 ホーム 市政 広報・広聴 広報しもだ2026年度 2026年7月号 広報しもだ 2026年7月号 広報しもだ 内容 号数：広報しもだ令和8年7月号 一括ダウンロード： 広報しもだ令"
"下田市","20","0","true","true","true","下田市ホームページ 広告募集","https://www.city.shimoda.shizuoka.jp/category/080501homepage/110067.html","下田市ホームページ 広告募集 | 下田市 本文へのスキップリンク 設定 探す メニュー 閉じる 文字サイズ 標準 拡大 言語選択 くらし・手続き 子育て・教育 健康・福祉・医療 産業・観光 市政情報 くらし・手続き くらし・手続き 子育て・教育 子育て・教育 健康・福祉・医療 健康・福祉・医療 産業・観光 産業・観光 市政情報 市政情報 ホーム 市政 広報・広聴 ホームページについて 下田市ホームページ 広告募集 下田市ホームページ 広告募集 当ホームページへの広告掲載希望者を募集しています 募集概要 掲載期間 １"
"湖西市","20","0","true","true","true","令和8年度の「広報こさい」編集・印刷業者の募集(結果公表)","https://www.city.kosai.shizuoka.jp/soshikiichiran/hisho/gyomuannai/5_1/3/14181.html","令和8年度の「広報こさい」編集・印刷業者の募集(結果公表)／湖西市 スマートフォン版を表示 本文へ 文字サイズ 背景色 Select Language くらし・手続き 子育て・教育 健康・福祉 産業・しごと 観光・文化・ スポーツ 市政情報 Select Language ホーム くらし・手続き 子育て・教育 健康・福祉 産業・しごと 観光・文化・スポーツ 市政情報 PC版を表示 メニューを閉じる 現在のページ ホーム 組織一覧 秘書広報課 業務案内 広報 広報こさい 令和8年度の「広報こさい」編集・印刷業者の募集"
"湖西市","20","0","true","true","true","ふるさと納税","https://www.city.kosai.shizuoka.jp/soshikiichiran/kanko/1_1/index.html","ふるさと納税／湖西市 スマートフォン版を表示 本文へ 文字サイズ 背景色 Select Language くらし・手続き 子育て・教育 健康・福祉 産業・しごと 観光・文化・ スポーツ 市政情報 Select Language ホーム くらし・手続き 子育て・教育 健康・福祉 産業・しごと 観光・文化・スポーツ 市政情報 PC版を表示 メニューを閉じる 現在のページ ホーム 組織一覧 文化観光課 ふるさと納税 ふるさと納税 新着情報 NEW! 現在、新着情報はございません。 ふるさと納税とは 湖西市応援寄附金(ふる"
"湖西市","20","0","true","true","true","湖西市ウェブサイトバナー広告の募集","https://www.city.kosai.shizuoka.jp/shiseijoho/koho_kocho/saitonojoho/4482.html","湖西市ウェブサイトバナー広告の募集／湖西市 スマートフォン版を表示 本文へ 文字サイズ 背景色 Select Language くらし・手続き 子育て・教育 健康・福祉 産業・しごと 観光・文化・ スポーツ 市政情報 Select Language ホーム くらし・手続き 子育て・教育 健康・福祉 産業・しごと 観光・文化・スポーツ 市政情報 PC版を表示 メニューを閉じる 現在のページ ホーム 市政情報 広報・広聴 サイトの情報 湖西市ウェブサイトバナー広告の募集 湖西市ウェブサイトバナー広告の募集 更新日：20"
"御殿場市","20","0","true","true","true","","https://www.city.gotemba.lg.jp/kurashi/b-12/b-12-1/6252.html","市内の電車・バス等 &#8211; くらし Skip to content メニュー キーワードを入力して探す メニューから探す ホーム 防災･安全 くらし 健康･福祉 子育て 教育･文化 スポーツ 御殿場の魅力 産業･ビジネス 行政情報 よくある質問 文字サイズ・色合い変更 ホーム &nbsp;&gt; くらし &gt; 交通 &gt; 公共交通 &gt; 市内の電車・バス等 くらし 市内の電車・バス等 市内の公共交通はバス、電車、タクシーがあります。お出かけの際には公共交通機関をぜひご利用ください。 路線バス "
"御殿場市","20","0","true","true","true","","https://www.city.gotemba.lg.jp/gyousei/g-4/g-4-5/2550.html","情報が見つからないときは &#8211; 行政情報 Skip to content メニュー キーワードを入力して探す メニューから探す ホーム 防災･安全 くらし 健康･福祉 子育て 教育･文化 スポーツ 御殿場の魅力 産業･ビジネス 行政情報 よくある質問 文字サイズ・色合い変更 ホーム &nbsp;&gt; 行政情報 &gt; 広報・広聴 &gt; ホームページ運営 &gt; 情報が見つからないときは 行政情報 情報が見つからないときは お探しの情報を見つける方法をまとめましたのでご覧ください。 それでも情報"
"御殿場市","20","0","true","true","true","","https://www.city.gotemba.lg.jp/gyousei/g-p-info/g-p-info-02/31933.html","「GOTEMBA MIRAI PROJECT 2026 powered by TGC」参加者募集中! &#8211; 行政情報 Skip to content メニュー キーワードを入力して探す メニューから探す ホーム 防災･安全 くらし 健康･福祉 子育て 教育･文化 スポーツ 御殿場の魅力 産業･ビジネス 行政情報 よくある質問 文字サイズ・色合い変更 ホーム &nbsp;&gt; 行政情報 &gt; お知らせ &gt; 無線放送 &gt; 「GOTEMBA MIRAI PROJECT 2026 powere"
"御殿場市","20","0","true","true","true","","https://www.city.gotemba.lg.jp/kurashi/b-p-info/b-p-info-02/21097.html","市営住宅入居者募集のお知らせ &#8211; くらし Skip to content メニュー キーワードを入力して探す メニューから探す ホーム 防災･安全 くらし 健康･福祉 子育て 教育･文化 スポーツ 御殿場の魅力 産業･ビジネス 行政情報 よくある質問 文字サイズ・色合い変更 ホーム &nbsp;&gt; くらし &gt; お知らせ &gt; 無線放送 &gt; 市営住宅入居者募集のお知らせ くらし 市営住宅入居者募集のお知らせ 市営住宅の入居者募集を行っています。 申込期限 7月18日(土)まで 申し込"
"御殿場市","20","0","true","true","true","","https://www.city.gotemba.lg.jp/kurashi/b-11/b-11-3/21001.html","【注意喚起】特定外来生物ナガエツルノゲイトウ &#8211; くらし Skip to content メニュー キーワードを入力して探す メニューから探す ホーム 防災･安全 くらし 健康･福祉 子育て 教育･文化 スポーツ 御殿場の魅力 産業･ビジネス 行政情報 よくある質問 文字サイズ・色合い変更 ホーム &nbsp;&gt; くらし &gt; 環境保全 &gt; 自然環境 &gt; 【注意喚起】特定外来生物ナガエツルノゲイトウ くらし 【注意喚起】特定外来生物ナガエツルノゲイトウ 特定外来生物「ナガエツルノゲ"
"裾野市","20","0","true","true","true","クマの出没への注意（随時更新）","https://www.city.susono.shizuoka.jp/soshiki/8/3/emergency/7278.html","クマの出没への注意（随時更新）／裾野市 本文へ Select Language 文字サイズ変更 背景色変更 市の組織 よくある質問 お問い合わせ くらし・手続き 子育て・教育 健康・福祉 観光・文化・スポーツ まちづくり・建築 産業・ビジネス 市政情報 Select Language メニュー くらし・手続き 子育て・教育 健康・福祉 観光・文化・スポーツ まちづくり・建築 産業・ビジネス 市政情報 閉じる 現在の位置 裾野市公式ウェブサイト 市の組織 地域経済部 農林政策課 緊急情報 クマの出没への注意（随時更新"
"裾野市","20","0","true","true","true","都市公園（23公園）","https://www.city.susono.shizuoka.jp/machizukuri/1280/9450.html","都市公園（23公園）／裾野市 本文へ Select Language 文字サイズ変更 背景色変更 市の組織 よくある質問 お問い合わせ くらし・手続き 子育て・教育 健康・福祉 観光・文化・スポーツ まちづくり・建築 産業・ビジネス 市政情報 Select Language メニュー くらし・手続き 子育て・教育 健康・福祉 観光・文化・スポーツ まちづくり・建築 産業・ビジネス 市政情報 閉じる 現在の位置 裾野市公式ウェブサイト まちづくり・建築 都市・緑地 都市公園（23公園） 都市公園（23公園） 裾野市内"
"裾野市","20","0","true","true","true","しずおかマリッジ","https://www.city.susono.shizuoka.jp/event/20765.html","しずおかマリッジ／裾野市 本文へ Select Language 文字サイズ変更 背景色変更 市の組織 よくある質問 お問い合わせ くらし・手続き 子育て・教育 健康・福祉 観光・文化・スポーツ まちづくり・建築 産業・ビジネス 市政情報 Select Language メニュー くらし・手続き 子育て・教育 健康・福祉 観光・文化・スポーツ まちづくり・建築 産業・ビジネス 市政情報 閉じる 現在の位置 裾野市公式ウェブサイト イベント・募集 しずおかマリッジ しずおかマリッジ 静岡県と県内市町が運営する「しずお"
"裾野市","20","0","true","true","true","親子のこうざ(8月受付分)","https://www.city.susono.shizuoka.jp/event/22062.html","親子のこうざ(8月受付分)／裾野市 本文へ Select Language 文字サイズ変更 背景色変更 市の組織 よくある質問 お問い合わせ くらし・手続き 子育て・教育 健康・福祉 観光・文化・スポーツ まちづくり・建築 産業・ビジネス 市政情報 Select Language メニュー くらし・手続き 子育て・教育 健康・福祉 観光・文化・スポーツ まちづくり・建築 産業・ビジネス 市政情報 閉じる 現在の位置 裾野市公式ウェブサイト イベント・募集 親子のこうざ(8月受付分) 親子のこうざ(8月受付分) 令和"
"裾野市","20","0","true","true","true","裾野市公共ライドシェア実証運行支援業務実施事業者募集公募型プロポーザルの実施","https://www.city.susono.shizuoka.jp/jigyosha/22004.html","裾野市公共ライドシェア実証運行支援業務実施事業者募集公募型プロポーザルの実施／裾野市 本文へ Select Language 文字サイズ変更 背景色変更 市の組織 よくある質問 お問い合わせ くらし・手続き 子育て・教育 健康・福祉 観光・文化・スポーツ まちづくり・建築 産業・ビジネス 市政情報 Select Language メニュー くらし・手続き 子育て・教育 健康・福祉 観光・文化・スポーツ まちづくり・建築 産業・ビジネス 市政情報 閉じる 現在の位置 裾野市公式ウェブサイト 事業者の方へ 裾野市公共ラ"
"裾野市","20","0","true","true","true","市役所敷地内のキッチンカー出店情報（7月分）と出店募集（8月分）","https://www.city.susono.shizuoka.jp/jigyosha/21138.html","市役所敷地内のキッチンカー出店情報（7月分）と出店募集（8月分）／裾野市 本文へ Select Language 文字サイズ変更 背景色変更 市の組織 よくある質問 お問い合わせ くらし・手続き 子育て・教育 健康・福祉 観光・文化・スポーツ まちづくり・建築 産業・ビジネス 市政情報 Select Language メニュー くらし・手続き 子育て・教育 健康・福祉 観光・文化・スポーツ まちづくり・建築 産業・ビジネス 市政情報 閉じる 現在の位置 裾野市公式ウェブサイト 事業者の方へ 市役所敷地内のキッチンカ"
"裾野市","20","0","true","true","true","すその子育て応援アプリ","https://www.city.susono.shizuoka.jp/soshiki/5/2/4/15952.html","すその子育て応援アプリ／裾野市 本文へ Select Language 文字サイズ変更 背景色変更 市の組織 よくある質問 お問い合わせ くらし・手続き 子育て・教育 健康・福祉 観光・文化・スポーツ まちづくり・建築 産業・ビジネス 市政情報 Select Language メニュー くらし・手続き 子育て・教育 健康・福祉 観光・文化・スポーツ まちづくり・建築 産業・ビジネス 市政情報 閉じる 現在の位置 裾野市公式ウェブサイト 市の組織 健康福祉部 健康推進課 妊娠・出産・子育て すその子育て応援アプリ す"
"裾野市","20","0","true","true","true","裾野長泉斎苑 麗峰の丘（裾野市長泉町衛生施設組合）","https://www.city.susono.shizuoka.jp/kurashi/fh/15969.html","裾野長泉斎苑 麗峰の丘（裾野市長泉町衛生施設組合）／裾野市 本文へ Select Language 文字サイズ変更 背景色変更 市の組織 よくある質問 お問い合わせ くらし・手続き 子育て・教育 健康・福祉 観光・文化・スポーツ まちづくり・建築 産業・ビジネス 市政情報 Select Language メニュー くらし・手続き 子育て・教育 健康・福祉 観光・文化・スポーツ まちづくり・建築 産業・ビジネス 市政情報 閉じる 現在の位置 裾野市公式ウェブサイト くらし・手続き 斎場・市営墓地 裾野長泉斎苑 麗峰の"
"袋井市","20","0","true","true","true","広報ふくろい2026（令和8）年7月号","https://www.city.fukuroi.shizuoka.jp/soshiki/4/city_promotion/kohofukuroi/reiwa8/14608.html","広報ふくろい2026（令和8）年7月号／袋井市 スマートフォン版を表示 本文へ 音声読み上げ Select Language Português ：ポルトガル語 Việt ：ベトナム語 简体中文 ：中国語(簡体) 繁體中文 ：中国語(繁体) English ：英語 Español ：スペイン語 한국어 ：韓国語 日本語 ：日本語 Go ルビふり ルビをけす やさしい日本語 やさしい日本語をけす 組織から探す 文字 サイズ 背景色 変更 くらし・手続き 子育て・教育 健康・医療・福祉 観光・文化・スポーツ 事業者向け"
"袋井市","20","0","true","true","true","可燃ごみ削減プロジェクト～ふくろい5330（ごみさんまる）運動～","https://www.city.fukuroi.shizuoka.jp/soshiki/31/9259.html","可燃ごみ削減プロジェクト～ふくろい5330（ごみさんまる）運動～／袋井市 スマートフォン版を表示 本文へ 音声読み上げ Select Language Português ：ポルトガル語 Việt ：ベトナム語 简体中文 ：中国語(簡体) 繁體中文 ：中国語(繁体) English ：英語 Español ：スペイン語 한국어 ：韓国語 日本語 ：日本語 Go ルビふり ルビをけす やさしい日本語 やさしい日本語をけす 組織から探す 文字 サイズ 背景色 変更 くらし・手続き 子育て・教育 健康・医療・福祉 観光・"
"袋井市","20","0","true","true","true","袋井市消防団新入団員募集中","https://www.city.fukuroi.shizuoka.jp/soshiki/3/2/shobodan/FukuroiFirevc.html","袋井市消防団新入団員募集中／袋井市 スマートフォン版を表示 本文へ 音声読み上げ Select Language Português ：ポルトガル語 Việt ：ベトナム語 简体中文 ：中国語(簡体) 繁體中文 ：中国語(繁体) English ：英語 Español ：スペイン語 한국어 ：韓国語 日本語 ：日本語 Go ルビふり ルビをけす やさしい日本語 やさしい日本語をけす 組織から探す 文字 サイズ 背景色 変更 くらし・手続き 子育て・教育 健康・医療・福祉 観光・文化・スポーツ 事業者向け 市政情報 "
"袋井市","20","0","true","true","true","家庭用太陽光発電の余剰電力を小中学校・幼稚園等で活用します","https://www.city.fukuroi.shizuoka.jp/soshiki/16/2/shinene/12577.html","家庭用太陽光発電の余剰電力を小中学校・幼稚園等で活用します／袋井市 スマートフォン版を表示 本文へ 音声読み上げ Select Language Português ：ポルトガル語 Việt ：ベトナム語 简体中文 ：中国語(簡体) 繁體中文 ：中国語(繁体) English ：英語 Español ：スペイン語 한국어 ：韓国語 日本語 ：日本語 Go ルビふり ルビをけす やさしい日本語 やさしい日本語をけす 組織から探す 文字 サイズ 背景色 変更 くらし・手続き 子育て・教育 健康・医療・福祉 観光・文化・"
"袋井市","20","0","true","true","true","ふるさと納税について","https://www.city.fukuroi.shizuoka.jp/soshiki/brand/brandkakari/furusatonouzei/1422533902790.html","ふるさと納税について／袋井市 スマートフォン版を表示 本文へ 音声読み上げ Select Language Português ：ポルトガル語 Việt ：ベトナム語 简体中文 ：中国語(簡体) 繁體中文 ：中国語(繁体) English ：英語 Español ：スペイン語 한국어 ：韓国語 日本語 ：日本語 Go ルビふり ルビをけす やさしい日本語 やさしい日本語をけす 組織から探す 文字 サイズ 背景色 変更 くらし・手続き 子育て・教育 健康・医療・福祉 観光・文化・スポーツ 事業者向け 市政情報 キーワ"
"袋井市","20","0","true","true","true","ふくろい応援デジタルクーポン 参加店舗募集","https://www.city.fukuroi.shizuoka.jp/juyo/14602.html","ふくろい応援デジタルクーポン 参加店舗募集／袋井市 スマートフォン版を表示 本文へ 音声読み上げ Select Language Português ：ポルトガル語 Việt ：ベトナム語 简体中文 ：中国語(簡体) 繁體中文 ：中国語(繁体) English ：英語 Español ：スペイン語 한국어 ：韓国語 日本語 ：日本語 Go ルビふり ルビをけす やさしい日本語 やさしい日本語をけす 組織から探す 文字 サイズ 背景色 変更 くらし・手続き 子育て・教育 健康・医療・福祉 観光・文化・スポーツ 事業者"
"御殿場市","18","1","true","false","false","","https://www.city.gotemba.lg.jp/sangyou/f-2/f-2-4/8399.html","農畜産業の暑さ対策事例集について &#8211; 産業・ビジネス Skip to content メニュー キーワードを入力して探す メニューから探す ホーム 防災･安全 くらし 健康･福祉 子育て 教育･文化 スポーツ 御殿場の魅力 産業･ビジネス 行政情報 よくある質問 文字サイズ・色合い変更 ホーム &nbsp;&gt; 産業・ビジネス &gt; 農林業 &gt; 農業関係 &gt; 農畜産業の暑さ対策事例集について 産業・ビジネス 農畜産業の暑さ対策事例集について 近年、地球温暖化の影響により記録的な高温が"
"下田市","16","1","false","false","true","下田市観光デジタルマップを公開します！","https://www.city.shimoda.shizuoka.jp/category/kankou_sangyou/157568.html","下田市観光デジタルマップを公開します！ | 下田市 本文へのスキップリンク 設定 探す メニュー 閉じる 文字サイズ 標準 拡大 言語選択 くらし・手続き 子育て・教育 健康・福祉・医療 産業・観光 市政情報 くらし・手続き くらし・手続き 子育て・教育 子育て・教育 健康・福祉・医療 健康・福祉・医療 産業・観光 産業・観光 市政情報 市政情報 ホーム 観光・産業 下田市観光デジタルマップを公開します！ 下田市観光デジタルマップを公開します！ 下田市では、株式会社thee momentが提供する多機能デジタルマッ"
"湖西市","16","1","false","true","false","子育て・教育","https://www.city.kosai.shizuoka.jp/kosodate_kyoiku/index.html","子育て・教育／湖西市 スマートフォン版を表示 本文へ 文字サイズ 背景色 Select Language くらし・手続き 子育て・教育 健康・福祉 産業・しごと 観光・文化・ スポーツ 市政情報 Select Language ホーム くらし・手続き 子育て・教育 健康・福祉 産業・しごと 観光・文化・スポーツ 市政情報 PC版を表示 メニューを閉じる 現在のページ ホーム 子育て・教育 子育て・教育 新着情報 NEW! 現在、新着情報はございません。 子育て 妊娠・出産 手当・助成 子育て支援 健診・予防接種 幼"
"御殿場市","16","1","false","true","false","","https://www.city.gotemba.lg.jp/faq/","よくある質問 Skip to content メニュー キーワードを入力して探す メニューから探す ホーム 防災･安全 くらし 健康･福祉 子育て 教育･文化 スポーツ 御殿場の魅力 産業･ビジネス 行政情報 よくある質問 文字サイズ・色合い変更 ホーム &nbsp;&gt; よくある質問 よくある質問 閲覧数の多い質問 主婦ですが、パート収入はいくらから税金がかかりますか? 介護保険料の徴収方法について教えてください。また、特別徴収と普通徴収との違いは何ですか? 住民票や戸籍は、誰でも(誰のものでも)請求すること"
"裾野市","16","1","false","false","true","入園・入学","https://www.city.susono.shizuoka.jp/mokuteki/nyuen_nyugaku/index.html","入園・入学／裾野市 本文へ Select Language 文字サイズ変更 背景色変更 市の組織 よくある質問 お問い合わせ くらし・手続き 子育て・教育 健康・福祉 観光・文化・スポーツ まちづくり・建築 産業・ビジネス 市政情報 Select Language メニュー くらし・手続き 子育て・教育 健康・福祉 観光・文化・スポーツ まちづくり・建築 産業・ビジネス 市政情報 閉じる 現在の位置 裾野市公式ウェブサイト 目的で探す 入園・入学 入園・入学 保育園・幼稚園など 裾野市内の保育園等の空き状況 令和8"
"袋井市","16","1","false","true","false","地震・防災情報","https://www.city.fukuroi.shizuoka.jp/kurashi_tetsuzuki/bosai_anzen/bosai/kisho_saigai/1425447059813.html","地震・防災情報／袋井市 スマートフォン版を表示 本文へ 音声読み上げ Select Language Português ：ポルトガル語 Việt ：ベトナム語 简体中文 ：中国語(簡体) 繁體中文 ：中国語(繁体) English ：英語 Español ：スペイン語 한국어 ：韓国語 日本語 ：日本語 Go ルビふり ルビをけす やさしい日本語 やさしい日本語をけす 組織から探す 文字 サイズ 背景色 変更 くらし・手続き 子育て・教育 健康・医療・福祉 観光・文化・スポーツ 事業者向け 市政情報 キーワード検"
"湖西市","14","0","true","true","false","しあわせRING(リング)の婚姻届・出生届","https://www.city.kosai.shizuoka.jp/kurashi_tetsuzuki/todokede_toroku_shomei/kakushutetsuzuki/5410.html","しあわせRING(リング)の婚姻届・出生届／湖西市 スマートフォン版を表示 本文へ 文字サイズ 背景色 Select Language くらし・手続き 子育て・教育 健康・福祉 産業・しごと 観光・文化・ スポーツ 市政情報 Select Language ホーム くらし・手続き 子育て・教育 健康・福祉 産業・しごと 観光・文化・スポーツ 市政情報 PC版を表示 メニューを閉じる 現在のページ ホーム くらし・手続き 届出・登録・証明 各種手続き しあわせRING(リング)の婚姻届・出生届 しあわせRING(リン"
"御殿場市","14","0","true","true","false","","https://www.city.gotemba.lg.jp/appeal/pfurusatotax","ふるさと納税 &#8211; 御殿場の魅力 Skip to content メニュー キーワードを入力して探す メニューから探す ホーム 防災･安全 くらし 健康･福祉 子育て 教育･文化 スポーツ 御殿場の魅力 産業･ビジネス 行政情報 よくある質問 文字サイズ・色合い変更 ホーム &nbsp;&gt; 御殿場の魅力 &gt; ふるさと納税 ふるさと納税 ふるさと納税に係る総務大臣の指定について 御殿場市は、地方税法（昭和25年法律第226号）第37条の２第２項及び第314条の７第２項の規定に基づき、令和7年10"
"御殿場市","14","0","true","true","false","","https://www.city.gotemba.lg.jp/sangyou/f-p-info/f-p-info-01/8428.html","集約化構想の作成に向けた協議の実施について &#8211; 産業・ビジネス Skip to content メニュー キーワードを入力して探す メニューから探す ホーム 防災･安全 くらし 健康･福祉 子育て 教育･文化 スポーツ 御殿場の魅力 産業･ビジネス 行政情報 よくある質問 文字サイズ・色合い変更 ホーム &nbsp;&gt; 産業・ビジネス &gt; お知らせ &gt; お知らせ &gt; 集約化構想の作成に向けた協議の実施について 産業・ビジネス 集約化構想の作成に向けた協議の実施について 集約化構想"
"御殿場市","14","0","true","true","false","","https://www.city.gotemba.lg.jp/gyousei/g-1/g-1-3/9375.html","庁舎案内図 &#8211; 行政情報 Skip to content メニュー キーワードを入力して探す メニューから探す ホーム 防災･安全 くらし 健康･福祉 子育て 教育･文化 スポーツ 御殿場の魅力 産業･ビジネス 行政情報 よくある質問 文字サイズ・色合い変更 ホーム &nbsp;&gt; 行政情報 &gt; 市の概要 &gt; 庁舎案内 &gt; 庁舎案内図 行政情報 庁舎案内図 御殿場市役所庁舎配置図 &nbsp; 本庁舎 庁舎内のご案内 御殿場市役所 外観 本庁舎フロアマップ【PDF:64KB】 5"
"御殿場市","14","0","true","false","true","","https://www.city.gotemba.lg.jp/gyousei/g-4/g-4-5/2546.html","リンク・著作権・免責事項 &#8211; 行政情報 Skip to content メニュー キーワードを入力して探す メニューから探す ホーム 防災･安全 くらし 健康･福祉 子育て 教育･文化 スポーツ 御殿場の魅力 産業･ビジネス 行政情報 よくある質問 文字サイズ・色合い変更 ホーム &nbsp;&gt; 行政情報 &gt; 広報・広聴 &gt; ホームページ運営 &gt; リンク・著作権・免責事項 行政情報 リンク・著作権・免責事項 御殿場市が開設する公式ホームページ(以下、市公式ホームページ)のリンク、"
"御殿場市","14","0","true","false","true","","https://www.city.gotemba.lg.jp/gyousei/g-4/g-4-5/2548.html","個人情報保護 &#8211; 行政情報 Skip to content メニュー キーワードを入力して探す メニューから探す ホーム 防災･安全 くらし 健康･福祉 子育て 教育･文化 スポーツ 御殿場の魅力 産業･ビジネス 行政情報 よくある質問 文字サイズ・色合い変更 ホーム &nbsp;&gt; 行政情報 &gt; 広報・広聴 &gt; ホームページ運営 &gt; 個人情報保護 行政情報 個人情報保護 御殿場市が開設する公式ホームページ(以下、市公式ホームページ)では、「個人情報の保護に関する法律(平成15年"
"裾野市","14","0","true","false","true","ヘルシーパーク裾野","https://www.city.susono.shizuoka.jp/event/9896.html","ヘルシーパーク裾野／裾野市 本文へ Select Language 文字サイズ変更 背景色変更 市の組織 よくある質問 お問い合わせ くらし・手続き 子育て・教育 健康・福祉 観光・文化・スポーツ まちづくり・建築 産業・ビジネス 市政情報 Select Language メニュー くらし・手続き 子育て・教育 健康・福祉 観光・文化・スポーツ まちづくり・建築 産業・ビジネス 市政情報 閉じる 現在の位置 裾野市公式ウェブサイト イベント・募集 ヘルシーパーク裾野 ヘルシーパーク裾野 お知らせ 富士山アウトドアサ"
"裾野市","14","0","true","false","true","裾野温泉 ヘルシーパーク裾野","https://www.city.susono.shizuoka.jp/soshiki/8/1/5/healthypark/841.html","裾野温泉 ヘルシーパーク裾野／裾野市 本文へ Select Language 文字サイズ変更 背景色変更 市の組織 よくある質問 お問い合わせ くらし・手続き 子育て・教育 健康・福祉 観光・文化・スポーツ まちづくり・建築 産業・ビジネス 市政情報 Select Language メニュー くらし・手続き 子育て・教育 健康・福祉 観光・文化・スポーツ まちづくり・建築 産業・ビジネス 市政情報 閉じる 現在の位置 裾野市公式ウェブサイト 市の組織 地域経済部 商業観光政策課 施設案内 ヘルシーパーク裾野 裾野温"
"袋井市","14","0","true","true","false","物価高騰対策としての水道料金の基本料金減免について（手続きは不要です）","https://www.city.fukuroi.shizuoka.jp/soshiki/52/2_1/josuido/14169.html","物価高騰対策としての水道料金の基本料金減免について（手続きは不要です）／袋井市 スマートフォン版を表示 本文へ 音声読み上げ Select Language Português ：ポルトガル語 Việt ：ベトナム語 简体中文 ：中国語(簡体) 繁體中文 ：中国語(繁体) English ：英語 Español ：スペイン語 한국어 ：韓国語 日本語 ：日本語 Go ルビふり ルビをけす やさしい日本語 やさしい日本語をけす 組織から探す 文字 サイズ 背景色 変更 くらし・手続き 子育て・教育 健康・医療・福祉 "
"袋井市","14","0","true","true","false","国際経済情勢に係る事業者相談窓口について","https://www.city.fukuroi.shizuoka.jp/soshiki/14/3/chushokigyo/14088.html","国際経済情勢に係る事業者相談窓口について／袋井市 スマートフォン版を表示 本文へ 音声読み上げ Select Language Português ：ポルトガル語 Việt ：ベトナム語 简体中文 ：中国語(簡体) 繁體中文 ：中国語(繁体) English ：英語 Español ：スペイン語 한국어 ：韓国語 日本語 ：日本語 Go ルビふり ルビをけす やさしい日本語 やさしい日本語をけす 組織から探す 文字 サイズ 背景色 変更 くらし・手続き 子育て・教育 健康・医療・福祉 観光・文化・スポーツ 事業者向"
"下田市","12","0","false","true","true","下田市ロケーションサービス","https://www.city.shimoda.shizuoka.jp/category/100800film/149428.html","下田市ロケーションサービス | 下田市 本文へのスキップリンク 設定 探す メニュー 閉じる 文字サイズ 標準 拡大 言語選択 くらし・手続き 子育て・教育 健康・福祉・医療 産業・観光 市政情報 くらし・手続き くらし・手続き 子育て・教育 子育て・教育 健康・福祉・医療 健康・福祉・医療 産業・観光 産業・観光 市政情報 市政情報 ホーム 観光・産業 下田市ロケーションサービス 下田市ロケーションサービス 下田市ロケーションサービス 目次 ロケ地・ロケ弁・撮影実績紹介 サービス概要 撮影申請・お問合せ アクセス"
"下田市","12","0","false","true","true","下田市グローカルCITYプロジェクト","https://www.city.shimoda.shizuoka.jp/category/shimodagurobaru/150719.html","下田市グローカルCITYプロジェクト | 下田市 本文へのスキップリンク 設定 探す メニュー 閉じる 文字サイズ 標準 拡大 言語選択 くらし・手続き 子育て・教育 健康・福祉・医療 産業・観光 市政情報 くらし・手続き くらし・手続き 子育て・教育 子育て・教育 健康・福祉・医療 健康・福祉・医療 産業・観光 産業・観光 市政情報 市政情報 ホーム 市政 まちづくり 下田グローカルＣＩＴＹプロジェクト 下田市グローカルCITYプロジェクト 下田市グローカルCITYプロジェクト 下田市は、令和4年1月14日に開催"
"下田市","12","0","false","true","true","賀茂地域オンライン就農相談会","https://www.city.shimoda.shizuoka.jp/category/060200nougyou/159305.html","賀茂地域オンライン就農相談会 | 下田市 本文へのスキップリンク 設定 探す メニュー 閉じる 文字サイズ 標準 拡大 言語選択 くらし・手続き 子育て・教育 健康・福祉・医療 産業・観光 市政情報 くらし・手続き くらし・手続き 子育て・教育 子育て・教育 健康・福祉・医療 健康・福祉・医療 産業・観光 産業・観光 市政情報 市政情報 ホーム 観光・産業 農業 賀茂地域オンライン就農相談会 賀茂地域オンライン就農相談会 伊豆の南端で農業をやってみませんか？ 海と山に囲まれた伊豆半島南部地域で、「新たに農業をやって"
"下田市","12","0","false","true","true","下田市のオンライン申請について","https://www.city.shimoda.shizuoka.jp/category/120000dl_service/149558.html","下田市のオンライン申請について | 下田市 本文へのスキップリンク 設定 探す メニュー 閉じる 文字サイズ 標準 拡大 言語選択 くらし・手続き 子育て・教育 健康・福祉・医療 産業・観光 市政情報 くらし・手続き くらし・手続き 子育て・教育 子育て・教育 健康・福祉・医療 健康・福祉・医療 産業・観光 産業・観光 市政情報 市政情報 ホーム くらし・手続き 申請書ダウンロードサービス 下田市のオンライン申請について 下田市のオンライン申請について 下田市では一部の行政手続について、インターネットを利用して、自"
"下田市","12","0","false","true","true","リンクページ","https://www.city.shimoda.shizuoka.jp/category/080700shiyakusyo_annai/110069.html","リンクページ | 下田市 本文へのスキップリンク 設定 探す メニュー 閉じる 文字サイズ 標準 拡大 言語選択 くらし・手続き 子育て・教育 健康・福祉・医療 産業・観光 市政情報 くらし・手続き くらし・手続き 子育て・教育 子育て・教育 健康・福祉・医療 健康・福祉・医療 産業・観光 産業・観光 市政情報 市政情報 ホーム 市政 市役所案内 リンクページ リンクページ 観光関連 下田市観光協会 下田温泉旅館協同組合 伊豆白浜観光協会 外浦観光協会 近隣の町 河津町 松崎町 南伊豆町 東伊豆町 西伊豆町 商工業"
"湖西市","12","0","false","true","true","","https://www.city.kosai.shizuoka.jp/","ホーム／湖西市 スマートフォン版を表示 本文へ 文字サイズ 背景色 Multilingual Select Language ホーム くらし・手続き 子育て・教育 健康・福祉 産業・しごと 観光・文化・スポーツ 市政情報 PC版を表示 メニューを閉じる くらし・手続き 子育て・教育 健康・福祉 産業・しごと 観光・文化・スポーツ 市政情報 湖西で暮らそう。 モノづくり キーワードから 検索できます よく検索される キーワード 防災マップ 電子申請 dボタン デジタル回覧板 各課ページ うなぽん 入札情報 例規集 休"
"湖西市","12","0","false","true","true","","https://www.city.kosai.shizuoka.jp/index.html","ホーム／湖西市 スマートフォン版を表示 本文へ 文字サイズ 背景色 Multilingual Select Language ホーム くらし・手続き 子育て・教育 健康・福祉 産業・しごと 観光・文化・スポーツ 市政情報 PC版を表示 メニューを閉じる くらし・手続き 子育て・教育 健康・福祉 産業・しごと 観光・文化・スポーツ 市政情報 湖西で暮らそう。 モノづくり キーワードから 検索できます よく検索される キーワード 防災マップ 電子申請 dボタン デジタル回覧板 各課ページ うなぽん 入札情報 例規集 休"
"湖西市","12","0","false","true","true","くらし・手続き","https://www.city.kosai.shizuoka.jp/kurashi_tetsuzuki/index.html","くらし・手続き／湖西市 スマートフォン版を表示 本文へ 文字サイズ 背景色 Select Language くらし・手続き 子育て・教育 健康・福祉 産業・しごと 観光・文化・ スポーツ 市政情報 Select Language ホーム くらし・手続き 子育て・教育 健康・福祉 産業・しごと 観光・文化・スポーツ 市政情報 PC版を表示 メニューを閉じる 現在のページ ホーム くらし・手続き くらし・手続き 新着情報 NEW! 現在、新着情報はございません。 届出・登録・証明 戸籍の届出 各種証明 各種手続き 印鑑"
"湖西市","12","0","false","true","true","産業・しごと","https://www.city.kosai.shizuoka.jp/sangyo_shigoto/index.html","産業・しごと／湖西市 スマートフォン版を表示 本文へ 文字サイズ 背景色 Select Language くらし・手続き 子育て・教育 健康・福祉 産業・しごと 観光・文化・ スポーツ 市政情報 Select Language ホーム くらし・手続き 子育て・教育 健康・福祉 産業・しごと 観光・文化・スポーツ 市政情報 PC版を表示 メニューを閉じる 現在のページ ホーム 産業・しごと 産業・しごと 新着情報 NEW! 現在、新着情報はございません。 入札・契約 入札情報（契約検査室） 入札・公募(工事以外) 入"
"湖西市","12","0","false","true","true","市政情報","https://www.city.kosai.shizuoka.jp/shiseijoho/index.html","市政情報／湖西市 スマートフォン版を表示 本文へ 文字サイズ 背景色 Select Language くらし・手続き 子育て・教育 健康・福祉 産業・しごと 観光・文化・ スポーツ 市政情報 Select Language ホーム くらし・手続き 子育て・教育 健康・福祉 産業・しごと 観光・文化・スポーツ 市政情報 PC版を表示 メニューを閉じる 現在のページ ホーム 市政情報 市政情報 新着情報 NEW! 現在、新着情報はございません。 市の紹介 郷土の偉人 湖西市の概要 市勢要覧 湖西市のあゆみ 市歌 行政機"
"湖西市","12","0","false","true","true","高齢・介護","https://www.city.kosai.shizuoka.jp/event/korei_kaigo/index.html","高齢・介護／湖西市 スマートフォン版を表示 本文へ 文字サイズ 背景色 Select Language くらし・手続き 子育て・教育 健康・福祉 産業・しごと 観光・文化・ スポーツ 市政情報 Select Language ホーム くらし・手続き 子育て・教育 健康・福祉 産業・しごと 観光・文化・スポーツ 市政情報 PC版を表示 メニューを閉じる 現在のページ ホーム ライフイベントから探す 高齢・介護 高齢・介護 介護保険制度について 在宅高齢者福祉サービス 高齢者の総合相談窓口 「認知症」について 介護予防"
"湖西市","12","0","false","true","true","イベントカレンダー","https://www.city.kosai.shizuoka.jp/calendar.html","イベントカレンダー／湖西市 スマートフォン版を表示 本文へ 文字サイズ 背景色 Select Language くらし・手続き 子育て・教育 健康・福祉 産業・しごと 観光・文化・ スポーツ 市政情報 Select Language ホーム くらし・手続き 子育て・教育 健康・福祉 産業・しごと 観光・文化・スポーツ 市政情報 PC版を表示 メニューを閉じる 現在のページ ホーム イベントカレンダー イベントカレンダー もうすぐ募集締切り 募集終了 種類で探す イベント情報（屋内） イベント情報（屋外） 分野で探す"
"御殿場市","12","0","false","true","true","","https://www.city.gotemba.lg.jp/appeal/","御殿場の魅力 Skip to content メニュー キーワードを入力して探す メニューから探す ホーム 防災･安全 くらし 健康･福祉 子育て 教育･文化 スポーツ 御殿場の魅力 産業･ビジネス 行政情報 よくある質問 文字サイズ・色合い変更 ホーム &nbsp;&gt; 御殿場の魅力 INFORMATION お知らせ一覧 2026.07.05 御殿場わらじ祭り お神輿担ぎ手募集のお知らせ 2026.07.03 富士山樹空の森昆虫展カブクワラボ開催のお知らせ 無線放送 2026.06.30 「ロケ地から始まる御"
"御殿場市","12","0","false","true","true","","https://www.city.gotemba.lg.jp/appeal/","御殿場の魅力 Skip to content メニュー キーワードを入力して探す メニューから探す ホーム 防災･安全 くらし 健康･福祉 子育て 教育･文化 スポーツ 御殿場の魅力 産業･ビジネス 行政情報 よくある質問 文字サイズ・色合い変更 ホーム &nbsp;&gt; 御殿場の魅力 INFORMATION お知らせ一覧 2026.07.05 御殿場わらじ祭り お神輿担ぎ手募集のお知らせ 2026.07.03 富士山樹空の森昆虫展カブクワラボ開催のお知らせ 無線放送 2026.06.30 「ロケ地から始まる御"
"御殿場市","12","0","false","true","true","","https://www.city.gotemba.lg.jp/sitemap","サイトマップ &#8211; 御殿場市公式ホームページ Skip to content メニュー キーワードを入力して探す メニューから探す ホーム 防災･安全 くらし 健康･福祉 子育て 教育･文化 スポーツ 御殿場の魅力 産業･ビジネス 行政情報 よくある質問 文字サイズ・色合い変更 ホーム &gt; サイトマップ サイトマップ 御殿場市公式ホームページのサイトマップです。 防災・安全 防災 消防 防犯 交通 くらし 環境保全 ごみ・リサイクル 住まい 動物・ペット 申請書ダウンロード 土地 外国人市民の方 市"
"御殿場市","12","0","false","true","true","","https://www.city.gotemba.lg.jp/anzen/category/a-p-info","お知らせ &#8211; 防災・安全 Skip to content メニュー キーワードを入力して探す メニューから探す ホーム 防災･安全 くらし 健康･福祉 子育て 教育･文化 スポーツ 御殿場の魅力 産業･ビジネス 行政情報 よくある質問 文字サイズ・色合い変更 ホーム &nbsp;&gt; 防災・安全 &gt; お知らせ 防災・安全のお知らせ一覧 2026年07月15日 令和8年度富士山火山防災情報伝達訓練実施のお知らせ NEW 7月17日(金)に、令和8年度富士山火山防災情報伝達訓練が実施されます。 こ"
"裾野市","12","0","false","true","true","市の組織","https://www.city.susono.shizuoka.jp/soshiki/index.html","市の組織／裾野市 本文へ Select Language 文字サイズ変更 背景色変更 市の組織 よくある質問 お問い合わせ くらし・手続き 子育て・教育 健康・福祉 観光・文化・スポーツ まちづくり・建築 産業・ビジネス 市政情報 Select Language メニュー くらし・手続き 子育て・教育 健康・福祉 観光・文化・スポーツ まちづくり・建築 産業・ビジネス 市政情報 閉じる 現在の位置 裾野市公式ウェブサイト 市の組織 市の組織 市長戦略部 秘書広報課（秘書係） 秘書広報課（広報広聴係） 戦略推進課 産"
"裾野市","12","0","false","true","true","よくある質問","https://www.city.susono.shizuoka.jp/faq/index.html","よくある質問／裾野市 本文へ Select Language 文字サイズ変更 背景色変更 市の組織 よくある質問 お問い合わせ くらし・手続き 子育て・教育 健康・福祉 観光・文化・スポーツ まちづくり・建築 産業・ビジネス 市政情報 Select Language メニュー くらし・手続き 子育て・教育 健康・福祉 観光・文化・スポーツ まちづくり・建築 産業・ビジネス 市政情報 閉じる 現在の位置 裾野市公式ウェブサイト よくある質問 よくある質問 キーワードで探す よく閲覧される質問 カテゴリから探す 分類か"
"裾野市","12","0","false","true","true","施設情報","https://www.city.susono.shizuoka.jp/service/1/index.html","施設情報／裾野市 本文へ Select Language 文字サイズ変更 背景色変更 市の組織 よくある質問 お問い合わせ くらし・手続き 子育て・教育 健康・福祉 観光・文化・スポーツ まちづくり・建築 産業・ビジネス 市政情報 Select Language メニュー くらし・手続き 子育て・教育 健康・福祉 観光・文化・スポーツ まちづくり・建築 産業・ビジネス 市政情報 閉じる 現在の位置 裾野市公式ウェブサイト くらしの便利サービス 施設情報 施設情報 分野別から探す 庁舎など コミュニティ・生涯学習施設"
"裾野市","12","0","false","true","true","介護・高齢","https://www.city.susono.shizuoka.jp/mokuteki/kaigo_korei/index.html","介護・高齢／裾野市 本文へ Select Language 文字サイズ変更 背景色変更 市の組織 よくある質問 お問い合わせ くらし・手続き 子育て・教育 健康・福祉 観光・文化・スポーツ まちづくり・建築 産業・ビジネス 市政情報 Select Language メニュー くらし・手続き 子育て・教育 健康・福祉 観光・文化・スポーツ まちづくり・建築 産業・ビジネス 市政情報 閉じる 現在の位置 裾野市公式ウェブサイト 目的で探す 介護・高齢 介護・高齢 高齢者 裾野市地域包括支援センターにおける愛称を募集しま"
"裾野市","12","0","false","true","true","裾野市地域包括支援センターにおける愛称を募集します","https://www.city.susono.shizuoka.jp/event/22039.html","裾野市地域包括支援センターにおける愛称を募集します／裾野市 本文へ Select Language 文字サイズ変更 背景色変更 市の組織 よくある質問 お問い合わせ くらし・手続き 子育て・教育 健康・福祉 観光・文化・スポーツ まちづくり・建築 産業・ビジネス 市政情報 Select Language メニュー くらし・手続き 子育て・教育 健康・福祉 観光・文化・スポーツ まちづくり・建築 産業・ビジネス 市政情報 閉じる 現在の位置 裾野市公式ウェブサイト イベント・募集 裾野市地域包括支援センターにおける愛"
"裾野市","12","0","false","true","true","すそのウォーキング大会～黄瀬川と緑とせせらぎウォーク～","https://www.city.susono.shizuoka.jp/event/21031.html","すそのウォーキング大会～黄瀬川と緑とせせらぎウォーク～／裾野市 本文へ Select Language 文字サイズ変更 背景色変更 市の組織 よくある質問 お問い合わせ くらし・手続き 子育て・教育 健康・福祉 観光・文化・スポーツ まちづくり・建築 産業・ビジネス 市政情報 Select Language メニュー くらし・手続き 子育て・教育 健康・福祉 観光・文化・スポーツ まちづくり・建築 産業・ビジネス 市政情報 閉じる 現在の位置 裾野市公式ウェブサイト イベント・募集 すそのウォーキング大会～黄瀬川と"
"裾野市","12","0","false","true","true","【青少年育成関係者研修会】こどもの権利ってなあに？","https://www.city.susono.shizuoka.jp/event/21023.html","【青少年育成関係者研修会】こどもの権利ってなあに？／裾野市 本文へ Select Language 文字サイズ変更 背景色変更 市の組織 よくある質問 お問い合わせ くらし・手続き 子育て・教育 健康・福祉 観光・文化・スポーツ まちづくり・建築 産業・ビジネス 市政情報 Select Language メニュー くらし・手続き 子育て・教育 健康・福祉 観光・文化・スポーツ まちづくり・建築 産業・ビジネス 市政情報 閉じる 現在の位置 裾野市公式ウェブサイト イベント・募集 【青少年育成関係者研修会】こどもの権"
"裾野市","12","0","false","true","true","マディ先生の EnglishTime!","https://www.city.susono.shizuoka.jp/event/20931.html","マディ先生の EnglishTime!／裾野市 本文へ Select Language 文字サイズ変更 背景色変更 市の組織 よくある質問 お問い合わせ くらし・手続き 子育て・教育 健康・福祉 観光・文化・スポーツ まちづくり・建築 産業・ビジネス 市政情報 Select Language メニュー くらし・手続き 子育て・教育 健康・福祉 観光・文化・スポーツ まちづくり・建築 産業・ビジネス 市政情報 閉じる 現在の位置 裾野市公式ウェブサイト イベント・募集 マディ先生の EnglishTime! マディ先"
"裾野市","12","0","false","true","true","社会を明るくする「ふれあいコンサート2026」","https://www.city.susono.shizuoka.jp/event/21965.html","社会を明るくする「ふれあいコンサート2026」／裾野市 本文へ Select Language 文字サイズ変更 背景色変更 市の組織 よくある質問 お問い合わせ くらし・手続き 子育て・教育 健康・福祉 観光・文化・スポーツ まちづくり・建築 産業・ビジネス 市政情報 Select Language メニュー くらし・手続き 子育て・教育 健康・福祉 観光・文化・スポーツ まちづくり・建築 産業・ビジネス 市政情報 閉じる 現在の位置 裾野市公式ウェブサイト イベント・募集 社会を明るくする「ふれあいコンサート20"
"裾野市","12","0","false","true","true","イベント・募集","https://www.city.susono.shizuoka.jp/event/index.html","イベント・募集／裾野市 本文へ Select Language 文字サイズ変更 背景色変更 市の組織 よくある質問 お問い合わせ くらし・手続き 子育て・教育 健康・福祉 観光・文化・スポーツ まちづくり・建築 産業・ビジネス 市政情報 Select Language メニュー くらし・手続き 子育て・教育 健康・福祉 観光・文化・スポーツ まちづくり・建築 産業・ビジネス 市政情報 閉じる 現在の位置 裾野市公式ウェブサイト イベント・募集 イベント・募集 映画「ぼくが生きてる、ふたつの世界」無料上映会開催 親子"
"裾野市","12","0","false","true","true","裾野市深良財産区有林J-クレジット創出等委託公募型プロポーザル","https://www.city.susono.shizuoka.jp/jigyosha/21867.html","裾野市深良財産区有林J-クレジット創出等委託公募型プロポーザル／裾野市 本文へ Select Language 文字サイズ変更 背景色変更 市の組織 よくある質問 お問い合わせ くらし・手続き 子育て・教育 健康・福祉 観光・文化・スポーツ まちづくり・建築 産業・ビジネス 市政情報 Select Language メニュー くらし・手続き 子育て・教育 健康・福祉 観光・文化・スポーツ まちづくり・建築 産業・ビジネス 市政情報 閉じる 現在の位置 裾野市公式ウェブサイト 事業者の方へ 裾野市深良財産区有林J-ク"
"裾野市","12","0","false","true","true","岩波駅周辺整備事業（賑わい施設整備） 公募型プロポーザル","https://www.city.susono.shizuoka.jp/jigyosha/22019.html","岩波駅周辺整備事業（賑わい施設整備） 公募型プロポーザル／裾野市 本文へ Select Language 文字サイズ変更 背景色変更 市の組織 よくある質問 お問い合わせ くらし・手続き 子育て・教育 健康・福祉 観光・文化・スポーツ まちづくり・建築 産業・ビジネス 市政情報 Select Language メニュー くらし・手続き 子育て・教育 健康・福祉 観光・文化・スポーツ まちづくり・建築 産業・ビジネス 市政情報 閉じる 現在の位置 裾野市公式ウェブサイト 事業者の方へ 岩波駅周辺整備事業（賑わい施設整"
"裾野市","12","0","false","true","true","令和8年度裾野市ふるさと納税寄附受付・返礼品発送等業務委託に係る公募型プロポーザルの実施","https://www.city.susono.shizuoka.jp/jigyosha/21721.html","令和8年度裾野市ふるさと納税寄附受付・返礼品発送等業務委託に係る公募型プロポーザルの実施／裾野市 本文へ Select Language 文字サイズ変更 背景色変更 市の組織 よくある質問 お問い合わせ くらし・手続き 子育て・教育 健康・福祉 観光・文化・スポーツ まちづくり・建築 産業・ビジネス 市政情報 Select Language メニュー くらし・手続き 子育て・教育 健康・福祉 観光・文化・スポーツ まちづくり・建築 産業・ビジネス 市政情報 閉じる 現在の位置 裾野市公式ウェブサイト 事業者の方へ "
"裾野市","12","0","false","true","true","（広告募集）裾野市本庁舎の玄関足拭きマット","https://www.city.susono.shizuoka.jp/jigyosha/21008.html","（広告募集）裾野市本庁舎の玄関足拭きマット／裾野市 本文へ Select Language 文字サイズ変更 背景色変更 市の組織 よくある質問 お問い合わせ くらし・手続き 子育て・教育 健康・福祉 観光・文化・スポーツ まちづくり・建築 産業・ビジネス 市政情報 Select Language メニュー くらし・手続き 子育て・教育 健康・福祉 観光・文化・スポーツ まちづくり・建築 産業・ビジネス 市政情報 閉じる 現在の位置 裾野市公式ウェブサイト 事業者の方へ （広告募集）裾野市本庁舎の玄関足拭きマット （"
"裾野市","12","0","false","true","true","有料広告の掲載","https://www.city.susono.shizuoka.jp/website/6261.html","有料広告の掲載／裾野市 本文へ Select Language 文字サイズ変更 背景色変更 市の組織 よくある質問 お問い合わせ くらし・手続き 子育て・教育 健康・福祉 観光・文化・スポーツ まちづくり・建築 産業・ビジネス 市政情報 Select Language メニュー くらし・手続き 子育て・教育 健康・福祉 観光・文化・スポーツ まちづくり・建築 産業・ビジネス 市政情報 閉じる 現在の位置 裾野市公式ウェブサイト 市公式ウェブサイト関連 有料広告の掲載 有料広告の掲載 広報紙（広報すその）、市公式ウェ"
"裾野市","12","0","false","true","true","サイトマップ","https://www.city.susono.shizuoka.jp/sitemap.html","サイトマップ／裾野市 本文へ Select Language 文字サイズ変更 背景色変更 市の組織 よくある質問 お問い合わせ くらし・手続き 子育て・教育 健康・福祉 観光・文化・スポーツ まちづくり・建築 産業・ビジネス 市政情報 Select Language メニュー くらし・手続き 子育て・教育 健康・福祉 観光・文化・スポーツ まちづくり・建築 産業・ビジネス 市政情報 閉じる 現在の位置 裾野市公式ウェブサイト サイトマップ サイトマップ 市の組織 イベント・募集 事業者の方へ くらし・手続き 子育て"
"裾野市","12","0","false","true","true","よくある質問","https://www.city.susono.shizuoka.jp/faq/","よくある質問／裾野市 本文へ Select Language 文字サイズ変更 背景色変更 市の組織 よくある質問 お問い合わせ くらし・手続き 子育て・教育 健康・福祉 観光・文化・スポーツ まちづくり・建築 産業・ビジネス 市政情報 Select Language メニュー くらし・手続き 子育て・教育 健康・福祉 観光・文化・スポーツ まちづくり・建築 産業・ビジネス 市政情報 閉じる 現在の位置 裾野市公式ウェブサイト よくある質問 よくある質問 キーワードで探す よく閲覧される質問 カテゴリから探す 分類か"
"袋井市","12","0","false","true","true","～今の私たちの過ごし方が、未来の自分をつくる～ 始めよう！ プレコンセプションケア","https://www.city.fukuroi.shizuoka.jp/soshiki/100/oyakokenkoukakari/13993.html","～今の私たちの過ごし方が、未来の自分をつくる～ 始めよう！ プレコンセプションケア／袋井市 スマートフォン版を表示 本文へ 音声読み上げ Select Language Português ：ポルトガル語 Việt ：ベトナム語 简体中文 ：中国語(簡体) 繁體中文 ：中国語(繁体) English ：英語 Español ：スペイン語 한국어 ：韓国語 日本語 ：日本語 Go ルビふり ルビをけす やさしい日本語 やさしい日本語をけす 組織から探す 文字 サイズ 背景色 変更 くらし・手続き 子育て・教育 健康・"
"袋井市","12","0","false","true","true","こども若者家庭センター","https://www.city.fukuroi.shizuoka.jp/soshiki/kodomoseisaku/kodomowakamonokateicenter/13305.html","こども若者家庭センター／袋井市 スマートフォン版を表示 本文へ 音声読み上げ Select Language Português ：ポルトガル語 Việt ：ベトナム語 简体中文 ：中国語(簡体) 繁體中文 ：中国語(繁体) English ：英語 Español ：スペイン語 한국어 ：韓国語 日本語 ：日本語 Go ルビふり ルビをけす やさしい日本語 やさしい日本語をけす 組織から探す 文字 サイズ 背景色 変更 くらし・手続き 子育て・教育 健康・医療・福祉 観光・文化・スポーツ 事業者向け 市政情報 キー"
"袋井市","12","0","false","true","true","リンク集","https://www.city.fukuroi.shizuoka.jp/soshiki/4/city_promotion/link/1422535838293.html","リンク集／袋井市 スマートフォン版を表示 本文へ 音声読み上げ Select Language Português ：ポルトガル語 Việt ：ベトナム語 简体中文 ：中国語(簡体) 繁體中文 ：中国語(繁体) English ：英語 Español ：スペイン語 한국어 ：韓国語 日本語 ：日本語 Go ルビふり ルビをけす やさしい日本語 やさしい日本語をけす 組織から探す 文字 サイズ 背景色 変更 くらし・手続き 子育て・教育 健康・医療・福祉 観光・文化・スポーツ 事業者向け 市政情報 キーワード検索 ホ"
"袋井市","12","0","false","true","true","サイトマップ","https://www.city.fukuroi.shizuoka.jp/sitemap.html","サイトマップ／袋井市 スマートフォン版を表示 本文へ 音声読み上げ Select Language Português ：ポルトガル語 Việt ：ベトナム語 简体中文 ：中国語(簡体) 繁體中文 ：中国語(繁体) English ：英語 Español ：スペイン語 한국어 ：韓国語 日本語 ：日本語 Go ルビふり ルビをけす やさしい日本語 やさしい日本語をけす 組織から探す 文字 サイズ 背景色 変更 くらし・手続き 子育て・教育 健康・医療・福祉 観光・文化・スポーツ 事業者向け 市政情報 キーワード検索"
"湖西市","10","1","false","false","false","湖西市で働きたい学生の皆様へ","https://www.city.kosai.shizuoka.jp/sangyo_shigoto/shuro/kosaishidehataraku/1/index.html","湖西市で働きたい学生の皆様へ／湖西市 スマートフォン版を表示 本文へ 文字サイズ 背景色 Select Language くらし・手続き 子育て・教育 健康・福祉 産業・しごと 観光・文化・ スポーツ 市政情報 Select Language ホーム くらし・手続き 子育て・教育 健康・福祉 産業・しごと 観光・文化・スポーツ 市政情報 PC版を表示 メニューを閉じる 現在のページ ホーム 産業・しごと 就労 湖西市で働く 湖西市で働きたい学生の皆様へ 湖西市で働きたい学生の皆様へ ピックアップ情報 新着情報 NE"
"湖西市","8","0","true","false","false","豊田佐吉翁に関する書籍等の販売について(図書・カレンダー等)","https://www.city.kosai.shizuoka.jp/soshikiichiran/kikakuseisakuka/gyomuannai/6/1/1/12677.html","豊田佐吉翁に関する書籍等の販売について(図書・カレンダー等)／湖西市 スマートフォン版を表示 本文へ 文字サイズ 背景色 Select Language くらし・手続き 子育て・教育 健康・福祉 産業・しごと 観光・文化・ スポーツ 市政情報 Select Language ホーム くらし・手続き 子育て・教育 健康・福祉 産業・しごと 観光・文化・スポーツ 市政情報 PC版を表示 メニューを閉じる 現在のページ ホーム 組織一覧 企画政策課 業務案内 市の紹介 郷土の偉人 豊田佐吉翁 豊田佐吉翁に関する書籍等の販"
"下田市","6","0","false","false","true","下田市はワーケーションの推進に取り組みます","https://www.city.shimoda.shizuoka.jp/category/090100workation/146648.html","下田市はワーケーションの推進に取り組みます | 下田市 本文へのスキップリンク 設定 探す メニュー 閉じる 文字サイズ 標準 拡大 言語選択 くらし・手続き 子育て・教育 健康・福祉・医療 産業・観光 市政情報 くらし・手続き くらし・手続き 子育て・教育 子育て・教育 健康・福祉・医療 健康・福祉・医療 産業・観光 産業・観光 市政情報 市政情報 ホーム 市政 まちづくり ワーケーション 下田市はワーケーションの推進に取り組みます 下田市はワーケーションの推進に取り組みます ワーケーションとは、「ワーク（仕事）"
"湖西市","6","0","false","true","false","健康・福祉","https://www.city.kosai.shizuoka.jp/kenko_fukushi/index.html","健康・福祉／湖西市 スマートフォン版を表示 本文へ 文字サイズ 背景色 Select Language くらし・手続き 子育て・教育 健康・福祉 産業・しごと 観光・文化・ スポーツ 市政情報 Select Language ホーム くらし・手続き 子育て・教育 健康・福祉 産業・しごと 観光・文化・スポーツ 市政情報 PC版を表示 メニューを閉じる 現在のページ ホーム 健康・福祉 健康・福祉 新着情報 NEW! 現在、新着情報はございません。 健康 医療 高齢者福祉 障害者福祉 介護保険 地域福祉 がん患者等支"
"湖西市","6","0","false","true","false","組織一覧","https://www.city.kosai.shizuoka.jp/soshikiichiran/index.html","組織一覧／湖西市 スマートフォン版を表示 本文へ 文字サイズ 背景色 Select Language くらし・手続き 子育て・教育 健康・福祉 産業・しごと 観光・文化・ スポーツ 市政情報 Select Language ホーム くらし・手続き 子育て・教育 健康・福祉 産業・しごと 観光・文化・スポーツ 市政情報 PC版を表示 メニューを閉じる 現在のページ ホーム 組織一覧 組織一覧 【各課連絡先一覧】 総務課 財政課 契約検査室 税務課 企画政策課 DX推進課 資産経営課 秘書広報課 環境課 廃棄物対策課 "
"湖西市","6","0","false","false","true","災害対策・危機管理","https://www.city.kosai.shizuoka.jp/bousai/index.html","災害対策・危機管理／湖西市 スマートフォン版を表示 本文へ 文字サイズ 背景色 Select Language くらし・手続き 子育て・教育 健康・福祉 産業・しごと 観光・文化・ スポーツ 市政情報 Select Language ホーム くらし・手続き 子育て・教育 健康・福祉 産業・しごと 観光・文化・スポーツ 市政情報 PC版を表示 メニューを閉じる 現在のページ ホーム 災害対策・危機管理 災害対策・危機管理 災害対策 同報無線について 災害情報をメール・LINEで受信できます(防災ほっとメール) 指定避"
"湖西市","6","0","false","false","true","引越し・住まい","https://www.city.kosai.shizuoka.jp/event/hikkoshi_sumai/index.html","引越し・住まい／湖西市 スマートフォン版を表示 本文へ 文字サイズ 背景色 Select Language くらし・手続き 子育て・教育 健康・福祉 産業・しごと 観光・文化・ スポーツ 市政情報 Select Language ホーム くらし・手続き 子育て・教育 健康・福祉 産業・しごと 観光・文化・スポーツ 市政情報 PC版を表示 メニューを閉じる 現在のページ ホーム ライフイベントから探す 引越し・住まい 引越し・住まい 転入・転出・転居など 自治会 手続きナビ検索 国民年金への加入 「湖西市空き家バンク"
"湖西市","6","0","false","true","false","湖西市の概要","https://www.city.kosai.shizuoka.jp/shiseijoho/shinoshokai/3183.html","湖西市の概要／湖西市 スマートフォン版を表示 本文へ 文字サイズ 背景色 Select Language くらし・手続き 子育て・教育 健康・福祉 産業・しごと 観光・文化・ スポーツ 市政情報 Select Language ホーム くらし・手続き 子育て・教育 健康・福祉 産業・しごと 観光・文化・スポーツ 市政情報 PC版を表示 メニューを閉じる 現在のページ ホーム 市政情報 市の紹介 湖西市の概要 湖西市の概要 更新日：2025年08月01日 市の概要 &nbsp;静岡県の最西端、愛知県との境に位置する湖"
"湖西市","6","0","false","true","false","庁舎・施設案内","https://www.city.kosai.shizuoka.jp/shiseijoho/chosha_shisetsuannai/index.html","庁舎・施設案内／湖西市 スマートフォン版を表示 本文へ 文字サイズ 背景色 Select Language くらし・手続き 子育て・教育 健康・福祉 産業・しごと 観光・文化・ スポーツ 市政情報 Select Language ホーム くらし・手続き 子育て・教育 健康・福祉 産業・しごと 観光・文化・スポーツ 市政情報 PC版を表示 メニューを閉じる 現在のページ ホーム 市政情報 庁舎・施設案内 庁舎・施設案内 市役所について 西部市民サービスセンター はつらつセンター 北部地区多目的研修集会施設(多目的セン"
"御殿場市","6","0","false","false","true","","https://www.city.gotemba.lg.jp/","御殿場市公式ホームページ Skip to content 文字サイズ・色合い変更 お知らせ 市内のクマ情報 更新日時：5月13日18時05分 メニューから探す 防災･安全 くらし 健康･福祉 子育て 教育･文化 スポーツ 御殿場の魅力 産業･ビジネス 行政情報 よくある質問 キーワードを入力して探す 注目ワード 無線放送 ／ ごみの出し方 ／ 公共交通 ／ 各種申請 ／ SNS 情報が見つからないときは サイトマップ 御殿場市からのお知らせ 2026.07.15 令和8年度富士山火山防災情報伝達訓練実施のお知らせ "
"御殿場市","6","0","false","true","false","","https://www.city.gotemba.lg.jp/kurashi/category/b-4","ごみ・リサイクル &#8211; くらし Skip to content メニュー キーワードを入力して探す メニューから探す ホーム 防災･安全 くらし 健康･福祉 子育て 教育･文化 スポーツ 御殿場の魅力 産業･ビジネス 行政情報 よくある質問 文字サイズ・色合い変更 ホーム &nbsp;&gt; くらし &gt; ごみ・リサイクル くらし ごみ・リサイクルのカテゴリー ごみ集積所設置基準 収集日 ごみの出し方 リサイクル ごみの総合案内 事業者ごみ ごみ回収・処理業者 不法投棄 一般廃棄物処理計画 バナー広"
"御殿場市","6","0","false","true","false","","https://www.city.gotemba.lg.jp/sangyou/business_person","事業者向け情報 &#8211; 産業・ビジネス Skip to content メニュー キーワードを入力して探す メニューから探す ホーム 防災･安全 くらし 健康･福祉 子育て 教育･文化 スポーツ 御殿場の魅力 産業･ビジネス 行政情報 よくある質問 文字サイズ・色合い変更 ホーム &nbsp;&gt; 産業・ビジネス &gt; 事業者向け情報 事業者向け情報 入札・契約 御殿場市入札情報 企業支援 企業支援 農林業 地産地消 農林業施策 農林業者の方 建築・開発 都市計画 建築・開発 御殿場市景観計画 企業"
"裾野市","6","0","false","false","true","まちづくり・建築","https://www.city.susono.shizuoka.jp/machizukuri/index.html","まちづくり・建築／裾野市 本文へ Select Language 文字サイズ変更 背景色変更 市の組織 よくある質問 お問い合わせ くらし・手続き 子育て・教育 健康・福祉 観光・文化・スポーツ まちづくり・建築 産業・ビジネス 市政情報 Select Language メニュー くらし・手続き 子育て・教育 健康・福祉 観光・文化・スポーツ まちづくり・建築 産業・ビジネス 市政情報 閉じる 現在の位置 裾野市公式ウェブサイト まちづくり・建築 まちづくり・建築 新着情報 NEW! 現在、新着情報はございません。"
"裾野市","6","0","false","false","true","歯から始まる健康ライフ講座（8020推進員養成講座）","https://www.city.susono.shizuoka.jp/event/22059.html","歯から始まる健康ライフ講座（8020推進員養成講座）／裾野市 本文へ Select Language 文字サイズ変更 背景色変更 市の組織 よくある質問 お問い合わせ くらし・手続き 子育て・教育 健康・福祉 観光・文化・スポーツ まちづくり・建築 産業・ビジネス 市政情報 Select Language メニュー くらし・手続き 子育て・教育 健康・福祉 観光・文化・スポーツ まちづくり・建築 産業・ビジネス 市政情報 閉じる 現在の位置 裾野市公式ウェブサイト イベント・募集 歯から始まる健康ライフ講座（802"
"裾野市","6","0","false","false","true","市営住宅新稲荷団地入居者募集","https://www.city.susono.shizuoka.jp/event/20614.html","市営住宅新稲荷団地入居者募集／裾野市 本文へ Select Language 文字サイズ変更 背景色変更 市の組織 よくある質問 お問い合わせ くらし・手続き 子育て・教育 健康・福祉 観光・文化・スポーツ まちづくり・建築 産業・ビジネス 市政情報 Select Language メニュー くらし・手続き 子育て・教育 健康・福祉 観光・文化・スポーツ まちづくり・建築 産業・ビジネス 市政情報 閉じる 現在の位置 裾野市公式ウェブサイト イベント・募集 市営住宅新稲荷団地入居者募集 市営住宅新稲荷団地入居者募集"
"裾野市","6","0","false","false","true","都市計画・建築","https://www.city.susono.shizuoka.jp/sangyo/6/index.html","都市計画・建築／裾野市 本文へ Select Language 文字サイズ変更 背景色変更 市の組織 よくある質問 お問い合わせ くらし・手続き 子育て・教育 健康・福祉 観光・文化・スポーツ まちづくり・建築 産業・ビジネス 市政情報 Select Language メニュー くらし・手続き 子育て・教育 健康・福祉 観光・文化・スポーツ まちづくり・建築 産業・ビジネス 市政情報 閉じる 現在の位置 裾野市公式ウェブサイト 産業・ビジネス 都市計画・建築 都市計画・建築 都市計画 盛土関係法令が改正されました "
"裾野市","6","0","false","false","true","裾野市公式SNS","https://www.city.susono.shizuoka.jp/website/sns.html","裾野市公式SNS／裾野市 本文へ Select Language 文字サイズ変更 背景色変更 市の組織 よくある質問 お問い合わせ くらし・手続き 子育て・教育 健康・福祉 観光・文化・スポーツ まちづくり・建築 産業・ビジネス 市政情報 Select Language メニュー くらし・手続き 子育て・教育 健康・福祉 観光・文化・スポーツ まちづくり・建築 産業・ビジネス 市政情報 閉じる 現在の位置 裾野市公式ウェブサイト 市公式ウェブサイト関連 裾野市公式SNS 裾野市公式SNS SNSを利用した情報発信を"
"裾野市","6","0","false","false","true","リンク集","https://www.city.susono.shizuoka.jp/website/6258.html","リンク集／裾野市 本文へ Select Language 文字サイズ変更 背景色変更 市の組織 よくある質問 お問い合わせ くらし・手続き 子育て・教育 健康・福祉 観光・文化・スポーツ まちづくり・建築 産業・ビジネス 市政情報 Select Language メニュー くらし・手続き 子育て・教育 健康・福祉 観光・文化・スポーツ まちづくり・建築 産業・ビジネス 市政情報 閉じる 現在の位置 裾野市公式ウェブサイト 市公式ウェブサイト関連 リンク集 リンク集 このリンク集は全て外部サイトへのリンクです。 指定"
"袋井市","6","0","false","true","false","組織から探す","https://www.city.fukuroi.shizuoka.jp/soshiki/index.html","組織から探す／袋井市 スマートフォン版を表示 本文へ 音声読み上げ Select Language Português ：ポルトガル語 Việt ：ベトナム語 简体中文 ：中国語(簡体) 繁體中文 ：中国語(繁体) English ：英語 Español ：スペイン語 한국어 ：韓国語 日本語 ：日本語 Go ルビふり ルビをけす やさしい日本語 やさしい日本語をけす 組織から探す 文字 サイズ 背景色 変更 くらし・手続き 子育て・教育 健康・医療・福祉 観光・文化・スポーツ 事業者向け 市政情報 キーワード検索"
"袋井市","6","0","false","true","false","よくあるご質問","https://www.city.fukuroi.shizuoka.jp/faq/index.html","よくあるご質問／袋井市 スマートフォン版を表示 本文へ 音声読み上げ Select Language Português ：ポルトガル語 Việt ：ベトナム語 简体中文 ：中国語(簡体) 繁體中文 ：中国語(繁体) English ：英語 Español ：スペイン語 한국어 ：韓国語 日本語 ：日本語 Go ルビふり ルビをけす やさしい日本語 やさしい日本語をけす 組織から探す 文字 サイズ 背景色 変更 くらし・手続き 子育て・教育 健康・医療・福祉 観光・文化・スポーツ 事業者向け 市政情報 キーワード検"
"袋井市","6","0","false","true","false","地図情報配信サービス「どまんなか袋井navi（ナビ）」（袋井市公式GIS）","https://www.city.fukuroi.shizuoka.jp/soshiki/ict/ict_system/1458190218348.html","地図情報配信サービス「どまんなか袋井navi（ナビ）」（袋井市公式GIS）／袋井市 スマートフォン版を表示 本文へ 音声読み上げ Select Language Português ：ポルトガル語 Việt ：ベトナム語 简体中文 ：中国語(簡体) 繁體中文 ：中国語(繁体) English ：英語 Español ：スペイン語 한국어 ：韓国語 日本語 ：日本語 Go ルビふり ルビをけす やさしい日本語 やさしい日本語をけす 組織から探す 文字 サイズ 背景色 変更 くらし・手続き 子育て・教育 健康・医療・福"
"下田市","0","0","false","false","false","サーフシティ下田 サーファーインタビュー「I love SHIMODA！I love SURF！」","https://www.city.shimoda.shizuoka.jp/category/100900sekaiichinoumi/158896.html","サーフシティ下田 サーファーインタビュー「I love SHIMODA！I love SURF！」 | 下田市 本文へのスキップリンク 設定 探す メニュー 閉じる 文字サイズ 標準 拡大 言語選択 くらし・手続き 子育て・教育 健康・福祉・医療 産業・観光 市政情報 くらし・手続き くらし・手続き 子育て・教育 子育て・教育 健康・福祉・医療 健康・福祉・医療 産業・観光 産業・観光 市政情報 市政情報 ホーム 観光・産業 世界一の海づくりプロジェクト サーフシティ下田 サーファーインタビュー「I love SH"
"湖西市","0","0","false","false","false","","https://www.city.kosai.shizuoka.jp/kosai_saiko/index.html","湖西で暮らそう。／湖西市 スマートフォン版を表示 湖西市定住支援情報サイト 本文へ 文字サイズ 背景色変更 湖西市ホームページへ ”こさい”を知る ”こさい”を楽しむ ”こさい”で暮らす ”こさい”で育てる ”こさい”に暮らして ～移住者の声～ 補助制度 Select Language ”こさい”を知る ”こさい”を楽しむ ”こさい”で暮らす ”こさい”で育てる ”こさい”に暮らして ～移住者の声～ 補助制度 湖西市ホームページへ PC版を表示 メニューを閉じる ”こさい”を知る 湖西市ってどんなまちなの？ 人口や"
"湖西市","0","0","false","false","false","防災マップ","https://www.city.kosai.shizuoka.jp/bousai/map/index.html","防災マップ／湖西市 スマートフォン版を表示 本文へ 文字サイズ 背景色 Select Language くらし・手続き 子育て・教育 健康・福祉 産業・しごと 観光・文化・ スポーツ 市政情報 Select Language ホーム くらし・手続き 子育て・教育 健康・福祉 産業・しごと 観光・文化・スポーツ 市政情報 PC版を表示 メニューを閉じる 現在のページ ホーム 災害対策・危機管理 防災マップ 防災マップ 土砂災害ハザードマップ ため池ハザードマップ 湖西市の標高マップ 土砂災害(特別)警戒区域 農業用た"
"御殿場市","0","0","false","false","false","","https://www.city.gotemba.lg.jp/appeal/iju","移住・定住 &#8211; 御殿場の魅力 Skip to content メニュー キーワードを入力して探す メニューから探す ホーム 防災･安全 くらし 健康･福祉 子育て 教育･文化 スポーツ 御殿場の魅力 産業･ビジネス 行政情報 よくある質問 文字サイズ・色合い変更 ホーム &nbsp;&gt; 御殿場の魅力 &gt; 移住・定住 --> 移住・定住 INFORMATION 2026.06.23 移住者の声:杉山さんご紹介 2026.06.16 「御殿場市合同企業ガイダンス2026夏」を開催します 2026"
"御殿場市","0","0","false","false","false","","https://www.city.gotemba.lg.jp/gikai/","御殿場市議会 メニュー キーワードを入力して探す メニューから探す ホーム 防災･安全 くらし 健康･福祉 子育て 教育･文化 スポーツ 御殿場の魅力 産業･ビジネス 行政情報 よくある質問 文字サイズ・色合い変更 ホーム &nbsp;&gt; 御殿場市議会 御殿場市議会 御殿場市議会のお知らせ 一覧表示 2026年07月10日 この夏、議場が学習室になります! NEW 2026年07月02日 市議会議員の請負状況の公表 2026年06月18日 地域で紡ぐ読書の絆-福祉文教委員会が私設図書館へ 2026年06月09"
"御殿場市","0","0","false","false","false","","https://www.city.gotemba.lg.jp/gikai/","御殿場市議会 メニュー キーワードを入力して探す メニューから探す ホーム 防災･安全 くらし 健康･福祉 子育て 教育･文化 スポーツ 御殿場の魅力 産業･ビジネス 行政情報 よくある質問 文字サイズ・色合い変更 ホーム &nbsp;&gt; 御殿場市議会 御殿場市議会 御殿場市議会のお知らせ 一覧表示 2026年07月10日 この夏、議場が学習室になります! NEW 2026年07月02日 市議会議員の請負状況の公表 2026年06月18日 地域で紡ぐ読書の絆-福祉文教委員会が私設図書館へ 2026年06月09"
