八頭町	50	妊産婦・子育て支援タクシー利用費助成事業について	https://www.town.yazu.tottori.jp/site/sukusuku-yazukko/15533.html
八頭町	48	児童扶養手当	https://www.town.yazu.tottori.jp/site/sukusuku-yazukko/1314.html
八頭町	48	特別医療費助成制度(小児)の内容が変わります	https://www.town.yazu.tottori.jp/site/sukusuku-yazukko/8431.html
八頭町	48	特別医療費助成制度	https://www.town.yazu.tottori.jp/site/sukusuku-yazukko/1431.html
若桜町	46	若桜町奨学資金制度(大学生)	https://www.town.wakasa.tottori.jp/soshikikarasagasu/kyoikuiinkai/1/2/517.html
八頭町	46	固定資産税納税通知書に空き家啓発チラシを同封しています	https://www.town.yazu.tottori.jp/site/akiya/17004.html
八頭町	46	飼い主のいない猫不妊去勢手術費補助金	https://www.town.yazu.tottori.jp/soshiki/8/1169.html
八頭町	46	障がい者福祉（助成）	https://www.town.yazu.tottori.jp/soshiki/16/3209.html
八頭町	46	高齢者はり・きゅう・マッサージ施術費助成事業	https://www.town.yazu.tottori.jp/soshiki/8/12668.html
八頭町	46	タクシー利用費を助成します	https://www.town.yazu.tottori.jp/site/lifestage/1251.html
八頭町	46	高校生の通学費を助成します	https://www.town.yazu.tottori.jp/site/sukusuku-yazukko/1394.html
八頭町	46	観光・交流促進補助金のご案内	https://www.town.yazu.tottori.jp/soshiki/18/1489.html
八頭町	46	「出る杭を伸ばす」事業者応援補助金のご案内	https://www.town.yazu.tottori.jp/soshiki/18/1487.html
八頭町	46	空き家の既存住宅状況調査（インスペクション）を支援します	https://www.town.yazu.tottori.jp/site/lifestage/1592.html
八頭町	46	八頭町結婚新生活支援事業補助金のご案内	https://www.town.yazu.tottori.jp/site/lifestage/1288.html
八頭町	46	結婚や子育てを機に県外から移住された方へ奨励金を交付しています	https://www.town.yazu.tottori.jp/site/lifestage/1271.html
八頭町	46	家庭用発電設備等導入推進補助金を交付しています	https://www.town.yazu.tottori.jp/site/lifestage/1249.html
八頭町	46	置き配ボックス設置事業補助金を交付します	https://www.town.yazu.tottori.jp/site/lifestage/12123.html
八頭町	46	八頭町新築家屋固定資産税補助金交付制度	https://www.town.yazu.tottori.jp/site/lifestage/1153.html
八頭町	46	後期高齢者医療	https://www.town.yazu.tottori.jp/site/lifestage/1430.html
八頭町	46	八頭町新因幡ライン景観形成支援事業補助金のご案内	https://www.town.yazu.tottori.jp/soshiki/18/12020.html
八頭町	46	野良猫よけ器購入補助金	https://www.town.yazu.tottori.jp/soshiki/8/3400.html
八頭町	46	ごみ散乱防止ネット購入費補助金	https://www.town.yazu.tottori.jp/site/gomi/5402.html
八頭町	46	集落ごみステーション等整備事業補助金	https://www.town.yazu.tottori.jp/site/gomi/1418.html
八頭町	46	生ごみ処理機器等購入費補助金	https://www.town.yazu.tottori.jp/site/gomi/1041.html
八頭町	46	空き家の家財処分を支援します（空き家バンクに賃貸専用物件と登録する場合）	https://www.town.yazu.tottori.jp/site/akiya/8535.html
八頭町	46	空き家の家財処分を支援します（空き家バンク物件への入居者が決定した場合）	https://www.town.yazu.tottori.jp/site/akiya/4307.html
八頭町	46	県外移住者の空き家改修費用を支援します	https://www.town.yazu.tottori.jp/site/akiya/10011.html
八頭町	46	八頭町産材利用促進事業費補助金について	https://www.town.yazu.tottori.jp/soshiki/9/9559.html
八頭町	46	管理不全な状態の空き家への対応	https://www.town.yazu.tottori.jp/site/akiya/8573.html
八頭町	46	ブロック塀除去・改修の補助	https://www.town.yazu.tottori.jp/soshiki/6/1146.html
八頭町	46	まちづくり団体等の空き家利活用の取り組みを支援します	https://www.town.yazu.tottori.jp/site/akiya/16158.html
八頭町	46	まちづくり団体等の空き家の転貸（サブリース）事業等を支援します	https://www.town.yazu.tottori.jp/site/akiya/11904.html
八頭町	46	八頭町感震ブレーカー設置事業補助金の受付終了について	https://www.town.yazu.tottori.jp/soshiki/6/12897.html
八頭町	46	八頭町防犯機器購入補助金の受付について	https://www.town.yazu.tottori.jp/soshiki/6/12868.html
湯梨浜町	46	雨水貯留タンク設置事業補助金	https://www.yurihama.jp/soshiki/2/28233.html
湯梨浜町	46	湯梨浜町若者会議提案事業チャレンジ補助金	https://www.yurihama.jp/soshiki/3/22557.html
湯梨浜町	46	湯梨浜町家庭子育て支援事業給付金（申請時に必要な書類が一部変更になりました）	https://www.yurihama.jp/soshiki/8/7726.html
湯梨浜町	46	1か月児健康診査費助成事業のお知らせ	https://www.yurihama.jp/soshiki/8/8423.html
湯梨浜町	46	湯梨浜町不妊治療費助成事業	https://www.yurihama.jp/soshiki/8/6286.html
湯梨浜町	46	フリースクール等の利用料を助成します	https://www.yurihama.jp/soshiki/19/15184.html
湯梨浜町	46	帯状疱疹ワクチン接種費用を助成します	https://www.yurihama.jp/soshiki/9/24940.html
湯梨浜町	46	麻しん・風しんワクチン接種費用を助成します	https://www.yurihama.jp/soshiki/9/1718.html
湯梨浜町	46	特別医療費助成制度	https://www.yurihama.jp/soshiki/9/1715.html
湯梨浜町	46	児童扶養手当制度	https://www.yurihama.jp/soshiki/11/1826.html
湯梨浜町	46	養育費に係る公正証書等作成促進補助金	https://www.yurihama.jp/soshiki/11/25458.html
湯梨浜町	46	児童手当について	https://www.yurihama.jp/soshiki/8/1649.html
湯梨浜町	46	身体障がい者用自動車改造費等助成金について	https://www.yurihama.jp/soshiki/11/17742.html
湯梨浜町	46	若者夫婦・子育て世代住宅支援事業補助金	https://www.yurihama.jp/soshiki/7/1553.html
湯梨浜町	46	住宅・建築物の耐震診断および設計、改修等を支援します‼	https://www.yurihama.jp/soshiki/13/15423.html
湯梨浜町	46	湯梨浜町空き家等対策計画について	https://www.yurihama.jp/soshiki/13/15812.html
湯梨浜町	46	令和8年度コミュニティ助成事業の募集について	https://www.yurihama.jp/soshiki/3/25814.html
湯梨浜町	46	移住定住者住宅支援事業補助金	https://www.yurihama.jp/soshiki/7/1552.html
湯梨浜町	46	三世代同居世帯等の補助金について	https://www.yurihama.jp/soshiki/7/14390.html
湯梨浜町	46	移住定住者の家賃助成について	https://www.yurihama.jp/soshiki/7/14867.html
湯梨浜町	46	湯梨浜町移住定住者中古住宅修繕支援事業補助金	https://www.yurihama.jp/soshiki/7/15392.html
湯梨浜町	46	空き家利活用流通促進事業補助金	https://www.yurihama.jp/soshiki/7/15310.html
湯梨浜町	46	空き家家財道具等処分費支援事業補助金	https://www.yurihama.jp/soshiki/7/22294.html
湯梨浜町	46	住宅等の仲介手数料補助金について	https://www.yurihama.jp/soshiki/7/14387.html
湯梨浜町	46	創業・販路開拓支援補助金	https://www.yurihama.jp/soshiki/10/18862.html
湯梨浜町	46	県外移住者の運転免許取得の補助金について	https://www.yurihama.jp/soshiki/7/14380.html
湯梨浜町	46	県外移住者のペーパードライバー講習の補助金について	https://www.yurihama.jp/soshiki/7/14868.html
湯梨浜町	46	湯梨浜町高校生通学費助成事業について	https://www.yurihama.jp/soshiki/19/12533.html
湯梨浜町	46	コワーキングスペース整備事業補助金	https://www.yurihama.jp/soshiki/7/273726.html
湯梨浜町	46	【受付終了】ゲストハウス等整備事業補助金の公募について	https://www.yurihama.jp/soshiki/7/265243.html
湯梨浜町	46	多世代同居住宅整備支援事業補助金	https://www.yurihama.jp/soshiki/7/26524.html
湯梨浜町	46	湯梨浜町地方就職支援金	https://www.yurihama.jp/soshiki/7/25332.html
湯梨浜町	46	補助事業の一覧（子育て・教育分野）	https://www.yurihama.jp/soshiki/2/26639.html
湯梨浜町	46	いきいきボランティア団体活動助成事業	https://www.yurihama.jp/soshiki/3/1407.html
湯梨浜町	46	湯梨浜町地域にぎわい創出事業補助金	https://www.yurihama.jp/soshiki/3/1413.html
湯梨浜町	46	湯梨浜町特定非営利活動法人設立支援補助金	https://www.yurihama.jp/soshiki/3/17881.html
湯梨浜町	46	湯梨浜町男女共同参画環境づくり奨励事業補助金について	https://www.yurihama.jp/soshiki/3/9608.html
湯梨浜町	46	マルシェ開催事業補助金について	https://www.yurihama.jp/soshiki/3/25362.html
湯梨浜町	46	買物環境確保支援事業補助金について	https://www.yurihama.jp/soshiki/3/20851.html
湯梨浜町	46	危険な空き家の解体を支援します‼	https://www.yurihama.jp/soshiki/13/15422.html
湯梨浜町	46	特別児童扶養手当制度	https://www.yurihama.jp/soshiki/11/1825.html
湯梨浜町	46	障がい者自動車運転免許取得費助成について	https://www.yurihama.jp/soshiki/11/16587.html
智頭町	44	2024.04.15 智頭町定住促進対策事業費補助金（住宅改修及び新築支援事業）の募集について	https://www1.town.chizu.tottori.jp/chizu/town/emigration/01/m161/
八頭町	40	支援・助成	https://www.town.yazu.tottori.jp/site/sukusuku-yazukko/list5-16.html
湯梨浜町	40	補助事業の一覧（暮らし分野）	https://www.yurihama.jp/soshiki/2/26636.html
湯梨浜町	40	補助事業の一覧（福祉分野）	https://www.yurihama.jp/soshiki/2/26640.html
湯梨浜町	40	補助事業の一覧（農林水産業）	https://www.yurihama.jp/soshiki/2/27215.html
湯梨浜町	40	補助事業の一覧（商工業）	https://www.yurihama.jp/soshiki/2/27216.html
湯梨浜町	40	補助事業の一覧（地域づくり）	https://www.yurihama.jp/soshiki/3/27217.html
若桜町	38	若桜町通学助成金(高校生対象)	https://www.town.wakasa.tottori.jp/soshikikarasagasu/kyoikuiinkai/1/2/564.html
八頭町	38	障がい者福祉（手当）	https://www.town.yazu.tottori.jp/soshiki/16/3207.html
八頭町	38	ひとり親家庭支援	https://www.town.yazu.tottori.jp/soshiki/16/1434.html
八頭町	38	鳥取県では県内就職する学生・卒業生の奨学金返還を助成しています	https://www.town.yazu.tottori.jp/soshiki/11/17744.html
八頭町	38	移住	https://www.town.yazu.tottori.jp/life/7/7/
八頭町	38	新型コロナウイルス感染症に伴う融資等に必要な証明書発行手数料を無料とします	https://www.town.yazu.tottori.jp/soshiki/8/1181.html
八頭町	38	空き家の相談窓口	https://www.town.yazu.tottori.jp/site/akiya/9056.html
八頭町	38	木造住宅耐震化の補助	https://www.town.yazu.tottori.jp/soshiki/6/1145.html
八頭町	38	空き家バンクQ&A	https://www.town.yazu.tottori.jp/site/akiya/6703.html
八頭町	38	身体障害者手帳をお持ちの方が町外の医療機関へ通院するためのタクシー代を一部助成します	https://www.town.yazu.tottori.jp/soshiki/16/9420.html
八頭町	38	障がい者福祉（障害者手帳等の交付）	https://www.town.yazu.tottori.jp/soshiki/16/3205.html
八頭町	38	障がい者総合支援のサービス体系	https://www.town.yazu.tottori.jp/soshiki/16/1538.html
湯梨浜町	38	妊娠・出産	https://www.yurihama.jp/life/10/31/25/
湯梨浜町	38	国民健康保険一部負担金（窓口負担）の減免等について	https://www.yurihama.jp/soshiki/9/1654.html
湯梨浜町	38	高齢者クラブ会員募集中！	https://www.yurihama.jp/soshiki/12/8007.html
湯梨浜町	38	移住・定住	https://www.yurihama.jp/life/4/19/108/
湯梨浜町	38	各種補助金・交付金	https://www.yurihama.jp/life/4/19/141/
湯梨浜町	38	融資・助成	https://www.yurihama.jp/life/4/12/69/
湯梨浜町	38	特定の業種に就職する方の奨学金返還の一部を助成します	https://www.yurihama.jp/soshiki/19/15134.html
湯梨浜町	38	各自治会における補助金申請・委員推薦等の年間スケジュール	https://www.yurihama.jp/soshiki/2/24480.html
湯梨浜町	38	地域のデジタル活用促進事業補助金の申請を開始します	https://www.yurihama.jp/soshiki/7/25376.html
湯梨浜町	38	補助事業の一覧（消防・防災・防犯・交通分野）	https://www.yurihama.jp/soshiki/2/26637.html
湯梨浜町	38	障がい福祉係関係	https://www.yurihama.jp/soshiki/11/2095.html
湯梨浜町	38	心身障がい者医療費助成申請様式	https://www.yurihama.jp/soshiki/11/2102.html
智頭町	36	智頭町移住定住サイト 町への移住をご検討の方はこちら	https://www1.town.chizu.tottori.jp/chizu/town/
八頭町	36	子育てに関する支援・助成制度一覧	https://www.town.yazu.tottori.jp/site/sukusuku-yazukko/15586.html
若桜町	34	麒麟のまちクーポンキャンペーン参加事業者の募集について	https://www.town.wakasa.tottori.jp/saiyo_boshu/1193.html
智頭町	34	智頭町空家等対策計画を改定しました。	https://www1.town.chizu.tottori.jp/chizu/kikaku/27/
智頭町	34	智頭町観光・移住定住ビジョンを策定しました。	https://www1.town.chizu.tottori.jp/chizu/kikaku/q140/
智頭町	34	智頭町 移住定住相談窓口の対応について	https://www1.town.chizu.tottori.jp/chizu/kikaku/40/
智頭町	34	高校生通学費補助について	https://www1.town.chizu.tottori.jp/chizu/kyouiku/4/
智頭町	34	智頭町地域の空き家を活用したまちづくり推進事業	https://www1.town.chizu.tottori.jp/chizu/kikaku/32/
智頭町	34	空き家利活用コンテスト2023の開催について	https://www1.town.chizu.tottori.jp/chizu/kikaku/a149/
智頭町	34	【受付は終了しました】智頭町防犯機器購入補助金	https://www1.town.chizu.tottori.jp/chizu/soumu/g466/
八頭町	34	国民健康保険税・介護保険料・後期高齢者保険料	https://www.town.yazu.tottori.jp/soshiki/7/1443.html
八頭町	34	移住体験施設「おためし住宅」を開設しています	https://www.town.yazu.tottori.jp/soshiki/11/1273.html
八頭町	34	空き家を利活用する際の改修工事を支援します	https://www.town.yazu.tottori.jp/site/lifestage/1275.html
八頭町	34	発達・障がい	https://www.town.yazu.tottori.jp/site/sukusuku-yazukko/list5-17.html
八頭町	34	ひとり親	https://www.town.yazu.tottori.jp/site/sukusuku-yazukko/list5-18.html
八頭町	34	会計年度任用職員採用資格試験（障がい者対象）の実施について（受付終了）	https://www.town.yazu.tottori.jp/soshiki/3/6967.html
八頭町	34	高齢者福祉の取り組み	https://www.town.yazu.tottori.jp/site/lifestage/1437.html
八頭町	34	空き家の譲渡所得の3,000万円特別控除に必要な確認書を発行します	https://www.town.yazu.tottori.jp/site/akiya/5585.html
八頭町	34	空き家の利活用に関する支援・助成一覧	https://www.town.yazu.tottori.jp/site/akiya/16528.html
八頭町	34	第3期八頭町障がい者計画および第7期八頭町障がい福祉計画・第3期障がい児福祉計画を策定しました	https://www.town.yazu.tottori.jp/soshiki/16/8849.html
八頭町	34	障がい者総合支援の利用の流れ	https://www.town.yazu.tottori.jp/soshiki/16/1537.html
三朝町	34	2023-10-13 三朝町農林業施設等の災害復旧支援制度について	http://www.town.misasa.tottori.jp/315/319/329/29769.html
三朝町	34	三朝町県外学生保育施設就職奨励金について 三朝町県外学生保育施設就職奨励金	https://www.town.misasa.tottori.jp/315/319/324/34505.html
三朝町	34	みささする実践交付金 やってみよう、つながろう、つくりだそうをキーワードに地域活性化を応援します 担当 企画健康課（TEL43-3506）	http://www.town.misasa.tottori.jp/315/319/1387/1412/22812.html
三朝町	34	三朝町住宅取得等支援事業補助金 ４５歳未満の方を対象に住宅の新築・購入費用を支援します。 担当 デジタル・人口戦略課（TEL27-0166）	https://www.town.misasa.tottori.jp/315/319/2054/2018/1325/24840.html
三朝町	34	三朝町ふるさとでの新しいライフステージ支援事業補助金 結婚や出産を機会に「三朝で暮らす」ことを選択した若年者を支援します。 担当 デジタル・人口戦略課（TEL27-0166）	https://www.town.misasa.tottori.jp/315/319/2054/2018/1325/27282.html
三朝町	34	三朝町空き家家財道具等処分費補助金 空き家バンク登録物件が成約に至った場合、家財道具の処分に係る費用の一部を支援します。 担当 デジタル・人口戦略課（TEL27-0166）	https://www.town.misasa.tottori.jp/315/319/2054/2002/2021/19395.html
三朝町	34	三朝町空き家利活用流通促進事業補助金 市場では流通していない空き家の利活用のため改修工事等を行う方に対し、経費の一部を助成します。 担当 デジタル・人口戦略課（TEL27-0166）	https://www.town.misasa.tottori.jp/315/319/2054/2002/2021/28452.html
三朝町	34	集落活性化補助金 公民館の改修等に活用いただけます。担当 企画健康課（TEL43-3506）	http://www.town.misasa.tottori.jp/315/319/1387/1412/28286.html
三朝町	34	高齢者補聴器購入費助成事業 聴力機能の低下によって日常生活に不便が生じている高齢者の方を対象に、コミュニケーションを取ることが難しくなったことによる認知機能の低下や閉じこもりを予防し、積極的な社会参加や地域交流を支援することを目的として、補聴器の購入費の一部を助成します。 【問合先】福祉課 43-3520	http://www.town.misasa.tottori.jp/315/319/1144/32158.html
三朝町	34	長寿者を祝う事業補助金について 長寿者を祝う事業を実施する集落に対し、補助金を交付します。 担当課:福祉課(TEL 43-3520)	http://www.town.misasa.tottori.jp/315/319/1144/1569/27988.html
三朝町	34	三朝町腎臓機能障がい・精神障がい者通院費助成制度 担当課:福祉課(TEL 43-3520)	http://www.town.misasa.tottori.jp/315/319/1144/1565/30200.html
三朝町	34	障がいのある方の福祉用具助成 補装具費（購入・修理）の助成について 担当課:福祉課(TEL 43-3520)	http://www.town.misasa.tottori.jp/315/319/1144/1565/24568.html
三朝町	34	障がいのある児童のためのサービス 児童福祉法による障がい児通所支援のサービス内容 担当課:福祉課(TEL 43-3520)	http://www.town.misasa.tottori.jp/315/319/1144/1565/24569.html
三朝町	34	障がいのある方の医療費助成 担当課:福祉課(TEL 43-3520)	http://www.town.misasa.tottori.jp/315/319/1144/1565/24570.html
三朝町	34	高齢者交通費助成事業（タクシー助成事業） 担当課:福祉課(TEL 43-3520)	http://www.town.misasa.tottori.jp/315/319/1144/1570/24583.html
三朝町	34	徘徊高齢者位置検索システム利用助成 位置検索システム（ＧＰＳ機能）の利用費一部助成 担当課:福祉課(TEL 43-3519)	http://www.town.misasa.tottori.jp/315/319/1144/1570/24581.html
三朝町	34	特別医療費助成制度 医療費助成制度の概要について 担当課:福祉課(TEL 43-3520)	http://www.town.misasa.tottori.jp/315/319/1144/1563/24480.html
三朝町	34	大人の風しんワクチン予防接種 風しんワクチン接種費用の一部助成について 担当課:企画健康課(TEL 43-3506)	http://www.town.misasa.tottori.jp/315/319/1144/1568/24501.html
三朝町	34	高齢者肺炎球菌予防接種 高齢者肺炎球菌予防接種費用の一部助成について 担当課:企画健康課(TEL 43-3506)	http://www.town.misasa.tottori.jp/315/319/1144/1568/26409.html
三朝町	34	三朝町管理不全家屋等対策補助金について 管理不全等により倒壊等のおそれのある空き家等の解体撤去に対する補助制度です。 担当：総務課危機管理局（TEL43-3500）	http://www.town.misasa.tottori.jp/315/319/963/28284.html
三朝町	34	ブロック塀等除却・改修補助制度について 危険なブロック塀等の除却、フェンスや生垣への改修を行う所有者の方に対しての補助制度です。 担当：総務課危機管理局（TEL43-3500）	http://www.town.misasa.tottori.jp/315/319/963/24009.html
三朝町	34	耐震診断・改修補助制度について 古い基準で建てられた住宅等の耐震診断・改修を行う所有者・利用者の方に対する補助制度です。 担当：建設水道課（TEL43-3502）	http://www.town.misasa.tottori.jp/315/319/329/30439.html
三朝町	34	農業機械導入支援事業費補助金 農業機械導入経費の一部を助成します 担当：農林課 43-3515	https://www.town.misasa.tottori.jp/315/319/327/1962/34703.html
三朝町	34	三朝町特産品開発支援事業補助金 新たな特産品開発経費の一部を助成します 担当：農林課 43-3515	https://www.town.misasa.tottori.jp/315/319/327/1962/32654.html
三朝町	34	小規模事業者経営改善資金（マル経営融資）利子補給補助金 小規模事業者の経営を支援するため、小規模事業者経営改善資金制度要綱に基づく「小規模事業者経営改善資金」（マル経融資）を利用された事業者に利子補給の支援をします。 担当 観光交流課（TEL43-3514）	https://www.town.misasa.tottori.jp/315/319/374/1587/36513.html
三朝町	34	三朝町持続的な賃上げに伴う事業者支援交付金 国の「物価高騰対応重点支援地方創生臨時交付金」を活用し、エネルギー・食料品価格の高騰など厳しい経営環境が続く中で、一定水準以上の賃金引き上げを行う町内事業者を支援します。 担当 観光交流課（TEL43-3514）	https://www.town.misasa.tottori.jp/315/319/374/1587/37091.html
三朝町	34	三朝町企業立地促進補助金 町内で新たに事業を開始する事業者や規模拡大を行う事業者の工場・事業所等の新設・増設または移設する際の設備投資に係る費用の一部を支援します。 担当 観光交流課（TEL43-3514）	https://www.town.misasa.tottori.jp/315/319/374/1587/34274.html
三朝町	34	三朝町店舗改装等支援事業補助金 消費者の満足度向上や美しい街並み景観形成を図るため、消費者が安心・快適に利用できる観光施設や商業環境の整備を支援します。 担当 観光交流課（TEL43-3514）	https://www.town.misasa.tottori.jp/315/319/374/1587/36935.html
三朝町	34	三朝町新事業チャレンジ応援補助金 新商品開発や新事業分野への進出など、新たな取り組みに挑戦する町内事業者の方を 応援するため、初期投資に係る経費の一部を支援します。 担当 観光交流課（TEL43-3514）	http://www.town.misasa.tottori.jp/315/319/374/1587/28347.html
三朝町	34	三朝町創業支援補助金 三朝町内で創業される事業者に対して初期投資に係る経費の一部を支援します。 担当 観光交流課（TEL43-3514）	http://www.town.misasa.tottori.jp/315/319/374/1587/28258.html
三朝町	34	三朝町宅配ボックス購入設置事業補助金について（令和７年度） 宅配ボックスを新しく設置される方に対して補助金を交付します。担当課：町民課（TEL 43-3505）	https://www.town.misasa.tottori.jp/315/319/324/764/1905/34802.html
三朝町	34	三朝町合併処理浄化槽設置事業補助金について 合併浄化槽設置を補助しますのでご確認ください。 担当課：建設水道課（TEL43-3502）	http://www.town.misasa.tottori.jp/315/319/329/18658.html
三朝町	34	野良猫の避妊・去勢手術費補助金制度について 飼い主のいない野良猫に対する避妊・去勢手術費の一部を助成します。担当課：町民課（TEL 43-3505）	http://www.town.misasa.tottori.jp/315/319/324/764/1905/21078.html
三朝町	34	住宅用太陽光発電システム等設置費補助金について 太陽光発電システムや蓄電池、薪ストーブ等を新しく設置される方に対して補助金を交付します。担当課：町民課（TEL 43-3505）	http://www.town.misasa.tottori.jp/315/319/324/764/1905/3726.html
三朝町	34	家庭用生ごみ処理機器等購入費補助金について 生ごみ処理機やコンポストを新しく設置される方に対して補助金を交付します。担当課：町民課（TEL 43-3505）	http://www.town.misasa.tottori.jp/315/319/324/764/1905/26818.html
三朝町	34	年金生活者支援給付制度について 2025-09-09	https://www.town.misasa.tottori.jp/315/319/324/1372/26795.html
三朝町	34	三朝町合併浄化槽設置事業補助金について 2025-06-13	https://www.town.misasa.tottori.jp/315/319/329/18658.html
三朝町	34	ビジネス人材移住支援金 最大100万円 【関東圏から移住かつ対象企業に就職された方対象】世帯人数に応じて支援金を交付します。	https://www.town.misasa.tottori.jp/315/319/2054/2018/1325/28451.html
三朝町	34	物件掲載情報 町内の空き家バンク登録物件一覧です。	https://www.town.misasa.tottori.jp/315/319/2054/2002/2021/1920/
三朝町	34	空き家バンクの申込手続き 物件情報の提供を希望する方、物件を登録したい方はこちらへ。	https://www.town.misasa.tottori.jp/315/319/2054/2002/2021/23053.html
三朝町	34	創業支援 最大上限300万円 三朝町内で創業をされる方の費用を一部支援します。	https://www.town.misasa.tottori.jp/315/319/374/1587/28258.html
三朝町	34	令和8年度「"みささ"する実践交付金」の募集 地域づくりのための取組みを支援します。 2026-04-13	https://www.town.misasa.tottori.jp/315/319/1387/1412/22812.html
三朝町	34	集落活性化補助金の活用募集 住みよい地域づくりを推進 2026-04-16	https://www.town.misasa.tottori.jp/315/319/1387/1412/28286.html
三朝町	34	高齢者用肺炎球菌感染症予防接種について 高齢者の肺炎の原因の中でもっとも多い「肺炎球菌」による感染を予防します。 2026-04-30	https://www.town.misasa.tottori.jp/315/319/1144/1568/26409.html
三朝町	34	大人の風しんワクチン予防接種費を助成します ～赤ちゃんを風しんから守りましょう～ 2026-04-30	https://www.town.misasa.tottori.jp/315/319/1144/1568/24501.html
三朝町	34	おたふくかぜ予防接種費助成事業のお知らせ 2026-04-30	https://www.town.misasa.tottori.jp/315/319/1144/1568/24494.html
三朝町	34	国民健康保険傷病手当金の支給（新型コロナウイルス感染症関連） 2026-01-08	https://www.town.misasa.tottori.jp/315/319/1144/1438/26723.html
三朝町	34	三朝町腎臓機能障がい・精神障がい者通院費助成制度 令和４年３月１７日配信 2026-04-16	https://www.town.misasa.tottori.jp/315/319/1144/1565/30200.html
三朝町	34	障がいのある方の医療費助成について 2026-04-16	https://www.town.misasa.tottori.jp/315/319/1144/1565/24570.html
三朝町	34	障がいのある児童のためのサービスについて 2026-04-16	https://www.town.misasa.tottori.jp/315/319/1144/1565/24569.html
三朝町	34	障がいのある方の福祉用具について 2026-04-16	https://www.town.misasa.tottori.jp/315/319/1144/1565/24568.html
三朝町	34	特別医療費助成制度 医療費助成制度の概要 2026-04-16	https://www.town.misasa.tottori.jp/315/319/1144/1563/24480.html
三朝町	34	高齢者交通費助成事業（タクシー助成事業）について 2026-01-08	https://www.town.misasa.tottori.jp/315/319/1144/1570/24583.html
三朝町	34	徘徊高齢者位置検索システム利用助成について 2026-01-08	https://www.town.misasa.tottori.jp/315/319/1144/1570/24581.html
三朝町	34	長寿者を祝う事業補助金について 長寿者を祝う事業補助金について 2026-01-08	https://www.town.misasa.tottori.jp/315/319/1144/1569/27988.html
三朝町	34	三朝町新事業チャレンジ応援補助金 2026-06-19	https://www.town.misasa.tottori.jp/315/319/374/1587/28347.html
三朝町	34	プレコンセプションケア健康診査のご案内 出産にかかわらず、すべての人の「今」と「未来」のためのヘルスケアです 2026-06-12	https://www.town.misasa.tottori.jp/315/319/1144/1567/37126.html
三朝町	34	三朝町震災に強いまちづくり促進事業補助金交付要綱を改正しました R8年度版。令和８～１０年度（３年間限定）の拡充があります 2026-05-01	https://www.town.misasa.tottori.jp/315/319/329/30439.html
三朝町	34	令和８年度三朝町感震ブレーカー設置事業補助金について 地震による住宅の出火及び延焼を防止するため、感震ブレーカーの設置に係る費用の一部を助成します。 2026-03-31	https://www.town.misasa.tottori.jp/315/319/963/36852.html
三朝町	34	三朝町くらし応援商品券について 国の臨時交付金を活用した商品券を順次発送します。 2026-02-21	https://www.town.misasa.tottori.jp/1593/36713.html
三朝町	34	三朝町企業立地促進補助金について 2024-06-21	http://www.town.misasa.tottori.jp/315/319/374/1587/34274.html
三朝町	34	新型コロナウイルス感染症対応地方創生臨時交付金について 2023-04-01	http://www.town.misasa.tottori.jp/315/319/1387/32161.html
三朝町	34	三朝町農林業施設等災害復旧事業補助金	https://www.town.misasa.tottori.jp/315/319/329/29757.html
三朝町	34	三朝町移住お試し住宅のご案内 みささ暮らしを体験しよう！ 2026-06-05	https://www.town.misasa.tottori.jp/315/319/2054/34339.html
三朝町	34	三朝町障害者活躍推進計画について 「障害者の雇用の促進等に関する法律」（昭和35年法律第123号）第7条の3第1項に基づく障害者活躍推進計画を策定しましたのでお知らせします。 2025-06-06	https://www.town.misasa.tottori.jp/315/319/321/26498.html
三朝町	34	三朝町管理不全家屋等対策補助金について 管理不全等により倒壊等のおそれのある空き家等の解体撤去に対する補助制度です。 2025-04-14	https://www.town.misasa.tottori.jp/315/319/963/28284.html
三朝町	34	ブロック塀等除却・改修補助制度について 危険なブロック塀等の除却、フェンスや生垣への改修を行う所有者の方に対しての補助制度です。 2025-05-01	https://www.town.misasa.tottori.jp/315/319/963/24009.html
三朝町	34	三朝町妊婦支援給付について 2026-06-09	https://www.town.misasa.tottori.jp/315/319/1144/35745.html
三朝町	34	三朝町高齢者補聴器購入費助成事業のご案内 令和5年４月１日配信 2026-04-16	https://www.town.misasa.tottori.jp/315/319/1144/32158.html
三朝町	34	三朝町出産・子育て応援ギフト支給事業を実施します 三朝町出産・子育て応援ギフト支給事業を実施します 2025-11-21	https://www.town.misasa.tottori.jp/315/319/1144/31959.html
湯梨浜町	34	幼児教育・保育の無償化について	https://www.yurihama.jp/soshiki/8/11575.html
湯梨浜町	34	高齢者肺炎球菌ワクチン接種費用を助成します	https://www.yurihama.jp/soshiki/9/1713.html
湯梨浜町	34	高齢者・障がい者等タクシーチケット助成事業のご案内	https://www.yurihama.jp/soshiki/11/6230.html
湯梨浜町	34	湯梨浜町集落づくり総合交付金	https://www.yurihama.jp/soshiki/3/1406.html
湯梨浜町	34	湯梨浜町県外学生保育施設就職奨励金について	https://www.yurihama.jp/soshiki/8/23492.html
湯梨浜町	34	バス高齢者定期券購入費助成制度	https://www.yurihama.jp/soshiki/3/12462.html
湯梨浜町	34	児童福祉法に基づく障がい児通所支援について	https://www.yurihama.jp/soshiki/8/1607.html
湯梨浜町	34	温泉トレーニング助成事業について	https://www.yurihama.jp/soshiki/12/1863.html
湯梨浜町	34	障がいのある方のための福祉用具について	https://www.yurihama.jp/soshiki/11/1827.html
湯梨浜町	32	補助事業の一覧（移住・定住）	https://www.yurihama.jp/soshiki/2/26641.html
湯梨浜町	32	補助事業の一覧（その他）	https://www.yurihama.jp/soshiki/2/27226.html
八頭町	30	障がい者福祉	https://www.town.yazu.tottori.jp/life/2/2/14/
八頭町	30	障がい者福祉サービスガイドを作成しました	https://www.town.yazu.tottori.jp/soshiki/16/3204.html
八頭町	30	母子・児童福祉	https://www.town.yazu.tottori.jp/life/2/2/15/
八頭町	30	高齢者福祉	https://www.town.yazu.tottori.jp/life/2/2/17/
八頭町	30	報奨金・補助金	https://www.town.yazu.tottori.jp/site/gomi/list33-171.html
八頭町	30	古い耐震基準の建物とは	https://www.town.yazu.tottori.jp/soshiki/6/1453.html
湯梨浜町	30	妊娠・出産	https://www.yurihama.jp/life/10/31/
湯梨浜町	30	児童福祉	https://www.yurihama.jp/life/1/6/54/
湯梨浜町	30	障がい福祉	https://www.yurihama.jp/life/1/6/55/
湯梨浜町	30	【受付終了しました】防犯機器購入の補助金について	https://www.yurihama.jp/soshiki/2/24794.html
湯梨浜町	30	精神障がい者家族会「ひまわり家族の会」へのお誘い	https://www.yurihama.jp/soshiki/11/1820.html
八頭町	28	特別支援教育就学奨励費	https://www.town.yazu.tottori.jp/site/sukusuku-yazukko/1361.html
若桜町	26	若桜町放課後児童クラブ	https://www.town.wakasa.tottori.jp/kosodate_kyoiku/754.html
智頭町	26	事業者向け情報	https://www1.town.chizu.tottori.jp/chizu/jigyo/
智頭町	26	高齢者	https://www1.town.chizu.tottori.jp/chizu/target/senior/
智頭町	26	障がい者	https://www1.town.chizu.tottori.jp/chizu/target/handicapped/
智頭町	26	高齢者	https://www1.town.chizu.tottori.jp/chizu/fukushika/koureisya/
智頭町	26	障がい	https://www1.town.chizu.tottori.jp/chizu/fukushika/syougai/
智頭町	26	妊娠・出産にかかる準備	https://www1.town.chizu.tottori.jp/chizu/zeimu_fukushi/ninshin_syussan/ninshin_syussan/
智頭町	26	障害者活躍推進計画	https://www1.town.chizu.tottori.jp/chizu/soumu/11/
智頭町	26	障がい者就労施設等からの物品等調達方針	https://www1.town.chizu.tottori.jp/chizu/soumu/6/
智頭町	26	新型コロナウイルス感染症対応地方創生臨時交付金について	https://www1.town.chizu.tottori.jp/chizu/soumu/y771/
智頭町	26	物価高騰対応重点支援地方創生臨時交付金について	https://www1.town.chizu.tottori.jp/chizu/soumu/y771-copy-2/
八頭町	26	空き家バンクとは	https://www.town.yazu.tottori.jp/site/lifestage/1274.html
八頭町	26	生涯学習活動の講師謝金を助成します（人材活用事業）	https://www.town.yazu.tottori.jp/soshiki/31/12622.html
八頭町	26	令和7年度障がい者就労施設等からの物品等の調達の推進を図るための方針を策定しました	https://www.town.yazu.tottori.jp/soshiki/16/11957.html
八頭町	26	令和6年度障がい者就労施設等からの物品等の調達実績を報告します	https://www.town.yazu.tottori.jp/soshiki/16/11958.html
八頭町	26	介護サービス事業者の皆さまへ	https://www.town.yazu.tottori.jp/soshiki/14/1032.html
八頭町	26	八頭町空き家等実態調査業務委託 公募型プロポーザルの実施について	https://www.town.yazu.tottori.jp/site/akiya/17311.html
八頭町	26	農林業	https://www.town.yazu.tottori.jp/life/4/4/27/
八頭町	26	【介護サービス事業者】電子申請・届出システムについて	https://www.town.yazu.tottori.jp/soshiki/14/15337.html
八頭町	26	物価高騰対応重点支援地方創生臨時交付金について	https://www.town.yazu.tottori.jp/soshiki/3/12056.html
八頭町	26	鳥取県東部地域 移住&就職相談会が大阪で開催されます	https://www.town.yazu.tottori.jp/soshiki/11/17510.html
八頭町	26	八頭町移住定住センターを開設しています	https://www.town.yazu.tottori.jp/soshiki/11/9549.html
八頭町	26	高齢者肺炎球菌感染症のワクチン接種について	https://www.town.yazu.tottori.jp/site/lifestage/1534.html
八頭町	26	空き家ポータルサイトを開設しました	https://www.town.yazu.tottori.jp/site/akiya/
八頭町	26	空き家バンクの利用方法（買主・借主編）	https://www.town.yazu.tottori.jp/site/akiya/1520.html
八頭町	26	空き家になる前に・空き家を相続する方へ	https://www.town.yazu.tottori.jp/site/akiya/list41-207.html
八頭町	26	空き家を貸す・売る	https://www.town.yazu.tottori.jp/site/akiya/list41-209.html
八頭町	26	空き家バンク	https://www.town.yazu.tottori.jp/site/akiya/list45-213.html
八頭町	26	簡易水道事業・公共下水道事業・農業集落排水事業は公営企業会計へ移行します	https://www.town.yazu.tottori.jp/soshiki/19/7781.html
八頭町	26	空家等管理活用支援法人の指定について	https://www.town.yazu.tottori.jp/site/akiya/7834.html
八頭町	26	空き家なんでも相談会を開催します（終了）	https://www.town.yazu.tottori.jp/site/akiya/8080.html
八頭町	26	鳥取県「空き家利活用コンテスト2024」の開催について	https://www.town.yazu.tottori.jp/site/akiya/5483.html
八頭町	26	障がい者就労支援施設「船岡作業所」の紹介	https://www.town.yazu.tottori.jp/soshiki/16/1541.html
八頭町	26	障がい者福祉（主な支援）	https://www.town.yazu.tottori.jp/soshiki/16/3210.html
八頭町	26	障がいを理由とする差別の解消の推進に関する町職員対応要領の策定について	https://www.town.yazu.tottori.jp/soshiki/16/1317.html
八頭町	26	障がい者就労支援施設「たんぽぽ」の紹介	https://www.town.yazu.tottori.jp/soshiki/16/1540.html
三朝町	26	ビジネス・事業者	https://www.town.misasa.tottori.jp/1455/
三朝町	26	補助金・制度	http://www.town.misasa.tottori.jp/315/1494/
三朝町	26	移住・定住	https://www.town.misasa.tottori.jp/315/319/2054/2018/29251.html
三朝町	26	障がい福祉	http://www.town.misasa.tottori.jp/315/319/1144/1565/
三朝町	26	後期高齢者医療	http://www.town.misasa.tottori.jp/315/319/1144/1564/
三朝町	26	補助金・制度	https://www.town.misasa.tottori.jp/315/1494/
三朝町	26	2026-06-19 【7/19東京開催】「とっとり移住フェアin東京」に出展します！	https://www.town.misasa.tottori.jp/315/319/2054/2018/2015/37138.html
三朝町	26	後期高齢者医療	https://www.town.misasa.tottori.jp/315/319/1144/1564/
三朝町	26	障がい福祉	https://www.town.misasa.tottori.jp/315/319/1144/1565/
三朝町	26	農業委員会	https://www.town.misasa.tottori.jp/315/319/416/
三朝町	26	ビジネス・事業者	http://www.town.misasa.tottori.jp/1455/
三朝町	26	ハートフル駐車場利用証制度について 身体等に障がいがある方、高齢の方で歩行が困難な方、妊娠等で歩行が困難な方などにハートフル駐車場利用証を交付します。 担当課:福祉課(TEL 43-3520)	http://www.town.misasa.tottori.jp/315/319/1144/1565/24562.html
三朝町	26	高齢者向けバス定期券購入費助成 担当課:福祉課(TEL 43-3520)	http://www.town.misasa.tottori.jp/315/319/1144/1570/24584.html
三朝町	26	三朝町消防団活動活性化交付金について 消防団の運営、組織の充実強化及び活性化並びに団員の健康促進その他消防団活動を促進するための活動に対して交付する制度です。 担当：総務課危機管理局（TEL43-3500）	https://www.town.misasa.tottori.jp/315/319/963/37083.html
三朝町	26	農業・林業の支援施策等について 担当：農林課（TEL43-3515）	http://www.town.misasa.tottori.jp/315/319/327/23892.html
三朝町	26	町税、介護保険料、後期高齢者医療保険料の納付 各種税金の納付方法や納期は、こちらをご覧ください。 2023-09-14	https://www.town.misasa.tottori.jp/315/319/324/1353/1365/
三朝町	26	その他 介護保険料、後期高齢者医療保険料について 2022-09-29	https://www.town.misasa.tottori.jp/315/319/324/1353/1824/
三朝町	26	上下水道料金の発行事業者番号（統一）について 2025-06-13	https://www.town.misasa.tottori.jp/315/319/329/33683.html
三朝町	26	補助金・制度 環境・ごみ・動植物に関する補助金はこちら 2023-12-20	https://www.town.misasa.tottori.jp/315/319/324/764/1905/
三朝町	26	移住・定住促進事業について	https://www.town.misasa.tottori.jp/315/319/2054/2018/
三朝町	26	三朝町人権教育講座 「発達障がい児・者の特性理解と支援」を開催しました 2023-10-06	http://www.town.misasa.tottori.jp/315/319/446/332/1852/32995.html
三朝町	26	国民健康保険一部負担金の減免等について 2026-01-08	https://www.town.misasa.tottori.jp/315/319/1144/1438/27557.html
三朝町	26	障害者優先調達推進法 令和７年７月１１日更新 2026-04-16	https://www.town.misasa.tottori.jp/315/319/1144/1565/35951.html
三朝町	26	第４期三朝町障がい者計画等の策定について 第４期三朝町障がい者計画等を策定しました。 2026-04-16	https://www.town.misasa.tottori.jp/315/319/1144/1565/33836.html
三朝町	26	精神障がい者家族相談ダイヤルについて 2026-01-08	https://www.town.misasa.tottori.jp/315/319/1144/1565/26443.html
三朝町	26	障害者総合支援法に基づく障害者福祉サービス等について 2026-04-16	https://www.town.misasa.tottori.jp/315/319/1144/1565/24572.html
三朝町	26	障がい者虐待対応の窓口 障がい者虐待対応の窓口 2026-04-16	https://www.town.misasa.tottori.jp/315/319/1144/1565/24571.html
三朝町	26	中部障がい者地域生活支援センターのご案内 お気軽にお立ち寄りください 2025-11-28	https://www.town.misasa.tottori.jp/315/319/1144/1565/24566.html
三朝町	26	高齢者向けバス定期券購入費助成について 2026-01-08	https://www.town.misasa.tottori.jp/315/319/1144/1570/24584.html
三朝町	26	三朝町認知症高齢者等事前登録制度のお知らせ 住みなれた地域で安心して暮らすための制度です 2026-01-08	https://www.town.misasa.tottori.jp/315/319/1144/1570/24532.html
三朝町	26	民生委員・児童委員について 令和７年12月１日付けで一斉改選されました 2025-12-15	https://www.town.misasa.tottori.jp/315/319/1144/1569/24529.html
三朝町	26	農林関係補助金 2024-09-17	https://www.town.misasa.tottori.jp/315/319/327/1962/
三朝町	26	農業 2019-02-18	https://www.town.misasa.tottori.jp/315/319/327/1575/
三朝町	26	林業 2019-02-18	https://www.town.misasa.tottori.jp/315/319/327/1577/
三朝町	26	農業・林業の支援施策等について 令和８年５月７日 2026-05-07	https://www.town.misasa.tottori.jp/315/319/327/23892.html
三朝町	26	デジタル・人口戦略課 主な業務：ネットワーク管理/DX/移住・定住 2026-04-08	https://www.town.misasa.tottori.jp/315/319/2054/
三朝町	26	健康福祉課 主な業務：国民健康保険/介護保険/障がい福祉/特別医療/生活支援/地域福祉 2026-04-06	https://www.town.misasa.tottori.jp/315/319/1144/
三朝町	26	農林課 主な業務：農業振興/水田農業/林業振興/有害鳥獣 2019-03-26	https://www.town.misasa.tottori.jp/315/319/327/
三朝町	26	建設水道課 主な業務：都市計画/治山/林・町/災害復旧/除雪/上下水道/浄化槽/温泉配湯/地籍調査 2018-03-28	https://www.town.misasa.tottori.jp/315/319/329/
三朝町	26	～三朝町放課後児童クラブのあり方検討について～町教育委員会へ答申 2025-09-29	https://www.town.misasa.tottori.jp/315/319/446/36205.html
三朝町	26	三朝町放課後児童クラブのあり方検討委員会（第４回）を開催しました 本町の放課後児童クラブの今後のあり方について検討する会議（第４回）が開催されました。 2025-09-29	https://www.town.misasa.tottori.jp/315/319/446/35489.html
三朝町	26	放課後児童クラブに関するアンケート調査結果について 2025-07-08	https://www.town.misasa.tottori.jp/315/319/446/35933.html
三朝町	26	スポーツ振興くじ助成金を活用した町営三朝球場改修工事が完成しました 2025-02-27	https://www.town.misasa.tottori.jp/315/319/446/332/35335.html
三朝町	26	応急手当、AED講習の推進及びAEDの使い方（動画配信）について 配信日：令和６年９月２６日 2024-09-26	https://www.town.misasa.tottori.jp/315/319/963/34709.html
三朝町	26	三朝町住宅耐震化緊急促進アクションプログラムを策定しました 耐震促進計画に定めた目標達成のためのアクションプログラム 2022-10-11	http://www.town.misasa.tottori.jp/315/319/329/31262.html
三朝町	26	（受付終了）三朝町学校跡地施設等利活用事業者の募集について 2025-01-06	https://www.town.misasa.tottori.jp/315/319/1387/1607/34803.html
三朝町	26	移住イベント情報	https://www.town.misasa.tottori.jp/315/319/2054/2018/2015/
三朝町	26	三朝町地域プロジェクトマネージャーの活動紹介 空き家対策と移住定住促進に関するプロジェクトの推進 2026-05-18	https://www.town.misasa.tottori.jp/315/319/2054/37050.html
三朝町	26	空き家の管理・利活用について 2026-04-06	https://www.town.misasa.tottori.jp/315/319/2054/2002/
三朝町	26	三朝町空家等対策計画（第２期）について 令和７年３月策定 2025-04-24	https://www.town.misasa.tottori.jp/315/319/963/35625.html
三朝町	26	三朝町空き家等の適正管理に関する条例について 2022-09-12	https://www.town.misasa.tottori.jp/315/319/963/15554.html
三朝町	26	三朝町空家等対策計画について 令和２年３月策定 2020-04-01	https://www.town.misasa.tottori.jp/315/319/963/26480.html
三朝町	26	環境・ごみ・動植物 ごみの収集日程表、犬の予防注射、太陽光発電などに関する補助金 2023-12-21	https://www.town.misasa.tottori.jp/315/319/324/764/
三朝町	26	特別医療 特別医療費助成制度 2025-12-04	https://www.town.misasa.tottori.jp/315/319/1144/1563/
三朝町	26	介護予防・生活支援 高齢者バス・タクシー助成/介護支援・予防活動 等 2019-02-15	https://www.town.misasa.tottori.jp/315/319/1144/1570/
三朝町	26	地域福祉 民生委員・児童委員/記念行事/生活保護 等 2019-02-15	https://www.town.misasa.tottori.jp/315/319/1144/1569/
湯梨浜町	26	農業委員会	https://www.yurihama.jp/soshiki/3.html
湯梨浜町	26	農業委員会事務局	https://www.yurihama.jp/soshiki/15/
湯梨浜町	26	妊婦のための歯科健診事業	https://www.yurihama.jp/soshiki/8/1643.html
湯梨浜町	26	第３子出産祝金の申請について	https://www.yurihama.jp/soshiki/8/20690.html
湯梨浜町	26	子宮頸がん予防ワクチン接種費用を全額助成します	https://www.yurihama.jp/soshiki/9/1716.html
湯梨浜町	26	障害福祉サービス関係様式	https://www.yurihama.jp/soshiki/11/2108.html
湯梨浜町	26	障がい者就労施設等優先調達方針	https://www.yurihama.jp/soshiki/11/1821.html
湯梨浜町	26	地域の身近な相談役「民生委員・児童委員、主任児童委員」	https://www.yurihama.jp/soshiki/11/1813.html
湯梨浜町	26	農業	https://www.yurihama.jp/life/4/12/113/
湯梨浜町	26	耐震診断をしてみませんか	https://www.yurihama.jp/soshiki/13/13618.html
湯梨浜町	26	空き家情報バンク 物件No.80	https://www.yurihama.jp/soshiki/7/21763.html
湯梨浜町	26	物価高騰対応重点支援地方創生臨時交付金事業実施状況及び効果検証	https://www.yurihama.jp/soshiki/7/21872.html
湯梨浜町	26	新型コロナウイルス感染症対応地方創生臨時交付金効果検証	https://www.yurihama.jp/soshiki/7/18807.html
湯梨浜町	26	心身障がい者交通費助成申請様式	https://www.yurihama.jp/soshiki/11/2103.html
湯梨浜町	26	精神障害者保健福祉手帳	https://www.yurihama.jp/soshiki/11/1817.html
湯梨浜町	26	身体障害者手帳	https://www.yurihama.jp/soshiki/11/1815.html
湯梨浜町	26	障がい福祉サービス（障害者総合支援法）	https://www.yurihama.jp/soshiki/11/1818.html
湯梨浜町	24	町が実施している補助事業（個人・団体）	https://www.yurihama.jp/site/subsidy/
湯梨浜町	24	定期報告書をご提出ください(住宅用太陽光発電システム等設置補助事業)	https://www.yurihama.jp/soshiki/4/1389.html
湯梨浜町	24	各種補助金・交付金	https://www.yurihama.jp/life/1/37/152/
湯梨浜町	24	補助事業の一覧（スポーツ・生涯学習）	https://www.yurihama.jp/soshiki/2/27225.html
智頭町	22	2026年03月16日 智頭町中小企業等事業継続支援交付金の交付について	https://www1.town.chizu.tottori.jp/chizu/kikaku/syoukou_kankou/e361/
智頭町	22	2024.06.27 「空き家利活用コンテスト2024」を開催します！	https://www1.town.chizu.tottori.jp/chizu/town/emigration/c469/2024/
八頭町	22	料金軽減（減免）申請書 [PDFファイル／33KB]	https://www.town.yazu.tottori.jp/uploaded/attachment/4918.pdf
八頭町	22	公共下水道使用料減免（徴収猶予）申請書[PDFファイル／50KB]	https://www.town.yazu.tottori.jp/uploaded/attachment/2264.pdf
八頭町	22	農業集落排水使用料減免申請書[PDFファイル／43KB]	https://www.town.yazu.tottori.jp/uploaded/attachment/2265.pdf
湯梨浜町	22	湯梨浜町飼い主のいない猫不妊去勢手術費補助金交付申請書（PDFファイル：82KB）	https://www.yurihama.jp/uploaded/attachment/3431.pdf
湯梨浜町	22	特定不妊治療費助成金交付申請書・治療実施報告書（PDFファイル：114KB）	https://www.yurihama.jp/uploaded/attachment/4166.pdf
湯梨浜町	22	人工授精費助成金交付申請書・実施報告書（PDFファイル：112KB）	https://www.yurihama.jp/uploaded/attachment/4167.pdf
湯梨浜町	22	ドラゴンカヌー艇庫施設等使用料減免申請書（PDFファイル：73KB）	https://www.yurihama.jp/uploaded/attachment/4186.pdf
