code	municipality	score	title	url	snippet
35215	周南市	68	周南市高校生通学定期券購入補助制度のお知らせ - 山口県周南市	https://www.city.shunan.lg.jp/site/kodomosien/111625.html	周南市高校生通学定期券購入補助制度のお知らせ - 山口県周南市 ページの先頭です。 メニューを飛ばして本文へ メニュー 情報をさがす ヘルプ JavaScriptが無効のため、文字の大きさ・背景色を変更する機能を使用できません。 本文へ Foreign language 音声よみあげ ヘルプ とじる はじめての方へ 文字サイズ 拡大 標準 背景色の変更 白 黒 青 キーワード検索 キーワード検索 妊娠・出産 健康・医療 お金・生活のサポート 相談する 預ける・通う 学ぶ・体験する おでかけ 応援する・つながる 本文 周南市高校生通学定期券購入補助制度のお知らせ 更新日：2026年2月17日更新 印刷ページ表示 周南市高校生通学定期券購入補助制度 「周南市高校生通学定期券購入補助制度」は、公共交通（路線バス、離島
35215	周南市	68	妊婦のための支援給付 - 山口県周南市	https://www.city.shunan.lg.jp/site/kodomosien/129290.html	妊婦のための支援給付 - 山口県周南市 ページの先頭です。 メニューを飛ばして本文へ メニュー 情報をさがす ヘルプ JavaScriptが無効のため、文字の大きさ・背景色を変更する機能を使用できません。 本文へ Foreign language 音声よみあげ ヘルプ とじる はじめての方へ 文字サイズ 拡大 標準 背景色の変更 白 黒 青 キーワード検索 キーワード検索 妊娠・出産 健康・医療 お金・生活のサポート 相談する 預ける・通う 学ぶ・体験する おでかけ 応援する・つながる 本文 妊婦のための支援給付 更新日：2026年4月27日更新 印刷ページ表示 妊婦のための支援給付 「妊婦のための支援給付」制度開始のお知らせ 子ども・子育て支援法に創設された「妊婦のための支援給付」と児童福祉法に創設された「妊
35215	周南市	68	児童手当現況届について - 山口県周南市	https://www.city.shunan.lg.jp/site/kodomosien/146764.html	児童手当現況届について - 山口県周南市 ページの先頭です。 メニューを飛ばして本文へ メニュー 情報をさがす ヘルプ JavaScriptが無効のため、文字の大きさ・背景色を変更する機能を使用できません。 本文へ Foreign language 音声よみあげ ヘルプ とじる はじめての方へ 文字サイズ 拡大 標準 背景色の変更 白 黒 青 キーワード検索 キーワード検索 妊娠・出産 健康・医療 お金・生活のサポート 相談する 預ける・通う 学ぶ・体験する おでかけ 応援する・つながる 本文 児童手当現況届について 更新日：2026年5月29日更新 印刷ページ表示 児童手当現況届について 現況届は、前年の所得や世帯状況などを確認し、受給資格を更新するための届出です。 児童手当受給者は毎年6月に現況届の提出が必
35215	周南市	68	不妊治療費助成制度 - 山口県周南市	https://www.city.shunan.lg.jp/site/kodomosien/2003.html	不妊治療費助成制度 - 山口県周南市 ページの先頭です。 メニューを飛ばして本文へ メニュー 情報をさがす ヘルプ JavaScriptが無効のため、文字の大きさ・背景色を変更する機能を使用できません。 本文へ Foreign language 音声よみあげ ヘルプ とじる はじめての方へ 文字サイズ 拡大 標準 背景色の変更 白 黒 青 キーワード検索 キーワード検索 妊娠・出産 健康・医療 お金・生活のサポート 相談する 預ける・通う 学ぶ・体験する おでかけ 応援する・つながる 本文 不妊治療費助成制度 更新日：2026年4月1日更新 印刷ページ表示 令和8年度不妊治療費助成制度について 一般不妊治療、人工授精治療、不育症治療を受けられたご夫婦に対し、経済的な負担の軽減を図るために費用の一部を助成します。
35215	周南市	68	母子父子寡婦福祉資金貸付制度 - 山口県周南市	https://www.city.shunan.lg.jp/site/kodomosien/2719.html	母子父子寡婦福祉資金貸付制度 - 山口県周南市 ページの先頭です。 メニューを飛ばして本文へ メニュー 情報をさがす ヘルプ JavaScriptが無効のため、文字の大きさ・背景色を変更する機能を使用できません。 本文へ Foreign language 音声よみあげ ヘルプ とじる はじめての方へ 文字サイズ 拡大 標準 背景色の変更 白 黒 青 キーワード検索 キーワード検索 妊娠・出産 健康・医療 お金・生活のサポート 相談する 預ける・通う 学ぶ・体験する おでかけ 応援する・つながる 本文 母子父子寡婦福祉資金貸付制度 更新日：2026年1月30日更新 印刷ページ表示 母子・父子家庭及び寡婦の方の経済的な自立を助け、生活意欲の助長と子供の福祉増進を図るために無利子または低利で資金の貸付けを行なうのが、
35215	周南市	68	児童扶養手当 - 山口県周南市	https://www.city.shunan.lg.jp/site/kodomosien/2724.html	児童扶養手当 - 山口県周南市 ページの先頭です。 メニューを飛ばして本文へ メニュー 情報をさがす ヘルプ JavaScriptが無効のため、文字の大きさ・背景色を変更する機能を使用できません。 本文へ Foreign language 音声よみあげ ヘルプ とじる はじめての方へ 文字サイズ 拡大 標準 背景色の変更 白 黒 青 キーワード検索 キーワード検索 妊娠・出産 健康・医療 お金・生活のサポート 相談する 預ける・通う 学ぶ・体験する おでかけ 応援する・つながる 本文 児童扶養手当 更新日：2026年4月1日更新 印刷ページ表示 目次 児童扶養手当とは 手当を受けることができる人 手当額について 所得の制限 手続きについて 現況届について 各種届出について 手当の支払日 注意すること 児童扶養手
35215	周南市	68	不育症治療費助成制度 - 山口県周南市	https://www.city.shunan.lg.jp/site/kodomosien/34277.html	不育症治療費助成制度 - 山口県周南市 ページの先頭です。 メニューを飛ばして本文へ メニュー 情報をさがす ヘルプ JavaScriptが無効のため、文字の大きさ・背景色を変更する機能を使用できません。 本文へ Foreign language 音声よみあげ ヘルプ とじる はじめての方へ 文字サイズ 拡大 標準 背景色の変更 白 黒 青 キーワード検索 キーワード検索 妊娠・出産 健康・医療 お金・生活のサポート 相談する 預ける・通う 学ぶ・体験する おでかけ 応援する・つながる 本文 不育症治療費助成制度 更新日：2026年4月1日更新 印刷ページ表示 不育症治療費助成制度について 市では、不育症治療を受けているご夫婦の経済的負担を軽減するため、治療及び検査にかかる自己負担額の一部を助成しています。 区
35215	周南市	68	遺児福祉手当制度 - 山口県周南市	https://www.city.shunan.lg.jp/site/kodomosien/66684.html	遺児福祉手当制度 - 山口県周南市 ページの先頭です。 メニューを飛ばして本文へ メニュー 情報をさがす ヘルプ JavaScriptが無効のため、文字の大きさ・背景色を変更する機能を使用できません。 本文へ Foreign language 音声よみあげ ヘルプ とじる はじめての方へ 文字サイズ 拡大 標準 背景色の変更 白 黒 青 キーワード検索 キーワード検索 妊娠・出産 健康・医療 お金・生活のサポート 相談する 預ける・通う 学ぶ・体験する おでかけ 応援する・つながる 本文 遺児福祉手当制度 更新日：2026年1月30日更新 印刷ページ表示 遺児の健全な育成を助成し、福祉の増進を図るため、遺児の保護者に対し、遺児福祉手当を支給します。 支給対象者（遺児の保護者） 遺児を養育し、本市に3月以上住所を
35215	周南市	60	閲覧補助設定 - 山口県周南市	https://www.city.shunan.lg.jp/site/kodomosien/141751.html	閲覧補助設定 - 山口県周南市 ページの先頭です。 メニューを飛ばして本文へ メニュー 情報をさがす ヘルプ JavaScriptが無効のため、文字の大きさ・背景色を変更する機能を使用できません。 本文へ Foreign language 音声よみあげ ヘルプ とじる はじめての方へ 文字サイズ 拡大 標準 背景色の変更 白 黒 青 キーワード検索 キーワード検索 妊娠・出産 健康・医療 お金・生活のサポート 相談する 預ける・通う 学ぶ・体験する おでかけ 応援する・つながる 本文 閲覧補助設定 更新日：2026年1月30日更新 印刷ページ表示 外国語への対応（Foreign language） 音声読み上げ機能 ウェブサイトの文字情報を音声で読み上げるサービスです。ウェブサイトの情報を音声でも提供することで
35215	周南市	60	周南市人工授精治療費助成金交付申請について - 山口県周南市	https://www.city.shunan.lg.jp/site/kodomosien/52700.html	周南市人工授精治療費助成金交付申請について - 山口県周南市 ページの先頭です。 メニューを飛ばして本文へ メニュー 情報をさがす ヘルプ JavaScriptが無効のため、文字の大きさ・背景色を変更する機能を使用できません。 本文へ Foreign language 音声よみあげ ヘルプ とじる はじめての方へ 文字サイズ 拡大 標準 背景色の変更 白 黒 青 キーワード検索 キーワード検索 妊娠・出産 健康・医療 お金・生活のサポート 相談する 預ける・通う 学ぶ・体験する おでかけ 応援する・つながる 本文 周南市人工授精治療費助成金交付申請について 更新日：2026年1月30日更新 印刷ページ表示 周南市人工授精治療費助成金交付申請に必要なもの 申請書 [PDFファイル／99KB] （夫婦が記載） 医療
35215	周南市	58	児童手当における公金受取口座の利用について - 山口県周南市	https://www.city.shunan.lg.jp/site/kodomosien/110068.html	児童手当における公金受取口座の利用について - 山口県周南市 ページの先頭です。 メニューを飛ばして本文へ メニュー 情報をさがす ヘルプ JavaScriptが無効のため、文字の大きさ・背景色を変更する機能を使用できません。 本文へ Foreign language 音声よみあげ ヘルプ とじる はじめての方へ 文字サイズ 拡大 標準 背景色の変更 白 黒 青 キーワード検索 キーワード検索 妊娠・出産 健康・医療 お金・生活のサポート 相談する 預ける・通う 学ぶ・体験する おでかけ 応援する・つながる 本文 児童手当における公金受取口座の利用について 更新日：2026年1月30日更新 印刷ページ表示 マイナポータルの公金受取口座を、​ 児童手当の振込口座として利用することができます。 公金受取口座を児童手
35215	周南市	58	児童手当の振込口座の変更方法は？ - 山口県周南市	https://www.city.shunan.lg.jp/site/kodomosien/110177.html	児童手当の振込口座の変更方法は？ - 山口県周南市 ページの先頭です。 メニューを飛ばして本文へ メニュー 情報をさがす ヘルプ JavaScriptが無効のため、文字の大きさ・背景色を変更する機能を使用できません。 本文へ Foreign language 音声よみあげ ヘルプ とじる はじめての方へ 文字サイズ 拡大 標準 背景色の変更 白 黒 青 キーワード検索 キーワード検索 妊娠・出産 健康・医療 お金・生活のサポート 相談する 預ける・通う 学ぶ・体験する おでかけ 応援する・つながる 本文 児童手当の振込口座の変更方法は？ 更新日：2026年1月30日更新 印刷ページ表示 質問 児童手当の振込口座の変更方法は？ 回答 児童手当の振込口座を変更したい場合は、「児童手当振込口座申出書」と変更希望の「口
35215	周南市	58	児童手当の申請はいつまでに行えばよいのですか？ - 山口県周南市	https://www.city.shunan.lg.jp/site/kodomosien/2726.html	児童手当の申請はいつまでに行えばよいのですか？ - 山口県周南市 ページの先頭です。 メニューを飛ばして本文へ メニュー 情報をさがす ヘルプ JavaScriptが無効のため、文字の大きさ・背景色を変更する機能を使用できません。 本文へ Foreign language 音声よみあげ ヘルプ とじる はじめての方へ 文字サイズ 拡大 標準 背景色の変更 白 黒 青 キーワード検索 キーワード検索 妊娠・出産 健康・医療 お金・生活のサポート 相談する 預ける・通う 学ぶ・体験する おでかけ 応援する・つながる 本文 児童手当の申請はいつまでに行えばよいのですか？ 更新日：2026年1月30日更新 印刷ページ表示 質問 児童手当の申請はいつまでに行えばよいのですか？ 回答 「出生日から15日以内」 に申請をする
35215	周南市	58	児童手当の申請には何が必要ですか？ - 山口県周南市	https://www.city.shunan.lg.jp/site/kodomosien/2727.html	児童手当の申請には何が必要ですか？ - 山口県周南市 ページの先頭です。 メニューを飛ばして本文へ メニュー 情報をさがす ヘルプ JavaScriptが無効のため、文字の大きさ・背景色を変更する機能を使用できません。 本文へ Foreign language 音声よみあげ ヘルプ とじる はじめての方へ 文字サイズ 拡大 標準 背景色の変更 白 黒 青 キーワード検索 キーワード検索 妊娠・出産 健康・医療 お金・生活のサポート 相談する 預ける・通う 学ぶ・体験する おでかけ 応援する・つながる 本文 児童手当の申請には何が必要ですか？ 更新日：2026年1月30日更新 印刷ページ表示 質問 児童手当の申請には何が必要ですか？ 回答 児童手当は、子どもの父母のうち、家庭における生計の中心となる方（一般的には
35215	周南市	58	児童手当が振り込まれていないのですが…？ - 山口県周南市	https://www.city.shunan.lg.jp/site/kodomosien/2728.html	児童手当が振り込まれていないのですが…？ - 山口県周南市 ページの先頭です。 メニューを飛ばして本文へ メニュー 情報をさがす ヘルプ JavaScriptが無効のため、文字の大きさ・背景色を変更する機能を使用できません。 本文へ Foreign language 音声よみあげ ヘルプ とじる はじめての方へ 文字サイズ 拡大 標準 背景色の変更 白 黒 青 キーワード検索 キーワード検索 妊娠・出産 健康・医療 お金・生活のサポート 相談する 預ける・通う 学ぶ・体験する おでかけ 応援する・つながる 本文 児童手当が振り込まれていないのですが…？ 更新日：2026年1月30日更新 印刷ページ表示 質問 児童手当が振り込まれていないのですが&hellip;？ 回答 児童手当の支払は、 法令により年6回と決ま
35215	周南市	58	児童手当が振り込まれていないのですが…？ - 山口県周南市	https://www.city.shunan.lg.jp/site/kodomosien/2728.html	児童手当が振り込まれていないのですが…？ - 山口県周南市 ページの先頭です。 メニューを飛ばして本文へ メニュー 情報をさがす ヘルプ JavaScriptが無効のため、文字の大きさ・背景色を変更する機能を使用できません。 本文へ Foreign language 音声よみあげ ヘルプ とじる はじめての方へ 文字サイズ 拡大 標準 背景色の変更 白 黒 青 キーワード検索 キーワード検索 妊娠・出産 健康・医療 お金・生活のサポート 相談する 預ける・通う 学ぶ・体験する おでかけ 応援する・つながる 本文 児童手当が振り込まれていないのですが…？ 更新日：2026年1月30日更新 印刷ページ表示 質問 児童手当が振り込まれていないのですが&hellip;？ 回答 児童手当の支払は、 法令により年6回と決ま
35215	周南市	58	医療費等の助成制度 - こども・子育てサイト - 山口県周南市	https://www.city.shunan.lg.jp/site/kodomosien/list602-2655.html	医療費等の助成制度 - こども・子育てサイト - 山口県周南市 ページの先頭です。 メニューを飛ばして本文へ メニュー 情報をさがす ヘルプ JavaScriptが無効のため、文字の大きさ・背景色を変更する機能を使用できません。 本文へ Foreign language 音声よみあげ ヘルプ とじる はじめての方へ 文字サイズ 拡大 標準 背景色の変更 白 黒 青 キーワード検索 キーワード検索 妊娠・出産 健康・医療 お金・生活のサポート 相談する 預ける・通う 学ぶ・体験する おでかけ 応援する・つながる 本文 医療費等の助成制度 2026年4月1日更新 ひとり親家庭医療費助成制度 2026年4月1日更新 乳幼児・こども医療費助成制度 2026年4月1日更新 不妊治療費助成制度 2026年4月1日更新 不育
35215	周南市	58	手当・助成 - こども・子育てサイト - 山口県周南市	https://www.city.shunan.lg.jp/site/kodomosien/list603-2657.html	手当・助成 - こども・子育てサイト - 山口県周南市 ページの先頭です。 メニューを飛ばして本文へ メニュー 情報をさがす ヘルプ JavaScriptが無効のため、文字の大きさ・背景色を変更する機能を使用できません。 本文へ Foreign language 音声よみあげ ヘルプ とじる はじめての方へ 文字サイズ 拡大 標準 背景色の変更 白 黒 青 キーワード検索 キーワード検索 妊娠・出産 健康・医療 お金・生活のサポート 相談する 預ける・通う 学ぶ・体験する おでかけ 応援する・つながる 本文 手当・助成 2026年6月1日更新 国民健康保険の給付 2026年5月29日更新 児童手当現況届について 2026年4月27日更新 妊婦のための支援給付 2026年4月1日更新 児童扶養手当 2026年3月
35215	周南市	52	活動の支援・助成 - こども・子育てサイト - 山口県周南市	https://www.city.shunan.lg.jp/site/kodomosien/list608-2717.html	活動の支援・助成 - こども・子育てサイト - 山口県周南市 ページの先頭です。 メニューを飛ばして本文へ メニュー 情報をさがす ヘルプ JavaScriptが無効のため、文字の大きさ・背景色を変更する機能を使用できません。 本文へ Foreign language 音声よみあげ ヘルプ とじる はじめての方へ 文字サイズ 拡大 標準 背景色の変更 白 黒 青 キーワード検索 キーワード検索 妊娠・出産 健康・医療 お金・生活のサポート 相談する 預ける・通う 学ぶ・体験する おでかけ 応援する・つながる 本文 活動の支援・助成 2026年3月1日更新 周南市地域がつながるこどもの居場所づくり支援補助金 2026年1月30日更新 人権啓発ビデオ・DVDの無料貸出 2026年1月30日更新 人権啓発ビデオ・DV
35215	周南市	44	学校給食費について - 山口県周南市	https://www.city.shunan.lg.jp/site/kodomosien/115302.html	学校給食費について - 山口県周南市 ページの先頭です。 メニューを飛ばして本文へ メニュー 情報をさがす ヘルプ JavaScriptが無効のため、文字の大きさ・背景色を変更する機能を使用できません。 本文へ Foreign language 音声よみあげ ヘルプ とじる はじめての方へ 文字サイズ 拡大 標準 背景色の変更 白 黒 青 キーワード検索 キーワード検索 妊娠・出産 健康・医療 お金・生活のサポート 相談する 預ける・通う 学ぶ・体験する おでかけ 応援する・つながる 本文 学校給食費について 更新日：2026年4月23日更新 印刷ページ表示 学校給食費 本市では、学校給食費は原則保護者負担としてきましたが、安心して子育てができる環境づくりを進めるため、国の「給食費負担軽減交付金」を活用したうえ
35215	周南市	44	周南市「赤ちゃんの駅」登録事業について - 山口県周南市	https://www.city.shunan.lg.jp/site/kodomosien/134527.html	周南市「赤ちゃんの駅」登録事業について - 山口県周南市 ページの先頭です。 メニューを飛ばして本文へ メニュー 情報をさがす ヘルプ JavaScriptが無効のため、文字の大きさ・背景色を変更する機能を使用できません。 本文へ Foreign language 音声よみあげ ヘルプ とじる はじめての方へ 文字サイズ 拡大 標準 背景色の変更 白 黒 青 キーワード検索 キーワード検索 妊娠・出産 健康・医療 お金・生活のサポート 相談する 預ける・通う 学ぶ・体験する おでかけ 応援する・つながる 本文 周南市「赤ちゃんの駅」登録事業について 更新日：2026年1月30日更新 印刷ページ表示 「赤ちゃんの駅」登録事業とは 周南市では、乳幼児連れのご家族が気軽に立ち寄り、授乳・オムツ交換ができる施設を「赤ち
35215	周南市	44	周南市交通教育センター - 山口県周南市	https://www.city.shunan.lg.jp/site/kodomosien/146339.html	周南市交通教育センター - 山口県周南市 ページの先頭です。 メニューを飛ばして本文へ メニュー 情報をさがす ヘルプ JavaScriptが無効のため、文字の大きさ・背景色を変更する機能を使用できません。 本文へ Foreign language 音声よみあげ ヘルプ とじる はじめての方へ 文字サイズ 拡大 標準 背景色の変更 白 黒 青 キーワード検索 キーワード検索 妊娠・出産 健康・医療 お金・生活のサポート 相談する 預ける・通う 学ぶ・体験する おでかけ 応援する・つながる 本文 周南市交通教育センター 更新日：2026年6月15日更新 印刷ページ表示 お知らせ ご利用案内 子供も大人も！模擬交通施設で活きた交通安全を学ぼう！ 周南市交通教育センターは、交通ルール・マナーについて 体験を通して楽し
35215	周南市	44	児童クラブ - 山口県周南市	https://www.city.shunan.lg.jp/site/kodomosien/2693.html	児童クラブ - 山口県周南市 ページの先頭です。 メニューを飛ばして本文へ メニュー 情報をさがす ヘルプ JavaScriptが無効のため、文字の大きさ・背景色を変更する機能を使用できません。 本文へ Foreign language 音声よみあげ ヘルプ とじる はじめての方へ 文字サイズ 拡大 標準 背景色の変更 白 黒 青 キーワード検索 キーワード検索 妊娠・出産 健康・医療 お金・生活のサポート 相談する 預ける・通う 学ぶ・体験する おでかけ 応援する・つながる 本文 児童クラブ 更新日：2026年4月1日更新 印刷ページ表示 児童クラブ 児童クラブの対象と目的 児童クラブは、保護者が就労などの理由により保育を必要とする家庭の小学校就学児童（1年生～6年生）が利用する施設です。 児童が安全に充実し
35215	周南市	44	児童クラブ入会申込書などの様式 - 山口県周南市	https://www.city.shunan.lg.jp/site/kodomosien/2694.html	児童クラブ入会申込書などの様式 - 山口県周南市 ページの先頭です。 メニューを飛ばして本文へ メニュー 情報をさがす ヘルプ JavaScriptが無効のため、文字の大きさ・背景色を変更する機能を使用できません。 本文へ Foreign language 音声よみあげ ヘルプ とじる はじめての方へ 文字サイズ 拡大 標準 背景色の変更 白 黒 青 キーワード検索 キーワード検索 妊娠・出産 健康・医療 お金・生活のサポート 相談する 預ける・通う 学ぶ・体験する おでかけ 応援する・つながる 本文 児童クラブ入会申込書などの様式 更新日：2026年4月1日更新 印刷ページ表示 児童クラブ入会申し込み等に必要な書類 ※各種様式はこちらからダウンロードできます。 ※入会申し込み案内や各種様式は、各児童クラブ、生
35215	周南市	44	いったん支払った医療費の請求方法を教えてください。 - 山口県周南市	https://www.city.shunan.lg.jp/site/kodomosien/2736.html	いったん支払った医療費の請求方法を教えてください。 - 山口県周南市 ページの先頭です。 メニューを飛ばして本文へ メニュー 情報をさがす ヘルプ JavaScriptが無効のため、文字の大きさ・背景色を変更する機能を使用できません。 本文へ Foreign language 音声よみあげ ヘルプ とじる はじめての方へ 文字サイズ 拡大 標準 背景色の変更 白 黒 青 キーワード検索 キーワード検索 妊娠・出産 健康・医療 お金・生活のサポート 相談する 預ける・通う 学ぶ・体験する おでかけ 応援する・つながる 本文 いったん支払った医療費の請求方法を教えてください。 更新日：2026年1月30日更新 印刷ページ表示 質問 乳幼児及びこども医療費受給者証を呈示せずに受診し、医療費（保険診療内の自己負担分）を
35215	周南市	44	特別保育事業 - 山口県周南市	https://www.city.shunan.lg.jp/site/kodomosien/6009.html	特別保育事業 - 山口県周南市 ページの先頭です。 メニューを飛ばして本文へ メニュー 情報をさがす ヘルプ JavaScriptが無効のため、文字の大きさ・背景色を変更する機能を使用できません。 本文へ Foreign language 音声よみあげ ヘルプ とじる はじめての方へ 文字サイズ 拡大 標準 背景色の変更 白 黒 青 キーワード検索 キーワード検索 妊娠・出産 健康・医療 お金・生活のサポート 相談する 預ける・通う 学ぶ・体験する おでかけ 応援する・つながる 本文 特別保育事業 更新日：2026年4月16日更新 印刷ページ表示 延長保育 保育料について 延長保育を利用する場合、通常の保育料とは別に料金が必要になります。 私立保育所 私立保育所の場合、回数や利用料が保育所によって異なりますので
35215	周南市	44	「養育費の取決めを支援します ～子どもの健やかな成長のために」 - 山口県周南市	https://www.city.shunan.lg.jp/site/kodomosien/73927.html	「養育費の取決めを支援します ～子どもの健やかな成長のために」 - 山口県周南市 ページの先頭です。 メニューを飛ばして本文へ メニュー 情報をさがす ヘルプ JavaScriptが無効のため、文字の大きさ・背景色を変更する機能を使用できません。 本文へ Foreign language 音声よみあげ ヘルプ とじる はじめての方へ 文字サイズ 拡大 標準 背景色の変更 白 黒 青 キーワード検索 キーワード検索 妊娠・出産 健康・医療 お金・生活のサポート 相談する 預ける・通う 学ぶ・体験する おでかけ 応援する・つながる 本文 「養育費の取決めを支援します ～子どもの健やかな成長のために」 更新日：2026年4月27日更新 印刷ページ表示 「養育費の取決めを支援します ～子どもの健やかな成長のために」 養
35215	周南市	44	周南市奨学金制度のご案内 - 山口県周南市	https://www.city.shunan.lg.jp/site/kodomosien/97608.html	周南市奨学金制度のご案内 - 山口県周南市 ページの先頭です。 メニューを飛ばして本文へ メニュー 情報をさがす ヘルプ JavaScriptが無効のため、文字の大きさ・背景色を変更する機能を使用できません。 本文へ Foreign language 音声よみあげ ヘルプ とじる はじめての方へ 文字サイズ 拡大 標準 背景色の変更 白 黒 青 キーワード検索 キーワード検索 妊娠・出産 健康・医療 お金・生活のサポート 相談する 預ける・通う 学ぶ・体験する おでかけ 応援する・つながる 本文 周南市奨学金制度のご案内 更新日：2026年3月1日更新 印刷ページ表示 周南市では、家庭の経済的理由により修学が困難な学生に対して、奨学金を無利息で貸付・給付する制度を実施しています。 周南市奨学金の特徴 周南市への
35215	周南市	44	令和8年度 パパニティ講座（両親学級） - 山口県周南市	https://www.city.shunan.lg.jp/site/kodomosien/98946.html	令和8年度 パパニティ講座（両親学級） - 山口県周南市 ページの先頭です。 メニューを飛ばして本文へ メニュー 情報をさがす ヘルプ JavaScriptが無効のため、文字の大きさ・背景色を変更する機能を使用できません。 本文へ Foreign language 音声よみあげ ヘルプ とじる はじめての方へ 文字サイズ 拡大 標準 背景色の変更 白 黒 青 キーワード検索 キーワード検索 妊娠・出産 健康・医療 お金・生活のサポート 相談する 預ける・通う 学ぶ・体験する おでかけ 応援する・つながる 本文 令和8年度 パパニティ講座（両親学級） 更新日：2026年2月16日更新 印刷ページ表示 &rdquo;パパニティ&rdquo;とは、母性を意味する&rdquo;マタニティ&rdquo;と&rdquo;パ
35215	周南市	36	市内の保育所等（保育所、認定こども園、地域型保育事業）一覧 - 山口県周南市	https://www.city.shunan.lg.jp/site/kodomosien/22153.html	市内の保育所等（保育所、認定こども園、地域型保育事業）一覧 - 山口県周南市 ページの先頭です。 メニューを飛ばして本文へ メニュー 情報をさがす ヘルプ JavaScriptが無効のため、文字の大きさ・背景色を変更する機能を使用できません。 本文へ Foreign language 音声よみあげ ヘルプ とじる はじめての方へ 文字サイズ 拡大 標準 背景色の変更 白 黒 青 キーワード検索 キーワード検索 妊娠・出産 健康・医療 お金・生活のサポート 相談する 預ける・通う 学ぶ・体験する おでかけ 応援する・つながる 本文 市内の保育所等（保育所、認定こども園、地域型保育事業）一覧 更新日：2026年6月2日更新 印刷ページ表示 保育所等（認可保育所、認定こども園、地域型保育事業）一覧について 保育所等の
35215	周南市	36	出生届 - 山口県周南市	https://www.city.shunan.lg.jp/site/kodomosien/2666.html	出生届 - 山口県周南市 ページの先頭です。 メニューを飛ばして本文へ メニュー 情報をさがす ヘルプ JavaScriptが無効のため、文字の大きさ・背景色を変更する機能を使用できません。 本文へ Foreign language 音声よみあげ ヘルプ とじる はじめての方へ 文字サイズ 拡大 標準 背景色の変更 白 黒 青 キーワード検索 キーワード検索 妊娠・出産 健康・医療 お金・生活のサポート 相談する 預ける・通う 学ぶ・体験する おでかけ 応援する・つながる 本文 出生届 更新日：2026年1月30日更新 印刷ページ表示 子が出生したときは、この届出をしてください。 届出期間 出生した日から14日以内 ※出生した日を1日目とします。 届出人 原則、 父または母 ※父または母が届出できない特別な事情
35215	周南市	36	保育料について - 山口県周南市	https://www.city.shunan.lg.jp/site/kodomosien/4091.html	保育料について - 山口県周南市 ページの先頭です。 メニューを飛ばして本文へ メニュー 情報をさがす ヘルプ JavaScriptが無効のため、文字の大きさ・背景色を変更する機能を使用できません。 本文へ Foreign language 音声よみあげ ヘルプ とじる はじめての方へ 文字サイズ 拡大 標準 背景色の変更 白 黒 青 キーワード検索 キーワード検索 妊娠・出産 健康・医療 お金・生活のサポート 相談する 預ける・通う 学ぶ・体験する おでかけ 応援する・つながる 本文 保育料について 更新日：2026年1月30日更新 印刷ページ表示 第2子以降の保育料無償化について〔令和6年9月から〕 令和6年9月より、多子世帯への負担軽減策として、市に住民登録のある世帯の第2子以降の児童（０歳児～２歳児）の
35215	周南市	36	周南市ひとり親家庭オンライン相談を開始します - 山口県周南市	https://www.city.shunan.lg.jp/site/kodomosien/91600.html	周南市ひとり親家庭オンライン相談を開始します - 山口県周南市 ページの先頭です。 メニューを飛ばして本文へ メニュー 情報をさがす ヘルプ JavaScriptが無効のため、文字の大きさ・背景色を変更する機能を使用できません。 本文へ Foreign language 音声よみあげ ヘルプ とじる はじめての方へ 文字サイズ 拡大 標準 背景色の変更 白 黒 青 キーワード検索 キーワード検索 妊娠・出産 健康・医療 お金・生活のサポート 相談する 預ける・通う 学ぶ・体験する おでかけ 応援する・つながる 本文 周南市ひとり親家庭オンライン相談を開始します 更新日：2026年5月7日更新 印刷ページ表示 Web会議用アプリケーションツール「Zoom」を使用してオンラインによるひとり親家庭の相談を開始します。
35215	周南市	36	生活の支援 - こども・子育てサイト - 山口県周南市	https://www.city.shunan.lg.jp/site/kodomosien/list603-2658.html	生活の支援 - こども・子育てサイト - 山口県周南市 ページの先頭です。 メニューを飛ばして本文へ メニュー 情報をさがす ヘルプ JavaScriptが無効のため、文字の大きさ・背景色を変更する機能を使用できません。 本文へ Foreign language 音声よみあげ ヘルプ とじる はじめての方へ 文字サイズ 拡大 標準 背景色の変更 白 黒 青 キーワード検索 キーワード検索 妊娠・出産 健康・医療 お金・生活のサポート 相談する 預ける・通う 学ぶ・体験する おでかけ 応援する・つながる 本文 生活の支援 2026年7月8日更新 市街地循環線『ちょい乗り100円バス』 2026年1月30日更新 障害や疾病等のあるこどもやその家族への支援について 2026年1月30日更新 家庭学習用モバイルWi-F
35215	周南市	34	障害や疾病等のあるこどもやその家族への支援について - 山口県周南市	https://www.city.shunan.lg.jp/site/kodomosien/141618.html	障害や疾病等のあるこどもやその家族への支援について - 山口県周南市 ページの先頭です。 メニューを飛ばして本文へ メニュー 情報をさがす ヘルプ JavaScriptが無効のため、文字の大きさ・背景色を変更する機能を使用できません。 本文へ Foreign language 音声よみあげ ヘルプ とじる はじめての方へ 文字サイズ 拡大 標準 背景色の変更 白 黒 青 キーワード検索 キーワード検索 妊娠・出産 健康・医療 お金・生活のサポート 相談する 預ける・通う 学ぶ・体験する おでかけ 応援する・つながる 本文 障害や疾病等のあるこどもやその家族への支援について 更新日：2026年1月30日更新 印刷ページ表示 各種医療制度 自立支援医療制度、重度心身障害者医療制度 各種障害者手当・障害児手当 障害児
35215	周南市	34	こども・子育てサイト - 山口県周南市	https://www.city.shunan.lg.jp/site/kodomosien/index-2.html	こども・子育てサイト - 山口県周南市 ページの先頭です。 メニューを飛ばして本文へ メニュー 情報をさがす ヘルプ JavaScriptが無効のため、文字の大きさ・背景色を変更する機能を使用できません。 本文へ Foreign language 音声よみあげ ヘルプ とじる はじめての方へ 文字サイズ 拡大 標準 背景色の変更 白 黒 青 キーワード検索 キーワード検索 妊娠・出産 健康・医療 お金・生活のサポート 相談する 預ける・通う 学ぶ・体験する おでかけ 応援する・つながる 周南市こども・子育てサイト（はじめての方はこちらをクリック） 「周南市こども家庭センター」はこちらから 「妊娠に関する相談窓口」はこちらから ​ 「周南市こども計画」はこちらから 本文 2026年7月8日更新 周南市の避暑地特集
35215	周南市	34	お金・生活のサポート - こども・子育てサイト - 山口県周南市	https://www.city.shunan.lg.jp/site/kodomosien/list610-2683.html	お金・生活のサポート - こども・子育てサイト - 山口県周南市 ページの先頭です。 メニューを飛ばして本文へ メニュー 情報をさがす ヘルプ JavaScriptが無効のため、文字の大きさ・背景色を変更する機能を使用できません。 本文へ Foreign language 音声よみあげ ヘルプ とじる はじめての方へ 文字サイズ 拡大 標準 背景色の変更 白 黒 青 キーワード検索 キーワード検索 妊娠・出産 健康・医療 お金・生活のサポート 相談する 預ける・通う 学ぶ・体験する おでかけ 応援する・つながる 本文 お金・生活のサポート 2026年1月30日更新 よくある質問（就学援助） 2026年1月30日更新 児童手当の申請はいつまでに行えばよいのですか？ 2026年1月30日更新 児童手当の申請には何が
35215	周南市	29	多胎児家庭への支援 - 山口県周南市	https://www.city.shunan.lg.jp/site/kodomosien/115942.html	多胎児家庭への支援 - 山口県周南市 ページの先頭です。 メニューを飛ばして本文へ メニュー 情報をさがす ヘルプ JavaScriptが無効のため、文字の大きさ・背景色を変更する機能を使用できません。 本文へ Foreign language 音声よみあげ ヘルプ とじる はじめての方へ 文字サイズ 拡大 標準 背景色の変更 白 黒 青 キーワード検索 キーワード検索 妊娠・出産 健康・医療 お金・生活のサポート 相談する 預ける・通う 学ぶ・体験する おでかけ 応援する・つながる 本文 多胎児家庭への支援 更新日：2026年1月30日更新 印刷ページ表示 多胎児世帯訪問支援事業 多胎の子を妊娠中、または子育て中のご家庭に、市が支援員を派遣します。 対象 周南市に住所を有しており、多胎児を妊娠中、または1歳未
35215	周南市	29	絵本のプレゼント - 山口県周南市	https://www.city.shunan.lg.jp/site/kodomosien/124500.html	絵本のプレゼント - 山口県周南市 ページの先頭です。 メニューを飛ばして本文へ メニュー 情報をさがす ヘルプ JavaScriptが無効のため、文字の大きさ・背景色を変更する機能を使用できません。 本文へ Foreign language 音声よみあげ ヘルプ とじる はじめての方へ 文字サイズ 拡大 標準 背景色の変更 白 黒 青 キーワード検索 キーワード検索 妊娠・出産 健康・医療 お金・生活のサポート 相談する 預ける・通う 学ぶ・体験する おでかけ 応援する・つながる 本文 絵本のプレゼント 更新日：2026年1月30日更新 印刷ページ表示 選べる絵本 周南市では、お子さんに絵本をプレゼントする事業を行っています。 妊娠届出時に選んでいただいた絵本を、お子さんが誕生したのち（6か月ごろまでに）、母
35215	周南市	29	離婚後の子の養育に関するルールが変わります。（共同親権など） - 山口県周南市	https://www.city.shunan.lg.jp/site/kodomosien/136182.html	離婚後の子の養育に関するルールが変わります。（共同親権など） - 山口県周南市 ページの先頭です。 メニューを飛ばして本文へ メニュー 情報をさがす ヘルプ JavaScriptが無効のため、文字の大きさ・背景色を変更する機能を使用できません。 本文へ Foreign language 音声よみあげ ヘルプ とじる はじめての方へ 文字サイズ 拡大 標準 背景色の変更 白 黒 青 キーワード検索 キーワード検索 妊娠・出産 健康・医療 お金・生活のサポート 相談する 預ける・通う 学ぶ・体験する おでかけ 応援する・つながる 本文 離婚後の子の養育に関するルールが変わります。（共同親権など） 更新日：2026年4月1日更新 印刷ページ表示 父母の離婚後の子の養育に関するルールが変わります 令和6年5月24日に「
35215	周南市	29	令和７年度就学援助制度のご案内（申請方法など） - 山口県周南市	https://www.city.shunan.lg.jp/site/kodomosien/142633.html	令和７年度就学援助制度のご案内（申請方法など） - 山口県周南市 ページの先頭です。 メニューを飛ばして本文へ メニュー 情報をさがす ヘルプ JavaScriptが無効のため、文字の大きさ・背景色を変更する機能を使用できません。 本文へ Foreign language 音声よみあげ ヘルプ とじる はじめての方へ 文字サイズ 拡大 標準 背景色の変更 白 黒 青 キーワード検索 キーワード検索 妊娠・出産 健康・医療 お金・生活のサポート 相談する 預ける・通う 学ぶ・体験する おでかけ 応援する・つながる 本文 令和７年度就学援助制度のご案内（申請方法など） 更新日：2026年1月30日更新 印刷ページ表示 就学援助制度は経済的理由により、児童生徒を就学させることが困難な保護者に対し、学用品費・給食費・修
35215	周南市	29	やまぐち三世代同居・近居パスポート（山口県） - 山口県周南市	https://www.city.shunan.lg.jp/site/kodomosien/17554.html	やまぐち三世代同居・近居パスポート（山口県） - 山口県周南市 ページの先頭です。 メニューを飛ばして本文へ メニュー 情報をさがす ヘルプ JavaScriptが無効のため、文字の大きさ・背景色を変更する機能を使用できません。 本文へ Foreign language 音声よみあげ ヘルプ とじる はじめての方へ 文字サイズ 拡大 標準 背景色の変更 白 黒 青 キーワード検索 キーワード検索 妊娠・出産 健康・医療 お金・生活のサポート 相談する 預ける・通う 学ぶ・体験する おでかけ 応援する・つながる 本文 やまぐち三世代同居・近居パスポート（山口県） 更新日：2026年1月30日更新 印刷ページ表示 「やまぐち三世代同居・近居パスポート」のご案内 山口県では、「世代間の支え合いによる子育てしやすい環境
35215	周南市	29	乳幼児健康診査 日程等のご案内 - 山口県周南市	https://www.city.shunan.lg.jp/site/kodomosien/2010.html	乳幼児健康診査 日程等のご案内 - 山口県周南市 ページの先頭です。 メニューを飛ばして本文へ メニュー 情報をさがす ヘルプ JavaScriptが無効のため、文字の大きさ・背景色を変更する機能を使用できません。 本文へ Foreign language 音声よみあげ ヘルプ とじる はじめての方へ 文字サイズ 拡大 標準 背景色の変更 白 黒 青 キーワード検索 キーワード検索 妊娠・出産 健康・医療 お金・生活のサポート 相談する 預ける・通う 学ぶ・体験する おでかけ 応援する・つながる 本文 乳幼児健康診査 日程等のご案内 更新日：2026年6月1日更新 印刷ページ表示 乳幼児健康診査 日程等のご案内 周南市では、乳幼児を対象として以下の健康診査を行っています。 大切な健診ですので、対象年齢になりまし
35215	周南市	29	【消費生活の知恵】オンラインゲームの未成年者トラブル相談 - 山口県周南市	https://www.city.shunan.lg.jp/site/kodomosien/20628.html	【消費生活の知恵】オンラインゲームの未成年者トラブル相談 - 山口県周南市 ページの先頭です。 メニューを飛ばして本文へ メニュー 情報をさがす ヘルプ JavaScriptが無効のため、文字の大きさ・背景色を変更する機能を使用できません。 本文へ Foreign language 音声よみあげ ヘルプ とじる はじめての方へ 文字サイズ 拡大 標準 背景色の変更 白 黒 青 キーワード検索 キーワード検索 妊娠・出産 健康・医療 お金・生活のサポート 相談する 預ける・通う 学ぶ・体験する おでかけ 応援する・つながる 本文 【消費生活の知恵】オンラインゲームの未成年者トラブル相談 更新日：2017年7月15日更新 印刷ページ表示 オンラインゲームの未成年者トラブル相談 相談事例 夏休み中、テレビで料金無料と
35215	周南市	29	子育て活動応援グッズの貸し出し - 山口県周南市	https://www.city.shunan.lg.jp/site/kodomosien/2717.html	子育て活動応援グッズの貸し出し - 山口県周南市 ページの先頭です。 メニューを飛ばして本文へ メニュー 情報をさがす ヘルプ JavaScriptが無効のため、文字の大きさ・背景色を変更する機能を使用できません。 本文へ Foreign language 音声よみあげ ヘルプ とじる はじめての方へ 文字サイズ 拡大 標準 背景色の変更 白 黒 青 キーワード検索 キーワード検索 妊娠・出産 健康・医療 お金・生活のサポート 相談する 預ける・通う 学ぶ・体験する おでかけ 応援する・つながる 本文 子育て活動応援グッズの貸し出し 更新日：2026年1月30日更新 印刷ページ表示 子育て活動応援グッズの貸し出し 子育て交流センター「ぞうさんの家」では、子育て支援団体の活動を応援するため、絵本やおもちゃなどを貸
35215	周南市	29	子育て活動応援グッズの貸し出し - 山口県周南市	https://www.city.shunan.lg.jp/site/kodomosien/2717.html	子育て活動応援グッズの貸し出し - 山口県周南市 ページの先頭です。 メニューを飛ばして本文へ メニュー 情報をさがす ヘルプ JavaScriptが無効のため、文字の大きさ・背景色を変更する機能を使用できません。 本文へ Foreign language 音声よみあげ ヘルプ とじる はじめての方へ 文字サイズ 拡大 標準 背景色の変更 白 黒 青 キーワード検索 キーワード検索 妊娠・出産 健康・医療 お金・生活のサポート 相談する 預ける・通う 学ぶ・体験する おでかけ 応援する・つながる 本文 子育て活動応援グッズの貸し出し 更新日：2026年1月30日更新 印刷ページ表示 子育て活動応援グッズの貸し出し 子育て交流センター「ぞうさんの家」では、子育て支援団体の活動を応援するため、絵本やおもちゃなどを貸
35215	周南市	29	児童クラブの入会申し込みがしたいのですが・・・ - 山口県周南市	https://www.city.shunan.lg.jp/site/kodomosien/2733.html	児童クラブの入会申し込みがしたいのですが・・・ - 山口県周南市 ページの先頭です。 メニューを飛ばして本文へ メニュー 情報をさがす ヘルプ JavaScriptが無効のため、文字の大きさ・背景色を変更する機能を使用できません。 本文へ Foreign language 音声よみあげ ヘルプ とじる はじめての方へ 文字サイズ 拡大 標準 背景色の変更 白 黒 青 キーワード検索 キーワード検索 妊娠・出産 健康・医療 お金・生活のサポート 相談する 預ける・通う 学ぶ・体験する おでかけ 応援する・つながる 本文 児童クラブの入会申し込みがしたいのですが・・・ 更新日：2026年4月1日更新 印刷ページ表示 質問 児童クラブの入会申し込みがしたいのですが・・・ 回答 令和8年度中の随時申込は、 入会希望日の
35215	周南市	29	放課後子供教室 - 山口県周南市	https://www.city.shunan.lg.jp/site/kodomosien/3374.html	放課後子供教室 - 山口県周南市 ページの先頭です。 メニューを飛ばして本文へ メニュー 情報をさがす ヘルプ JavaScriptが無効のため、文字の大きさ・背景色を変更する機能を使用できません。 本文へ Foreign language 音声よみあげ ヘルプ とじる はじめての方へ 文字サイズ 拡大 標準 背景色の変更 白 黒 青 キーワード検索 キーワード検索 妊娠・出産 健康・医療 お金・生活のサポート 相談する 預ける・通う 学ぶ・体験する おでかけ 応援する・つながる 本文 放課後子供教室 更新日：2026年1月30日更新 印刷ページ表示 放課後子供教室推進事業について 小学校区において、放課後や週末等に小学校の余裕教室等を活用して、子供たちの安全・安心な活動拠点（居場所）を設け、地域の方々の参画を
35215	周南市	29	令和8年度児童クラブ入会申し込みについて - 山口県周南市	https://www.city.shunan.lg.jp/site/kodomosien/44714.html	令和8年度児童クラブ入会申し込みについて - 山口県周南市 ページの先頭です。 メニューを飛ばして本文へ メニュー 情報をさがす ヘルプ JavaScriptが無効のため、文字の大きさ・背景色を変更する機能を使用できません。 本文へ Foreign language 音声よみあげ ヘルプ とじる はじめての方へ 文字サイズ 拡大 標準 背景色の変更 白 黒 青 キーワード検索 キーワード検索 妊娠・出産 健康・医療 お金・生活のサポート 相談する 預ける・通う 学ぶ・体験する おでかけ 応援する・つながる 本文 令和8年度児童クラブ入会申し込みについて 更新日：2025年11月4日更新 印刷ページ表示 令和8年度児童クラブ入会申し込みについて（夏休み入会を含む） 入会申し込みについて 令和8年度の入会要件等につ
35215	周南市	29	救急医療相談＃7119と小児救急医療相談＃8000 - 山口県周南市	https://www.city.shunan.lg.jp/site/kodomosien/48819.html	救急医療相談＃7119と小児救急医療相談＃8000 - 山口県周南市 ページの先頭です。 メニューを飛ばして本文へ メニュー 情報をさがす ヘルプ JavaScriptが無効のため、文字の大きさ・背景色を変更する機能を使用できません。 本文へ Foreign language 音声よみあげ ヘルプ とじる はじめての方へ 文字サイズ 拡大 標準 背景色の変更 白 黒 青 キーワード検索 キーワード検索 妊娠・出産 健康・医療 お金・生活のサポート 相談する 預ける・通う 学ぶ・体験する おでかけ 応援する・つながる 本文 救急医療相談＃7119と小児救急医療相談＃8000 更新日：2026年1月30日更新 印刷ページ表示 救急医療相談 ＃7119 急な病気やけがをした際に、「救急車を呼ぶか」「いますぐ病院に行っ
35215	周南市	29	救急医療相談＃7119と小児救急医療相談＃8000 - 山口県周南市	https://www.city.shunan.lg.jp/site/kodomosien/48819.html	救急医療相談＃7119と小児救急医療相談＃8000 - 山口県周南市 ページの先頭です。 メニューを飛ばして本文へ メニュー 情報をさがす ヘルプ JavaScriptが無効のため、文字の大きさ・背景色を変更する機能を使用できません。 本文へ Foreign language 音声よみあげ ヘルプ とじる はじめての方へ 文字サイズ 拡大 標準 背景色の変更 白 黒 青 キーワード検索 キーワード検索 妊娠・出産 健康・医療 お金・生活のサポート 相談する 預ける・通う 学ぶ・体験する おでかけ 応援する・つながる 本文 救急医療相談＃7119と小児救急医療相談＃8000 更新日：2026年1月30日更新 印刷ページ表示 救急医療相談 ＃7119 急な病気やけがをした際に、「救急車を呼ぶか」「いますぐ病院に行っ
35215	周南市	29	産後に利用できるサービス - 山口県周南市	https://www.city.shunan.lg.jp/site/kodomosien/51051.html	産後に利用できるサービス - 山口県周南市 ページの先頭です。 メニューを飛ばして本文へ メニュー 情報をさがす ヘルプ JavaScriptが無効のため、文字の大きさ・背景色を変更する機能を使用できません。 本文へ Foreign language 音声よみあげ ヘルプ とじる はじめての方へ 文字サイズ 拡大 標準 背景色の変更 白 黒 青 キーワード検索 キーワード検索 妊娠・出産 健康・医療 お金・生活のサポート 相談する 預ける・通う 学ぶ・体験する おでかけ 応援する・つながる 本文 産後に利用できるサービス 更新日：2026年5月1日更新 印刷ページ表示 産後に利用できるサービス 産後ママのおっぱいサロン 助産師が、授乳指導や体重・哺乳量測定、育児に関する相談・指導、 産婦の休息などの支援を週1回
35215	周南市	29	小児科医・産婦人科医・助産師にスマホで無料相談 - 山口県周南市	https://www.city.shunan.lg.jp/site/kodomosien/54353.html	小児科医・産婦人科医・助産師にスマホで無料相談 - 山口県周南市 ページの先頭です。 メニューを飛ばして本文へ メニュー 情報をさがす ヘルプ JavaScriptが無効のため、文字の大きさ・背景色を変更する機能を使用できません。 本文へ Foreign language 音声よみあげ ヘルプ とじる はじめての方へ 文字サイズ 拡大 標準 背景色の変更 白 黒 青 キーワード検索 キーワード検索 妊娠・出産 健康・医療 お金・生活のサポート 相談する 預ける・通う 学ぶ・体験する おでかけ 応援する・つながる 本文 小児科医・産婦人科医・助産師にスマホで無料相談 更新日：2026年1月30日更新 印刷ページ表示 小児科医・産婦人科医・助産師にスマホで無料オンライン相談 山口県では小児科や産婦人科に関する健康医
35215	周南市	29	NET119緊急通報システムの運用開始について - 山口県周南市	https://www.city.shunan.lg.jp/site/kodomosien/62542.html	NET119緊急通報システムの運用開始について - 山口県周南市 ページの先頭です。 メニューを飛ばして本文へ メニュー 情報をさがす ヘルプ JavaScriptが無効のため、文字の大きさ・背景色を変更する機能を使用できません。 本文へ Foreign language 音声よみあげ ヘルプ とじる はじめての方へ 文字サイズ 拡大 標準 背景色の変更 白 黒 青 キーワード検索 キーワード検索 妊娠・出産 健康・医療 お金・生活のサポート 相談する 預ける・通う 学ぶ・体験する おでかけ 応援する・つながる 本文 NET119緊急通報システムの運用開始について 更新日：2026年1月30日更新 印刷ページ表示 NET119緊急通報システムとは 聴覚や言語機能に障害があり、音声で緊急通報をすることが困難な方が
35215	周南市	29	NET119緊急通報システムの運用開始について - 山口県周南市	https://www.city.shunan.lg.jp/site/kodomosien/62542.html	NET119緊急通報システムの運用開始について - 山口県周南市 ページの先頭です。 メニューを飛ばして本文へ メニュー 情報をさがす ヘルプ JavaScriptが無効のため、文字の大きさ・背景色を変更する機能を使用できません。 本文へ Foreign language 音声よみあげ ヘルプ とじる はじめての方へ 文字サイズ 拡大 標準 背景色の変更 白 黒 青 キーワード検索 キーワード検索 妊娠・出産 健康・医療 お金・生活のサポート 相談する 預ける・通う 学ぶ・体験する おでかけ 応援する・つながる 本文 NET119緊急通報システムの運用開始について 更新日：2026年1月30日更新 印刷ページ表示 NET119緊急通報システムとは 聴覚や言語機能に障害があり、音声で緊急通報をすることが困難な方が
35215	周南市	29	1歳児かみかみセミナー - 山口県周南市	https://www.city.shunan.lg.jp/site/kodomosien/64677.html	1歳児かみかみセミナー - 山口県周南市 ページの先頭です。 メニューを飛ばして本文へ メニュー 情報をさがす ヘルプ JavaScriptが無効のため、文字の大きさ・背景色を変更する機能を使用できません。 本文へ Foreign language 音声よみあげ ヘルプ とじる はじめての方へ 文字サイズ 拡大 標準 背景色の変更 白 黒 青 キーワード検索 キーワード検索 妊娠・出産 健康・医療 お金・生活のサポート 相談する 預ける・通う 学ぶ・体験する おでかけ 応援する・つながる 本文 1歳児かみかみセミナー 更新日：2026年2月9日更新 印刷ページ表示 1歳児かみかみセミナー スマホやパソコンを用いて自宅で受講ができるよう、オンラインによるセミナーを開催します。 永久歯がきれいに並ぶためには、毎日よ
35215	周南市	29	令和８年度就学援助制度のご案内（申請方法など） - 山口県周南市	https://www.city.shunan.lg.jp/site/kodomosien/80981.html	令和８年度就学援助制度のご案内（申請方法など） - 山口県周南市 ページの先頭です。 メニューを飛ばして本文へ メニュー 情報をさがす ヘルプ JavaScriptが無効のため、文字の大きさ・背景色を変更する機能を使用できません。 本文へ Foreign language 音声よみあげ ヘルプ とじる はじめての方へ 文字サイズ 拡大 標準 背景色の変更 白 黒 青 キーワード検索 キーワード検索 妊娠・出産 健康・医療 お金・生活のサポート 相談する 預ける・通う 学ぶ・体験する おでかけ 応援する・つながる 本文 令和８年度就学援助制度のご案内（申請方法など） 更新日：2026年2月10日更新 印刷ページ表示 就学援助制度は経済的理由により、児童生徒を就学させることが困難な保護者に対し、学用品費・給食費・修
35215	周南市	29	募集・お知らせ - こども・子育てサイト - 山口県周南市	https://www.city.shunan.lg.jp/site/kodomosien/list608-2679.html	募集・お知らせ - こども・子育てサイト - 山口県周南市 ページの先頭です。 メニューを飛ばして本文へ メニュー 情報をさがす ヘルプ JavaScriptが無効のため、文字の大きさ・背景色を変更する機能を使用できません。 本文へ Foreign language 音声よみあげ ヘルプ とじる はじめての方へ 文字サイズ 拡大 標準 背景色の変更 白 黒 青 キーワード検索 キーワード検索 妊娠・出産 健康・医療 お金・生活のサポート 相談する 預ける・通う 学ぶ・体験する おでかけ 応援する・つながる 本文 募集・お知らせ 2026年6月1日更新 【環境館のリユース活動】リユース楽器 お譲りください 2026年4月15日更新 【GW企画】環境館：子ども服と絵本のリユースフェア 2026年3月16日更新 令和
35215	周南市	28	幼稚園保育料関連 - 山口県周南市	https://www.city.shunan.lg.jp/site/kodomosien/4088.html	幼稚園保育料関連 - 山口県周南市 ページの先頭です。 メニューを飛ばして本文へ メニュー 情報をさがす ヘルプ JavaScriptが無効のため、文字の大きさ・背景色を変更する機能を使用できません。 本文へ Foreign language 音声よみあげ ヘルプ とじる はじめての方へ 文字サイズ 拡大 標準 背景色の変更 白 黒 青 キーワード検索 キーワード検索 妊娠・出産 健康・医療 お金・生活のサポート 相談する 預ける・通う 学ぶ・体験する おでかけ 応援する・つながる 本文 幼稚園保育料関連 更新日：2026年1月30日更新 印刷ページ表示 幼稚園保育料 令和元年10月からの幼児教育・保育無償化制度の開始に伴い、月額2万5千7百円を上限に保育料が無償化されます。 このページに関するお問い合わせ先
35215	周南市	26	「こども・子育てサイト」について - 山口県周南市	https://www.city.shunan.lg.jp/site/kodomosien/138076.html	「こども・子育てサイト」について - 山口県周南市 ページの先頭です。 メニューを飛ばして本文へ メニュー 情報をさがす ヘルプ JavaScriptが無効のため、文字の大きさ・背景色を変更する機能を使用できません。 本文へ Foreign language 音声よみあげ ヘルプ とじる はじめての方へ 文字サイズ 拡大 標準 背景色の変更 白 黒 青 キーワード検索 キーワード検索 妊娠・出産 健康・医療 お金・生活のサポート 相談する 預ける・通う 学ぶ・体験する おでかけ 応援する・つながる 本文 「こども・子育てサイト」について 更新日：2026年1月30日更新 印刷ページ表示 「こども・子育てサイト」の位置づけ 本サイトは、 周南市ホームページ のサブサイトです。 周南市ホームページ 内に公開される様
35215	周南市	26	不妊・不育症に関すること - 山口県周南市	https://www.city.shunan.lg.jp/site/kodomosien/30579.html	不妊・不育症に関すること - 山口県周南市 ページの先頭です。 メニューを飛ばして本文へ メニュー 情報をさがす ヘルプ JavaScriptが無効のため、文字の大きさ・背景色を変更する機能を使用できません。 本文へ Foreign language 音声よみあげ ヘルプ とじる はじめての方へ 文字サイズ 拡大 標準 背景色の変更 白 黒 青 キーワード検索 キーワード検索 妊娠・出産 健康・医療 お金・生活のサポート 相談する 預ける・通う 学ぶ・体験する おでかけ 応援する・つながる 本文 不妊・不育症に関すること 更新日：2026年1月30日更新 印刷ページ表示 不妊・不育症治療費助成制度 不妊・不育症治療を受けているご夫婦の経済的負担を軽減するため、治療費等の一部を助成します。 不妊治療費助成制度（一
35215	周南市	26	がん患者等の妊孕性（にんようせい）温存療法について - 山口県周南市	https://www.city.shunan.lg.jp/site/kodomosien/52079.html	がん患者等の妊孕性（にんようせい）温存療法について - 山口県周南市 ページの先頭です。 メニューを飛ばして本文へ メニュー 情報をさがす ヘルプ JavaScriptが無効のため、文字の大きさ・背景色を変更する機能を使用できません。 本文へ Foreign language 音声よみあげ ヘルプ とじる はじめての方へ 文字サイズ 拡大 標準 背景色の変更 白 黒 青 キーワード検索 キーワード検索 妊娠・出産 健康・医療 お金・生活のサポート 相談する 預ける・通う 学ぶ・体験する おでかけ 応援する・つながる 本文 がん患者等の妊孕性（にんようせい）温存療法について 更新日：2026年1月30日更新 印刷ページ表示 がん患者等の妊孕性（にんようせい）温存療法について 妊孕性（にんようせい）とは、妊娠するた
35215	周南市	26	手続き・サービス - こども・子育てサイト - 山口県周南市	https://www.city.shunan.lg.jp/site/kodomosien/list601-2651.html	手続き・サービス - こども・子育てサイト - 山口県周南市 ページの先頭です。 メニューを飛ばして本文へ メニュー 情報をさがす ヘルプ JavaScriptが無効のため、文字の大きさ・背景色を変更する機能を使用できません。 本文へ Foreign language 音声よみあげ ヘルプ とじる はじめての方へ 文字サイズ 拡大 標準 背景色の変更 白 黒 青 キーワード検索 キーワード検索 妊娠・出産 健康・医療 お金・生活のサポート 相談する 預ける・通う 学ぶ・体験する おでかけ 応援する・つながる 本文 手続き・サービス 2026年5月1日更新 産後に利用できるサービス 2026年4月27日更新 妊婦のための支援給付 2026年1月30日更新 障害や疾病等のあるこどもやその家族への支援について 202
35215	周南市	26	子育て支援センター・交流センター - こども・子育てサイト - 山口県周南市	https://www.city.shunan.lg.jp/site/kodomosien/list607-2671.html	子育て支援センター・交流センター - こども・子育てサイト - 山口県周南市 ページの先頭です。 メニューを飛ばして本文へ メニュー 情報をさがす ヘルプ JavaScriptが無効のため、文字の大きさ・背景色を変更する機能を使用できません。 本文へ Foreign language 音声よみあげ ヘルプ とじる はじめての方へ 文字サイズ 拡大 標準 背景色の変更 白 黒 青 キーワード検索 キーワード検索 妊娠・出産 健康・医療 お金・生活のサポート 相談する 預ける・通う 学ぶ・体験する おでかけ 応援する・つながる 本文 子育て支援センター・交流センター 2026年7月7日更新 子育て支援センター・子育てひろば 2026年5月29日更新 児童手当現況届について 2026年2月3日更新 子育て交流センター
35215	周南市	23	応援する・つながる - こども・子育てサイト - 山口県周南市	https://www.city.shunan.lg.jp/site/kodomosien/list608.html	応援する・つながる - こども・子育てサイト - 山口県周南市 ページの先頭です。 メニューを飛ばして本文へ メニュー 情報をさがす ヘルプ JavaScriptが無効のため、文字の大きさ・背景色を変更する機能を使用できません。 本文へ Foreign language 音声よみあげ ヘルプ とじる はじめての方へ 文字サイズ 拡大 標準 背景色の変更 白 黒 青 キーワード検索 キーワード検索 妊娠・出産 健康・医療 お金・生活のサポート 相談する 預ける・通う 学ぶ・体験する おでかけ 応援する・つながる 本文 応援する・つながる 活動紹介 募集・お知らせ 活動の支援・助成 目的でさがす 妊娠・出産 健康・医療 お金・生活のサポート 相談する 預ける・通う 学ぶ・体験する おでかけ 応援する・つながる ＜外
35305	周防大島町	26	すおうおおしま子育て応援サイト - 周防大島町公式ホームページ	https://www.town.suo-oshima.lg.jp/site/kosodate/index-2.html	すおうおおしま子育て応援サイト - 周防大島町公式ホームページ ページの先頭です。 メニューを飛ばして本文へ 補助 検索 メニュー トップ 検索する メニュー JavaScriptが無効のため、文字の大きさ・背景色を変更する機能を使用できません。 本文へ Translation 文字サイズ 拡大 標準 背景色 白 黒 青 一時保存 サイト内検索 Googleカスタム検索 検索対象 すべて ページ PDF ページID検索 ID検索 ページID検索とは？ 閉じる 目的でさがす 妊娠・出産 予防接種 手当・助成 子育て相談・支援 保育所 本文 新着情報 2026年6月25日更新 子育て中の親子への支援 2026年6月18日更新 一時預かり事業について 2026年4月1日更新 周防大島町在住の高校生に通学定期券購入費の
